date,storage_twh,agsi_consumption_gwh,injection_gwh,withdrawal_gwh,storage_pct_full
2019-01-01,189.1272,893.0,419.04,234.2,75.23
2019-01-02,188.5782,893.0,101.54,635.2,75.01
2019-01-03,187.2198,893.0,36.55,1373.0,74.47
2019-01-04,186.2821,893.0,51.08,968.3,74.1
2019-01-05,185.9276,893.0,76.47,418.2,73.96
2019-01-06,185.6007,893.0,70.99,410.1,73.83
2019-01-07,185.0055,893.0,145.85,699.1,73.59
2019-01-08,184.6933,893.0,67.96,364.6,73.47
2019-01-09,183.6367,893.0,27.04,1063.5,73.05
2019-01-10,182.2694,893.0,36.52,1376.6,72.5
2019-01-11,181.2469,893.0,45.78,1056.9,72.09
2019-01-12,180.7807,893.0,51.6,540.1,71.91
2019-01-13,180.6573,893.0,156.11,274.7,71.86
2019-01-14,180.0753,893.0,60.77,621.8,71.56
2019-01-15,179.2183,893.0,99.71,909.4,71.22
2019-01-16,178.3433,893.0,60.43,923.3,70.87
2019-01-17,177.4485,893.0,27.43,903.7,70.52
2019-01-18,175.9434,893.0,27.0,1510.7,69.92
2019-01-19,174.6055,893.0,37.52,1355.5,69.39
2019-01-20,173.0321,893.0,25.55,1574.6,68.76
2019-01-21,170.7376,893.0,30.6,2292.8,67.84
2019-01-22,168.5306,893.0,64.28,2246.7,66.97
2019-01-23,166.3542,893.0,53.01,2203.5,66.1
2019-01-24,164.2454,893.0,35.37,2113.5,65.27
2019-01-25,162.3161,893.0,85.57,1984.9,64.5
2019-01-26,161.4645,893.0,72.16,906.2,64.16
2019-01-27,160.9188,893.0,57.41,597.0,63.94
2019-01-28,159.7441,893.0,53.05,1211.7,63.48
2019-01-29,158.2603,893.0,35.05,1501.9,62.89
2019-01-30,156.7612,893.0,27.66,1544.9,62.29
2019-01-31,155.2054,893.0,20.31,1502.1,61.67
2019-02-01,153.916,893.0,22.18,1275.4,61.16
2019-02-02,153.1332,893.0,146.13,853.3,60.85
2019-02-03,152.293,893.0,53.01,878.3,60.52
2019-02-04,151.0736,893.0,29.38,1228.4,60.03
2019-02-05,149.7968,893.0,39.12,1314.8,59.52
2019-02-06,149.0059,893.0,56.21,792.7,59.21
2019-02-07,148.5505,893.0,66.18,501.3,59.03
2019-02-08,148.1713,893.0,53.8,414.2,58.88
2019-02-09,147.9421,893.0,58.19,292.8,58.79
2019-02-10,147.791,893.0,72.95,226.9,58.73
2019-02-11,147.0393,893.0,4.66,730.9,58.43
2019-02-12,146.1656,893.0,28.47,842.9,58.08
2019-02-13,145.436,893.0,19.01,697.6,57.79
2019-02-14,144.8705,893.0,29.18,549.1,57.57
2019-02-15,144.6073,893.0,99.85,337.2,57.46
2019-02-16,144.6099,893.0,150.89,116.7,57.46
2019-02-17,144.7171,893.0,214.43,97.5,57.51
2019-02-18,144.5867,893.0,114.28,218.9,57.45
2019-02-19,144.2576,893.0,64.22,368.2,57.31
2019-02-20,143.9317,893.0,38.8,310.5,57.19
2019-02-21,135.9103,893.0,87.07,305.0,54.0
2019-02-22,135.5749,893.0,47.73,371.9,53.87
2019-02-23,135.4733,893.0,196.93,279.7,53.82
2019-02-24,135.3508,893.0,203.44,310.4,53.78
2019-02-25,135.0432,893.0,135.97,396.4,53.66
2019-02-26,135.2672,893.0,161.96,113.9,53.75
2019-02-27,135.2269,893.0,117.3,147.4,53.73
2019-02-28,135.2518,893.0,194.53,158.5,53.74
2019-03-01,134.8622,893.0,140.95,327.3,53.59
2019-03-02,134.9877,893.0,280.48,154.0,53.64
2019-03-03,135.2125,893.0,343.19,118.3,53.73
2019-03-04,135.249,893.0,309.67,238.7,53.74
2019-03-05,135.0963,893.0,235.55,373.3,53.67
2019-03-06,134.943,893.0,213.86,243.8,53.61
2019-03-07,135.1445,893.0,304.78,205.7,53.69
2019-03-08,135.2212,893.0,283.61,204.4,53.72
2019-03-09,135.3959,893.0,303.57,165.0,53.79
2019-03-10,135.5084,893.0,322.48,211.0,53.84
2019-03-11,135.2914,893.0,177.32,386.3,53.73
2019-03-12,135.0129,893.0,213.27,486.0,53.62
2019-03-13,134.9192,893.0,289.57,372.8,53.58
2019-03-14,134.8268,893.0,234.85,319.3,53.55
2019-03-15,134.8906,893.0,282.88,210.6,53.57
2019-03-16,135.1831,893.0,447.95,150.1,53.69
2019-03-17,135.5089,893.0,483.03,158.0,53.82
2019-03-18,135.3091,893.0,233.58,423.8,53.75
2019-03-19,135.0118,893.0,205.93,511.8,53.64
2019-03-20,134.794,893.0,228.5,440.5,53.55
2019-03-21,134.7937,893.0,290.42,284.3,53.55
2019-03-22,135.0016,893.0,390.54,177.4,53.63
2019-03-23,135.6468,893.0,755.99,109.9,53.89
2019-03-24,136.2968,893.0,775.61,122.7,54.15
2019-03-25,136.3571,893.0,378.78,318.0,54.17
2019-03-26,136.1018,893.0,255.25,495.3,54.07
2019-03-27,136.0185,893.0,282.79,360.1,54.04
2019-03-28,135.9789,893.0,254.58,284.8,54.02
2019-03-29,136.0801,893.0,353.12,247.4,54.06
2019-03-30,136.7301,893.0,762.61,109.8,54.32
2019-03-31,136.0235,893.0,648.4,103.4,54.05
2019-04-01,138.0901,893.0,561.21,166.1,55.9
2019-04-02,139.4234,893.0,625.45,10.4,56.12
2019-04-03,139.9571,893.0,516.11,93.2,56.33
2019-04-04,138.8984,893.0,360.0,392.3,55.91
2019-04-05,138.8153,893.0,341.53,434.9,55.87
2019-04-06,139.2524,893.0,473.93,44.8,56.05
2019-04-07,139.8854,893.0,627.3,3.7,56.3
2019-04-08,140.2931,893.0,428.94,28.1,56.49
2019-04-09,140.4411,893.0,247.05,101.0,56.54
2019-04-10,140.4363,893.0,254.72,270.0,56.54
2019-04-11,140.2519,893.0,218.21,411.6,56.48
2019-04-12,140.1122,893.0,230.34,376.8,56.42
2019-04-13,140.0717,893.0,228.56,276.6,56.41
2019-04-14,140.1776,893.0,277.45,178.9,56.45
2019-04-15,140.3398,893.0,304.17,148.8,56.49
2019-04-16,140.8913,893.0,570.48,33.8,56.72
2019-04-17,141.5629,893.0,746.6,84.4,56.99
2019-04-18,142.4238,893.0,893.65,47.2,57.33
2019-04-19,143.7115,893.0,1277.57,5.8,57.85
2019-04-20,145.0249,893.0,1306.97,10.9,58.38
2019-04-21,146.4013,893.0,1366.64,6.4,58.93
2019-04-22,147.8943,893.0,1476.82,1.7,59.53
2019-04-23,149.0228,893.0,1127.03,13.7,59.98
2019-04-24,150.1775,893.0,1156.82,15.4,60.45
2019-04-25,151.0895,893.0,949.56,7.3,60.81
2019-04-26,151.9339,893.0,840.22,6.9,61.15
2019-04-27,152.8775,893.0,937.18,3.2,61.53
2019-04-28,153.5729,893.0,728.9,38.5,61.81
2019-04-29,153.9405,893.0,439.61,73.0,61.95
2019-04-30,154.4452,893.0,521.26,26.0,62.15
2019-05-01,155.3836,893.0,926.05,5.9,62.47
2019-05-02,155.9017,893.0,552.55,36.4,62.68
2019-05-03,156.4557,893.0,570.0,52.4,62.9
2019-05-04,157.0306,893.0,615.74,6.3,63.13
2019-05-05,157.578,893.0,574.03,13.1,63.35
2019-05-06,157.8362,893.0,406.36,153.5,63.46
2019-05-07,158.2915,893.0,468.53,19.2,63.64
2019-05-08,158.7811,893.0,508.8,24.9,63.84
2019-05-09,159.1605,893.0,486.57,112.7,63.99
2019-05-10,159.6202,893.0,482.59,27.4,64.17
2019-05-11,160.2186,893.0,595.89,3.6,64.41
2019-05-12,160.7639,893.0,566.72,27.6,64.63
2019-05-13,161.147,893.0,419.52,42.4,64.81
2019-05-14,161.6104,893.0,489.98,32.6,65.0
2019-05-15,162.0563,893.0,456.95,16.9,65.18
2019-05-16,162.4323,893.0,411.46,41.0,65.33
2019-05-17,162.9154,893.0,516.1,38.6,65.53
2019-05-18,163.9771,893.0,1062.41,5.6,65.95
2019-05-19,165.0923,893.0,1125.19,14.6,66.4
2019-05-20,165.9074,893.0,828.44,16.4,66.71
2019-05-21,166.6519,893.0,766.94,27.5,67.01
2019-05-22,167.441,893.0,736.38,8.9,67.33
2019-05-23,168.1615,893.0,747.26,33.0,67.62
2019-05-24,169.0513,893.0,888.18,1.0,67.97
2019-05-25,170.1008,893.0,1043.34,3.8,68.4
2019-05-26,171.3651,893.0,1225.99,2.1,68.9
2019-05-27,172.4627,893.0,1110.86,4.9,69.35
2019-05-28,173.2349,893.0,795.12,35.0,69.66
2019-05-29,173.9044,893.0,677.01,13.9,69.93
2019-05-30,175.1764,893.0,1269.98,4.2,70.44
2019-05-31,176.5087,893.0,1333.29,6.7,70.98
2019-06-01,178.1769,893.0,1645.59,11.4,71.64
2019-06-02,179.8754,893.0,1690.83,8.3,72.32
2019-06-03,181.1149,893.0,1287.82,7.8,72.85
2019-06-04,182.3221,893.0,1251.38,20.1,73.33
2019-06-05,183.4379,893.0,1110.73,7.6,73.78
2019-06-06,184.2603,893.0,872.48,33.1,74.11
2019-06-07,185.3424,893.0,1081.73,12.2,74.55
2019-06-08,186.4485,893.0,1098.71,11.6,74.99
2019-06-09,187.5621,893.0,1105.81,7.7,75.44
2019-06-10,188.5912,893.0,1037.18,22.5,75.86
2019-06-11,189.3401,893.0,714.6,17.8,76.17
2019-06-12,190.2086,893.0,869.03,10.8,76.52
2019-06-13,190.9934,893.0,820.94,40.3,76.83
2019-06-14,191.8128,893.0,820.78,11.6,77.16
2019-06-15,192.8202,893.0,1050.07,32.5,77.57
2019-06-16,193.53,893.0,1037.47,12.2,77.85
2019-06-17,194.3693,893.0,843.11,10.6,78.16
2019-06-18,195.1478,893.0,776.59,9.2,78.48
2019-06-19,195.7776,893.0,646.74,28.3,78.73
2019-06-20,196.555,893.0,775.52,4.7,79.04
2019-06-21,197.3037,893.0,736.05,5.5,79.34
2019-06-22,198.3329,893.0,1025.15,11.7,79.76
2019-06-23,199.3833,893.0,1034.46,10.9,80.18
2019-06-24,200.1278,893.0,757.42,26.1,80.47
2019-06-25,200.9275,893.0,802.54,10.7,80.79
2019-06-26,201.7358,893.0,845.97,47.1,81.12
2019-06-27,202.5651,893.0,836.78,21.0,81.45
2019-06-28,203.2855,893.0,690.03,10.2,81.71
2019-06-29,204.3558,893.0,1061.87,6.5,82.14
2019-06-30,205.5299,893.0,1166.19,9.4,82.61
2019-07-01,206.2341,893.0,712.4,16.5,82.9
2019-07-02,206.6966,893.0,487.94,38.0,83.08
2019-07-03,207.3629,893.0,414.19,50.1,83.35
2019-07-04,207.782,893.0,436.18,21.8,83.52
2019-07-05,207.9938,893.0,577.18,22.6,83.61
2019-07-06,209.1574,893.0,798.07,4.7,84.07
2019-07-07,209.9655,893.0,800.83,3.6,84.4
2019-07-08,210.1569,893.0,300.57,125.4,84.48
2019-07-09,210.2208,893.0,236.48,182.9,84.5
2019-07-10,210.551,893.0,383.6,66.2,84.56
2019-07-11,210.9494,893.0,407.88,22.1,84.72
2019-07-12,211.4578,893.0,520.18,22.1,84.92
2019-07-13,212.3573,893.0,891.56,4.3,85.29
2019-07-14,213.3247,893.0,960.37,3.4,85.67
2019-07-15,213.8332,893.0,514.06,15.4,85.86
2019-07-16,213.6583,893.0,230.56,415.4,85.79
2019-07-17,213.4859,893.0,217.69,400.3,85.72
2019-07-18,213.3111,893.0,241.31,427.7,85.63
2019-07-19,213.1553,893.0,242.79,410.3,85.5
2019-07-20,213.3938,893.0,420.32,190.7,85.59
2019-07-21,213.7221,893.0,423.38,107.5,85.72
2019-07-22,213.7287,893.0,235.51,214.9,85.71
2019-07-23,213.8353,893.0,309.76,214.9,85.76
2019-07-24,213.8008,893.0,208.83,254.8,85.74
2019-07-25,213.8298,893.0,248.42,230.9,85.75
2019-07-26,213.8255,893.0,237.53,254.0,85.75
2019-07-27,214.3014,893.0,520.74,53.2,85.93
2019-07-28,214.8341,893.0,541.75,21.1,86.14
2019-07-29,215.1989,893.0,382.1,33.6,86.33
2019-07-30,215.6382,893.0,470.49,41.3,86.43
2019-07-31,216.073,893.0,449.95,18.0,86.6
2019-08-01,216.635,893.0,549.23,3.6,86.75
2019-08-02,217.1662,893.0,528.92,4.0,86.96
2019-08-03,217.7159,893.0,545.1,7.9,87.18
2019-08-04,218.2931,893.0,570.15,4.5,87.41
2019-08-05,218.6848,893.0,388.83,7.2,87.51
2019-08-06,219.2077,893.0,516.59,3.9,87.72
2019-08-07,219.9412,893.0,728.29,3.7,88.01
2019-08-08,220.5188,893.0,562.82,3.9,90.02
2019-08-09,221.2781,893.0,756.37,8.2,90.33
2019-08-10,222.3412,893.0,1074.5,12.4,90.76
2019-08-11,223.4116,893.0,1050.14,4.6,91.2
2019-08-12,224.061,893.0,653.57,3.7,91.48
2019-08-13,224.5471,893.0,485.64,6.3,91.68
2019-08-14,224.9152,893.0,351.01,4.9,91.83
2019-08-15,225.5225,893.0,599.3,3.7,92.08
2019-08-16,226.2,893.0,671.41,3.8,92.36
2019-08-17,227.1596,893.0,960.69,6.0,92.75
2019-08-18,228.1237,893.0,957.52,4.8,93.14
2019-08-19,228.8588,893.0,723.9,5.8,93.49
2019-08-20,229.4335,893.0,572.8,8.1,93.72
2019-08-21,230.0759,893.0,610.51,12.1,93.93
2019-08-22,230.6299,893.0,547.79,3.8,94.13
2019-08-23,231.1723,893.0,535.86,3.6,94.35
2019-08-24,231.7807,893.0,614.17,10.6,94.6
2019-08-25,232.428,893.0,634.93,5.4,94.86
2019-08-26,232.8528,893.0,429.48,11.3,94.98
2019-08-27,233.2505,893.0,388.69,5.0,95.15
2019-08-28,233.592,893.0,365.56,38.9,95.27
2019-08-29,233.7896,893.0,290.08,52.5,95.25
2019-08-30,234.1781,893.0,427.58,15.3,95.41
2019-08-31,234.8854,893.0,751.86,16.3,95.7
2019-09-01,235.5616,893.0,675.09,11.7,95.97
2019-09-02,236.0007,893.0,423.35,11.4,96.13
2019-09-03,236.4547,893.0,560.6,32.8,96.31
2019-09-04,236.864,893.0,414.25,18.0,96.48
2019-09-05,237.1253,893.0,265.65,11.3,96.59
2019-09-06,237.3339,893.0,240.89,42.3,96.59
2019-09-07,237.4428,893.0,181.39,81.4,96.64
2019-09-08,237.6014,893.0,226.51,74.9,96.7
2019-09-09,237.6642,893.0,129.21,73.0,96.62
2019-09-10,237.75,893.0,129.15,49.2,96.65
2019-09-11,237.8947,893.0,162.37,25.4,96.69
2019-09-12,238.0538,893.0,159.19,7.2,96.76
2019-09-13,238.2038,893.0,169.28,17.1,96.82
2019-09-14,238.5145,893.0,328.86,6.7,96.94
2019-09-15,238.9085,893.0,393.36,8.4,97.1
2019-09-16,239.1288,893.0,216.72,5.9,97.16
2019-09-17,239.2282,893.0,107.78,13.5,97.2
2019-09-18,239.2376,893.0,116.63,114.6,97.2
2019-09-19,239.1814,893.0,97.04,155.4,97.13
2019-09-20,239.186,893.0,148.55,149.2,97.14
2019-09-21,239.4148,893.0,276.6,38.8,97.23
2019-09-22,239.7112,893.0,296.83,8.7,97.35
2019-09-23,239.8135,893.0,135.12,35.1,97.39
2019-09-24,239.8294,893.0,132.95,127.1,97.39
2019-09-25,239.7558,893.0,135.91,216.4,97.36
2019-09-26,239.8377,893.0,148.85,70.2,97.4
2019-09-27,240.0756,893.0,241.36,13.3,97.48
2019-09-28,240.5433,893.0,467.37,2.7,97.67
2019-09-29,241.0885,893.0,553.46,10.0,97.89
2019-09-30,241.4189,893.0,331.38,4.0,97.99
2019-10-01,241.6694,893.0,277.15,28.2,98.34
2019-10-02,241.8889,893.0,223.95,9.5,98.41
2019-10-03,242.0094,893.0,131.72,16.3,98.46
2019-10-04,242.0384,893.0,96.91,73.3,98.45
2019-10-05,242.2488,893.0,216.39,17.4,98.53
2019-10-06,242.4791,893.0,238.27,19.3,98.62
2019-10-07,242.5078,893.0,83.28,54.5,98.63
2019-10-08,242.5196,893.0,73.09,71.3,98.64
2019-10-09,242.5389,893.0,76.72,81.1,98.64
2019-10-10,242.676,893.0,191.14,51.6,98.65
2019-10-11,242.6975,893.0,142.61,91.6,98.66
2019-10-12,242.9639,893.0,349.45,62.1,98.77
2019-10-13,243.3754,893.0,428.26,3.2,98.93
2019-10-14,243.5462,893.0,149.42,9.4,99.01
2019-10-15,243.6734,893.0,146.11,23.6,99.06
2019-10-16,243.7237,893.0,70.14,23.3,99.08
2019-10-17,243.8236,893.0,106.43,6.6,99.09
2019-10-18,243.855,893.0,143.93,112.5,99.1
2019-10-19,244.0826,893.0,239.21,5.4,99.2
2019-10-20,244.3592,893.0,282.74,6.1,99.31
2019-10-21,244.4405,893.0,82.84,7.8,99.33
2019-10-22,244.4453,893.0,28.26,23.9,99.34
2019-10-23,244.4566,893.0,41.86,30.5,99.34
2019-10-24,244.4939,893.0,47.21,9.9,99.35
2019-10-25,244.578,893.0,113.32,25.2,99.39
2019-10-26,244.9413,893.0,368.86,2.0,99.53
2019-10-27,245.1592,893.0,218.92,1.5,99.62
2019-10-28,245.1109,893.0,20.75,76.2,99.59
2019-10-29,244.9887,893.0,15.98,141.1,99.52
2019-10-30,244.7143,893.0,24.34,298.7,99.41
2019-10-31,244.3488,893.0,31.52,397.0,99.26
2019-11-01,244.2355,893.0,52.87,165.4,99.21
2019-11-02,244.6423,893.0,414.25,7.5,99.37
2019-11-03,245.0386,893.0,403.75,7.4,99.53
2019-11-04,245.199,893.0,174.03,12.0,99.6
2019-11-05,245.2039,893.0,55.4,53.7,99.57
2019-11-06,245.0366,893.0,51.64,21.9,99.5
2019-11-07,245.1788,893.0,39.31,80.5,99.56
2019-11-08,245.163,893.0,56.97,71.6,99.55
2019-11-09,245.2994,893.0,169.66,33.2,99.61
2019-11-10,245.3173,893.0,70.18,52.3,99.61
2019-11-11,245.12,893.0,20.74,218.0,99.54
2019-11-12,244.8846,893.0,19.13,254.5,99.45
2019-11-13,244.5609,893.0,16.92,327.0,99.32
2019-11-14,244.4126,893.0,26.06,167.2,99.26
2019-11-15,244.2968,893.0,40.13,152.0,99.21
2019-11-16,244.3513,893.0,93.07,38.4,99.23
2019-11-17,244.3898,893.0,76.98,38.4,99.25
2019-11-18,244.3111,893.0,13.09,91.8,99.21
2019-11-19,244.0713,893.0,4.22,245.3,99.11
2019-11-20,243.6056,893.0,9.99,479.4,98.92
2019-11-21,243.0327,893.0,7.43,580.2,98.69
2019-11-22,242.9248,893.0,63.77,167.9,98.64
2019-11-23,243.1171,893.0,219.03,24.7,98.72
2019-11-24,243.2678,893.0,167.29,13.8,98.78
2019-11-25,243.0809,893.0,24.84,207.5,98.71
2019-11-26,243.0128,893.0,61.65,125.9,98.68
2019-11-27,243.196,893.0,201.79,16.2,98.76
2019-11-28,243.3332,893.0,149.35,11.8,98.81
2019-11-29,243.3023,893.0,50.59,75.1,98.8
2019-11-30,243.0599,893.0,23.27,260.8,98.7
2019-12-01,242.7246,893.0,39.39,365.8,98.57
2019-12-02,242.411,893.0,27.19,332.1,98.45
2019-12-03,242.3233,893.0,129.47,202.4,98.41
2019-12-04,242.1379,893.0,32.67,213.9,98.33
2019-12-05,241.7366,893.0,40.99,432.7,98.17
2019-12-06,241.3164,893.0,53.83,461.5,98.0
2019-12-07,241.491,893.0,286.97,105.0,98.07
2019-12-08,241.8226,893.0,432.37,96.7,98.21
2019-12-09,241.6961,893.0,79.83,198.9,98.16
2019-12-10,241.2366,893.0,44.38,493.4,97.97
2019-12-11,240.7561,893.0,40.74,513.7,97.78
2019-12-12,240.382,893.0,74.84,426.5,97.62
2019-12-13,239.9903,893.0,61.65,429.5,97.47
2019-12-14,239.9768,893.0,153.12,156.7,97.46
2019-12-15,240.0841,893.0,257.53,143.9,97.5
2019-12-16,239.9197,893.0,107.69,256.7,97.44
2019-12-17,239.7874,893.0,145.68,280.2,97.38
2019-12-18,239.5643,893.0,44.69,257.3,97.29
2019-12-19,239.578,893.0,163.47,146.8,97.3
2019-12-20,239.575,893.0,112.98,115.3,97.29
2019-12-21,239.6902,893.0,227.43,111.3,97.34
2019-12-22,239.7854,893.0,209.16,112.1,97.38
2019-12-23,239.8204,893.0,139.11,97.4,97.39
2019-12-24,239.92,893.0,206.59,93.8,97.44
2019-12-25,240.0408,893.0,208.68,86.0,97.48
2019-12-26,240.1414,893.0,200.67,97.3,97.53
2019-12-27,240.0333,893.0,45.7,161.6,97.48
2019-12-28,239.8766,893.0,86.95,240.2,97.42
2019-12-29,239.6758,893.0,66.76,258.6,97.34
2019-12-30,239.3619,893.0,68.18,373.6,97.21
2019-12-31,239.1393,893.0,130.1,342.5,97.12
2020-01-01,238.5772,871.0,19.18,551.1,96.89
2020-01-02,237.6521,871.0,23.25,913.9,96.51
2020-01-03,237.0389,871.0,25.02,609.9,96.26
2020-01-04,236.6694,871.0,42.81,394.4,96.11
2020-01-05,236.2285,871.0,29.38,416.9,95.93
2020-01-06,235.4741,871.0,11.31,772.7,95.63
2020-01-07,234.547,871.0,27.5,962.7,95.26
2020-01-08,233.613,871.0,17.46,932.1,94.88
2020-01-09,233.1977,871.0,34.99,439.9,94.71
2020-01-10,232.8446,871.0,11.6,354.3,94.57
2020-01-11,232.35,871.0,25.24,519.8,94.36
2020-01-12,231.7417,871.0,22.72,628.4,94.12
2020-01-13,231.1563,871.0,17.22,600.9,93.87
2020-01-14,230.6958,871.0,15.46,460.1,93.68
2020-01-15,230.1788,871.0,16.93,513.0,93.47
2020-01-16,229.6203,871.0,39.97,598.5,93.25
2020-01-17,228.9508,871.0,15.4,696.6,92.97
2020-01-18,228.293,871.0,20.6,635.2,92.71
2020-01-19,227.3679,871.0,4.64,915.3,92.33
2020-01-20,225.7698,871.0,12.88,1586.9,91.68
2020-01-21,224.0694,871.0,15.51,1756.8,90.99
2020-01-22,222.4965,871.0,31.0,1560.5,90.36
2020-01-23,220.7903,871.0,28.57,1694.0,89.66
2020-01-24,219.0664,871.0,22.52,1736.2,88.96
2020-01-25,217.8725,871.0,33.63,1209.1,88.47
2020-01-26,216.9279,871.0,51.74,960.6,88.09
2020-01-27,215.9952,871.0,68.94,970.2,87.71
2020-01-28,214.6076,871.0,41.8,1401.2,87.15
2020-01-29,213.3342,871.0,41.81,1331.3,86.63
2020-01-30,212.1819,871.0,42.74,1146.9,86.16
2020-01-31,211.8057,871.0,91.15,466.0,86.01
2020-02-01,211.7175,871.0,84.56,172.7,85.97
2020-02-02,211.5408,871.0,73.76,250.5,85.9
2020-02-03,210.7992,871.0,18.02,759.6,85.6
2020-02-04,209.8527,871.0,13.76,956.8,85.22
2020-02-05,208.6417,871.0,22.09,1253.3,84.72
2020-02-06,206.7913,871.0,9.85,1804.1,83.97
2020-02-07,205.6715,871.0,16.98,1175.3,83.52
2020-02-08,204.7951,871.0,15.82,791.5,83.16
2020-02-09,204.4756,871.0,81.28,400.7,83.03
2020-02-10,203.9633,871.0,30.45,541.4,82.82
2020-02-11,203.1985,871.0,16.74,822.8,82.51
2020-02-12,202.2179,871.0,19.31,942.0,82.12
2020-02-13,201.2453,871.0,50.38,1014.7,81.72
2020-02-14,200.6167,871.0,54.77,679.0,81.47
2020-02-15,200.4789,871.0,187.45,325.2,81.41
2020-02-16,200.5184,871.0,225.41,185.3,81.43
2020-02-17,200.0858,871.0,21.75,454.2,81.25
2020-02-18,199.4935,871.0,45.53,637.8,81.01
2020-02-19,198.9965,871.0,23.5,521.2,80.81
2020-02-20,198.4934,871.0,38.93,529.4,80.6
2020-02-21,198.0035,871.0,26.45,500.7,80.4
2020-02-22,197.8363,871.0,74.27,226.6,80.34
2020-02-23,197.7632,871.0,119.58,177.7,80.31
2020-02-24,197.1923,871.0,19.33,532.4,80.07
2020-02-25,196.7325,871.0,46.51,489.0,79.89
2020-02-26,195.6658,871.0,13.46,1076.1,79.45
2020-02-27,194.1365,871.0,39.7,1572.1,78.83
2020-02-28,192.759,871.0,55.99,1391.7,78.27
2020-02-29,192.6341,871.0,141.18,260.5,78.22
2020-03-01,192.2332,871.0,92.26,492.5,78.06
2020-03-02,190.8378,871.0,13.88,1208.2,77.49
2020-03-03,190.2003,871.0,40.2,659.1,77.23
2020-03-04,189.4315,871.0,29.03,779.6,76.92
2020-03-05,188.488,871.0,25.52,951.4,76.53
2020-03-06,187.9311,871.0,73.67,611.9,76.31
2020-03-07,187.504,871.0,12.74,426.2,76.13
2020-03-08,187.4054,871.0,126.78,213.4,76.09
2020-03-09,186.8253,871.0,12.82,582.5,75.86
2020-03-10,186.4657,871.0,70.02,414.2,75.72
2020-03-11,186.3412,871.0,143.02,257.0,75.67
2020-03-12,186.2665,871.0,125.57,199.4,75.64
2020-03-13,185.862,871.0,13.08,413.7,75.47
2020-03-14,185.3945,871.0,65.7,521.0,75.28
2020-03-15,185.2483,871.0,166.89,316.1,75.22
2020-03-16,184.9783,871.0,116.27,375.7,75.11
2020-03-17,184.7267,871.0,109.61,350.6,75.0
2020-03-18,184.5459,871.0,50.47,220.6,74.93
2020-03-19,184.1528,871.0,39.01,415.0,74.77
2020-03-20,183.775,871.0,55.42,422.8,74.62
2020-03-21,183.4059,871.0,97.15,454.5,74.47
2020-03-22,183.0205,871.0,92.91,462.2,74.31
2020-03-23,182.0449,871.0,74.07,996.2,73.91
2020-03-24,181.2627,871.0,45.45,810.2,73.6
2020-03-25,180.3813,871.0,50.27,910.3,73.24
2020-03-26,179.5734,871.0,19.8,809.1,72.91
2020-03-27,179.2141,871.0,65.91,420.9,72.76
2020-03-28,179.3248,871.0,203.22,92.5,72.81
2020-03-29,179.149,871.0,181.44,352.9,72.74
2020-03-30,178.213,871.0,17.87,1046.2,72.36
2020-03-31,176.6463,871.0,67.59,1553.8,71.81
2020-04-01,177.7448,871.0,423.99,1000.8,72.74
2020-04-02,177.8367,871.0,161.26,559.9,72.58
2020-04-03,177.5664,871.0,134.24,391.5,72.47
2020-04-04,177.7261,871.0,256.08,93.3,72.54
2020-04-05,178.1253,871.0,429.19,31.3,72.7
2020-04-06,178.5194,871.0,398.4,8.0,72.87
2020-04-07,178.8995,871.0,415.6,36.9,73.02
2020-04-08,179.3196,871.0,427.06,8.4,73.19
2020-04-09,179.8418,871.0,509.39,7.4,73.41
2020-04-10,180.5315,871.0,690.04,17.6,73.69
2020-04-11,181.3327,871.0,801.04,15.8,74.02
2020-04-12,182.2879,871.0,948.15,11.3,74.41
2020-04-13,182.949,871.0,669.85,19.0,74.66
2020-04-14,182.9327,871.0,237.23,167.0,74.65
2020-04-15,183.0018,871.0,153.8,93.9,74.68
2020-04-16,183.3758,871.0,371.37,5.5,74.83
2020-04-17,183.795,871.0,430.66,14.4,75.0
2020-04-18,184.83,871.0,1057.55,18.8,75.42
2020-04-19,185.8235,871.0,991.75,2.5,75.83
2020-04-20,186.41,871.0,594.38,26.2,76.05
2020-04-21,187.0727,871.0,672.64,8.1,76.33
2020-04-22,187.7335,871.0,659.62,17.2,76.59
2020-04-23,188.2,871.0,460.56,4.9,76.79
2020-04-24,188.8235,871.0,612.57,4.3,77.04
2020-04-25,189.5779,871.0,752.11,5.7,77.35
2020-04-26,190.2391,871.0,645.72,10.4,77.62
2020-04-27,190.5761,871.0,348.44,22.3,77.74
2020-04-28,190.9087,871.0,352.71,18.9,77.88
2020-04-29,191.4607,871.0,561.31,19.8,78.1
2020-04-30,192.1285,871.0,659.54,3.7,78.37
2020-05-01,192.9762,871.0,834.44,1.5,78.68
2020-05-02,193.7026,871.0,714.39,2.3,78.97
2020-05-03,194.3869,871.0,679.57,9.4,79.25
2020-05-04,194.8033,871.0,417.25,15.6,79.38
2020-05-05,195.0373,871.0,283.18,57.7,79.48
2020-05-06,195.2775,871.0,285.81,59.7,79.58
2020-05-07,195.7029,871.0,413.17,2.0,79.75
2020-05-08,196.6502,871.0,925.7,1.0,80.14
2020-05-09,197.8686,871.0,1216.97,0.0,80.63
2020-05-10,199.1525,871.0,1280.81,0.5,81.16
2020-05-11,199.7532,871.0,580.14,9.2,81.41
2020-05-12,199.415,871.0,66.35,411.5,81.27
2020-05-13,199.4691,871.0,225.04,176.5,81.29
2020-05-14,199.5693,871.0,199.72,105.5,81.33
2020-05-15,199.7969,871.0,283.61,62.0,81.43
2020-05-16,200.4316,871.0,634.26,12.8,81.68
2020-05-17,201.2845,871.0,846.92,0.3,82.03
2020-05-18,201.9395,871.0,623.9,2.8,82.27
2020-05-19,202.3422,871.0,442.97,48.4,82.43
2020-05-20,202.7922,871.0,455.36,12.6,82.62
2020-05-21,203.5575,871.0,769.22,15.5,82.93
2020-05-22,204.5552,871.0,1007.63,15.5,83.34
2020-05-23,205.586,871.0,1047.53,32.5,83.69
2020-05-24,206.2877,871.0,814.35,124.8,83.97
2020-05-25,206.8239,871.0,557.6,31.4,84.24
2020-05-26,207.1727,871.0,372.26,27.9,84.39
2020-05-27,207.1757,871.0,113.7,114.4,84.39
2020-05-28,207.0576,871.0,138.27,256.4,84.34
2020-05-29,207.1889,871.0,230.66,105.9,84.39
2020-05-30,207.796,871.0,618.64,26.8,84.64
2020-05-31,208.3705,871.0,584.09,14.2,84.87
2020-06-01,209.0089,871.0,625.53,11.8,85.14
2020-06-02,209.3502,871.0,345.66,10.5,85.28
2020-06-03,209.6774,871.0,347.8,38.1,85.41
2020-06-04,209.9765,871.0,442.63,153.1,85.53
2020-06-05,210.1377,871.0,263.63,115.1,85.6
2020-06-06,210.6457,871.0,529.32,8.5,85.8
2020-06-07,211.1173,871.0,497.56,17.5,86.0
2020-06-08,211.2798,871.0,196.63,58.3,85.78
2020-06-09,211.3843,871.0,145.11,47.0,85.83
2020-06-10,211.3779,871.0,69.98,85.1,85.82
2020-06-11,211.6815,871.0,304.27,8.9,85.95
2020-06-12,212.1289,871.0,447.38,9.8,86.13
2020-06-13,212.8218,871.0,698.94,18.1,86.41
2020-06-14,213.6257,871.0,807.69,17.3,86.74
2020-06-15,213.9783,871.0,360.4,16.3,86.91
2020-06-16,214.199,871.0,275.94,63.2,87.0
2020-06-17,214.3753,871.0,195.65,24.9,87.06
2020-06-18,214.5468,871.0,187.7,26.6,87.13
2020-06-19,214.7869,871.0,247.38,17.1,87.23
2020-06-20,215.3826,871.0,597.39,13.1,87.47
2020-06-21,216.0625,871.0,677.16,8.4,87.75
2020-06-22,216.3767,871.0,320.98,14.3,87.84
2020-06-23,216.628,871.0,249.9,14.4,87.94
2020-06-24,216.8008,871.0,179.37,24.4,88.01
2020-06-25,217.0206,871.0,229.58,24.4,88.1
2020-06-26,217.3138,871.0,288.47,6.7,88.22
2020-06-27,217.8479,871.0,526.83,6.5,88.44
2020-06-28,218.389,871.0,538.55,10.3,88.66
2020-06-29,218.6874,871.0,301.07,12.6,88.77
2020-06-30,219.0462,871.0,363.92,17.0,88.92
2020-07-01,219.2867,871.0,257.82,21.3,89.02
2020-07-02,219.3834,871.0,133.23,34.0,89.05
2020-07-03,220.0406,871.0,391.09,42.6,89.32
2020-07-04,220.8496,871.0,814.05,3.3,89.65
2020-07-05,221.6583,871.0,828.21,30.2,89.98
2020-07-06,221.7403,871.0,409.5,98.2,90.02
2020-07-07,221.659,871.0,162.04,247.4,89.99
2020-07-08,221.6061,871.0,136.3,185.9,89.97
2020-07-09,221.3962,871.0,146.09,356.7,89.88
2020-07-10,221.5309,871.0,260.95,152.7,89.94
2020-07-11,221.852,871.0,337.13,6.8,90.07
2020-07-12,222.3801,871.0,539.88,3.1,90.28
2020-07-13,222.6721,871.0,302.44,13.6,90.41
2020-07-14,222.3861,871.0,220.02,535.3,90.34
2020-07-15,222.0124,871.0,216.4,595.5,90.19
2020-07-16,221.6456,871.0,195.71,566.9,90.04
2020-07-17,221.3342,871.0,206.41,521.9,89.91
2020-07-18,221.1389,871.0,335.43,522.3,89.83
2020-07-19,220.9999,871.0,366.43,511.4,89.78
2020-07-20,220.6806,871.0,195.61,538.5,89.63
2020-07-21,220.1071,871.0,99.7,662.0,89.4
2020-07-22,219.6191,871.0,126.45,601.9,89.08
2020-07-23,219.1051,871.0,92.77,642.6,88.87
2020-07-24,218.6848,871.0,125.2,549.7,88.7
2020-07-25,218.3849,871.0,231.02,532.4,88.58
2020-07-26,218.899,871.0,522.53,3.0,88.79
2020-07-27,219.0875,871.0,204.63,51.5,88.85
2020-07-28,219.2556,871.0,204.87,31.0,88.92
2020-07-29,219.5094,871.0,250.73,6.3,89.02
2020-07-30,219.5412,871.0,92.06,64.4,89.04
2020-07-31,219.7246,871.0,196.54,14.3,89.11
2020-08-01,220.2552,871.0,541.28,18.4,89.33
2020-08-02,220.8036,871.0,585.42,43.8,89.55
2020-08-03,221.0716,871.0,336.58,73.1,89.67
2020-08-04,221.287,871.0,243.27,34.1,89.76
2020-08-05,221.6918,871.0,423.06,18.4,89.92
2020-08-06,221.9447,871.0,282.1,37.2,90.03
2020-08-07,222.3465,871.0,430.08,35.8,90.19
2020-08-08,222.9594,871.0,647.88,43.1,90.44
2020-08-09,223.5406,871.0,596.84,23.3,90.67
2020-08-10,223.9429,871.0,398.52,20.8,90.8
2020-08-11,224.1892,871.0,263.51,22.0,90.9
2020-08-12,224.4573,871.0,287.27,21.0,91.01
2020-08-13,224.8736,871.0,445.32,38.8,91.18
2020-08-14,225.2426,871.0,412.47,49.0,91.33
2020-08-15,225.7327,871.0,513.2,30.6,91.53
2020-08-16,226.2585,871.0,522.97,3.6,91.74
2020-08-17,226.6346,871.0,375.12,3.5,91.91
2020-08-18,226.9119,871.0,298.87,26.6,92.02
2020-08-19,227.1322,871.0,238.73,22.1,92.11
2020-08-20,227.4017,871.0,279.68,14.7,92.22
2020-08-21,227.8542,871.0,450.28,3.6,92.41
2020-08-22,228.5297,871.0,671.5,4.1,92.68
2020-08-23,229.0985,871.0,565.5,3.5,92.91
2020-08-24,229.2003,871.0,140.39,41.5,92.92
2020-08-25,229.4202,871.0,220.18,3.5,93.01
2020-08-26,229.7739,871.0,378.29,28.5,93.15
2020-08-27,229.9072,871.0,168.82,38.2,93.21
2020-08-28,230.0656,871.0,177.8,23.7,93.13
2020-08-29,230.1981,871.0,278.06,151.9,93.16
2020-08-30,230.3643,871.0,234.58,72.6,93.23
2020-08-31,230.3117,871.0,128.89,181.9,93.22
2020-09-01,230.3073,871.0,75.02,84.9,93.22
2020-09-02,230.4408,871.0,260.51,138.3,93.27
2020-09-03,230.6236,871.0,258.09,78.7,93.35
2020-09-04,230.8077,871.0,239.76,60.1,93.42
2020-09-05,231.2831,871.0,483.17,13.1,93.61
2020-09-06,231.6735,871.0,393.11,7.3,93.77
2020-09-07,231.8037,871.0,262.45,132.0,93.82
2020-09-08,231.9184,871.0,228.38,105.8,93.87
2020-09-09,232.1172,871.0,238.26,45.2,93.95
2020-09-10,232.1188,871.0,176.82,179.5,93.93
2020-09-11,232.2393,871.0,145.69,29.4,93.98
2020-09-12,232.6575,871.0,422.09,9.4,94.15
2020-09-13,233.1177,871.0,458.38,3.7,94.33
2020-09-14,233.2912,871.0,203.34,34.6,94.38
2020-09-15,233.4994,871.0,165.15,18.7,94.46
2020-09-16,233.5656,871.0,114.48,53.1,94.49
2020-09-17,233.7038,871.0,144.99,11.8,94.55
2020-09-18,233.9311,871.0,250.45,24.6,94.64
2020-09-19,234.3927,871.0,460.11,1.6,94.82
2020-09-20,234.7876,871.0,403.36,10.1,94.98
2020-09-21,234.8489,871.0,150.17,92.4,95.01
2020-09-22,234.964,871.0,177.13,65.3,95.06
2020-09-23,235.0063,871.0,141.57,106.4,95.08
2020-09-24,235.2622,871.0,294.72,43.4,95.18
2020-09-25,235.389,871.0,175.95,54.1,95.23
2020-09-26,235.292,871.0,183.56,280.3,95.19
2020-09-27,235.1739,871.0,188.35,306.3,95.14
2020-09-28,234.8227,871.0,49.8,399.7,94.98
2020-09-29,234.5444,871.0,67.99,347.9,94.87
2020-09-30,234.2003,871.0,122.46,466.0,94.73
2020-10-01,234.2188,871.0,128.31,131.9,94.72
2020-10-02,234.3563,871.0,188.11,55.4,94.77
2020-10-03,234.7733,871.0,488.07,19.7,94.94
2020-10-04,235.1436,871.0,376.56,12.6,95.09
2020-10-05,235.1253,871.0,54.52,70.6,95.09
2020-10-06,235.1392,871.0,47.76,31.0,95.08
2020-10-07,235.1893,871.0,81.32,31.1,95.1
2020-10-08,235.241,871.0,83.37,30.5,95.13
2020-10-09,235.2593,871.0,53.32,35.0,95.13
2020-10-10,235.4809,871.0,224.58,3.0,95.22
2020-10-11,235.6781,871.0,202.82,2.6,95.3
2020-10-12,235.5427,871.0,94.1,227.2,95.26
2020-10-13,235.3649,871.0,41.04,218.0,95.19
2020-10-14,235.201,871.0,25.86,187.7,95.12
2020-10-15,234.908,871.0,21.84,309.3,95.0
2020-10-16,234.6779,871.0,6.66,232.7,94.91
2020-10-17,234.4442,871.0,2.82,234.3,94.82
2020-10-18,234.394,871.0,49.6,81.9,94.8
2020-10-19,234.1409,871.0,12.75,274.7,94.72
2020-10-20,233.9318,871.0,18.5,223.6,94.64
2020-10-21,233.8686,871.0,22.44,85.6,94.61
2020-10-22,233.8803,871.0,41.92,30.3,94.62
2020-10-23,233.7815,871.0,27.14,126.0,94.58
2020-10-24,233.9692,871.0,264.33,62.0,94.66
2020-10-25,234.229,871.0,261.65,9.3,94.76
2020-10-26,233.9526,871.0,35.79,326.4,94.65
2020-10-27,233.3764,871.0,9.21,584.7,94.42
2020-10-28,233.0162,871.0,14.15,369.4,94.27
2020-10-29,232.75,871.0,26.48,293.6,94.16
2020-10-30,232.719,871.0,90.9,111.2,94.15
2020-10-31,233.0688,871.0,380.97,20.9,94.29
2020-11-01,233.4985,871.0,477.76,53.1,94.46
2020-11-02,233.9608,871.0,499.02,41.1,94.63
2020-11-03,234.0277,871.0,120.95,58.5,94.66
2020-11-04,233.5944,871.0,9.05,444.8,94.48
2020-11-05,233.0581,871.0,30.61,565.9,94.27
2020-11-06,232.7883,871.0,105.55,363.8,94.16
2020-11-07,232.7517,871.0,69.65,106.4,94.14
2020-11-08,232.7404,871.0,111.42,121.3,94.14
2020-11-09,232.492,871.0,59.44,425.6,94.04
2020-11-10,231.6056,871.0,12.13,734.9,93.68
2020-11-11,231.177,871.0,41.1,467.2,93.51
2020-11-12,230.9148,871.0,61.02,319.5,93.4
2020-11-13,230.66,871.0,37.13,293.4,93.3
2020-11-14,230.7617,871.0,238.92,136.5,93.34
2020-11-15,230.9456,871.0,284.61,107.1,93.41
2020-11-16,230.8335,871.0,141.26,262.8,93.37
2020-11-17,230.5819,871.0,76.53,330.4,93.27
2020-11-18,230.5165,871.0,146.65,198.4,93.24
2020-11-19,230.4248,871.0,86.01,200.4,93.2
2020-11-20,229.7259,871.0,7.21,705.7,92.92
2020-11-21,229.3925,871.0,21.36,347.2,92.79
2020-11-22,229.0529,871.0,18.08,353.3,92.65
2020-11-23,228.3899,871.0,17.69,671.6,92.38
2020-11-24,227.5437,871.0,17.76,846.6,92.04
2020-11-25,226.2254,871.0,12.39,1317.3,91.51
2020-11-26,224.6665,871.0,13.39,1558.1,90.88
2020-11-27,223.2109,871.0,16.7,1461.8,90.29
2020-11-28,222.0519,871.0,17.62,1163.9,89.82
2020-11-29,220.6306,871.0,35.22,1441.7,89.24
2020-11-30,218.8359,871.0,24.14,1799.6,88.52
2020-12-01,216.7973,871.0,32.54,2004.8,87.69
2020-12-02,214.5661,871.0,28.77,2297.1,86.79
2020-12-03,212.6524,871.0,27.81,1868.2,86.02
2020-12-04,211.0779,871.0,30.71,1591.4,85.38
2020-12-05,209.6816,871.0,16.65,1381.4,84.81
2020-12-06,208.4835,871.0,28.61,1216.0,84.33
2020-12-07,206.7163,871.0,26.88,1779.6,83.61
2020-12-08,205.3118,871.0,36.71,1445.0,83.05
2020-12-09,203.3221,871.0,32.29,1987.9,82.24
2020-12-10,201.2355,871.0,17.17,2079.1,81.4
2020-12-11,199.5062,871.0,35.49,1751.2,80.7
2020-12-12,198.3852,871.0,47.59,1161.1,80.24
2020-12-13,197.5102,871.0,101.08,969.6,79.89
2020-12-14,196.4135,871.0,35.64,1122.9,79.45
2020-12-15,194.9683,871.0,57.98,1090.2,79.23
2020-12-16,194.0348,871.0,24.56,956.4,78.85
2020-12-17,193.2377,871.0,29.18,814.8,78.53
2020-12-18,192.3888,871.0,25.19,863.8,78.18
2020-12-19,191.9178,871.0,52.43,520.2,77.99
2020-12-20,191.3584,871.0,45.09,599.3,77.76
2020-12-21,190.4157,871.0,29.25,966.4,77.38
2020-12-22,190.0139,871.0,92.72,494.5,77.22
2020-12-23,189.5659,871.0,94.37,541.7,77.03
2020-12-24,189.1294,871.0,64.68,501.0,76.86
2020-12-25,188.4902,871.0,44.11,681.0,76.6
2020-12-26,187.6848,871.0,45.98,844.5,76.27
2020-12-27,186.7922,871.0,43.23,926.8,75.91
2020-12-28,185.5187,871.0,33.23,1296.4,75.39
2020-12-29,184.1528,871.0,44.03,1424.3,74.83
2020-12-30,182.629,871.0,40.64,1547.9,74.22
2020-12-31,181.3394,871.0,134.84,1421.8,73.69
2021-01-01,180.1683,905.0,90.61,1241.0,73.22
2021-01-02,178.8388,905.0,55.74,1384.5,72.68
2021-01-03,177.3155,905.0,25.92,1517.8,72.06
2021-01-04,175.0347,905.0,18.05,2276.7,71.13
2021-01-05,172.4964,905.0,29.25,2506.9,70.1
2021-01-06,170.0767,905.0,45.18,2474.9,69.11
2021-01-07,167.1719,905.0,21.64,2858.0,67.93
2021-01-08,164.2183,905.0,27.26,2947.9,66.73
2021-01-09,161.5175,905.0,29.44,2730.0,65.64
2021-01-10,158.9121,905.0,62.01,2627.1,64.58
2021-01-11,155.9471,905.0,38.09,3006.3,63.37
2021-01-12,152.972,905.0,20.83,2942.2,62.16
2021-01-13,150.0356,905.0,44.29,2949.2,60.97
2021-01-14,146.8749,905.0,19.98,3176.4,59.69
2021-01-15,143.3663,905.0,37.2,3484.9,58.26
2021-01-16,140.485,905.0,28.43,2908.3,57.09
2021-01-17,137.9366,905.0,55.07,2529.3,56.05
2021-01-18,135.0099,905.0,18.92,2942.6,54.86
2021-01-19,132.6694,905.0,52.42,2347.8,53.91
2021-01-20,130.9289,905.0,77.4,1772.4,53.21
2021-01-21,129.7545,905.0,305.97,1461.4,52.73
2021-01-22,128.1968,905.0,72.88,1827.0,52.1
2021-01-23,126.5035,905.0,68.19,1731.4,51.41
2021-01-24,124.8346,905.0,94.88,1926.9,50.73
2021-01-25,122.1447,905.0,27.86,2850.7,49.64
2021-01-26,119.6258,905.0,57.84,2571.6,48.61
2021-01-27,117.212,905.0,27.04,2411.0,47.65
2021-01-28,115.4692,905.0,105.55,1936.0,46.94
2021-01-29,113.9925,905.0,119.16,1547.5,46.34
2021-01-30,112.35,905.0,54.83,1679.0,45.68
2021-01-31,110.39,905.0,49.88,1982.6,44.88
2021-02-01,108.3682,905.0,213.03,2232.9,44.06
2021-02-02,106.8611,905.0,42.46,1509.8,43.44
2021-02-03,105.9959,905.0,110.77,927.0,43.09
2021-02-04,104.8438,905.0,78.34,1211.8,42.62
2021-02-05,103.7598,905.0,111.29,1176.2,42.18
2021-02-06,102.8083,905.0,96.14,1003.7,41.8
2021-02-07,101.3705,905.0,90.82,1530.2,41.21
2021-02-08,98.9178,905.0,51.72,2484.2,40.22
2021-02-09,96.0047,905.0,43.82,2925.8,39.03
2021-02-10,92.916,905.0,30.2,3077.1,37.78
2021-02-11,90.2347,905.0,42.85,2711.6,36.69
2021-02-12,87.4866,905.0,28.92,2747.5,35.57
2021-02-13,85.1232,905.0,17.92,2358.7,34.61
2021-02-14,83.0428,905.0,24.92,2045.2,33.76
2021-02-15,80.6735,905.0,27.94,2366.9,32.8
2021-02-16,79.6743,905.0,38.89,958.9,32.39
2021-02-17,79.1586,905.0,123.89,588.5,32.19
2021-02-18,78.6822,905.0,65.19,512.1,31.99
2021-02-19,78.2424,905.0,49.69,453.7,31.82
2021-02-20,78.0571,905.0,269.35,413.1,31.74
2021-02-21,77.9804,905.0,317.21,375.0,31.71
2021-02-22,77.4837,905.0,89.89,587.5,31.51
2021-02-23,77.2315,905.0,197.27,416.6,31.4
2021-02-24,77.2654,905.0,401.33,344.7,31.42
2021-02-25,77.107,905.0,211.47,346.6,31.35
2021-02-26,77.0284,905.0,244.26,334.9,31.32
2021-02-27,76.9089,905.0,154.83,251.4,31.27
2021-02-28,76.6115,905.0,58.24,312.5,31.15
2021-03-01,75.7013,905.0,21.74,907.5,30.78
2021-03-02,74.9833,905.0,21.45,713.8,30.49
2021-03-03,74.0999,905.0,15.93,875.8,30.13
2021-03-04,73.3705,905.0,56.78,761.8,29.83
2021-03-05,72.4158,905.0,26.16,952.9,29.45
2021-03-06,71.7018,905.0,24.94,709.8,29.16
2021-03-07,70.9923,905.0,58.64,740.9,28.87
2021-03-08,69.7962,905.0,24.81,1192.8,28.38
2021-03-09,68.6059,905.0,48.13,1207.2,27.9
2021-03-10,68.0109,905.0,73.18,639.4,27.65
2021-03-11,67.7062,905.0,164.29,444.3,27.53
2021-03-12,67.5633,905.0,154.54,276.5,27.47
2021-03-13,67.5051,905.0,288.34,328.7,27.45
2021-03-14,67.1862,905.0,130.47,428.9,27.32
2021-03-15,67.139,905.0,68.87,499.0,27.17
2021-03-16,66.6843,905.0,103.54,530.2,26.99
2021-03-17,66.0944,905.0,102.4,658.9,26.75
2021-03-18,65.2805,905.0,42.73,828.3,26.42
2021-03-19,64.7313,905.0,78.11,603.3,26.2
2021-03-20,64.374,905.0,120.18,453.7,26.05
2021-03-21,64.2203,905.0,190.02,329.3,25.99
2021-03-22,63.5315,905.0,53.42,721.2,25.71
2021-03-23,63.0416,905.0,63.45,535.0,25.52
2021-03-24,62.812,905.0,150.44,365.3,25.42
2021-03-25,62.7396,905.0,258.5,320.8,25.39
2021-03-26,63.061,905.0,598.48,272.0,25.52
2021-03-27,63.4517,905.0,624.09,228.5,25.68
2021-03-28,63.8382,905.0,642.21,252.0,25.84
2021-03-29,63.4127,905.0,623.79,261.3,25.67
2021-03-30,64.6041,905.0,659.75,247.4,26.15
2021-03-31,66.0516,905.0,830.58,267.8,26.15
2021-04-01,66.6998,905.0,680.27,17.5,26.91
2021-04-02,67.0257,905.0,456.91,135.3,27.04
2021-04-03,67.6161,905.0,633.45,54.5,27.28
2021-04-04,68.1464,905.0,595.97,49.9,27.49
2021-04-05,68.2055,905.0,234.17,182.5,27.52
2021-04-06,67.508,905.0,48.4,713.0,27.24
2021-04-07,66.7005,905.0,50.65,846.1,26.91
2021-04-08,65.7864,905.0,66.49,966.2,26.54
2021-04-09,65.3657,905.0,122.7,531.3,26.37
2021-04-10,65.2928,905.0,162.81,226.5,26.34
2021-04-11,65.3299,905.0,266.22,225.7,26.36
2021-04-12,64.2647,905.0,29.13,1097.3,25.93
2021-04-13,62.9448,905.0,39.23,1333.2,25.4
2021-04-14,61.7309,905.0,64.09,1270.1,24.91
2021-04-15,60.8232,905.0,58.75,962.6,24.54
2021-04-16,60.4655,905.0,138.37,473.0,24.4
2021-04-17,60.3885,905.0,155.92,228.9,24.36
2021-04-18,60.4115,905.0,245.44,218.3,24.37
2021-04-19,60.2685,905.0,183.49,352.1,24.32
2021-04-20,60.3677,905.0,263.67,158.2,24.36
2021-04-21,60.6147,905.0,283.09,42.2,24.46
2021-04-22,60.6753,905.0,134.62,70.4,24.48
2021-04-23,60.7791,905.0,168.08,62.0,24.52
2021-04-24,61.2401,905.0,466.07,5.1,24.71
2021-04-25,61.7732,905.0,543.24,7.7,24.92
2021-04-26,62.1477,905.0,443.3,66.7,25.07
2021-04-27,62.6464,905.0,593.33,92.3,25.28
2021-04-28,62.9885,905.0,426.32,81.9,25.41
2021-04-29,63.0536,905.0,192.9,125.0,25.44
2021-04-30,62.8497,905.0,61.49,258.6,25.36
2021-05-01,63.0042,905.0,214.99,79.1,25.42
2021-05-02,63.0765,905.0,130.86,66.1,25.45
2021-05-03,62.7757,905.0,62.23,376.4,25.33
2021-05-04,62.8442,905.0,264.51,196.6,25.36
2021-05-05,62.4197,905.0,40.33,466.5,25.18
2021-05-06,61.7552,905.0,56.36,712.0,24.92
2021-05-07,61.3797,905.0,123.0,498.5,24.76
2021-05-08,61.7573,905.0,413.48,35.9,24.92
2021-05-09,62.8377,905.0,1120.29,3.2,25.35
2021-05-10,63.9243,905.0,994.99,1.0,25.79
2021-05-11,64.6597,905.0,750.1,14.7,26.09
2021-05-12,65.2805,905.0,685.87,65.1,26.34
2021-05-13,65.9642,905.0,736.21,40.5,26.55
2021-05-14,66.4938,905.0,537.47,19.9,26.83
2021-05-15,67.1436,905.0,693.17,43.4,27.09
2021-05-16,67.8053,905.0,725.96,64.3,27.36
2021-05-17,68.1071,905.0,501.79,200.0,27.48
2021-05-18,68.2954,905.0,442.4,254.1,27.55
2021-05-19,68.5249,905.0,470.88,242.8,27.65
2021-05-20,69.194,905.0,788.11,108.5,27.92
2021-05-21,70.0901,905.0,905.88,8.5,28.28
2021-05-22,70.8114,905.0,750.93,31.6,28.57
2021-05-23,71.5806,905.0,801.74,33.1,28.88
2021-05-24,72.2941,905.0,730.71,18.6,29.17
2021-05-25,72.5266,905.0,350.02,117.2,29.26
2021-05-26,72.8022,905.0,350.07,74.8,29.37
2021-05-27,72.8497,905.0,260.77,213.9,29.39
2021-05-28,73.1947,905.0,413.78,68.8,29.53
2021-05-29,74.0894,905.0,929.79,1.1,29.89
2021-05-30,75.1584,905.0,1069.27,1.7,30.32
2021-05-31,76.0577,905.0,873.13,10.1,30.69
2021-06-01,77.2122,905.0,1167.52,7.6,31.12
2021-06-02,78.5532,905.0,1302.08,52.4,31.66
2021-06-03,79.7803,905.0,1224.92,9.3,32.15
2021-06-04,80.9037,905.0,1134.53,12.2,32.61
2021-06-05,82.2664,905.0,1360.05,8.4,33.16
2021-06-06,83.5787,905.0,1311.69,11.7,33.69
2021-06-07,84.3984,905.0,895.16,105.6,34.02
2021-06-08,85.1068,905.0,864.55,166.3,34.3
2021-06-09,85.4822,905.0,528.01,164.0,34.45
2021-06-10,86.1029,905.0,644.62,35.1,34.7
2021-06-11,86.7836,905.0,695.44,11.7,34.98
2021-06-12,87.831,905.0,1046.16,6.6,35.4
2021-06-13,88.9154,905.0,1084.88,12.5,35.84
2021-06-14,89.7739,905.0,840.75,12.0,36.18
2021-06-15,90.2998,905.0,563.66,48.7,36.39
2021-06-16,90.89,905.0,622.34,43.1,36.63
2021-06-17,91.7055,905.0,840.24,28.7,36.96
2021-06-18,92.6461,905.0,963.79,8.1,37.34
2021-06-19,93.8625,905.0,1218.0,10.6,37.83
2021-06-20,94.9719,905.0,1096.64,13.0,38.28
2021-06-21,95.956,905.0,992.4,44.0,38.67
2021-06-22,96.3842,905.0,544.28,83.7,38.85
2021-06-23,96.9064,905.0,541.08,29.4,39.06
2021-06-24,97.4246,905.0,547.38,40.4,39.27
2021-06-25,98.0874,905.0,666.53,15.5,39.53
2021-06-26,99.0444,905.0,1027.14,65.3,39.92
2021-06-27,100.1387,905.0,1130.5,44.8,40.36
2021-06-28,100.8962,905.0,754.16,13.3,40.67
2021-06-29,101.6962,905.0,799.15,11.2,40.99
2021-06-30,102.3874,905.0,706.22,13.1,41.27
2021-07-01,103.3061,905.0,898.92,10.9,41.61
2021-07-02,103.9106,905.0,622.81,29.2,41.86
2021-07-03,105.1266,905.0,1232.56,11.6,42.35
2021-07-04,106.2599,905.0,1133.14,9.7,42.8
2021-07-05,107.2427,905.0,943.05,32.9,43.2
2021-07-06,107.8534,905.0,809.17,208.4,43.45
2021-07-07,108.2742,905.0,636.75,203.9,43.61
2021-07-08,108.6242,905.0,604.3,270.2,43.76
2021-07-09,109.3408,905.0,891.39,159.0,44.04
2021-07-10,110.3689,905.0,1026.15,9.6,44.46
2021-07-11,111.3962,905.0,1025.7,9.3,44.87
2021-07-12,112.0982,905.0,734.28,44.9,45.16
2021-07-13,112.2149,905.0,490.24,382.7,45.2
2021-07-14,112.2427,905.0,279.17,262.6,45.21
2021-07-15,112.2536,905.0,308.44,298.9,45.4
2021-07-16,112.8431,905.0,631.74,331.5,45.64
2021-07-17,113.4069,905.0,800.45,249.9,45.86
2021-07-18,113.9435,905.0,763.44,237.9,46.08
2021-07-19,114.3083,905.0,645.9,317.9,46.23
2021-07-20,114.5965,905.0,350.61,325.3,46.34
2021-07-21,114.7061,905.0,400.31,340.4,46.39
2021-07-22,114.7363,905.0,313.09,294.0,46.4
2021-07-23,115.6073,905.0,893.04,18.5,46.75
2021-07-24,116.7935,905.0,1176.63,15.8,47.23
2021-07-25,117.7599,905.0,995.04,29.7,47.62
2021-07-26,118.5817,905.0,820.38,21.8,47.95
2021-07-27,119.5183,905.0,935.64,23.0,48.33
2021-07-28,120.4943,905.0,983.02,17.3,48.73
2021-07-29,121.421,905.0,935.59,9.5,49.1
2021-07-30,122.254,905.0,826.3,11.6,49.43
2021-07-31,123.1294,905.0,1606.56,39.4,49.79
2021-08-01,124.1131,905.0,1004.93,31.6,50.18
2021-08-02,124.9989,905.0,873.47,22.0,50.54
2021-08-03,125.6309,905.0,643.93,19.4,50.8
2021-08-04,126.3928,905.0,775.48,19.7,51.1
2021-08-05,127.0903,905.0,796.78,103.2,51.39
2021-08-06,128.2387,905.0,1161.76,35.6,51.85
2021-08-07,129.1355,905.0,1056.14,165.9,52.21
2021-08-08,129.9988,905.0,1042.01,189.4,52.56
2021-08-09,130.6177,905.0,768.01,188.3,52.82
2021-08-10,131.2485,905.0,879.54,249.6,53.07
2021-08-11,131.8086,905.0,984.26,442.7,53.3
2021-08-12,132.2706,905.0,898.01,444.8,53.48
2021-08-13,132.9729,905.0,1131.28,437.9,53.77
2021-08-14,133.9089,905.0,1267.52,336.8,54.15
2021-08-15,134.7711,905.0,1238.72,381.8,54.49
2021-08-16,135.4879,905.0,1248.46,362.1,54.79
2021-08-17,135.8979,905.0,878.21,278.1,54.95
2021-08-18,136.3983,905.0,780.16,290.9,55.15
2021-08-19,136.8998,905.0,817.61,326.8,55.36
2021-08-20,137.6249,905.0,998.25,283.9,55.65
2021-08-21,138.5134,905.0,1025.79,148.1,56.01
2021-08-22,139.4291,905.0,1056.53,152.1,56.38
2021-08-23,140.3874,905.0,1000.64,53.5,56.76
2021-08-24,141.3371,905.0,958.4,19.8,57.15
2021-08-25,142.1785,905.0,843.18,12.9,57.49
2021-08-26,143.0925,905.0,883.45,38.7,57.86
2021-08-27,144.0851,905.0,1041.37,52.8,58.26
2021-08-28,145.1242,905.0,1054.19,26.9,58.68
2021-08-29,146.1388,905.0,1031.84,28.4,59.09
2021-08-30,147.0509,905.0,934.66,32.8,59.46
2021-08-31,147.6275,905.0,773.59,213.7,59.69
2021-09-01,148.3165,905.0,708.43,30.9,59.9
2021-09-02,148.8083,905.0,691.67,211.3,60.1
2021-09-03,149.3901,905.0,615.15,44.6,60.33
2021-09-04,150.2073,905.0,836.44,31.0,60.66
2021-09-05,151.0545,905.0,865.91,30.8,61.0
2021-09-06,151.6169,905.0,577.22,25.0,61.24
2021-09-07,152.0939,905.0,527.76,60.9,61.43
2021-09-08,152.8415,905.0,753.34,16.3,61.73
2021-09-09,153.6401,905.0,774.95,29.7,62.05
2021-09-10,154.3346,905.0,703.53,22.2,62.33
2021-09-11,155.2103,905.0,877.65,16.7,62.69
2021-09-12,156.1378,905.0,923.42,10.0,63.06
2021-09-13,156.7205,905.0,619.96,47.6,63.3
2021-09-14,157.1805,905.0,514.8,64.9,63.48
2021-09-15,157.5257,905.0,406.6,55.9,63.62
2021-09-16,157.8575,905.0,412.73,91.7,63.76
2021-09-17,158.2991,905.0,471.15,40.0,63.94
2021-09-18,159.0743,905.0,776.37,13.6,64.25
2021-09-19,159.8474,905.0,780.25,18.0,64.56
2021-09-20,160.1637,905.0,394.47,87.8,64.69
2021-09-21,160.5751,905.0,459.67,57.4,64.86
2021-09-22,160.8813,905.0,355.89,59.6,64.98
2021-09-23,161.7167,905.0,845.76,21.1,65.25
2021-09-24,162.5391,905.0,938.84,127.1,65.58
2021-09-25,163.9019,905.0,1363.69,12.4,66.13
2021-09-26,165.3915,905.0,1488.62,10.9,66.74
2021-09-27,166.5296,905.0,1139.02,10.3,67.17
2021-09-28,167.5232,905.0,1019.14,34.4,67.48
2021-09-29,168.4872,905.0,1008.63,36.7,67.87
2021-09-30,169.6129,905.0,1138.58,38.8,68.06
2021-10-01,170.439,905.0,1357.33,28.4,68.4
2021-10-02,171.5661,905.0,1369.31,12.2,68.85
2021-10-03,173.0712,905.0,1451.68,4.3,69.46
2021-10-04,173.8907,905.0,829.94,58.5,69.78
2021-10-05,175.1537,905.0,844.01,85.6,70.29
2021-10-06,175.6877,905.0,650.15,117.7,70.5
2021-10-07,175.612,905.0,483.51,498.7,70.47
2021-10-08,176.1077,905.0,579.43,79.2,70.67
2021-10-09,177.0311,905.0,705.91,59.9,71.04
2021-10-10,177.5947,905.0,663.7,118.7,71.27
2021-10-11,177.5226,905.0,459.32,44.2,71.24
2021-10-12,178.1653,905.0,324.87,58.2,71.5
2021-10-13,177.8347,905.0,136.61,321.7,71.36
2021-10-14,178.0728,905.0,381.12,119.3,71.46
2021-10-15,178.353,905.0,412.53,143.4,71.57
2021-10-16,178.6552,905.0,569.95,231.1,71.69
2021-10-17,178.9853,905.0,583.22,235.0,71.83
2021-10-18,179.1687,905.0,410.93,240.8,71.9
2021-10-19,179.4747,905.0,516.32,172.3,72.02
2021-10-20,180.0994,905.0,743.46,99.0,72.27
2021-10-21,179.9444,905.0,481.99,690.8,72.21
2021-10-22,179.9403,905.0,219.49,224.9,72.21
2021-10-23,179.8493,905.0,162.65,223.4,72.17
2021-10-24,179.8416,905.0,203.36,195.8,72.17
2021-10-25,179.4466,905.0,135.96,536.2,72.01
2021-10-26,179.3939,905.0,167.9,196.8,71.99
2021-10-27,180.2761,905.0,975.73,78.5,72.34
2021-10-28,180.318,905.0,255.0,207.1,72.36
2021-10-29,180.3375,905.0,271.62,178.1,72.36
2021-10-30,180.6906,905.0,543.76,341.5,72.51
2021-10-31,180.9105,905.0,601.45,231.0,72.59
2021-11-01,181.2387,905.0,581.37,284.9,72.73
2021-11-02,180.6502,905.0,93.15,684.7,72.49
2021-11-03,179.7879,905.0,75.01,936.1,72.14
2021-11-04,179.1349,905.0,90.08,752.1,71.88
2021-11-05,178.6215,905.0,149.35,665.2,71.67
2021-11-06,178.7729,905.0,551.25,362.9,71.74
2021-11-07,178.932,905.0,551.33,393.5,71.8
2021-11-08,178.1888,905.0,131.05,935.2,71.51
2021-11-09,177.6696,905.0,99.23,588.1,71.3
2021-11-10,177.0766,905.0,97.16,682.2,71.06
2021-11-11,176.3105,905.0,111.57,872.3,70.75
2021-11-12,175.3961,905.0,123.15,1003.3,70.39
2021-11-13,175.4286,905.0,327.89,280.0,70.4
2021-11-14,175.638,905.0,444.19,226.7,70.48
2021-11-15,175.1361,905.0,59.26,603.4,70.28
2021-11-16,174.3464,905.0,113.21,881.8,69.96
2021-11-17,173.9991,905.0,171.75,516.7,69.82
2021-11-18,173.8592,905.0,199.78,316.4,69.77
2021-11-19,174.1858,905.0,556.61,202.9,69.9
2021-11-20,174.4739,905.0,491.2,190.4,70.01
2021-11-21,174.5815,905.0,343.29,232.7,70.06
2021-11-22,173.7936,905.0,68.36,898.0,69.74
2021-11-23,172.4518,905.0,34.74,1381.7,69.2
2021-11-24,170.9824,905.0,32.0,1488.0,68.61
2021-11-25,169.4907,905.0,45.16,1508.6,68.01
2021-11-26,168.0999,905.0,34.15,1400.4,67.45
2021-11-27,166.9747,905.0,63.57,1172.7,67.0
2021-11-28,165.8341,905.0,121.17,1238.8,66.54
2021-11-29,164.0487,905.0,17.09,1826.0,65.83
2021-11-30,162.5705,905.0,22.8,1492.8,65.24
2021-12-01,161.6042,905.0,92.88,1241.8,64.85
2021-12-02,160.1345,905.0,84.4,1561.0,64.26
2021-12-03,158.6762,905.0,70.84,1530.4,63.67
2021-12-04,157.7408,905.0,169.09,1068.9,63.3
2021-12-05,156.8368,905.0,164.05,1062.9,62.94
2021-12-06,155.1616,905.0,156.71,1863.9,62.27
2021-12-07,153.6577,905.0,107.44,1584.3,61.66
2021-12-08,152.1711,905.0,109.43,1563.2,61.06
2021-12-09,150.4231,905.0,75.59,1831.0,60.36
2021-12-10,148.9385,905.0,124.24,1586.2,59.77
2021-12-11,148.0506,905.0,203.94,1091.0,59.41
2021-12-12,147.5912,905.0,226.16,626.8,59.23
2021-12-13,146.6955,905.0,159.54,1072.4,58.87
2021-12-14,145.7307,905.0,48.83,989.3,58.48
2021-12-15,144.9352,905.0,64.13,834.0,58.16
2021-12-16,144.2456,905.0,295.1,989.4,57.88
2021-12-17,143.2904,905.0,106.65,1085.2,57.5
2021-12-18,142.737,905.0,79.72,586.8,57.28
2021-12-19,142.1591,905.0,89.93,665.4,57.05
2021-12-20,140.3927,905.0,12.59,1792.3,56.34
2021-12-21,138.0526,905.0,20.97,2349.0,55.4
2021-12-22,135.8248,905.0,24.65,2229.0,54.5
2021-12-23,134.3072,905.0,96.21,1601.2,53.9
2021-12-24,133.5835,905.0,365.68,1044.9,53.61
2021-12-25,133.1688,905.0,501.81,885.9,53.44
2021-12-26,132.6065,905.0,390.76,948.3,53.21
2021-12-27,132.282,905.0,499.33,816.3,53.08
2021-12-28,132.0676,905.0,615.47,818.8,53.0
2021-12-29,132.4561,905.0,910.0,663.7,53.15
2021-12-30,132.9517,905.0,1167.75,657.1,53.35
2021-12-31,133.9981,905.0,1293.37,274.4,53.77
2022-01-01,135.0393,891.25,1204.24,321.2,54.18
2022-01-02,135.74,891.25,1016.46,350.0,54.47
2022-01-03,135.9501,891.25,735.07,598.4,54.55
2022-01-04,135.6439,891.25,527.68,837.9,54.42
2022-01-05,134.3962,891.25,101.4,1357.9,53.92
2022-01-06,133.013,891.25,50.44,1430.2,53.37
2022-01-07,131.5951,891.25,90.89,1490.2,52.8
2022-01-08,130.5812,891.25,76.39,1068.4,52.39
2022-01-09,129.5809,891.25,109.26,1099.7,51.99
2022-01-10,127.2707,891.25,61.14,2398.7,51.04
2022-01-11,124.7762,891.25,51.35,2532.7,50.03
2022-01-12,122.4049,891.25,38.61,2389.2,49.07
2022-01-13,120.2449,891.25,50.67,2207.6,48.21
2022-01-14,118.0908,891.25,40.66,2196.2,47.35
2022-01-15,116.6933,891.25,124.8,1520.6,46.78
2022-01-16,115.6657,891.25,202.87,1202.9,46.37
2022-01-17,114.019,891.25,110.0,1767.4,45.73
2022-01-18,111.9327,891.25,58.03,2139.0,44.89
2022-01-19,110.2151,891.25,45.18,1954.9,44.21
2022-01-20,108.242,891.25,39.65,2019.2,43.41
2022-01-21,105.9773,891.25,43.79,2288.2,42.51
2022-01-22,104.4464,891.25,125.51,1646.1,41.89
2022-01-23,103.0538,891.25,145.83,1536.2,41.33
2022-01-24,100.761,891.25,63.73,2349.5,40.42
2022-01-25,98.369,891.25,44.59,2422.9,39.46
2022-01-26,96.289,891.25,63.53,2180.5,38.62
2022-01-27,94.7854,891.25,113.49,1582.0,38.02
2022-01-28,93.0908,891.25,57.81,1747.3,37.34
2022-01-29,92.4956,891.25,191.0,782.5,37.1
2022-01-30,91.8712,891.25,177.44,804.9,36.85
2022-01-31,90.4295,891.25,96.78,1536.0,36.27
2022-02-01,89.4666,891.25,99.28,1097.7,35.89
2022-02-02,88.4446,891.25,98.85,1113.2,35.48
2022-02-03,87.698,891.25,149.34,894.0,35.18
2022-02-04,87.1455,891.25,150.84,677.3,34.96
2022-02-05,86.8718,891.25,108.43,383.4,34.85
2022-02-06,86.6036,891.25,119.71,391.7,34.74
2022-02-07,85.6501,891.25,35.03,964.1,34.36
2022-02-08,84.9808,891.25,60.89,717.3,34.09
2022-02-09,84.4088,891.25,202.55,871.7,33.86
2022-02-10,83.2759,891.25,191.49,1319.4,33.4
2022-02-11,82.1784,891.25,184.93,1306.9,32.96
2022-02-12,81.4088,891.25,215.32,942.4,32.66
2022-02-13,81.0026,891.25,375.56,775.7,32.49
2022-02-14,80.4396,891.25,313.35,893.1,32.27
2022-02-15,79.7591,891.25,127.29,778.7,31.99
2022-02-16,79.1058,891.25,149.8,806.1,31.73
2022-02-17,78.6081,891.25,142.56,631.8,31.53
2022-02-18,78.0532,891.25,87.71,642.7,31.31
2022-02-19,77.4313,891.25,165.07,792.4,31.06
2022-02-20,77.0602,891.25,218.83,589.9,30.91
2022-02-21,76.225,891.25,60.92,907.1,30.58
2022-02-22,75.2673,891.25,72.03,1021.4,30.19
2022-02-23,74.5762,891.25,90.72,781.5,29.92
2022-02-24,74.2126,891.25,173.03,527.2,29.77
2022-02-25,73.3547,891.25,43.77,895.7,29.43
2022-02-26,72.7341,891.25,135.25,764.3,29.18
2022-02-27,72.2538,891.25,236.36,705.5,28.98
2022-02-28,71.1292,891.25,178.86,1289.4,28.53
2022-03-01,69.5571,891.25,140.31,1655.4,27.9
2022-03-02,68.241,891.25,170.87,1479.4,27.37
2022-03-03,67.118,891.25,163.55,1245.0,26.92
2022-03-04,66.0369,891.25,173.22,1245.1,26.49
2022-03-05,65.3604,891.25,313.76,982.6,26.22
2022-03-06,64.6661,891.25,314.7,1003.6,25.94
2022-03-07,63.2014,891.25,200.36,1647.3,25.35
2022-03-08,61.9827,891.25,167.63,1370.6,24.86
2022-03-09,61.1885,891.25,341.73,1127.7,24.55
2022-03-10,61.4645,891.25,1133.68,844.9,24.66
2022-03-11,61.3973,891.25,516.91,576.2,24.63
2022-03-12,61.6831,891.25,673.4,332.0,24.74
2022-03-13,62.1273,891.25,784.82,316.9,24.92
2022-03-14,61.9273,891.25,331.97,553.1,24.84
2022-03-15,61.585,891.25,305.79,626.2,24.7
2022-03-16,61.4519,891.25,653.73,781.3,24.65
2022-03-17,61.2035,891.25,734.03,977.3,24.55
2022-03-18,60.978,891.25,867.63,1089.0,24.46
2022-03-19,61.5358,891.25,1083.66,522.8,24.68
2022-03-20,61.9608,891.25,1003.68,574.1,24.86
2022-03-21,61.8308,891.25,751.44,879.2,24.8
2022-03-22,61.998,891.25,727.69,530.0,24.87
2022-03-23,62.3111,891.25,761.7,448.6,25.0
2022-03-24,63.269,891.25,971.32,438.5,25.38
2022-03-25,63.6678,891.25,1160.69,373.7,25.54
2022-03-26,64.7241,891.25,1248.75,199.4,25.96
2022-03-27,65.6294,891.25,1181.38,283.1,26.33
2022-03-28,66.1691,891.25,962.58,426.6,26.54
2022-03-29,66.7109,891.25,887.98,345.3,26.76
2022-03-30,66.9996,891.25,789.65,503.5,26.88
2022-03-31,66.4242,891.25,582.63,599.2,26.64
2022-04-01,66.5326,891.25,392.55,558.5,26.93
2022-04-02,66.5353,891.25,410.17,402.0,26.97
2022-04-03,66.4928,891.25,440.89,476.3,26.96
2022-04-04,66.3489,891.25,443.25,580.2,26.9
2022-04-05,66.2546,891.25,498.73,407.9,26.86
2022-04-06,67.0083,891.25,921.33,165.8,27.16
2022-04-07,67.7771,891.25,849.53,78.6,27.48
2022-04-08,68.4353,891.25,824.24,163.1,27.86
2022-04-09,69.1671,891.25,875.13,99.9,28.16
2022-04-10,69.9624,891.25,873.32,101.1,28.48
2022-04-11,70.4176,891.25,614.55,159.4,28.67
2022-04-12,71.1686,891.25,874.06,122.5,28.97
2022-04-13,72.0739,891.25,1019.14,124.6,29.34
2022-04-14,73.1114,891.25,1104.67,60.5,29.76
2022-04-15,74.0646,891.25,1055.93,88.4,30.15
2022-04-16,75.2307,891.25,1212.1,44.3,30.63
2022-04-17,76.4412,891.25,1279.92,54.6,31.12
2022-04-18,77.4958,891.25,1270.12,56.2,31.55
2022-04-19,78.4548,891.25,949.11,189.7,31.94
2022-04-20,78.9982,891.25,799.31,248.6,32.16
2022-04-21,79.6704,891.25,827.41,159.2,32.43
2022-04-22,80.4962,891.25,971.64,139.0,32.77
2022-04-23,81.6494,891.25,1232.83,48.0,33.24
2022-04-24,82.821,891.25,1247.62,90.2,33.72
2022-04-25,83.2049,891.25,708.12,350.6,33.87
2022-04-26,83.4879,891.25,644.16,361.9,33.99
2022-04-27,83.726,891.25,519.38,289.8,34.08
2022-04-28,84.4765,891.25,887.75,125.7,34.39
2022-04-29,85.1453,891.25,793.63,131.7,34.66
2022-04-30,85.9281,891.25,1128.15,52.7,35.19
2022-05-01,87.4313,891.25,1304.75,7.7,35.81
2022-05-02,88.3804,891.25,977.61,57.0,36.19
2022-05-03,89.3166,891.25,1003.62,67.1,36.58
2022-05-04,90.4132,891.25,1227.04,98.9,37.02
2022-05-05,91.504,891.25,1136.75,52.8,37.47
2022-05-06,92.28,891.25,1302.77,526.8,37.79
2022-05-07,93.5464,891.25,1371.36,146.4,38.31
2022-05-08,94.7483,891.25,1365.91,164.1,38.8
2022-05-09,95.609,891.25,1185.82,325.2,39.15
2022-05-10,96.22,891.25,1171.29,560.4,39.4
2022-05-11,97.0848,891.25,1209.14,348.2,39.76
2022-05-12,97.6211,891.25,978.52,445.6,39.98
2022-05-13,98.7852,891.25,1193.21,28.4,40.64
2022-05-14,100.2794,891.25,1492.63,15.9,41.25
2022-05-15,101.8886,891.25,1627.7,18.6,41.91
2022-05-16,102.9852,891.25,1223.79,141.7,42.36
2022-05-17,104.0346,891.25,1125.56,96.4,42.79
2022-05-18,105.1661,891.25,1268.04,91.6,43.26
2022-05-19,106.1964,891.25,1017.44,53.5,43.69
2022-05-20,107.2315,891.25,1137.46,77.6,44.11
2022-05-21,109.0497,891.25,1849.81,30.8,44.86
2022-05-22,110.698,891.25,1666.97,29.9,45.54
2022-05-23,112.0657,891.25,1389.73,26.0,46.1
2022-05-24,113.0288,891.25,1088.1,103.1,46.49
2022-05-25,114.16,891.25,1153.88,137.1,46.96
2022-05-26,115.3627,891.25,1258.23,78.5,47.45
2022-05-27,116.7153,891.25,1376.22,28.3,48.01
2022-05-28,117.901,891.25,1223.44,42.6,48.5
2022-05-29,119.0419,891.25,1173.14,51.2,48.97
2022-05-30,119.5547,891.25,792.87,299.7,49.17
2022-05-31,119.9754,891.25,723.84,217.7,49.35
2022-06-01,120.8351,891.25,936.14,86.8,49.7
2022-06-02,121.8835,891.25,1092.36,27.3,50.13
2022-06-03,123.1733,891.25,1273.11,21.3,50.66
2022-06-04,124.8599,891.25,1691.23,14.2,51.36
2022-06-05,126.5183,891.25,1664.09,17.6,52.04
2022-06-06,128.1611,891.25,1644.67,20.1,52.71
2022-06-07,129.2283,891.25,1125.46,67.0,53.15
2022-06-08,129.8595,891.25,950.19,328.9,53.41
2022-06-09,130.4405,891.25,937.72,365.4,53.65
2022-06-10,131.3695,891.25,1076.25,156.7,54.03
2022-06-11,132.9774,891.25,1611.05,13.6,54.69
2022-06-12,134.6469,891.25,1672.88,13.4,55.38
2022-06-13,135.4628,891.25,923.25,35.4,55.71
2022-06-14,136.4037,891.25,895.06,185.4,56.1
2022-06-15,137.241,891.25,967.74,140.5,56.44
2022-06-16,138.1849,891.25,1042.56,98.5,56.83
2022-06-17,139.1905,891.25,1085.84,57.0,57.16
2022-06-18,140.5033,891.25,1359.61,17.3,57.7
2022-06-19,141.7791,891.25,1300.43,23.0,58.23
2022-06-20,142.5711,891.25,860.91,60.6,58.56
2022-06-21,143.3437,891.25,914.55,154.1,58.88
2022-06-22,143.988,891.25,787.02,132.9,59.17
2022-06-23,144.7443,891.25,854.07,77.1,59.48
2022-06-24,145.3877,891.25,831.04,96.7,59.74
2022-06-25,146.3153,891.25,997.15,52.6,60.12
2022-06-26,147.1295,891.25,851.33,35.9,60.46
2022-06-27,147.6182,891.25,739.72,248.5,60.66
2022-06-28,148.0246,891.25,726.33,306.4,60.83
2022-06-29,148.3596,891.25,654.6,303.1,60.97
2022-06-30,148.8111,891.25,655.21,135.2,61.16
2022-07-01,149.5624,891.25,821.42,125.9,61.42
2022-07-02,150.487,891.25,1072.27,139.3,61.8
2022-07-03,151.4968,891.25,1111.58,99.3,62.21
2022-07-04,152.2711,891.25,874.79,91.8,62.52
2022-07-05,153.0061,891.25,818.18,69.7,62.82
2022-07-06,153.6503,891.25,864.43,207.0,63.09
2022-07-07,154.2703,891.25,892.09,258.6,63.34
2022-07-08,154.8952,891.25,786.89,150.7,63.6
2022-07-09,155.9081,891.25,1089.4,59.2,64.02
2022-07-10,157.0016,891.25,1162.67,53.2,64.46
2022-07-11,157.2084,891.25,515.93,298.6,64.55
2022-07-12,157.063,891.25,750.23,889.2,64.49
2022-07-13,157.0818,891.25,676.69,645.5,64.49
2022-07-14,157.2631,891.25,769.29,588.0,64.54
2022-07-15,157.3704,891.25,774.46,658.5,64.58
2022-07-16,157.8427,891.25,943.79,475.2,64.78
2022-07-17,158.449,891.25,971.54,362.0,65.03
2022-07-18,158.4361,891.25,684.42,705.6,65.02
2022-07-19,158.5677,891.25,795.62,663.7,65.07
2022-07-20,158.8623,891.25,914.12,621.2,65.2
2022-07-21,159.0731,891.25,762.0,558.4,65.28
2022-07-22,159.5808,891.25,837.85,340.3,65.49
2022-07-23,160.4924,891.25,1000.38,102.6,65.86
2022-07-24,161.6264,891.25,1147.88,26.4,66.33
2022-07-25,162.6168,891.25,1032.47,52.0,66.73
2022-07-26,163.5893,891.25,1029.58,69.1,67.13
2022-07-27,164.3193,891.25,951.04,230.1,67.43
2022-07-28,165.1445,891.25,922.57,102.5,67.77
2022-07-29,165.9531,891.25,905.7,106.5,68.1
2022-07-30,166.9994,891.25,1085.9,52.3,68.53
2022-07-31,168.2027,891.25,1264.04,22.8,69.02
2022-08-01,169.153,891.25,1080.54,108.3,69.42
2022-08-02,170.3644,891.25,1246.77,42.8,69.91
2022-08-03,171.5055,891.25,1204.67,58.2,70.38
2022-08-04,172.5281,891.25,1133.2,100.0,70.83
2022-08-05,173.7554,891.25,1420.68,180.7,71.33
2022-08-06,175.3546,891.25,1635.34,29.1,71.99
2022-08-07,176.9472,891.25,1640.04,35.7,72.64
2022-08-08,178.2591,891.25,1439.75,123.9,73.18
2022-08-09,179.6708,891.25,1495.36,72.2,73.76
2022-08-10,181.193,891.25,1560.14,56.5,74.39
2022-08-11,182.5045,891.25,1438.23,122.0,74.93
2022-08-12,183.8896,891.25,1483.67,82.8,75.43
2022-08-13,185.5633,891.25,1695.51,10.7,76.11
2022-08-14,187.2277,891.25,1704.12,14.2,76.8
2022-08-15,188.6643,891.25,1480.78,33.1,77.31
2022-08-16,189.8245,891.25,1281.3,114.1,77.78
2022-08-17,190.8131,891.25,1253.33,253.7,78.19
2022-08-18,191.9972,891.25,1401.05,205.7,78.45
2022-08-19,193.1181,891.25,1236.45,105.0,78.91
2022-08-20,194.6458,891.25,1595.43,59.5,79.53
2022-08-21,196.1198,891.25,1551.7,68.5,80.13
2022-08-22,197.3751,891.25,1328.14,82.1,80.65
2022-08-23,198.4628,891.25,1159.2,80.5,81.07
2022-08-24,199.4655,891.25,1119.32,121.1,81.28
2022-08-25,200.69,891.25,1292.59,81.7,81.78
2022-08-26,201.7372,891.25,1110.33,62.1,82.21
2022-08-27,203.0734,891.25,1354.23,18.1,82.75
2022-08-28,204.3458,891.25,1300.77,23.0,83.27
2022-08-29,205.3014,891.25,1022.05,68.7,83.67
2022-08-30,206.198,891.25,1044.39,155.6,84.04
2022-08-31,206.7632,891.25,964.79,357.6,84.27
2022-09-01,207.5135,891.25,909.87,329.9,84.54
2022-09-02,208.7187,891.25,1236.26,38.7,85.03
2022-09-03,210.0365,891.25,1333.23,20.8,85.57
2022-09-04,211.3824,891.25,1350.02,20.4,86.11
2022-09-05,212.3688,891.25,1074.0,94.1,86.51
2022-09-06,213.2099,891.25,988.15,157.0,86.86
2022-09-07,213.4725,891.25,654.83,408.7,86.96
2022-09-08,214.1617,891.25,777.46,98.3,87.24
2022-09-09,214.968,891.25,808.01,40.2,87.57
2022-09-10,215.9161,891.25,952.2,17.5,87.96
2022-09-11,216.8346,891.25,949.52,44.3,88.33
2022-09-12,217.2327,891.25,460.6,73.0,88.5
2022-09-13,217.6308,891.25,483.64,87.9,88.73
2022-09-14,217.9985,891.25,446.56,96.3,88.88
2022-09-15,218.5197,891.25,521.65,13.2,89.09
2022-09-16,219.264,891.25,765.31,25.8,89.4
2022-09-17,220.1675,891.25,908.01,10.6,89.76
2022-09-18,220.9553,891.25,812.36,23.9,90.09
2022-09-19,221.5249,891.25,605.17,42.3,90.32
2022-09-20,221.8195,891.25,328.17,38.8,90.44
2022-09-21,222.1263,891.25,372.92,72.8,90.56
2022-09-22,222.4861,891.25,421.96,63.7,90.67
2022-09-23,222.8436,891.25,404.74,41.0,90.81
2022-09-24,223.4604,891.25,705.78,55.7,91.06
2022-09-25,224.1891,891.25,800.07,55.6,91.36
2022-09-26,224.4621,891.25,450.16,151.0,91.47
2022-09-27,224.6412,891.25,375.61,196.5,91.54
2022-09-28,224.7756,891.25,510.03,381.2,91.32
2022-09-29,224.9656,891.25,473.45,280.7,91.4
2022-09-30,225.2683,891.25,471.68,106.6,91.52
2022-10-01,226.0237,891.25,802.19,29.4,91.83
2022-10-02,226.9994,891.25,947.99,3.7,92.22
2022-10-03,227.9614,891.25,873.66,4.0,92.61
2022-10-04,228.4958,891.25,614.21,74.9,92.83
2022-10-05,229.1729,891.25,711.54,25.1,93.11
2022-10-06,229.8419,891.25,771.06,90.6,93.38
2022-10-07,230.5889,891.25,1119.12,81.2,93.68
2022-10-08,231.6548,891.25,1135.67,54.3,94.11
2022-10-09,232.5405,891.25,919.6,35.7,94.47
2022-10-10,233.1178,891.25,724.75,160.1,94.71
2022-10-11,233.512,891.25,761.57,78.8,94.87
2022-10-12,233.9178,891.25,613.9,203.8,95.03
2022-10-13,234.2228,891.25,577.8,272.0,95.12
2022-10-14,234.7064,891.25,627.17,116.8,95.31
2022-10-15,235.5644,891.25,899.29,16.9,95.66
2022-10-16,236.5504,891.25,1015.52,28.6,96.06
2022-10-17,237.1716,891.25,697.46,118.2,96.31
2022-10-18,237.6688,891.25,587.73,89.5,96.52
2022-10-19,237.8189,891.25,436.12,283.0,96.55
2022-10-20,237.9935,891.25,478.37,302.5,96.79
2022-10-21,238.1863,891.25,477.61,291.0,96.86
2022-10-22,239.0268,891.25,913.33,43.1,97.21
2022-10-23,239.8894,891.25,970.86,79.5,97.56
2022-10-24,240.3763,891.25,545.68,88.2,97.75
2022-10-25,240.474,891.25,480.49,387.7,97.79
2022-10-26,240.6348,891.25,454.91,293.2,97.85
2022-10-27,240.982,891.25,567.15,215.9,97.99
2022-10-28,241.5334,891.25,659.06,93.0,98.21
2022-10-29,242.3701,891.25,908.6,67.2,98.55
2022-10-30,243.077,891.25,800.36,93.1,98.84
2022-10-31,243.3064,891.25,475.85,236.6,98.93
2022-11-01,243.9925,891.25,752.17,40.6,99.21
2022-11-02,244.2506,891.25,422.98,63.8,99.32
2022-11-03,244.1659,891.25,278.96,356.2,99.29
2022-11-04,244.1537,891.25,271.22,272.1,99.28
2022-11-05,244.4815,891.25,436.55,77.5,99.4
2022-11-06,244.8666,891.25,464.04,79.0,99.56
2022-11-07,244.894,891.25,242.29,211.3,99.57
2022-11-08,245.0023,891.25,284.89,173.4,99.58
2022-11-09,245.1347,891.25,280.76,142.6,99.64
2022-11-10,245.3956,891.25,322.01,55.3,99.74
2022-11-11,245.4612,891.25,183.12,110.2,99.77
2022-11-12,245.8462,891.25,409.91,14.5,99.9
2022-11-13,246.1767,891.25,359.51,22.7,100.04
2022-11-14,246.0047,891.25,89.59,261.4,99.97
2022-11-15,245.9879,891.25,151.16,159.2,99.96
2022-11-16,246.0869,891.25,203.18,97.4,100.0
2022-11-17,246.1018,891.25,78.57,57.9,99.92
2022-11-18,245.8528,891.25,49.89,288.8,99.81
2022-11-19,245.5575,891.25,41.9,326.2,99.69
2022-11-20,245.25,891.25,47.88,334.8,99.56
2022-11-21,244.814,891.25,59.17,611.3,99.38
2022-11-22,244.5175,891.25,80.06,370.5,99.26
2022-11-23,244.1421,891.25,93.53,456.3,98.95
2022-11-24,243.8681,891.25,45.95,311.5,98.8
2022-11-25,243.7223,891.25,127.62,266.9,98.74
2022-11-26,243.9305,891.25,258.0,45.1,98.83
2022-11-27,244.0585,891.25,189.88,52.8,98.88
2022-11-28,243.3509,891.25,21.74,732.8,98.59
2022-11-29,242.4652,891.25,30.05,898.9,98.24
2022-11-30,241.873,891.25,91.64,673.6,98.0
2022-12-01,240.9422,891.25,48.17,965.6,97.62
2022-12-02,239.8284,891.25,18.11,1122.6,97.17
2022-12-03,239.3261,891.25,49.54,545.1,96.96
2022-12-04,238.8032,891.25,69.1,572.1,96.75
2022-12-05,237.8959,891.25,47.8,935.1,96.38
2022-12-06,236.8224,891.25,18.32,1112.7,95.95
2022-12-07,235.7535,891.25,66.84,1099.6,95.52
2022-12-08,234.5468,891.25,30.79,1221.1,95.03
2022-12-09,233.2124,891.25,38.39,1333.6,94.49
2022-12-10,232.0021,891.25,38.0,1237.1,94.0
2022-12-11,230.6965,891.25,29.01,1318.1,93.47
2022-12-12,228.1141,891.25,19.93,2583.5,92.42
2022-12-13,225.1903,891.25,29.97,2815.6,91.24
2022-12-14,222.6382,891.25,23.7,2520.8,90.2
2022-12-15,220.1245,891.25,25.18,2520.6,89.18
2022-12-16,218.1419,891.25,35.89,1999.6,88.38
2022-12-17,217.0151,891.25,89.79,1200.6,87.92
2022-12-18,216.1712,891.25,167.33,992.8,87.58
2022-12-19,215.3947,891.25,107.1,865.5,87.27
2022-12-20,215.1198,891.25,181.71,424.3,87.16
2022-12-21,215.3738,891.25,533.73,263.2,87.26
2022-12-22,215.6934,891.25,573.14,249.2,87.39
2022-12-23,216.0808,891.25,614.14,235.2,87.55
2022-12-24,216.6888,891.25,946.97,45.3,87.79
2022-12-25,217.6148,891.25,966.54,44.3,88.17
2022-12-26,218.6323,891.25,1047.04,33.8,88.58
2022-12-27,219.1666,891.25,718.6,183.6,88.8
2022-12-28,219.7236,891.25,702.11,139.6,89.02
2022-12-29,220.4184,891.25,910.29,117.0,89.3
2022-12-30,221.1339,891.25,884.72,172.2,89.59
2022-12-31,222.2195,891.25,1115.27,45.2,90.03
2023-01-01,223.2345,870.55,1067.72,79.0,90.48
2023-01-02,223.5196,870.55,540.38,120.4,90.6
2023-01-03,223.7199,870.55,435.3,282.0,90.68
2023-01-04,223.8157,870.55,312.36,226.3,90.72
2023-01-05,223.9545,870.55,325.39,193.9,90.77
2023-01-06,224.3486,870.55,509.76,122.9,90.93
2023-01-07,224.6707,870.55,441.0,119.8,91.06
2023-01-08,224.9258,870.55,377.66,130.8,91.17
2023-01-09,224.7104,870.55,112.78,343.8,91.08
2023-01-10,224.4645,870.55,130.38,370.7,90.98
2023-01-11,224.2625,870.55,92.51,292.8,90.7
2023-01-12,224.0375,870.55,118.49,345.8,90.61
2023-01-13,223.7579,870.55,114.95,397.2,90.5
2023-01-14,223.6158,870.55,168.42,315.2,90.44
2023-01-15,223.41,870.55,131.8,348.8,90.36
2023-01-16,222.1528,870.55,32.12,1283.5,89.85
2023-01-17,220.7806,870.55,47.93,1406.9,89.3
2023-01-18,219.251,870.55,31.98,1571.4,88.68
2023-01-19,217.3853,870.55,27.89,1892.4,87.92
2023-01-20,215.4106,870.55,29.51,1981.5,87.12
2023-01-21,213.8469,870.55,28.02,1568.7,86.49
2023-01-22,212.1688,870.55,23.44,1659.5,85.81
2023-01-23,209.7344,870.55,15.85,2556.1,84.83
2023-01-24,207.0987,870.55,28.78,2660.0,83.76
2023-01-25,204.6649,870.55,42.51,2466.2,82.78
2023-01-26,202.8968,870.55,37.42,2388.6,82.06
2023-01-27,200.3784,870.55,29.79,2533.2,81.04
2023-01-28,198.61,870.55,55.35,1798.5,80.33
2023-01-29,197.1858,870.55,68.16,1453.7,79.75
2023-01-30,195.7184,870.55,14.29,1470.0,79.16
2023-01-31,196.4795,870.55,34.53,1494.2,78.73
2023-02-01,195.3551,870.55,72.19,1202.9,78.28
2023-02-02,194.3262,870.55,73.64,1091.7,77.87
2023-02-03,193.8228,870.55,67.26,562.6,77.67
2023-02-04,193.1387,870.55,48.86,698.5,77.4
2023-02-05,191.3835,870.55,34.46,790.9,77.31
2023-02-06,190.6592,870.55,20.17,1825.9,76.4
2023-02-07,188.6905,870.55,50.69,2026.8,75.61
2023-02-08,186.8261,870.55,60.1,1906.4,74.87
2023-02-09,184.969,870.55,76.16,1915.7,74.12
2023-02-10,183.5439,870.55,78.6,1471.3,73.55
2023-02-11,182.8615,870.55,85.16,754.1,73.28
2023-02-12,182.3889,870.55,138.42,604.6,73.09
2023-02-13,181.3627,870.55,74.21,1084.9,72.68
2023-02-14,180.4852,870.55,26.6,896.3,72.33
2023-02-15,179.741,870.55,60.87,792.9,72.03
2023-02-16,179.0608,870.55,52.89,727.0,71.75
2023-02-17,178.8927,870.55,217.85,390.3,71.69
2023-02-18,179.0492,870.55,429.5,257.8,71.75
2023-02-19,179.0737,870.55,273.39,253.7,71.76
2023-02-20,178.8586,870.55,161.25,398.5,71.67
2023-02-21,178.5026,870.55,131.98,494.2,71.53
2023-02-22,177.9845,870.55,108.15,629.4,71.32
2023-02-23,177.6602,870.55,167.54,493.6,71.19
2023-02-24,177.2368,870.55,118.96,540.1,71.02
2023-02-25,176.8711,870.55,115.22,478.4,70.88
2023-02-26,176.2992,870.55,104.1,672.7,70.65
2023-02-27,175.288,870.55,64.69,1533.0,69.97
2023-02-28,173.7778,870.55,69.07,1540.9,69.37
2023-03-01,172.2957,870.55,30.8,1536.5,68.78
2023-03-02,171.0288,870.55,40.23,1271.2,68.27
2023-03-03,169.8772,870.55,63.08,1176.4,67.81
2023-03-04,169.2774,870.55,42.51,608.9,67.57
2023-03-05,168.4745,870.55,21.27,809.7,67.25
2023-03-06,167.167,870.55,22.45,1317.6,66.73
2023-03-07,165.5131,870.55,29.12,1668.7,66.07
2023-03-08,163.6934,870.55,30.42,1878.8,65.34
2023-03-09,162.475,870.55,50.39,1229.6,64.86
2023-03-10,161.7527,870.55,31.57,728.9,64.57
2023-03-11,161.1358,870.55,68.06,673.9,64.32
2023-03-12,160.7129,870.55,115.41,514.9,64.15
2023-03-13,160.6807,870.55,252.47,295.8,64.14
2023-03-14,160.4223,870.55,121.99,372.0,64.04
2023-03-15,159.8361,870.55,72.44,641.0,63.8
2023-03-16,159.3926,870.55,76.29,504.4,63.63
2023-03-17,159.2827,870.55,191.4,298.9,63.58
2023-03-18,159.7567,870.55,511.29,141.0,63.77
2023-03-19,160.0289,870.55,403.85,131.2,63.88
2023-03-20,159.8124,870.55,104.3,237.8,63.79
2023-03-21,159.8384,870.55,190.91,169.1,63.8
2023-03-22,160.042,870.55,380.65,187.7,63.89
2023-03-23,160.4206,870.55,537.41,169.6,64.04
2023-03-24,160.8431,870.55,557.71,141.6,64.21
2023-03-25,161.2513,870.55,557.95,160.3,64.37
2023-03-26,161.4091,870.55,334.72,198.8,64.43
2023-03-27,160.9654,870.55,57.67,497.8,64.25
2023-03-28,160.543,870.55,64.41,512.7,64.09
2023-03-29,160.4226,870.55,74.53,190.6,64.04
2023-03-30,160.5456,870.55,216.46,77.8,64.09
2023-03-31,160.6135,870.55,282.45,112.4,64.11
2023-04-01,161.1134,870.55,460.99,37.9,64.42
2023-04-02,161.1839,870.55,261.53,186.5,64.45
2023-04-03,160.8686,870.55,97.8,404.2,64.35
2023-04-04,160.3132,870.55,52.56,600.6,64.13
2023-04-05,159.7984,870.55,92.87,628.2,63.88
2023-04-06,159.5402,870.55,92.32,332.1,63.78
2023-04-07,159.4944,870.55,173.59,204.0,63.76
2023-04-08,159.6689,870.55,311.47,105.6,63.83
2023-04-09,160.2362,870.55,609.6,15.0,64.06
2023-04-10,160.9091,870.55,689.25,9.7,64.33
2023-04-11,161.233,870.55,326.01,17.8,64.46
2023-04-12,161.3577,870.55,297.04,157.1,64.51
2023-04-13,161.1541,870.55,106.31,315.9,64.42
2023-04-14,161.1747,870.55,155.7,141.2,64.43
2023-04-15,161.3864,870.55,280.29,66.2,64.52
2023-04-16,161.4858,870.55,226.51,134.4,64.56
2023-04-17,161.4434,870.55,139.38,184.6,64.54
2023-04-18,161.5358,870.55,153.61,72.3,64.58
2023-04-19,161.6345,870.55,212.38,128.9,64.62
2023-04-20,161.6085,870.55,116.51,152.6,64.61
2023-04-21,161.7955,870.55,271.5,97.2,64.68
2023-04-22,162.7238,870.55,945.72,19.6,65.05
2023-04-23,163.7254,870.55,1007.24,23.1,65.45
2023-04-24,164.457,870.55,756.94,26.9,65.75
2023-04-25,164.911,870.55,497.9,41.5,65.93
2023-04-26,164.7509,870.55,74.67,245.9,65.86
2023-04-27,164.8622,870.55,184.76,85.9,65.91
2023-04-28,165.3186,870.55,528.99,24.3,66.09
2023-04-29,166.2009,870.55,893.15,7.2,66.44
2023-04-30,167.1665,870.55,971.36,2.6,66.83
2023-05-01,167.9701,870.55,816.83,7.8,67.15
2023-05-02,168.2728,870.55,349.82,53.7,67.27
2023-05-03,168.5147,870.55,329.35,82.8,67.37
2023-05-04,168.139,870.55,551.24,925.7,67.14
2023-05-05,168.7797,870.55,638.78,2.1,67.4
2023-05-06,169.6552,870.55,909.62,12.0,67.75
2023-05-07,170.588,870.55,958.8,13.0,68.12
2023-05-08,171.4598,870.55,880.27,31.5,68.47
2023-05-09,171.8383,870.55,428.08,47.0,68.63
2023-05-10,172.1873,870.55,381.1,36.0,68.77
2023-05-11,172.5741,870.55,414.39,26.8,68.93
2023-05-12,173.1628,870.55,778.13,11.1,69.16
2023-05-13,174.2352,870.55,1100.32,26.2,69.59
2023-05-14,175.3534,870.55,1121.93,2.3,70.04
2023-05-15,176.0514,870.55,699.43,8.1,70.32
2023-05-16,176.7021,870.55,479.9,49.4,70.52
2023-05-17,177.0498,870.55,651.52,316.3,70.66
2023-05-18,177.6699,870.55,688.01,22.2,70.9
2023-05-19,178.4618,870.55,794.33,2.0,71.22
2023-05-20,179.644,870.55,1188.37,5.8,71.69
2023-05-21,180.9878,870.55,1340.79,0.2,72.23
2023-05-22,181.6074,870.55,607.92,41.5,72.48
2023-05-23,182.121,870.55,588.71,67.9,72.68
2023-05-24,182.4761,870.55,432.85,78.8,72.82
2023-05-25,182.7819,870.55,404.53,97.7,72.94
2023-05-26,183.5432,870.55,794.63,28.8,73.25
2023-05-27,184.6518,870.55,965.63,5.8,73.69
2023-05-28,185.475,870.55,1090.48,14.9,74.02
2023-05-29,186.2252,870.55,871.89,15.6,74.32
2023-05-30,187.0818,870.55,636.13,13.3,74.66
2023-05-31,187.3884,870.55,533.98,25.7,74.99
2023-06-01,187.8107,870.55,465.92,43.6,75.16
2023-06-02,188.4882,870.55,497.28,24.6,75.15
2023-06-03,189.1701,870.55,690.23,8.3,75.43
2023-06-04,189.8525,870.55,688.83,23.6,75.7
2023-06-05,190.2449,870.55,431.14,33.4,75.85
2023-06-06,190.5461,870.55,350.16,47.3,75.97
2023-06-07,190.7325,870.55,227.4,46.0,76.04
2023-06-08,191.1828,870.55,461.64,4.8,76.22
2023-06-09,191.7343,870.55,560.57,9.5,76.44
2023-06-10,192.6374,870.55,909.45,6.9,76.8
2023-06-11,193.5399,870.55,909.87,6.8,77.16
2023-06-12,194.0962,870.55,627.33,71.0,77.38
2023-06-13,194.7415,870.55,582.83,4.4,77.64
2023-06-14,195.1609,870.55,455.46,37.5,77.81
2023-06-15,195.477,870.55,344.04,28.7,77.93
2023-06-16,195.9238,870.55,467.32,20.6,78.11
2023-06-17,196.4765,870.55,646.65,93.9,78.33
2023-06-18,197.3132,870.55,842.92,6.2,78.67
2023-06-19,197.6774,870.55,385.24,21.1,78.81
2023-06-20,197.9206,870.55,275.97,29.1,78.91
2023-06-21,198.0403,870.55,225.49,105.8,78.96
2023-06-22,198.0557,870.55,100.43,85.0,78.96
2023-06-23,198.2859,870.55,249.1,18.9,79.05
2023-06-24,199.0265,870.55,746.22,5.6,79.35
2023-06-25,199.7249,870.55,718.61,20.2,79.63
2023-06-26,200.2198,870.55,533.79,38.9,79.83
2023-06-27,200.4089,870.55,227.56,38.2,79.9
2023-06-28,200.4393,870.55,102.72,72.3,79.91
2023-06-29,200.5013,870.55,118.75,56.7,79.94
2023-06-30,200.7565,870.55,276.85,21.7,80.04
2023-07-01,201.6252,870.55,901.99,23.9,80.4
2023-07-02,202.477,870.55,878.59,23.4,80.74
2023-07-03,203.1663,870.55,695.63,17.5,81.02
2023-07-04,203.4614,870.55,316.52,22.2,81.06
2023-07-05,203.9934,870.55,540.36,8.4,81.27
2023-07-06,204.3586,870.55,370.82,5.6,81.42
2023-07-07,204.979,870.55,623.41,3.0,81.67
2023-07-08,205.8815,870.55,916.14,0.3,82.03
2023-07-09,206.7314,870.55,848.3,5.1,82.36
2023-07-10,207.1539,870.55,423.97,20.3,82.8
2023-07-11,207.5016,870.55,361.52,13.8,82.94
2023-07-12,207.8737,870.55,391.37,11.6,83.09
2023-07-13,208.2805,870.55,410.69,9.1,83.24
2023-07-14,208.8425,870.55,570.33,8.3,83.47
2023-07-15,209.8017,870.55,991.77,4.8,83.85
2023-07-16,210.8091,870.55,1009.26,5.7,84.25
2023-07-17,211.3989,870.55,622.97,11.8,84.49
2023-07-18,211.842,870.55,445.99,4.2,84.67
2023-07-19,212.2197,870.55,406.77,27.3,84.82
2023-07-20,212.5255,870.55,308.23,18.0,84.9
2023-07-21,212.9313,870.55,417.14,9.1,85.06
2023-07-22,213.8251,870.55,934.14,12.3,85.42
2023-07-23,214.7982,870.55,975.59,2.6,85.81
2023-07-24,215.3522,870.55,534.8,1.5,86.03
2023-07-25,215.8642,870.55,509.74,5.4,86.23
2023-07-26,216.4527,870.55,595.17,6.0,86.47
2023-07-27,217.011,870.55,565.21,4.6,86.69
2023-07-28,217.4786,870.55,479.92,8.6,86.88
2023-07-29,218.6135,870.55,1160.64,0.3,87.33
2023-07-30,219.8486,870.55,1240.08,0.3,87.82
2023-07-31,220.8059,870.55,928.25,1.2,88.2
2023-08-01,220.2119,870.55,623.82,1198.5,87.89
2023-08-02,220.9876,870.55,777.09,1.4,88.2
2023-08-03,221.5752,870.55,602.16,11.7,88.43
2023-08-04,222.056,870.55,495.22,15.1,88.62
2023-08-05,222.8331,870.55,789.64,11.5,88.93
2023-08-06,223.6539,870.55,822.24,0.4,89.26
2023-08-07,224.3646,870.55,725.71,0.9,89.54
2023-08-08,225.1007,870.55,711.21,0.8,89.84
2023-08-09,225.7798,870.55,679.96,0.9,90.11
2023-08-10,226.4862,870.55,706.68,0.3,90.39
2023-08-11,227.3221,870.55,837.01,1.1,90.72
2023-08-12,228.4492,870.55,1153.79,0.2,91.17
2023-08-13,229.5482,870.55,1100.38,9.3,91.61
2023-08-14,230.3121,870.55,760.61,1.8,91.85
2023-08-15,230.9889,870.55,670.81,7.5,91.54
2023-08-16,231.6809,870.55,693.13,0.8,91.79
2023-08-17,232.4445,870.55,767.46,1.8,92.1
2023-08-18,233.1364,870.55,694.02,1.7,92.38
2023-08-19,234.0466,870.55,938.42,20.0,92.74
2023-08-20,234.8224,870.55,778.77,4.1,93.05
2023-08-21,235.2454,870.55,470.5,49.1,93.21
2023-08-22,235.4951,870.55,277.05,33.8,93.31
2023-08-23,235.7082,870.55,217.69,6.5,93.4
2023-08-24,235.8929,870.55,200.62,15.9,93.47
2023-08-25,236.1212,870.55,229.21,0.8,93.56
2023-08-26,236.5554,870.55,461.57,13.5,93.73
2023-08-27,237.0301,870.55,488.95,14.3,93.92
2023-08-28,237.1061,870.55,157.64,95.2,93.95
2023-08-29,236.8822,870.55,83.77,308.3,93.86
2023-08-30,236.9262,870.55,127.55,83.6,93.88
2023-08-31,236.9783,870.55,186.37,90.2,93.81
2023-09-01,237.6171,870.55,358.27,19.3,93.73
2023-09-02,237.9362,870.55,474.69,156.0,93.85
2023-09-03,238.2473,870.55,521.43,210.4,93.98
2023-09-04,238.2944,870.55,195.48,148.4,94.0
2023-09-05,238.3681,870.55,146.06,76.7,94.02
2023-09-06,238.3832,870.55,144.1,130.1,93.99
2023-09-07,238.3769,870.55,148.97,155.4,93.99
2023-09-08,238.3274,870.55,160.57,210.8,93.97
2023-09-09,238.4566,870.55,191.25,62.0,94.02
2023-09-10,238.5419,870.55,166.48,81.1,94.05
2023-09-11,238.52,870.55,112.66,122.9,94.04
2023-09-12,238.5239,870.55,116.83,99.9,94.04
2023-09-13,238.5312,870.55,68.93,61.4,94.05
2023-09-14,238.5726,870.55,93.67,54.7,94.06
2023-09-15,238.72,870.55,147.97,0.6,94.12
2023-09-16,238.9521,870.55,264.52,32.4,94.21
2023-09-17,239.2808,870.55,329.15,0.4,94.34
2023-09-18,239.5343,870.55,253.76,0.4,94.44
2023-09-19,239.8785,870.55,343.67,3.1,94.58
2023-09-20,240.1282,870.55,266.95,14.6,94.57
2023-09-21,240.2855,870.55,180.49,24.3,94.64
2023-09-22,240.494,870.55,225.34,16.9,94.72
2023-09-23,240.8917,870.55,415.6,17.8,94.82
2023-09-24,241.3176,870.55,438.02,12.2,94.99
2023-09-25,241.5618,870.55,294.0,49.8,95.08
2023-09-26,241.7789,870.55,237.46,20.3,95.17
2023-09-27,242.0663,870.55,295.93,8.6,95.28
2023-09-28,242.2787,870.55,331.27,109.1,95.36
2023-09-29,242.6879,870.55,410.34,0.3,95.5
2023-09-30,243.2453,870.55,674.34,1.4,95.72
2023-10-01,244.058,870.55,814.1,1.4,96.04
2023-10-02,244.6327,870.55,582.38,7.9,96.27
2023-10-03,245.43,870.55,803.0,1.1,96.56
2023-10-04,245.927,870.55,513.23,16.6,96.75
2023-10-05,245.9011,870.55,129.35,155.3,96.74
2023-10-06,246.3025,870.55,411.69,5.0,96.87
2023-10-07,246.911,870.55,613.11,13.7,97.12
2023-10-08,247.4053,870.55,529.57,30.1,97.31
2023-10-09,247.635,870.55,260.54,9.7,97.39
2023-10-10,247.9138,870.55,297.58,15.3,97.35
2023-10-11,248.4719,870.55,566.55,1.4,97.56
2023-10-12,248.8354,870.55,389.08,20.0,97.7
2023-10-13,249.5049,870.55,692.5,1.7,97.97
2023-10-14,250.1661,870.55,684.33,15.5,98.23
2023-10-15,250.5728,870.55,431.53,24.8,98.39
2023-10-16,250.6843,870.55,196.34,100.5,98.42
2023-10-17,250.6743,870.55,86.81,96.9,98.42
2023-10-18,250.5919,870.55,93.85,177.7,98.39
2023-10-19,250.6218,870.55,131.34,100.0,98.4
2023-10-20,250.7146,870.55,201.63,108.8,98.43
2023-10-21,251.2713,870.55,556.84,0.1,98.65
2023-10-22,251.7624,870.55,494.1,3.2,98.85
2023-10-23,251.8067,870.55,162.41,118.0,98.84
2023-10-24,251.8821,870.55,119.59,50.8,98.86
2023-10-25,251.9418,870.55,137.89,89.0,98.89
2023-10-26,252.0506,870.55,192.76,73.1,98.93
2023-10-27,252.2147,870.55,219.13,54.3,98.99
2023-10-28,252.7549,870.55,555.01,7.5,99.21
2023-10-29,253.3396,870.55,584.58,0.0,99.43
2023-10-30,253.5727,870.55,270.24,42.3,99.53
2023-10-31,253.8773,870.55,330.77,8.0,99.65
2023-11-01,254.2684,870.55,420.31,19.6,99.77
2023-11-02,254.611,870.55,371.44,19.0,99.91
2023-11-03,254.711,870.55,146.49,46.6,99.95
2023-11-04,254.9407,870.55,246.11,11.1,100.04
2023-11-05,255.1921,870.55,260.62,9.3,100.14
2023-11-06,255.2866,870.55,110.43,15.9,100.12
2023-11-07,255.3398,870.55,68.36,15.2,100.14
2023-11-08,255.2418,870.55,35.96,134.0,100.1
2023-11-09,255.2591,870.55,64.23,46.9,100.11
2023-11-10,255.2331,870.55,74.35,100.4,100.08
2023-11-11,255.3376,870.55,118.39,13.9,100.13
2023-11-12,255.409,870.55,82.25,10.9,100.15
2023-11-13,255.2857,870.55,50.75,174.2,100.11
2023-11-14,255.384,870.55,105.68,8.3,100.14
2023-11-15,255.8407,870.55,40.31,45.7,100.32
2023-11-16,255.5072,870.55,11.88,345.4,100.26
2023-11-17,255.1048,870.55,6.81,409.1,100.11
2023-11-18,255.0834,870.55,98.26,119.7,100.08
2023-11-19,255.435,870.55,378.93,27.3,100.22
2023-11-20,255.5234,870.55,170.77,79.8,100.25
2023-11-21,255.0494,870.55,15.37,489.3,100.07
2023-11-22,254.16,870.55,16.81,906.7,99.72
2023-11-23,253.7655,870.55,44.33,438.8,99.55
2023-11-24,253.2954,870.55,22.98,493.0,99.37
2023-11-25,252.8296,870.55,20.76,486.6,99.18
2023-11-26,252.2924,870.55,36.89,574.0,98.96
2023-11-27,251.16,870.55,28.15,1158.0,98.51
2023-11-28,249.6965,870.55,20.39,1475.6,97.94
2023-11-29,247.7565,870.55,13.55,1953.5,97.18
2023-11-30,245.5718,870.55,11.27,2229.4,96.32
2023-12-01,244.0109,870.55,32.29,1677.6,95.75
2023-12-02,242.5979,870.55,11.91,1427.2,95.2
2023-12-03,241.4745,870.55,15.07,1137.1,94.76
2023-12-04,239.6087,870.55,18.93,1884.7,94.03
2023-12-05,238.0321,870.55,25.19,1601.8,93.41
2023-12-06,236.3013,870.55,15.85,1710.3,92.73
2023-12-07,235.0558,870.55,20.69,1270.9,92.24
2023-12-08,234.1643,870.55,45.38,932.1,91.89
2023-12-09,234.0271,870.55,233.35,357.6,91.84
2023-12-10,234.0902,870.55,334.32,271.2,91.86
2023-12-11,233.7898,870.55,94.93,399.3,91.74
2023-12-12,233.3151,870.55,34.24,509.7,91.57
2023-12-13,232.892,870.55,63.02,481.1,91.4
2023-12-14,232.2634,870.55,30.62,726.5,91.14
2023-12-15,231.8333,870.55,69.76,499.8,90.97
2023-12-16,231.9306,870.55,377.19,290.1,91.01
2023-12-17,231.9204,870.55,385.63,285.9,91.01
2023-12-18,231.5337,870.55,65.37,499.0,90.86
2023-12-19,230.8307,870.55,71.74,727.6,90.58
2023-12-20,230.2701,870.55,84.71,642.3,90.36
2023-12-21,230.1188,870.55,183.82,335.2,90.3
2023-12-22,230.0134,870.55,191.55,296.9,90.26
2023-12-23,230.1785,870.55,458.54,293.6,90.33
2023-12-24,230.5508,870.55,626.08,253.8,90.47
2023-12-25,231.0529,870.55,705.46,203.4,90.67
2023-12-26,231.4218,870.55,608.29,239.4,90.81
2023-12-27,231.4941,870.55,351.16,278.8,90.84
2023-12-28,231.646,870.55,429.69,277.7,90.9
2023-12-29,231.7399,870.55,384.15,286.8,90.94
2023-12-30,231.9051,870.55,399.99,238.4,91.0
2023-12-31,231.9639,870.55,292.82,230.5,91.03
2024-01-01,232.0502,903.9,447.11,364.4,91.06
2024-01-02,231.9955,903.9,300.29,473.9,91.04
2024-01-03,231.6822,903.9,214.36,530.6,90.92
2024-01-04,231.0731,903.9,66.65,659.9,90.68
2024-01-05,230.3468,903.9,64.32,820.6,90.39
2024-01-06,229.6733,903.9,69.97,729.6,90.13
2024-01-07,228.5874,903.9,21.37,1125.6,89.7
2024-01-08,226.2327,903.9,18.46,2373.3,88.78
2024-01-09,223.2449,903.9,16.97,2991.4,87.6
2024-01-10,220.2405,903.9,20.79,3017.1,86.43
2024-01-11,217.3371,903.9,36.08,2969.2,85.29
2024-01-12,215.0235,903.9,15.23,2278.6,84.38
2024-01-13,213.5904,903.9,23.16,1462.5,83.82
2024-01-14,212.2852,903.9,20.4,1367.2,83.3
2024-01-15,210.2292,903.9,14.29,2084.2,82.5
2024-01-16,207.7596,903.9,9.23,2463.3,81.53
2024-01-17,205.3181,903.9,29.66,2484.2,80.57
2024-01-18,203.1068,903.9,9.28,2193.8,79.7
2024-01-19,200.9177,903.9,8.44,2204.0,78.84
2024-01-20,199.3578,903.9,28.33,1626.5,78.23
2024-01-21,197.9988,903.9,45.44,1397.0,77.7
2024-01-22,197.0939,903.9,59.44,959.1,77.34
2024-01-23,196.1797,903.9,34.08,953.6,76.98
2024-01-24,195.6241,903.9,84.89,645.5,76.77
2024-01-25,194.9136,903.9,92.08,813.4,76.49
2024-01-26,194.3625,903.9,113.4,620.3,76.28
2024-01-27,193.6722,903.9,35.84,679.9,76.01
2024-01-28,192.921,903.9,29.33,750.6,75.71
2024-01-29,192.0414,903.9,48.08,897.6,75.36
2024-01-30,191.1898,903.9,30.05,868.5,75.03
2024-01-31,190.3428,903.9,28.92,827.2,74.69
2024-02-01,189.5725,903.9,94.83,774.9,74.39
2024-02-02,188.9886,903.9,93.38,682.0,74.16
2024-02-03,188.8761,903.9,306.72,419.2,74.12
2024-02-04,188.7048,903.9,270.33,475.4,74.05
2024-02-05,188.2247,903.9,125.04,602.3,73.86
2024-02-06,187.7702,903.9,111.65,565.9,73.68
2024-02-07,186.7163,903.9,40.9,1094.8,73.27
2024-02-08,185.4915,903.9,33.56,1264.8,72.79
2024-02-09,184.9841,903.9,68.04,602.9,72.59
2024-02-10,184.6706,903.9,187.09,387.8,72.47
2024-02-11,184.2278,903.9,108.94,438.9,72.29
2024-02-12,183.4644,903.9,15.69,691.2,71.99
2024-02-13,182.536,903.9,53.25,864.1,71.63
2024-02-14,181.8334,903.9,32.92,735.4,71.35
2024-02-15,181.6633,903.9,161.02,332.4,71.29
2024-02-16,181.6447,903.9,190.27,208.8,71.28
2024-02-17,181.7792,903.9,285.0,150.5,71.33
2024-02-18,181.8741,903.9,273.43,178.5,71.37
2024-02-19,181.606,903.9,93.92,351.2,71.26
2024-02-20,181.2582,903.9,89.22,440.5,71.13
2024-02-21,180.7697,903.9,42.85,527.0,70.94
2024-02-22,180.2871,903.9,30.21,512.3,70.75
2024-02-23,179.6704,903.9,43.16,659.5,70.51
2024-02-24,179.2841,903.9,57.96,444.3,70.35
2024-02-25,178.9105,903.9,45.96,419.5,70.21
2024-02-26,177.9924,903.9,34.97,951.5,69.85
2024-02-27,176.9194,903.9,47.74,1031.6,69.43
2024-02-28,175.8057,903.9,63.81,1172.5,68.99
2024-02-29,175.1646,903.9,106.26,742.2,68.74
2024-03-01,174.5628,903.9,90.99,684.2,68.5
2024-03-02,174.5529,903.9,317.01,326.9,68.5
2024-03-03,174.6883,903.9,383.49,259.1,68.55
2024-03-04,174.2821,903.9,117.81,526.2,68.39
2024-03-05,173.2702,903.9,30.37,1042.2,67.99
2024-03-06,172.4271,903.9,84.29,893.8,67.66
2024-03-07,171.8012,903.9,55.95,681.8,67.42
2024-03-08,171.2055,903.9,48.98,645.1,67.18
2024-03-09,171.0084,903.9,124.63,321.3,67.11
2024-03-10,170.9375,903.9,196.85,267.7,67.08
2024-03-11,170.23,903.9,39.19,746.8,66.8
2024-03-12,169.457,903.9,57.42,830.1,66.5
2024-03-13,168.8992,903.9,72.7,630.6,66.28
2024-03-14,168.82,903.9,251.73,331.0,66.25
2024-03-15,169.0114,903.9,362.14,170.7,66.32
2024-03-16,169.0318,903.9,234.06,213.7,66.35
2024-03-17,168.9205,903.9,191.76,303.0,66.3
2024-03-18,168.5174,903.9,49.57,449.1,66.15
2024-03-19,168.126,903.9,41.98,432.5,66.0
2024-03-20,167.9661,903.9,66.62,226.3,65.93
2024-03-21,167.9402,903.9,185.13,210.6,65.92
2024-03-22,167.9048,903.9,154.67,190.1,65.91
2024-03-23,167.8591,903.9,123.56,168.7,65.89
2024-03-24,167.5977,903.9,98.33,368.1,65.79
2024-03-25,166.8088,903.9,33.93,814.2,65.48
2024-03-26,166.6097,903.9,213.35,359.9,65.4
2024-03-27,166.2568,903.9,57.89,410.0,65.26
2024-03-28,165.879,903.9,75.7,453.5,65.11
2024-03-29,165.8439,903.9,222.29,257.4,65.1
2024-03-30,165.4723,903.9,303.51,674.0,64.95
2024-03-31,159.9114,903.9,371.81,132.0,62.78
2024-04-01,163.2764,903.9,320.55,289.2,66.41
2024-04-02,164.1595,903.9,76.73,342.8,66.77
2024-04-03,164.2961,903.9,70.23,276.4,66.76
2024-04-04,163.8173,903.9,109.64,175.1,66.56
2024-04-05,164.1308,903.9,371.55,58.1,66.69
2024-04-06,164.9216,903.9,789.78,18.6,67.01
2024-04-07,165.8957,903.9,986.39,12.3,67.41
2024-04-08,166.7797,903.9,515.23,67.6,67.77
2024-04-09,167.1618,903.9,425.84,43.8,67.92
2024-04-10,167.3155,903.9,238.6,90.1,67.98
2024-04-11,167.6004,903.9,344.61,72.5,68.1
2024-04-12,168.2831,903.9,695.3,14.0,68.38
2024-04-13,169.2384,903.9,980.36,7.3,68.77
2024-04-14,170.1317,903.9,907.5,16.0,69.13
2024-04-15,170.4589,903.9,388.53,63.0,69.26
2024-04-16,170.1964,903.9,57.54,319.8,69.15
2024-04-17,169.6298,903.9,115.69,682.5,68.92
2024-04-18,168.9374,903.9,54.76,747.3,68.64
2024-04-19,168.568,903.9,30.75,399.7,68.49
2024-04-20,168.4257,903.9,75.16,217.5,68.44
2024-04-21,168.1667,903.9,47.85,290.6,68.33
2024-04-22,167.2496,903.9,28.83,936.8,67.96
2024-04-23,166.2311,903.9,37.81,1066.6,67.54
2024-04-24,165.3904,903.9,23.34,862.0,67.2
2024-04-25,164.5988,903.9,17.33,803.9,66.88
2024-04-26,164.3404,903.9,17.48,274.9,66.78
2024-04-27,164.6236,903.9,304.89,15.7,66.89
2024-04-28,165.0674,903.9,460.13,14.7,67.07
2024-04-29,165.4178,903.9,330.2,9.7,67.21
2024-04-30,165.97,903.9,524.14,10.2,67.44
2024-05-01,166.5598,903.9,614.45,2.5,67.66
2024-05-02,167.1665,903.9,620.14,10.5,67.56
2024-05-03,167.4038,903.9,336.1,88.7,67.65
2024-05-04,167.7682,903.9,406.4,31.9,67.8
2024-05-05,168.1737,903.9,419.05,12.4,67.97
2024-05-06,168.1874,903.9,181.76,161.0,67.97
2024-05-07,168.1565,903.9,127.7,148.5,67.96
2024-05-08,168.0225,903.9,99.53,226.5,67.9
2024-05-09,168.4568,903.9,443.72,9.4,68.08
2024-05-10,169.0457,903.9,601.15,12.2,68.32
2024-05-11,169.9301,903.9,898.64,4.2,68.68
2024-05-12,170.8922,903.9,974.71,2.5,69.06
2024-05-13,171.678,903.9,808.22,10.3,69.38
2024-05-14,172.475,903.9,798.94,4.3,69.7
2024-05-15,173.2015,903.9,727.13,7.8,70.0
2024-05-16,173.7602,903.9,569.26,6.0,70.22
2024-05-17,174.4018,903.9,638.75,4.1,70.48
2024-05-18,175.1887,903.9,792.56,5.6,70.8
2024-05-19,175.9402,903.9,754.0,2.5,71.1
2024-05-20,176.5853,903.9,651.4,7.8,71.37
2024-05-21,176.7683,903.9,291.61,114.0,71.44
2024-05-22,177.1728,903.9,429.68,25.2,71.6
2024-05-23,177.6716,903.9,521.86,23.0,71.8
2024-05-24,177.9267,903.9,279.37,24.2,71.91
2024-05-25,178.3194,903.9,413.39,20.7,72.07
2024-05-26,178.7843,903.9,472.46,7.5,72.25
2024-05-27,179.1062,903.9,329.08,7.3,72.38
2024-05-28,179.3461,903.9,270.56,30.6,72.48
2024-05-29,179.5664,903.9,243.78,23.5,72.57
2024-05-30,179.7974,903.9,312.1,81.1,72.66
2024-05-31,180.2395,903.9,454.51,12.4,72.84
2024-06-01,180.3047,903.9,679.43,2.5,72.87
2024-06-02,180.9119,903.9,608.13,2.2,73.11
2024-06-03,181.0962,903.9,305.68,121.3,73.19
2024-06-04,181.4858,903.9,419.12,26.1,73.35
2024-06-05,181.9127,903.9,429.59,6.1,73.52
2024-06-06,182.8526,903.9,522.07,5.6,73.9
2024-06-07,183.42,903.9,572.73,5.3,74.13
2024-06-08,184.2366,903.9,825.08,8.5,74.46
2024-06-09,184.9982,903.9,777.61,17.0,74.77
2024-06-10,185.4547,903.9,474.37,17.9,75.2
2024-06-11,185.9298,903.9,491.37,16.2,75.39
2024-06-12,186.2958,903.9,387.88,17.9,75.54
2024-06-13,186.7669,903.9,479.82,9.2,75.73
2024-06-14,187.5845,903.9,829.8,12.7,76.06
2024-06-15,188.4699,903.9,902.88,14.1,76.17
2024-06-16,187.1538,903.9,917.15,13.1,75.64
2024-06-17,189.9835,903.9,612.82,5.0,76.78
2024-06-18,190.5281,903.9,558.24,7.2,77.0
2024-06-19,191.2826,903.9,755.7,8.2,77.31
2024-06-20,191.9881,903.9,715.12,9.6,77.59
2024-06-21,192.6858,903.9,715.43,17.7,77.88
2024-06-22,193.8415,903.9,1177.92,22.1,78.34
2024-06-23,194.9288,903.9,1094.51,7.2,78.78
2024-06-24,195.6175,903.9,696.53,7.8,79.06
2024-06-25,196.3971,903.9,779.7,6.4,79.38
2024-06-26,197.2586,903.9,877.34,15.3,79.72
2024-06-27,198.1163,903.9,864.12,6.3,80.07
2024-06-28,199.0779,903.9,976.69,13.2,80.47
2024-06-29,200.1279,903.9,1058.35,11.5,80.89
2024-06-30,201.1689,903.9,1021.67,2.5,81.31
2024-07-01,201.8279,903.9,667.23,7.2,81.58
2024-07-02,202.5578,903.9,730.36,1.8,81.87
2024-07-03,203.2697,903.9,717.26,6.7,82.16
2024-07-04,204.0139,903.9,746.25,1.2,82.46
2024-07-05,204.862,903.9,849.75,1.7,82.8
2024-07-06,205.6212,903.9,762.91,2.7,83.11
2024-07-07,206.3711,903.9,756.16,6.2,83.41
2024-07-08,207.1781,903.9,813.29,6.2,83.74
2024-07-09,208.0291,903.9,858.73,6.9,84.08
2024-07-10,208.7755,903.9,754.24,7.9,84.34
2024-07-11,209.3406,903.9,570.81,5.6,84.57
2024-07-12,209.8356,903.9,504.46,9.5,84.77
2024-07-13,210.453,903.9,630.1,12.7,85.02
2024-07-14,211.1468,903.9,695.54,1.8,85.3
2024-07-15,211.7465,903.9,603.6,4.0,85.54
2024-07-16,212.5168,903.9,771.64,4.5,85.85
2024-07-17,213.1793,903.9,664.45,1.9,86.12
2024-07-18,213.7606,903.9,586.67,5.4,86.36
2024-07-19,214.5234,903.9,764.76,2.0,86.67
2024-07-20,215.4808,903.9,958.61,1.2,87.05
2024-07-21,216.3575,903.9,876.67,0.0,87.41
2024-07-22,216.9934,903.9,644.41,8.6,87.66
2024-07-23,217.5316,903.9,545.67,7.4,87.88
2024-07-24,218.0241,903.9,506.21,13.7,88.08
2024-07-25,218.4581,903.9,447.28,13.3,88.25
2024-07-26,218.8626,903.9,413.44,8.9,88.42
2024-07-27,219.4108,903.9,555.53,7.3,88.64
2024-07-28,219.9647,903.9,556.42,2.6,88.86
2024-07-29,220.3742,903.9,417.21,7.7,89.03
2024-07-30,220.7813,903.9,418.39,11.3,89.19
2024-07-31,221.1985,903.9,423.28,10.9,89.36
2024-08-01,221.5525,903.9,352.97,3.3,89.41
2024-08-02,222.0531,903.9,506.88,2.0,89.62
2024-08-03,222.7254,903.9,679.9,2.9,89.89
2024-08-04,223.4077,903.9,686.73,1.9,90.16
2024-08-05,224.0732,903.9,666.95,3.9,90.43
2024-08-06,224.5208,903.9,498.87,5.0,90.48
2024-08-07,225.053,903.9,534.85,2.5,90.7
2024-08-08,225.6038,903.9,555.12,4.3,90.92
2024-08-09,226.222,903.9,620.18,2.1,91.17
2024-08-10,226.9166,903.9,702.59,8.0,91.45
2024-08-11,227.5358,903.9,643.05,23.8,91.7
2024-08-12,228.1242,903.9,593.53,5.1,91.94
2024-08-13,228.7916,903.9,673.64,4.2,92.17
2024-08-14,229.3439,903.9,560.48,10.2,92.25
2024-08-15,229.9425,903.9,623.11,4.6,92.45
2024-08-16,230.5121,903.9,584.82,4.6,92.68
2024-08-17,231.2714,903.9,805.45,0.0,92.98
2024-08-18,232.0581,903.9,812.35,0.0,93.3
2024-08-19,232.5081,903.9,458.82,4.0,93.44
2024-08-20,232.9356,903.9,469.79,14.8,93.61
2024-08-21,233.4261,903.9,519.24,2.4,93.81
2024-08-22,233.9234,903.9,537.08,6.5,94.01
2024-08-23,234.4594,903.9,584.92,18.1,94.22
2024-08-24,235.1961,903.9,767.58,2.7,94.21
2024-08-25,235.9386,903.9,752.61,0.0,94.51
2024-08-26,236.3622,903.9,446.56,12.5,94.68
2024-08-27,236.6617,903.9,314.95,15.4,94.8
2024-08-28,237.0688,903.9,435.48,9.0,94.96
2024-08-29,237.1841,903.9,203.67,78.5,94.94
2024-08-30,237.461,903.9,298.06,7.3,95.05
2024-08-31,237.8993,903.9,464.13,4.4,95.23
2024-09-01,238.4016,903.9,522.77,15.9,94.95
2024-09-02,238.6172,903.9,250.06,30.4,95.03
2024-09-03,238.6778,903.9,127.95,66.8,95.06
2024-09-04,238.6823,903.9,86.68,82.0,95.06
2024-09-05,238.9204,903.9,247.74,9.7,95.15
2024-09-06,239.2648,903.9,355.12,10.7,95.28
2024-09-07,239.5663,903.9,321.45,20.0,95.4
2024-09-08,239.8876,903.9,338.52,15.2,95.52
2024-09-09,240.0093,903.9,131.1,11.4,95.57
2024-09-10,240.3585,903.9,366.54,17.3,95.71
2024-09-11,240.4498,903.9,116.81,24.9,95.75
2024-09-12,240.2416,903.9,41.7,248.5,95.66
2024-09-13,240.1075,903.9,25.5,159.5,95.61
2024-09-14,240.0019,903.9,29.08,134.6,95.57
2024-09-15,240.1118,903.9,38.19,120.4,95.61
2024-09-16,239.946,903.9,26.39,192.2,95.55
2024-09-17,239.9321,903.9,43.86,57.7,95.54
2024-09-18,240.1225,903.9,198.45,9.9,95.62
2024-09-19,240.2361,903.9,159.52,44.3,95.66
2024-09-20,240.1842,903.9,111.05,162.8,95.64
2024-09-21,240.3957,903.9,235.83,25.6,95.72
2024-09-22,240.5033,903.9,185.39,77.8,95.76
2024-09-23,240.4637,903.9,93.07,132.7,95.75
2024-09-24,240.5732,903.9,137.95,41.5,95.79
2024-09-25,240.7519,903.9,231.55,52.9,95.86
2024-09-26,240.9776,903.9,244.47,21.9,95.91
2024-09-27,241.1557,903.9,208.57,30.5,95.98
2024-09-28,241.2927,903.9,192.21,55.2,96.04
2024-09-29,241.3725,903.9,167.3,87.7,96.07
2024-09-30,241.194,903.9,113.68,200.9,96.0
2024-10-01,241.3191,903.9,69.11,148.2,96.09
2024-10-02,241.1102,903.9,71.79,284.2,96.01
2024-10-03,241.2738,903.9,193.31,26.2,96.07
2024-10-04,241.3241,903.9,94.1,43.8,96.09
2024-10-05,241.5019,903.9,198.77,20.9,96.16
2024-10-06,241.7343,903.9,248.1,10.2,96.26
2024-10-07,242.0031,903.9,279.93,17.3,96.36
2024-10-08,242.4812,903.9,493.45,14.7,96.55
2024-10-09,243.0233,903.9,538.0,32.6,96.77
2024-10-10,243.4229,903.9,424.47,24.9,96.93
2024-10-11,243.4738,903.9,152.46,103.5,96.95
2024-10-12,243.8222,903.9,361.29,10.9,97.08
2024-10-13,244.1249,903.9,311.97,9.3,97.2
2024-10-14,243.915,903.9,27.58,238.5,97.08
2024-10-15,243.9001,903.9,92.59,122.7,97.07
2024-10-16,244.1226,903.9,243.45,21.0,97.16
2024-10-17,244.3471,903.9,245.76,22.2,97.25
2024-10-18,244.5476,903.9,217.56,17.1,97.32
2024-10-19,245.0631,903.9,531.04,13.8,97.52
2024-10-20,245.5856,903.9,534.48,12.0,97.73
2024-10-21,245.6938,903.9,149.16,42.7,97.77
2024-10-22,245.7159,903.9,65.53,43.4,97.78
2024-10-23,245.6632,903.9,58.46,111.1,97.76
2024-10-24,245.6932,903.9,102.11,72.1,97.77
2024-10-25,245.8228,903.9,156.5,26.9,97.82
2024-10-26,246.075,903.9,298.35,18.4,97.92
2024-10-27,246.3367,903.9,265.03,31.1,98.03
2024-10-28,246.4137,903.9,99.06,22.0,98.04
2024-10-29,246.4358,903.9,63.8,41.6,98.04
2024-10-30,246.4666,903.9,75.45,44.6,98.04
2024-10-31,246.5177,903.9,90.81,37.1,98.06
2024-11-01,246.8286,903.9,347.0,36.1,98.19
2024-11-02,247.0247,903.9,220.99,24.9,98.27
2024-11-03,247.1427,903.9,160.93,42.9,98.31
2024-11-04,246.734,903.9,9.79,418.5,98.15
2024-11-05,246.1715,903.9,10.97,573.4,97.93
2024-11-06,245.4823,903.9,22.33,711.6,97.65
2024-11-07,244.5461,903.9,14.78,953.9,97.28
2024-11-08,243.8323,903.9,52.19,766.5,97.0
2024-11-09,243.4915,903.9,35.35,364.2,96.86
2024-11-10,243.2077,903.9,43.62,327.5,96.75
2024-11-11,242.628,903.9,23.91,604.7,96.52
2024-11-12,241.7588,903.9,23.44,891.9,96.17
2024-11-13,240.6343,903.9,19.96,1142.5,95.72
2024-11-14,239.9139,903.9,25.47,745.9,95.44
2024-11-15,239.3574,903.9,25.24,581.7,95.22
2024-11-16,239.2209,903.9,57.78,194.3,95.16
2024-11-17,239.1,903.9,46.11,166.9,95.11
2024-11-18,238.2268,903.9,21.09,897.3,94.77
2024-11-19,237.3505,903.9,22.73,899.5,94.42
2024-11-20,236.3452,903.9,21.55,1161.6,93.97
2024-11-21,234.9692,903.9,21.41,1398.5,93.43
2024-11-22,233.505,903.9,21.95,1485.2,92.84
2024-11-23,232.6266,903.9,24.86,924.0,92.49
2024-11-24,232.564,903.9,213.0,254.8,92.47
2024-11-25,232.3785,903.9,76.79,262.4,92.4
2024-11-26,231.9422,903.9,26.74,463.0,92.22
2024-11-27,231.3015,903.9,22.46,662.5,91.97
2024-11-28,230.6715,903.9,15.62,645.9,91.72
2024-11-29,229.4786,903.9,18.28,1215.1,91.24
2024-11-30,228.6504,903.9,22.11,832.0,90.91
2024-12-01,227.9519,903.9,16.82,729.7,90.64
2024-12-02,227.0077,903.9,16.22,960.5,90.26
2024-12-03,225.8407,903.9,27.06,1193.7,89.8
2024-12-04,224.4885,903.9,21.26,1373.5,89.28
2024-12-05,223.4364,903.9,22.59,1058.7,88.86
2024-12-06,222.7869,903.9,30.32,679.9,88.6
2024-12-07,222.4295,903.9,39.79,398.0,88.46
2024-12-08,222.0232,903.9,52.12,458.5,88.3
2024-12-09,220.9403,903.9,23.43,1106.2,87.87
2024-12-10,218.9952,903.9,23.89,1968.9,87.1
2024-12-11,216.9942,903.9,26.29,2060.4,86.27
2024-12-12,214.8298,903.9,18.48,2145.5,85.41
2024-12-13,212.9255,903.9,26.0,1940.0,84.66
2024-12-14,211.8074,903.9,24.12,1144.1,84.21
2024-12-15,211.0374,903.9,50.26,808.7,83.91
2024-12-16,210.3604,903.9,25.01,867.0,83.64
2024-12-17,209.7357,903.9,36.9,661.6,83.39
2024-12-18,209.2371,903.9,47.04,545.6,83.19
2024-12-19,208.8835,903.9,51.29,405.0,83.05
2024-12-20,208.2174,903.9,27.34,693.4,82.79
2024-12-21,207.9481,903.9,122.19,391.5,82.68
2024-12-22,207.7459,903.9,169.81,372.0,82.6
2024-12-23,207.2882,903.9,43.44,501.2,82.42
2024-12-24,206.8971,903.9,74.88,465.9,82.26
2024-12-25,206.7146,903.9,120.9,303.3,82.19
2024-12-26,206.3033,903.9,79.89,492.1,82.02
2024-12-27,205.2508,903.9,23.32,1075.9,81.61
2024-12-28,204.0262,903.9,21.59,1246.2,81.12
2024-12-29,202.7517,903.9,28.73,1303.2,80.61
2024-12-30,201.4987,903.9,16.17,1269.1,80.11
2024-12-31,200.6099,903.9,41.52,928.3,79.76
2025-01-01,199.8702,903.9,37.56,777.3,79.47
2025-01-02,198.7062,903.9,18.56,1178.9,79.0
2025-01-03,196.9925,903.9,12.42,1720.3,78.32
2025-01-04,195.4474,903.9,15.25,1575.4,77.71
2025-01-05,194.1161,903.9,26.8,1344.5,77.18
2025-01-06,193.2497,903.9,32.88,897.3,76.83
2025-01-07,191.9037,903.9,13.07,1359.0,76.3
2025-01-08,189.958,903.9,9.1,1961.2,75.53
2025-01-09,187.8467,903.9,32.93,2155.7,74.69
2025-01-10,185.5776,903.9,7.91,2283.4,73.78
2025-01-11,183.391,903.9,7.5,2186.3,72.91
2025-01-12,181.2865,903.9,12.8,2112.5,72.08
2025-01-13,178.2742,903.9,4.71,3017.5,70.88
2025-01-14,175.146,903.9,19.54,3141.8,69.64
2025-01-15,172.2368,903.9,152.68,3058.9,68.48
2025-01-16,169.4152,903.9,59.3,2890.8,67.36
2025-01-17,166.1178,903.9,56.53,3354.2,66.05
2025-01-18,163.3704,903.9,13.5,2772.4,64.95
2025-01-19,160.5896,903.9,42.08,2766.0,63.85
2025-01-20,157.22,903.9,14.59,3390.7,62.51
2025-01-21,153.5583,903.9,2.59,3688.2,61.05
2025-01-22,150.5856,903.9,20.6,2965.9,59.87
2025-01-23,148.9337,903.9,54.81,1706.7,59.21
2025-01-24,147.7353,903.9,88.35,1285.1,58.74
2025-01-25,146.98,903.9,79.88,844.0,58.44
2025-01-26,146.1566,903.9,53.54,876.9,58.11
2025-01-27,145.2521,903.9,51.02,955.5,57.75
2025-01-28,144.3611,903.9,32.83,923.9,57.4
2025-01-29,143.412,903.9,19.84,967.8,57.02
2025-01-30,141.9359,903.9,5.37,1496.9,56.43
2025-01-31,140.447,903.9,4.2,1493.1,55.84
2025-02-01,138.7991,903.9,3.91,1654.8,55.16
2025-02-02,136.9634,903.9,18.86,1861.3,54.43
2025-02-03,134.2676,903.9,12.75,2715.1,53.36
2025-02-04,131.8079,903.9,14.31,2526.1,52.38
2025-02-05,129.3157,903.9,10.24,2549.2,51.39
2025-02-06,127.154,903.9,11.81,2182.3,50.53
2025-02-07,125.2432,903.9,57.34,1957.8,49.77
2025-02-08,123.8567,903.9,11.14,1397.7,49.22
2025-02-09,122.4374,903.9,12.53,1440.2,48.66
2025-02-10,120.3318,903.9,11.25,2139.4,47.82
2025-02-11,118.176,903.9,56.58,2205.5,46.97
2025-02-12,115.6937,903.9,7.86,2500.4,45.98
2025-02-13,113.0149,903.9,9.91,2702.3,44.91
2025-02-14,110.156,903.9,13.11,2877.2,43.78
2025-02-15,107.796,903.9,6.61,2379.7,42.84
2025-02-16,105.5765,903.9,41.09,2262.8,41.96
2025-02-17,102.2776,903.9,32.3,3344.3,40.65
2025-02-18,98.9848,903.9,8.82,3311.4,39.34
2025-02-19,96.2785,903.9,24.73,2756.0,38.23
2025-02-20,94.3437,903.9,23.66,1956.9,37.46
2025-02-21,93.4109,903.9,79.79,1004.3,37.09
2025-02-22,92.8997,903.9,103.72,623.3,36.89
2025-02-23,92.5397,903.9,168.15,530.6,36.78
2025-02-24,91.8557,903.9,93.44,783.4,36.51
2025-02-25,90.9077,903.9,33.96,992.0,36.13
2025-02-26,89.7261,903.9,4.25,1197.5,35.66
2025-02-27,88.4934,903.9,6.46,1250.4,35.17
2025-02-28,85.178,903.9,8.35,3340.0,33.85
2025-03-01,84.2532,903.9,5.84,930.7,33.61
2025-03-02,83.4623,903.9,40.39,831.3,33.29
2025-03-03,82.3268,903.9,32.07,1167.6,32.84
2025-03-04,81.4456,903.9,29.82,916.2,32.49
2025-03-05,80.8709,903.9,66.06,638.2,32.26
2025-03-06,80.4475,903.9,103.11,524.5,32.09
2025-03-07,80.1874,903.9,166.37,426.6,31.99
2025-03-08,80.3617,903.9,295.99,165.2,32.06
2025-03-09,80.4097,903.9,251.37,203.4,32.08
2025-03-10,79.7998,903.9,57.52,668.1,31.83
2025-03-11,78.8284,903.9,0.65,982.0,31.45
2025-03-12,77.6123,903.9,12.45,1229.2,30.96
2025-03-13,76.3469,903.9,17.6,1283.3,30.46
2025-03-14,75.277,903.9,13.1,1194.5,30.03
2025-03-15,74.6542,903.9,54.05,679.3,29.78
2025-03-16,74.1461,903.9,79.05,593.9,29.58
2025-03-17,73.1663,903.9,47.13,866.9,29.19
2025-03-18,72.4675,903.9,99.55,801.4,28.91
2025-03-19,72.0356,903.9,132.0,576.2,28.74
2025-03-20,71.9981,903.9,248.18,286.9,28.72
2025-03-21,72.1556,903.9,366.3,219.4,28.78
2025-03-22,72.6222,903.9,532.68,51.7,28.97
2025-03-23,72.9071,903.9,391.12,125.4,29.08
2025-03-24,72.7687,903.9,197.04,340.5,29.03
2025-03-25,72.5852,903.9,178.0,370.9,28.95
2025-03-26,72.2491,903.9,115.04,456.1,28.82
2025-03-27,72.023,903.9,150.2,371.4,28.73
2025-03-28,72.0281,903.9,221.05,216.0,28.73
2025-03-29,72.1661,903.9,287.74,149.7,28.79
2025-03-30,72.2276,903.9,226.24,166.6,28.81
2025-03-31,71.9173,903.9,182.06,482.6,28.69
2025-04-01,72.0222,903.9,371.42,225.5,29.14
2025-04-02,72.0403,903.9,181.37,163.3,29.21
2025-04-03,72.1549,903.9,268.54,153.9,29.26
2025-04-04,72.4026,903.9,354.84,103.3,29.36
2025-04-05,72.8137,903.9,475.13,64.0,29.53
2025-04-06,72.9455,903.9,296.53,171.1,29.58
2025-04-07,72.4982,903.9,55.14,509.1,29.4
2025-04-08,72.2303,903.9,67.22,344.4,29.29
2025-04-09,72.0293,903.9,78.39,284.4,29.21
2025-04-10,71.8576,903.9,94.12,263.4,29.14
2025-04-11,71.8817,903.9,206.53,184.5,29.15
2025-04-12,72.4241,903.9,596.9,50.3,29.37
2025-04-13,73.0489,903.9,670.12,47.2,29.62
2025-04-14,73.4206,903.9,452.4,93.9,29.77
2025-04-15,74.0006,903.9,637.41,58.4,30.01
2025-04-16,74.3138,903.9,417.88,101.7,30.14
2025-04-17,74.5088,903.9,333.37,137.3,30.22
2025-04-18,75.0044,903.9,548.19,52.6,30.42
2025-04-19,75.6904,903.9,711.9,25.9,30.69
2025-04-20,76.4863,903.9,809.51,13.7,31.02
2025-04-21,77.1401,903.9,706.76,53.0,31.28
2025-04-22,77.3529,903.9,331.97,119.1,31.37
2025-04-23,77.5732,903.9,290.87,70.6,31.46
2025-04-24,77.7045,903.9,209.69,78.4,31.51
2025-04-25,78.0078,903.9,356.54,64.0,31.63
2025-04-26,78.5919,903.9,658.72,74.6,31.87
2025-04-27,79.2687,903.9,717.57,40.8,32.15
2025-04-28,79.827,903.9,597.15,39.0,32.38
2025-04-29,80.4348,903.9,644.74,37.0,32.64
2025-04-30,81.2538,903.9,808.69,35.2,32.98
2025-05-01,82.291,903.9,1057.68,20.5,33.4
2025-05-02,83.312,903.9,1041.05,20.0,33.81
2025-05-03,84.3448,903.9,1069.49,23.0,34.23
2025-05-04,85.2411,903.9,932.25,50.1,34.6
2025-05-05,85.6328,903.9,482.48,91.2,34.75
2025-05-06,85.8938,903.9,351.27,89.6,34.73
2025-05-07,86.2159,903.9,433.39,116.4,34.86
2025-05-08,86.4176,903.9,347.13,134.8,35.07
2025-05-09,86.7031,903.9,385.0,99.5,35.19
2025-05-10,87.4778,903.9,823.47,50.6,35.37
2025-05-11,88.3242,903.9,896.54,53.7,35.71
2025-05-12,89.0393,903.9,743.58,47.0,36.01
2025-05-13,89.4934,903.9,552.74,87.9,36.19
2025-05-14,90.1748,903.9,737.53,53.8,36.47
2025-05-15,90.7017,903.9,606.27,66.1,36.68
2025-05-16,91.1739,903.9,573.41,97.3,36.87
2025-05-17,91.9836,903.9,802.5,2.1,37.2
2025-05-18,92.6586,903.9,690.89,14.5,37.47
2025-05-19,93.078,903.9,484.28,83.7,37.64
2025-05-20,93.5199,903.9,496.33,65.0,37.82
2025-05-21,93.308,903.9,121.59,333.5,37.73
2025-05-22,93.6268,903.9,449.58,123.6,37.86
2025-05-23,93.7907,903.9,320.06,160.8,37.93
2025-05-24,94.2632,903.9,482.79,12.8,38.12
2025-05-25,95.0725,903.9,834.33,2.4,38.45
2025-05-26,95.5799,903.9,532.11,47.3,38.65
2025-05-27,96.0277,903.9,486.58,38.8,38.83
2025-05-28,96.5497,903.9,554.39,20.0,39.04
2025-05-29,97.3378,903.9,807.14,25.1,39.36
2025-05-30,98.2974,903.9,968.93,7.2,39.75
2025-05-31,99.5504,903.9,1277.03,28.6,40.26
2025-06-01,101.7025,903.9,2030.15,27.1,41.12
2025-06-02,102.3512,903.9,677.19,30.2,41.38
2025-06-03,102.9232,903.9,638.93,66.6,41.61
2025-06-04,103.7107,903.9,724.54,37.1,41.93
2025-06-05,104.0763,903.9,418.16,55.3,42.08
2025-06-06,104.9758,903.9,914.08,7.2,42.44
2025-06-07,106.133,903.9,1134.88,3.2,42.91
2025-06-08,107.2085,903.9,1083.88,5.5,43.34
2025-06-09,108.1419,903.9,928.59,3.9,43.72
2025-06-10,108.9713,903.9,861.64,15.0,44.06
2025-06-11,109.6807,903.9,736.53,8.7,44.34
2025-06-12,110.3668,903.9,699.39,17.1,44.62
2025-06-13,111.049,903.9,835.37,174.0,44.9
2025-06-14,112.185,903.9,1144.14,10.5,45.36
2025-06-15,113.2796,903.9,1099.73,5.5,45.8
2025-06-16,113.9349,903.9,671.57,16.2,46.06
2025-06-17,114.5381,903.9,638.6,35.4,46.31
2025-06-18,115.2356,903.9,693.65,5.6,46.59
2025-06-19,116.0464,903.9,815.54,4.6,46.92
2025-06-20,116.8073,903.9,829.41,8.5,47.23
2025-06-21,117.993,903.9,1186.9,1.2,47.7
2025-06-22,119.1683,903.9,1186.8,6.8,48.18
2025-06-23,119.9722,903.9,891.06,27.9,48.5
2025-06-24,120.7569,903.9,779.34,6.5,48.82
2025-06-25,121.1504,903.9,480.87,114.5,48.98
2025-06-26,121.288,903.9,589.92,119.5,49.04
2025-06-27,122.3229,903.9,803.64,111.4,49.46
2025-06-28,123.3441,903.9,1080.61,47.8,49.87
2025-06-29,124.5088,903.9,1211.9,53.2,50.34
2025-06-30,125.3109,903.9,837.04,34.3,50.66
2025-07-01,125.9974,903.9,712.57,24.4,50.94
2025-07-02,126.8856,903.9,916.24,2.0,51.3
2025-07-03,127.5356,903.9,719.22,69.5,51.56
2025-07-04,128.2912,903.9,771.28,12.1,51.87
2025-07-05,129.3591,903.9,1086.32,13.6,52.3
2025-07-06,130.3086,903.9,983.31,39.9,52.68
2025-07-07,130.9218,903.9,714.4,17.6,52.93
2025-07-08,135.4935,903.9,816.19,0.0,54.78
2025-07-09,132.4268,903.9,1108.38,9.0,53.54
2025-07-10,133.5212,903.9,1071.95,40.7,54.02
2025-07-11,134.4262,903.9,994.57,11.4,54.37
2025-07-12,135.8089,903.9,1139.31,16.8,54.93
2025-07-13,136.8975,903.9,1090.85,3.0,55.37
2025-07-14,137.4921,903.9,718.25,120.7,55.61
2025-07-15,138.0543,903.9,615.0,52.8,55.84
2025-07-16,138.6904,903.9,671.66,35.5,56.1
2025-07-17,139.1755,903.9,518.75,33.7,56.29
2025-07-18,139.8247,903.9,661.75,12.6,56.55
2025-07-19,140.9293,903.9,1130.89,26.4,57.0
2025-07-20,142.0248,903.9,1112.68,17.8,57.44
2025-07-21,142.6596,903.9,675.29,39.2,57.7
2025-07-22,143.2904,903.9,671.59,41.6,57.95
2025-07-23,143.9156,903.9,651.44,22.4,58.2
2025-07-24,144.3055,903.9,503.68,114.8,58.36
2025-07-25,144.9117,903.9,639.51,38.7,58.6
2025-07-26,145.899,903.9,996.06,8.8,59.0
2025-07-27,147.0039,903.9,1115.71,10.8,59.45
2025-07-28,147.9933,903.9,996.23,13.7,59.85
2025-07-29,148.8225,903.9,843.06,15.6,60.18
2025-07-30,149.7583,903.9,959.58,23.8,60.56
2025-07-31,150.3971,903.9,667.36,29.3,60.8
2025-08-01,151.1612,903.9,918.41,38.1,61.02
2025-08-02,152.5849,903.9,1185.98,2.3,61.6
2025-08-03,153.7645,903.9,1200.93,2.7,62.07
2025-08-04,154.7213,903.9,957.3,0.5,62.46
2025-08-05,155.8115,903.9,1115.09,8.1,62.9
2025-08-06,156.7114,903.9,916.66,1.1,63.26
2025-08-07,157.5353,903.9,867.95,41.5,63.59
2025-08-08,158.3778,903.9,893.38,46.1,63.93
2025-08-09,159.413,903.9,1098.11,56.9,64.22
2025-08-10,160.5504,903.9,1141.44,4.0,64.68
2025-08-11,161.4407,903.9,897.35,7.1,65.04
2025-08-12,162.1392,903.9,729.6,31.1,65.18
2025-08-13,162.763,903.9,637.2,13.5,65.43
2025-08-14,163.5007,903.9,765.82,22.0,65.73
2025-08-15,164.4735,903.9,978.17,3.2,66.12
2025-08-16,165.3805,903.9,930.18,25.4,66.47
2025-08-17,166.3086,903.9,931.98,1.8,66.85
2025-08-18,166.9644,903.9,671.95,16.2,67.11
2025-08-19,167.7072,903.9,746.29,3.5,67.41
2025-08-20,168.3259,903.9,638.08,19.4,67.66
2025-08-21,169.0267,903.9,715.98,17.6,67.94
2025-08-22,169.6457,903.9,656.37,37.3,68.19
2025-08-23,170.5564,903.9,915.04,4.4,68.56
2025-08-24,171.4373,903.9,884.69,3.7,68.91
2025-08-25,172.083,903.9,660.93,15.2,69.17
2025-08-26,172.7102,903.9,639.29,12.2,69.42
2025-08-27,173.1505,903.9,457.09,16.7,69.6
2025-08-28,173.8767,903.9,730.86,2.1,69.92
2025-08-29,174.7041,903.9,857.52,15.3,70.26
2025-08-30,175.6844,903.9,996.14,0.9,70.65
2025-08-31,176.6675,903.9,981.13,6.3,71.05
2025-09-01,180.3845,903.9,3753.0,30.0,72.54
2025-09-02,180.6084,903.9,328.14,16.1,72.54
2025-09-03,181.2279,903.9,636.07,2.7,72.74
2025-09-04,182.0805,903.9,715.45,3.3,73.08
2025-09-05,182.6921,903.9,564.22,4.2,73.33
2025-09-06,183.5947,903.9,906.27,3.1,73.69
2025-09-07,184.553,903.9,984.27,18.8,74.08
2025-09-08,184.9099,903.9,415.3,56.0,74.22
2025-09-09,185.1596,903.9,297.34,46.1,74.23
2025-09-10,185.5896,903.9,463.04,16.3,74.41
2025-09-11,186.0495,903.9,486.56,26.7,74.59
2025-09-12,186.6666,903.9,621.38,7.7,74.84
2025-09-13,187.3813,903.9,726.36,2.8,75.13
2025-09-14,188.0571,903.9,688.68,4.1,75.4
2025-09-15,188.6193,903.9,573.26,3.5,75.62
2025-09-16,188.9555,903.9,347.03,10.8,75.76
2025-09-17,189.2121,903.9,271.85,8.7,75.86
2025-09-18,189.5304,903.9,338.35,8.1,75.99
2025-09-19,189.866,903.9,351.38,5.8,76.12
2025-09-20,190.498,903.9,652.85,12.6,76.38
2025-09-21,191.1308,903.9,651.57,18.8,76.63
2025-09-22,191.1885,903.9,162.54,105.0,76.65
2025-09-23,191.1177,903.9,72.54,143.1,76.45
2025-09-24,191.0942,903.9,65.63,90.7,76.44
2025-09-25,191.1453,903.9,129.91,58.6,76.46
2025-09-26,191.2342,903.9,140.11,51.3,76.5
2025-09-27,191.5459,903.9,317.31,5.6,76.62
2025-09-28,191.8201,903.9,304.92,30.6,76.73
2025-09-29,191.8158,903.9,72.89,75.7,76.73
2025-09-30,191.6921,903.9,56.39,74.3,76.68
2025-10-01,191.4178,903.9,28.76,293.3,76.31
2025-10-02,191.1469,903.9,36.31,313.1,76.21
2025-10-03,191.1414,903.9,70.51,77.6,76.2
2025-10-04,191.4762,903.9,337.99,10.4,76.34
2025-10-05,191.6228,903.9,290.81,147.2,76.4
2025-10-06,191.1466,903.9,94.39,576.6,76.19
2025-10-07,190.8762,903.9,57.95,320.9,76.08
2025-10-08,190.7023,903.9,102.7,294.4,76.01
2025-10-09,190.703,903.9,117.91,105.7,76.01
2025-10-10,190.7396,903.9,108.58,55.2,76.03
2025-10-11,190.865,903.9,225.47,74.1,76.08
2025-10-12,190.9141,903.9,134.71,85.7,76.1
2025-10-13,190.4641,903.9,39.66,504.8,75.92
2025-10-14,190.2227,903.9,40.5,289.8,75.82
2025-10-15,189.8502,903.9,28.64,391.0,75.67
2025-10-16,189.3715,903.9,30.69,517.2,75.48
2025-10-17,189.2445,903.9,75.85,201.9,75.43
2025-10-18,189.2667,903.9,99.19,78.5,75.44
2025-10-19,189.3327,903.9,136.1,55.0,75.47
2025-10-20,189.2633,903.9,66.89,135.4,75.44
2025-10-21,189.1924,903.9,75.58,149.9,75.41
2025-10-22,189.0758,903.9,33.16,149.8,75.37
2025-10-23,189.1277,903.9,88.5,36.6,75.39
2025-10-24,189.0014,903.9,33.99,159.8,75.34
2025-10-25,189.0073,903.9,81.44,75.6,75.34
2025-10-26,188.9945,903.9,65.67,78.4,75.33
2025-10-27,188.5358,903.9,21.18,481.7,75.15
2025-10-28,188.5342,903.9,67.66,69.3,75.15
2025-10-29,188.2818,903.9,37.21,287.3,75.05
2025-10-30,188.3028,903.9,105.7,84.6,74.97
2025-10-31,188.2252,903.9,116.14,193.8,74.94
2025-11-01,188.6759,903.9,453.15,2.4,75.13
2025-11-02,188.9352,903.9,286.89,34.8,75.23
2025-11-03,188.9506,903.9,93.99,80.3,75.24
2025-11-04,189.1247,903.9,186.57,10.3,75.31
2025-11-05,189.1609,903.9,51.29,14.2,75.32
2025-11-06,188.747,903.9,32.05,447.4,75.15
2025-11-07,188.2576,903.9,3.82,499.3,74.96
2025-11-08,188.0595,903.9,73.65,271.8,74.88
2025-11-09,187.9335,903.9,66.02,192.0,74.83
2025-11-10,187.4961,903.9,91.22,527.9,74.66
2025-11-11,187.5203,903.9,181.12,146.8,74.67
2025-11-12,187.6351,903.9,172.05,57.3,74.71
2025-11-13,187.6527,903.9,106.92,89.2,74.72
2025-11-14,187.5467,903.9,107.73,213.8,74.68
2025-11-15,187.5111,903.9,97.59,133.2,74.66
2025-11-16,187.3973,903.9,41.85,164.9,74.62
2025-11-17,186.5933,903.9,17.11,823.4,74.3
2025-11-18,185.0321,903.9,12.92,1244.1,73.68
2025-11-19,183.7444,903.9,15.97,1333.2,73.16
2025-11-20,182.0119,903.9,11.38,1743.7,72.47
2025-11-21,180.0399,903.9,3.32,1972.2,71.69
2025-11-22,178.6885,903.9,1.08,1375.3,71.15
2025-11-23,177.4075,903.9,20.82,1292.1,70.64
2025-11-24,175.7549,903.9,12.06,1670.9,69.98
2025-11-25,173.9516,903.9,18.55,1853.5,69.26
2025-11-26,171.9039,903.9,14.97,2058.4,68.45
2025-11-27,170.326,903.9,22.14,1571.8,67.82
2025-11-28,169.2775,903.9,6.45,1020.0,67.4
2025-11-29,168.923,903.9,50.58,405.1,67.26
2025-11-30,168.6038,903.9,43.84,363.1,67.13
2025-12-01,167.6205,903.9,30.02,1020.8,66.74
2025-12-02,166.5336,903.9,14.28,1102.5,66.31
2025-12-03,164.7716,903.9,12.8,1776.2,65.61
2025-12-04,163.3268,903.9,13.02,1454.2,65.03
2025-12-05,162.0745,903.9,26.85,1318.7,64.53
2025-12-06,161.6846,903.9,47.61,427.9,64.38
2025-12-07,161.6329,903.9,180.79,224.2,64.36
2025-12-08,161.6139,903.9,189.77,214.7,64.35
2025-12-09,161.4942,903.9,38.38,152.1,64.3
2025-12-10,161.2433,903.9,39.62,290.5,64.2
2025-12-11,160.5947,903.9,48.23,720.7,63.95
2025-12-12,159.493,903.9,38.44,1136.8,63.51
2025-12-13,158.8221,903.9,46.14,643.7,63.24
2025-12-14,158.3657,903.9,28.91,489.6,63.06
2025-12-15,157.3343,903.9,29.44,1064.4,62.65
2025-12-16,155.8745,903.9,19.57,1471.5,62.07
2025-12-17,154.7253,903.9,7.66,1156.9,61.61
2025-12-18,154.4399,903.9,78.31,349.2,61.49
2025-12-19,154.1121,903.9,23.58,351.4,61.36
2025-12-20,153.6632,903.9,14.45,463.3,61.19
2025-12-21,153.4518,903.9,25.74,237.2,61.1
2025-12-22,152.8778,903.9,9.31,631.3,60.87
2025-12-23,152.2448,903.9,22.09,703.1,60.62
2025-12-24,151.4402,903.9,24.48,839.6,60.3
2025-12-25,150.122,903.9,10.4,1360.3,59.78
2025-12-26,148.5261,903.9,10.1,1616.9,59.14
2025-12-27,147.4637,903.9,31.26,1087.1,58.72
2025-12-28,146.3856,903.9,11.88,1085.4,58.29
2025-12-29,144.8559,903.9,17.4,1553.9,57.68
2025-12-30,143.446,903.9,18.95,1457.2,57.12
2025-12-31,142.1116,903.9,18.0,1340.1,56.59
2026-01-01,141.1181,903.9,28.63,1018.8,56.19
2026-01-02,139.8108,903.9,7.95,1330.4,55.67
2026-01-03,138.1909,903.9,6.55,1622.4,55.02
2026-01-04,136.1138,903.9,2.88,2089.1,54.2
2026-01-05,133.1356,903.9,12.03,3106.4,53.01
2026-01-06,130.054,903.9,0.0,3187.4,51.78
2026-01-07,126.7709,903.9,9.41,3425.8,50.48
2026-01-08,123.5749,903.9,11.23,3256.3,49.2
2026-01-09,121.2975,903.9,30.64,2261.3,48.3
2026-01-10,118.8577,903.9,28.76,2455.4,47.33
2026-01-11,116.3947,903.9,32.27,2498.7,46.35
2026-01-12,113.784,903.9,46.34,2657.4,45.31
2026-01-13,112.0725,903.9,35.12,1699.3,44.62
2026-01-14,110.5026,903.9,95.79,1634.4,44.0
2026-01-15,109.3779,903.9,39.19,1233.1,43.55
2026-01-16,108.4229,903.9,105.19,1099.8,43.17
2026-01-17,107.3905,903.9,69.99,1093.0,42.76
2026-01-18,106.1946,903.9,38.1,1245.9,42.28
2026-01-19,104.1152,903.9,1.84,2105.4,41.46
2026-01-20,101.7587,903.9,7.35,2379.6,40.52
2026-01-21,99.762,903.9,13.19,2037.9,39.72
2026-01-22,97.5774,903.9,20.04,2250.1,38.85
2026-01-23,95.6605,903.9,28.37,2006.2,38.09
2026-01-24,94.1099,903.9,15.65,1561.8,37.47
2026-01-25,92.3618,903.9,17.09,1776.8,36.78
2026-01-26,90.286,903.9,265.55,2395.0,35.95
2026-01-27,88.2297,903.9,5.81,2169.7,35.13
2026-01-28,86.3654,903.9,10.42,1881.9,34.39
2026-01-29,84.2583,903.9,10.95,2104.2,33.55
2026-01-30,82.6109,903.9,39.41,1678.1,32.89
2026-01-31,81.3507,903.9,24.06,1300.3,32.39
2026-02-01,80.1146,903.9,36.95,1197.8,31.9
2026-02-02,78.0274,903.9,11.73,2132.4,31.07
2026-02-03,75.4561,903.9,17.16,2613.1,30.04
2026-02-04,73.0249,903.9,24.43,2432.2,29.08
2026-02-05,71.0544,903.9,32.82,2082.0,28.29
2026-02-06,69.2167,903.9,22.78,1842.1,27.56
2026-02-07,68.4577,903.9,151.14,929.4,27.26
2026-02-08,67.5018,903.9,52.91,1026.6,26.88
2026-02-09,65.8149,903.9,24.09,1722.9,26.21
2026-02-10,64.2552,903.9,9.61,1577.8,25.59
2026-02-11,63.1521,903.9,17.3,1084.3,25.15
2026-02-12,62.2999,903.9,40.1,915.7,24.81
2026-02-13,61.1993,903.9,49.56,1229.0,24.37
2026-02-14,60.1149,903.9,14.55,1158.5,23.94
2026-02-15,59.0423,903.9,20.65,1037.8,23.51
2026-02-16,57.6404,903.9,33.85,1448.0,22.95
2026-02-17,56.0421,903.9,26.33,1594.7,22.31
2026-02-18,54.3075,903.9,29.29,1747.4,21.62
2026-02-19,52.88,903.9,17.15,1446.7,21.06
2026-02-20,51.8271,903.9,34.18,1088.9,20.64
2026-02-21,51.52,903.9,152.96,469.8,20.51
2026-02-22,52.0604,903.9,734.91,209.4,20.73
2026-02-23,51.916,903.9,142.07,300.8,20.67
2026-02-24,51.538,903.9,30.68,467.6,20.52
2026-02-25,51.3861,903.9,73.45,267.3,20.46
2026-02-26,51.465,903.9,238.65,196.2,20.49
2026-02-27,51.6794,903.9,296.38,124.0,20.58
2026-02-28,52.0646,903.9,495.77,123.8,20.73
2026-03-01,52.2888,903.9,382.97,154.6,20.82
2026-03-02,52.4635,903.9,372.83,222.1,20.89
2026-03-03,52.3389,903.9,306.96,430.0,20.84
2026-03-04,52.1866,903.9,243.86,405.7,20.78
2026-03-05,52.4582,903.9,545.34,337.4,20.89
2026-03-06,52.6736,903.9,546.24,327.9,20.97
2026-03-07,53.1401,903.9,721.76,237.3,21.16
2026-03-08,53.7002,903.9,776.85,216.8,21.38
2026-03-09,54.0224,903.9,621.27,318.6,21.51
2026-03-10,54.3369,903.9,626.19,308.0,21.64
2026-03-11,54.8073,903.9,655.56,195.2,21.82
2026-03-12,55.0692,903.9,392.22,130.3,21.93
2026-03-13,55.206,903.9,376.34,231.5,21.98
2026-03-14,55.1183,903.9,120.08,223.7,21.95
2026-03-15,55.1939,903.9,256.84,165.4,21.98
2026-03-16,55.0917,903.9,194.24,309.4,21.94
2026-03-17,54.838,903.9,101.96,291.4,21.84
2026-03-18,54.8664,903.9,178.83,215.8,21.85
2026-03-19,54.9159,903.9,233.26,182.1,21.87
2026-03-20,54.9678,903.9,251.08,183.2,21.89
2026-03-21,55.1997,903.9,461.01,190.0,21.98
2026-03-22,55.5311,903.9,496.2,174.6,22.11
2026-03-23,55.6748,903.9,272.37,172.1,22.17
2026-03-24,55.9951,903.9,590.56,271.3,22.3
2026-03-25,56.1911,903.9,432.77,236.7,22.37
2026-03-26,55.958,903.9,174.74,407.8,22.28
2026-03-27,55.7851,903.9,183.04,356.0,22.22
2026-03-28,55.7559,903.9,182.09,211.2,22.21
2026-03-29,55.8165,903.9,259.77,187.2,22.23
2026-03-30,55.6495,903.9,48.15,215.2,22.17
2026-03-31,54.3234,903.9,17.4,513.1,22.21
2026-04-01,54.5355,903.9,31.97,596.4,21.83
2026-04-02,54.0703,903.9,27.92,546.7,21.81
2026-04-03,54.272,903.9,383.42,147.8,21.89
2026-04-04,54.9926,903.9,778.07,28.9,22.18
2026-04-05,55.7854,903.9,765.87,31.9,22.5
2026-04-06,56.3116,903.9,548.02,41.0,22.71
2026-04-07,56.5491,903.9,289.06,80.0,22.81
2026-04-08,56.9333,903.9,462.56,38.5,22.97
2026-04-09,57.1967,903.9,311.14,90.5,23.07
2026-04-10,57.2454,903.9,153.67,104.9,23.09
2026-04-11,57.6338,903.9,436.09,40.3,23.25
2026-04-12,57.953,903.9,352.45,40.7,23.38
2026-04-13,57.4939,903.9,113.6,572.7,23.19
2026-04-14,57.1421,903.9,16.26,367.5,23.05
2026-04-15,56.9898,903.9,32.15,184.8,22.99
2026-04-16,57.1597,903.9,229.84,59.9,23.06
2026-04-17,57.6111,903.9,472.66,21.3,23.24
2026-04-18,58.3523,903.9,803.25,25.0,23.54
2026-04-19,58.9853,903.9,666.51,39.1,23.79
2026-04-20,59.112,903.9,174.16,79.0,23.84
2026-04-21,59.0397,903.9,80.57,146.5,23.82
2026-04-22,59.0987,903.9,140.65,83.7,23.84
2026-04-23,59.1907,903.9,159.8,67.9,23.88
2026-04-24,59.6817,903.9,512.91,30.1,24.09
2026-04-25,60.4016,903.9,754.96,29.8,24.38
2026-04-26,61.105,903.9,736.49,28.5,24.67
2026-04-27,61.541,903.9,494.74,58.0,24.84
2026-04-28,62.2792,903.9,750.58,26.0,25.14
2026-04-29,63.0015,903.9,752.71,30.3,25.43
2026-04-30,63.6946,903.9,741.96,23.9,25.71
2026-05-01,64.7072,903.9,1013.61,5.1,26.12
2026-05-02,65.6998,903.9,1010.05,10.4,26.52
2026-05-03,66.6615,903.9,969.87,8.2,26.91
2026-05-04,67.2853,903.9,599.42,12.6,27.16
2026-05-05,67.3844,903.9,483.65,134.6,27.2
2026-05-06,67.5065,903.9,182.43,60.3,27.25
2026-05-07,67.4451,903.9,90.52,151.9,27.22
2026-05-08,67.6808,903.9,252.23,16.5,27.32
2026-05-09,68.3625,903.9,726.11,18.6,27.59
2026-05-10,69.1419,903.9,800.37,13.1,27.91
2026-05-11,69.5819,903.9,433.1,18.2,28.09
2026-05-12,69.5477,903.9,85.76,128.8,28.07
2026-05-13,69.4305,903.9,87.66,204.8,28.02
2026-05-14,69.506,903.9,121.25,45.7,28.06
2026-05-15,69.6479,903.9,192.74,50.8,28.11
2026-05-16,69.9345,903.9,341.2,14.8,28.23
2026-05-17,70.3718,903.9,455.72,12.6,28.4
2026-05-18,70.5197,903.9,171.75,69.8,28.46
2026-05-19,70.6091,903.9,262.62,137.2,28.5
2026-05-20,70.5616,903.9,99.05,182.6,28.48
2026-05-21,70.8824,903.9,374.22,32.0,28.61
2026-05-22,71.5024,903.9,655.42,21.2,28.86
2026-05-23,72.6752,903.9,1204.49,24.0,29.33
2026-05-24,73.9207,903.9,1262.41,18.2,29.84
2026-05-25,74.9854,903.9,1116.74,42.8,30.27
2026-05-26,75.9172,903.9,949.81,24.0,30.64
2026-05-27,76.8096,903.9,887.34,8.9,31.0
2026-05-28,77.5937,903.9,788.13,15.0,31.32
2026-05-29,78.6005,903.9,1018.43,11.7,31.73
2026-05-30,79.5102,903.9,934.73,12.3,32.09
2026-05-31,80.557,903.9,1027.16,4.1,32.52
2026-06-01,80.9866,903.9,657.35,8.9,32.69
2026-06-02,81.75,903.9,755.11,8.4,33.0
2026-06-03,82.359,903.9,621.45,12.2,33.24
2026-06-04,83.3196,903.9,967.44,6.8,33.63
2026-06-05,84.0399,903.9,721.63,12.4,33.92
2026-06-06,85.024,903.9,1004.89,0.3,34.32
2026-06-07,85.9904,903.9,961.12,0.0,34.71
2026-06-08,86.7014,903.9,727.63,8.5,35.0
2026-06-09,87.3989,903.9,698.24,7.0,35.28
2026-06-10,87.9046,903.9,499.47,7.3,35.48
2026-06-11,88.2634,903.9,398.96,32.7,35.63
2026-06-12,88.8577,903.9,700.29,6.0,35.87
2026-06-13,89.9469,903.9,1106.65,10.2,36.45
2026-06-14,90.86,903.9,950.36,37.2,36.82
2026-06-15,91.4603,903.9,664.85,55.9,37.06
2026-06-16,91.9222,903.9,515.83,56.9,37.25
2026-06-17,92.4687,903.9,570.94,7.6,37.47
2026-06-18,93.0712,903.9,605.11,9.7,37.71
2026-06-19,93.8411,903.9,781.4,5.4,38.02
2026-06-20,94.7005,903.9,880.11,24.7,38.37
2026-06-21,95.5936,903.9,924.57,22.6,38.73
2026-06-22,96.2153,903.9,652.48,48.7,38.99
2026-06-23,96.8269,903.9,548.99,17.7,39.23
2026-06-24,97.5494,903.9,732.79,0.6,39.53
2026-06-25,98.4748,903.9,935.53,0.0,39.9
2026-06-26,99.3729,903.9,901.57,0.1,40.27
2026-06-27,100.5787,903.9,1207.66,1.2,40.75
2026-06-28,101.6988,903.9,1137.93,18.0,41.21
2026-06-29,102.4446,903.9,778.67,32.8,41.51
2026-06-30,102.9307,903.9,575.32,0.5,41.71
2026-07-01,103.6008,903.9,793.53,113.0,41.98
2026-07-02,104.0406,903.9,446.79,6.3,42.16
2026-07-03,104.5077,903.9,471.73,7.6,42.35
2026-07-04,105.1798,903.9,692.51,2.7,42.62
2026-07-05,105.8202,903.9,644.84,9.8,42.88
2026-07-06,106.3564,903.9,537.97,4.2,43.1
2026-07-07,106.8998,903.9,538.33,6.4,43.32
2026-07-08,107.2219,903.9,356.65,26.7,43.45
2026-07-09,107.5047,903.9,289.78,19.3,43.56
2026-07-10,107.7322,903.9,232.21,9.5,43.65
2026-07-11,108.4502,903.9,730.16,4.2,43.94
2026-07-12,109.2223,903.9,774.39,2.4,44.26
2026-07-13,109.7855,903.9,552.65,3.1,44.48
2026-07-14,110.1996,903.9,438.57,14.9,44.65
2026-07-15,110.5837,903.9,389.14,5.1,44.86
2026-07-16,110.6923,903.9,229.87,120.9,44.91
2026-07-17,110.9575,903.9,315.12,49.9,45.02
2026-07-18,111.4418,903.9,504.27,6.3,45.21
2026-07-19,111.9758,903.9,538.48,7.8,45.43
2026-07-20,112.2197,903.9,274.85,39.9,45.53
2026-07-21,112.2205,903.9,188.15,187.4,45.53
2026-07-22,112.458,903.9,265.05,18.6,45.62
2026-07-23,112.6447,903.9,224.82,30.8,45.7
2026-07-24,112.8844,903.9,277.39,40.5,45.8
2026-07-25,113.328,903.9,493.69,44.0,45.98
