date,consumer_exit_flow_kwh,interconnection_exit_flow_kwh,storage_exit_flow_kwh,total_exit_flow_kwh
2021-07-27,422511094.96000004,4843679946.68,971245264.91,6237436306.55
2021-07-28,379525239.86,4888548716.23,1013612973.91,6281686929.999999
2021-07-29,375275289.88,5045287826.287,1033033553.536,6453596669.703
2021-07-30,365878296.23,4827579645.42,874479814.37,6067937756.0199995
2021-07-31,355050326.63,4210003397.33,786219531.881,5351273255.841
2021-08-01,362144460.95,4292178186.4,921746644.46,5576069291.81
2021-08-02,384489239.24,4497624513.84,688052585.201,5570166338.281
2021-08-03,413248334.53,4252079424.54,469679057.145,5135006816.215
2021-08-04,430539695.61,4316836476.88,582012218.74,5329388391.23
2021-08-05,399500794.61,4261172801.87,720329635.14,5381003231.62
2021-08-06,367431413.88,4106237517.16,1061041066.49,5534709997.53
2021-08-07,351304350.78,4375986055.82,963928226.56,5691218633.16
2021-08-08,345069946.23,4366932728.32,927467820.33,5639470494.879999
2021-08-09,357740872.28,4281289506.5699997,817589722.592,5456620101.441999
2021-08-10,379821460.78,4478179580.48,873004509.807,5731005551.066999
2021-08-11,392263001.33,4572556074.98,992439507.83,5957258584.139999
2021-08-12,405801179.22,4635697765.85,683916616.528,5725415561.598001
2021-08-13,352844602.18,4508990011.67,838344708.7590001,5700179322.609
2021-08-14,342077884.98,4291637124.16,987239796.858,5620954805.997999
2021-08-15,333934583.08000004,4409268120.73,899023405.56,5642226109.369999
2021-08-16,375560560.45,4462448703.16,1163884022.9,6001893286.51
2021-08-17,383520007.67,4605770465.58,823478409.28,5812768882.53
2021-08-18,379887736.62,4707131140.82,764583095.02,5851601972.459999
2021-08-19,538100886.8299999,4640618923.42,751996957.72,5930716767.97
2021-08-20,372650814.16,4584285056.8,1036923594.07,5993859465.03
2021-08-21,347712735.47,4621158787.9,1007958199.47,5976829722.84
2021-08-22,341242634.75,4574160611.68,919831505.17,5835234751.6
2021-08-23,380549893.23,4839821949.63,1022423793.413,6242795636.273001
2021-08-24,385935414.33,4798851005.01,770864050.888,5955650470.228001
2021-08-25,380328443.89,4831418320.04,634799734.434,5846546498.364
2021-08-26,385977197.65,4792396062.87,704919831.06,5883293091.58
2021-08-27,364738960.44,4772752474.32,921536306.35,6059027741.11
2021-08-28,344552647.13,4794398508.83,940985918.859,6079937074.819
2021-08-29,343161223.4,4753248240.59,819671649.24,5916081113.23
2021-08-30,366086545.33000004,4907845860.2,739161516.75,6013093922.28
2021-08-31,399768981.26,4979621730.1,692332822.9300001,6071723534.290001
2021-09-01,439431323.2,4635385536.08,613775413.206,5688592272.486
2021-09-02,419204528.15,4586577850.54,580624418.211,5586406796.900999
2021-09-03,399914487.95,4912287321.16,587617495.542,5899819304.651999
2021-09-04,344441507.40999997,4954872413.6,708497913.337,6007811834.347
2021-09-05,349674958.28,4899335523.58,773196223.76,6022206705.62
2021-09-06,435200966.22,4305527350.38,545414549.415,5286142866.015
2021-09-07,445933427.37,4916672190.059999,430702106.504,5793307723.933999
2021-09-08,432741283.07,5067738416.72,548914156.368,6049393856.158
2021-09-09,462652652.65,5143222549.46,620242843.502,6226118045.6119995
2021-09-10,459779391.48,4805128803.79,559525497.85,5824433693.120001
2021-09-11,370702806.87,4868311970.76,712950279.002,5951965056.632
2021-09-12,344674277.99,4847877531.08,721412448.1,5913964257.17
2021-09-13,453818936.42999995,4737497918.809999,684448715.95,5875765571.19
2021-09-14,444691301.53999996,5223364096.43,517507395.68799996,6185562793.658
2021-09-15,456852966.44,5429141090.2,447387783.96,6333381840.599999
2021-09-16,449467702.41999996,5674723640.1,294644192.699,6418835535.219001
2021-09-17,435305999.65,5320390032.1,376389395.911,6132085427.661
2021-09-18,319948512.53999996,4999382407.360001,629985984.451,5949316904.351001
2021-09-19,328000714.06,5028954121.66,598656130.546,5955610966.266001
2021-09-20,448646167.45,5065585777.98,316225972.571,5830457918.000999
2021-09-21,400626289.26,4966951516.82,349582026.905,5717159832.985
2021-09-22,395516124.25,4896114207.08,318311092.578,5609941423.908
2021-09-23,367060920.23,5452845458.65,515384622.17,6335291001.049999
2021-09-24,357171128.97,5452383819.23,690547601.31,6500102549.51
2021-09-25,348293673.18,5453312900.87,1116532314.35,6918138888.4
2021-09-26,330424524.54,5264325685.809999,1099448395.79,6694198606.139999
2021-09-27,373989945.26,5352008973.68,882323806.357,6608322725.297001
2021-09-28,401403862.48,4799841827.2,708509221.35,5909754911.030001
2021-09-29,354953405.53999996,5451601702.92,612401534.36,6418956642.82
2021-09-30,370826284.65,4855067275.57,774054530.13,5999948090.349999
2021-10-01,371441137.37,4190381471.01,769524528.42,5331347136.8
2021-10-02,350506259.5,4357290696.97,1086953429.387,5794750385.857
2021-10-03,354824882.84000003,4298616143.1189995,1164517501.073,5817958527.032
2021-10-04,412782686.53999996,4495554487.2699995,652190516.728,5560527690.537999
2021-10-05,373882781.5,4488673438.389999,571788196.987,5434344416.876999
2021-10-06,430682667.47,4249848106.59,437321639.236,5117852413.2960005
2021-10-07,484211905.64,4383621422.04,330775657.448,5198608985.128
2021-10-08,441908234.03,4101465029.17,547095055.733,5090468318.933
2021-10-09,362681020.31,4065967508.39,636573598.587,5065222127.287
2021-10-10,366988409.28,3919583495.78,494991926.38,4781563831.440001
2021-10-11,406473942.69,3536099765.58,335873693.649,4278447401.919
2021-10-12,441150745.74,3410637179.33,97401808.063,3949189733.133
2021-10-13,472469594.0,3311007677.7200003,68773401.972,3852250673.6920004
2021-10-14,422706321.2,3477728401.43,208753860.365,4109188582.995
2021-10-15,395658440.74,3199241260.8,301884119.615,3896783821.1549997
2021-10-16,379407934.04,3461006371.153,374761597.865,4215175903.0579996
2021-10-17,378078160.95,3529807826.17,350470239.769,4258356226.889
2021-10-18,423663328.86,3592224621.5,249846681.64,4265734632.0
2021-10-19,401412065.18,4433712215.22,452962179.656,5288086460.056001
2021-10-20,363840398.12,4637796704.33,584592236.752,5586229339.202
2021-10-21,388322284.22,4947496971.57,432525301.73399997,5768344557.524
2021-10-22,378329827.53,4501582032.05,138724368.869,5018636228.449
2021-10-23,416245389.92,3941000331.96,147594547.89,4504840269.77
2021-10-24,388014700.1,3951577498.828,131914015.904,4471506214.832001
2021-10-25,463660189.33,4001898375.7,73127097.612,4538685662.642
2021-10-26,454780591.68,3933760245.5,42506871.019,4431047708.199
2021-10-27,418656109.14,4231170970.84,277233174.305,4927060254.285001
2021-10-28,430618847.8,4512016715.5,76593670.662,5019229233.962
2021-10-29,411710878.27,3884334546.5,79732866.195,4375778290.965
2021-10-30,403294953.07,3706422553.5,263867334.036,4373584840.606
2021-10-31,364064838.8,3719968390.74,330290038.443,4414323267.983
2021-11-01,415852242.98,3620282708.05,371996009.752,4408130960.782001
2021-11-02,555427168.3,3892996382.9,32350057.447,4480773608.646999
2021-11-03,585435292.2,3758993961.1800003,20949040.956,4365378294.336
2021-11-04,530122503.46999997,4088423424.97,38706888.034,4657252816.474
2021-11-05,493454356.56,3966544038.88,87257791.457,4547256186.897
2021-11-06,405333472.14,3626123682.48,375650390.837,4407107545.457
2021-11-07,392066495.48,3589419179.48,389000615.342,4370486290.302
2021-11-08,565404587.72,4161549122.02,49781596.17,4776735305.91
2021-11-09,529672846.3,4082202566.8,52512753.885,4664388166.985001
2021-11-10,607968701.5,4245910434.85,54315939.0,4908195075.35
2021-11-11,616739438.7,3970760308.45,41741442.222,4629241189.372
2021-11-12,537171718.0,3705786995.01,104789458.0,4347748171.01
2021-11-13,491912030.75,3641017832.926,249542546.699,4382472410.375
2021-11-14,457572450.62,3816811399.519,426971512.157,4701355362.296
2021-11-15,627334170.5,4005446504.75,6609374.01,4639390049.26
2021-11-16,612030843.0,4049404984.9900002,12750304.25,4674186132.24
2021-11-17,500546619.31,3987089719.3,572007.482,4488208346.092001
2021-11-18,444625407.52,4010138609.01,62135741.501,4516899758.031001
2021-11-19,446472471.01,3856051025.39,295313237.346,4597836733.745999
2021-11-20,421994511.82,4308072186.35,373045637.82,5103112335.99
2021-11-21,460517519.52,4261502477.39,186268037.699,4908288034.609
2021-11-22,575511819.3,4367004050.2,27748715.952,4970264585.452
2021-11-23,640588451.3,4420916233.54,1924611.0,5063429295.84
2021-11-24,646713143.0,4488602761.0,13878567.504,5149194471.504
2021-11-25,612591532.3,4483456635.3,57327835.352,5153376002.952001
2021-11-26,540174566.2,4654928052.1,67275877.118,5262378495.418
2021-11-27,520896164.59,4459212109.74,22680075.8,5002788350.13
2021-11-28,514873856.92,4494129020.16,45059337.456,5054062214.536
2021-11-29,603569901.9,4599528353.2,42851620.367,5245949875.466999
2021-11-30,500101312.6,4726711109.1,39945282.114,5266757703.814001
2021-12-01,480781686.79999995,5098622683.1,106097533.23,5685501903.13
2021-12-02,605116264.2,4662943883.74,128243313.28400001,5396303461.224
2021-12-03,533594151.20000005,4547552136.8,65597209.504,5146743497.504
2021-12-04,510466838.2,4173369466.9900002,140160565.501,4823996870.691001
2021-12-05,519757596.9,4044177851.7,170297500.31,4734232948.91
2021-12-06,621719591.7,4621010086.0,114839430.0,5357569107.7
2021-12-07,599213740.6,4332655278.69,97398754.0,5029267773.29
2021-12-08,585287948.9,4226949817.16,95748193.0,4907985959.059999
2021-12-09,649404911.4,4560978495.9,48043506.0,5258426913.299999
2021-12-10,622542643.4,4444188046.8,106612578.0,5173343268.2
2021-12-11,519047736.37,4006299963.59,221769148.0,4747116847.96
2021-12-12,431905812.35,3911799077.78,331752137.235,4675457027.365
2021-12-13,575514403.76,4479720335.45,270523995.0,5325758734.21
2021-12-14,600145176.6,5033531732.059999,188265981.317,5821942889.977
2021-12-15,571839687.42,4806898543.04,238339513.185,5617077743.645
2021-12-16,584217775.56,4755738980.67,104619005.005,5444575761.235
2021-12-17,576507072.64,4750958973.2699995,173176725.936,5500642771.846
2021-12-18,487994940.88,3927334874.7,66008210.710999995,4481338026.291
2021-12-19,440480345.53999996,4025115648.16,48806066.573,4514402060.273
2021-12-20,646607318.2,4676986442.3,31225592.189,5354819352.689
2021-12-21,659355939.1,4254162064.08,49102095.0,4962620098.18
2021-12-22,581832902.4,4117760964.51,64810919.111,4764404786.021
2021-12-23,426632153.7,3915154123.769,68687073.222,4410473350.691
2021-12-24,396339396.23,3784463219.88,148234895.61,4329037511.72
2021-12-25,409983488.55,3057566759.506,233576629.084,3701126877.1400003
2021-12-26,417581617.35,3106275844.956,200811267.167,3724668729.4729996
2021-12-27,422635332.17,3300436647.72,235594115.50599998,3958666095.396
2021-12-28,408728229.17,3279177339.9700003,305532277.781,3993437846.9210005
2021-12-29,402674800.59000003,3737511862.407,479112296.78900003,4619298959.786
2021-12-30,371000010.53,4100057133.4,757304719.426,5228361863.356
2021-12-31,335377425.4,3818515199.1879997,1072600514.9,5226493139.488
2022-01-01,348975052.84000003,4050164354.362,803967654.9319999,5203107062.134
2022-01-02,360741036.03999996,3978402900.254,772973235.8989999,5112117172.193001
2022-01-03,430161134.53,4308673977.4800005,433668790.2,5172503902.21
2022-01-04,493003155.79999995,4033741520.35,268518602.425,4795263278.575
2022-01-05,461648920.97,3295628992.97,59701940.833,3816979854.773
2022-01-06,526009541.70000005,3062736922.3399997,138367.33299999998,3588884831.373
2022-01-07,476634412.8,3365255670.06,12177741.5,3854067824.36
2022-01-08,442379062.63,3603763244.9300003,4122.722,4046146430.2820005
2022-01-09,484442897.87,3586218186.42,12670.832,4070673755.1219997
2022-01-10,675279301.6,4248630246.73,7697.0,4923917245.33
2022-01-11,673035332.5,4222136731.2000003,675033.11,4895847096.81
2022-01-12,660947918.9,4262450999.57,5269.0,4923404187.47
2022-01-13,610155063.5,4462708729.62,2525.0,5072866318.12
2022-01-14,635214197.3,4104551804.68,8.0,4739766009.98
2022-01-15,563586009.1,3253489953.2599998,65240528.0,3882316490.3599997
2022-01-16,446513713.83,3128802210.8100004,100960560.87,3676276485.51
2022-01-17,525935989.1,3829583538.12,89533974.02499999,4445053501.245
2022-01-18,671565509.5,4048928316.13,37953510.11,4758447335.74
2022-01-19,528093067.6,4245257627.77,2577231.844,4775927927.214
2022-01-20,514386773.2,4352118198.55,7296.0,4866512267.75
2022-01-21,555055768.4,4515196366.78,45040.0,5070297175.179999
2022-01-22,575801437.6,4062314713.96,92986948.0,4731103099.56
2022-01-23,592203557.5,3854015976.7,100994573.0,4547214107.2
2022-01-24,694868000.5,4292958866.62,227738.0,4988054605.12
2022-01-25,691178443.2,4270562344.69,2650457.0,4964391244.89
2022-01-26,593417803.7,4254370076.89,5977.0,4847793857.59
2022-01-27,543807447.4,4338053319.47,5177463.0,4887038229.87
2022-01-28,548087926.7,4023675698.61,40053.0,4571803678.31
2022-01-29,456762224.38,3638677996.29,187134105.0,4282574325.67
2022-01-30,440480510.52,3453355868.5,171892852.0,4065729231.02
2022-01-31,557315068.4,3592440552.48,17457239.0,4167212859.88
2022-02-01,527475912.6,4093354532.96,10564371.0,4631394816.56
2022-02-02,554300930.2,3940606858.2599998,8974735.868,4503882524.328
2022-02-03,581435117.6,3871849422.69,75188723.848,4528473264.138
2022-02-04,507819259.9,4097703697.36,95201777.78,4700724735.04
2022-02-05,455581457.43,3696461523.36,39846111.284,4191889092.074
2022-02-06,434129521.2,3563421134.86,56040638.584,4053591294.644
2022-02-07,495213619.8,3637481607.27,3576541.858,4136271768.928
2022-02-08,475920662.8,4042391946.9,7780.28,4518320389.98
2022-02-09,491734913.9,4098322862.12,140257528.4,4730315304.419999
2022-02-10,561699254.8,4101081039.89,155571254.345,4818351549.035
2022-02-11,541832685.3,4107960807.7400002,155645097.0,4805438590.04
2022-02-12,461886914.99,3648200974.7200003,152649400.96600002,4262737290.676
2022-02-13,452153916.09000003,3581039406.23,276697686.30799997,4309891008.628
2022-02-14,506245642.75,4089661298.7390003,181116331.752,4777023273.241
2022-02-15,507196565.82,4472148731.44,81255585.943,5060600883.202999
2022-02-16,515012567.7,4214330238.9,96212849.101,4825555655.701
2022-02-17,494612321.75,4048961159.0099998,142078732.79500002,4685652213.555
2022-02-18,496293025.2,3907178013.4,60522512.472,4463993551.0720005
2022-02-19,429943766.93,3445309243.9700003,64338122.0,3939591132.9
2022-02-20,418286522.87,3361583814.04,109734879.965,3889605216.875
2022-02-21,478274528.62,3567221856.62,17327972.436,4062824357.6759996
2022-02-22,500252678.20000005,3852420541.418,6068593.0,4358741812.618
2022-02-23,540195380.22,3961129321.5099998,30655387.05,4531980088.78
2022-02-24,524515820.61,3668654468.579,36766558.25,4229936847.439
2022-02-25,550691146.2,3184173519.11,8132510.044,3742997175.3540006
2022-02-26,510216031.4,3222045507.6800003,57587271.538,3789848810.6180005
2022-02-27,473078065.55,2969487692.0299997,95495537.867,3538061295.447
2022-02-28,509873853.1,3583968112.06,14395887.999,4108237853.159
2022-03-01,631742717.3,4437544619.37,5953538.0,5075240874.67
2022-03-02,648810560.0,4363127450.875,30101674.059,5042039684.934
2022-03-03,576180704.9,4078239178.324,39437073.815,4693856957.039
2022-03-04,583605757.3,3974171104.58,24016153.519,4581793015.399
2022-03-05,475387401.3,3655590398.975,108880267.314,4239858067.589
2022-03-06,476854049.6,3760338558.638,72647337.50400001,4309839945.742
2022-03-07,600752531.0,4354494003.23,40021073.811000004,4995267608.040999
2022-03-08,547238250.4,4476228644.37,147044486.558,5170511381.327999
2022-03-09,497627270.5,4426414850.2,200581425.284,5124623545.984
2022-03-10,473588703.5,4381262885.88,317711959.702,5172563549.082
2022-03-11,451920793.5,4527247936.86,418849889.594,5398018619.9539995
2022-03-12,425672182.04,4473956828.94,660755861.053,5560384872.032999
2022-03-13,424193534.45,4342147018.65,726985111.386,5493325664.485999
2022-03-14,555300275.4,4575187902.47,236510923.362,5366999101.232
2022-03-15,610174419.4,4206809906.48,150464574.58,4967448900.46
2022-03-16,497742331.99,4288967679.21,244486194.22,5031196205.42
2022-03-17,571313411.21,4601266552.61,350106846.883,5522686810.703
2022-03-18,534191720.97,4283836263.39,486146165.536,5304174149.896
2022-03-19,415551536.92,4331301911.75,666345632.477,5413199081.147
2022-03-20,418277990.14,4211410052.7000003,736697460.352,5366385503.192
2022-03-21,527939552.63,4362744099.952,496100577.524,5386784230.106
2022-03-22,553207097.2,5128909552.064,384627030.301,6066743679.565
2022-03-23,553602016.9,4595399939.323999,408872500.151,5557874456.374999
2022-03-24,553358761.8,4639084374.09,545096082.417,5737539218.307
2022-03-25,480630317.16,5011672472.21,658551351.7639999,6150854141.134
2022-03-26,395250975.94,4894056325.66,1072266312.711,6361573614.310999
2022-03-27,426407136.53,5137315894.4,1043083073.6700001,6606806104.599999
2022-03-28,502138289.75,4913516479.58,698630285.089,6114285054.419
2022-03-29,568836862.7,4914438947.38,636759948.608,6120035758.688
2022-03-30,582387321.2,4297086501.959,515374017.69200003,5394847840.851
2022-03-31,541096735.8,4188290972.2999997,415865682.93799996,5145253391.037999
2022-04-01,491075610.44,4222178309.81,390225299.395,5103479219.645
2022-04-02,476507087.15999997,4265258787.422,376614725.93,5118380600.512
2022-04-03,445170117.67,4425006481.205,444681199.78,5314857798.655
2022-04-04,451598028.99,4922181340.4,301300720.78499997,5675080090.174999
2022-04-05,447100875.72,4587763934.59,451155623.22,5486020433.530001
2022-04-06,431991196.46000004,4651988745.610001,770950212.416,5854930154.486001
2022-04-07,460340690.82,4368405072.05,921419379.064,5750165141.934
2022-04-08,451987857.78,4114071113.84,896527174.582,5462586146.202
2022-04-09,417027284.2,3935931046.3859997,982607688.974,5335566019.559999
2022-04-10,413358299.5,4052991484.093,954771427.507,5421121211.1
2022-04-11,447399158.7,4489928457.46,621634498.574,5558962114.734
2022-04-12,421058573.11,4954245263.860001,885614038.5339999,6260917875.504
2022-04-13,484541116.08,4909003697.610001,1161686442.891,6555231256.581
2022-04-14,442024189.52,4807629798.28,1250486721.17,6500140708.969999
2022-04-15,376947231.24,4689259004.784,1024431022.3,6090637258.324
2022-04-16,357737799.52,4593449525.67,1167097999.66,6118285324.85
2022-04-17,332505427.18,4570331936.721,1336414556.06,6239251919.961
2022-04-18,368771198.39,4637434698.863,1254576281.037,6260782178.29
2022-04-19,430415754.08,5010581144.98,935130725.983,6376127625.042999
2022-04-20,421544971.26,5272309300.21,885046856.94,6578901128.41
2022-04-21,412324351.22,5144911198.96,964361187.76,6521596737.940001
2022-04-22,366509869.19,5222845668.47,1064580001.89,6653935539.55
2022-04-23,326243396.09000003,5325130716.95,1286663158.23,6938037271.27
2022-04-24,337758513.55,5149278139.82,1382294651.18,6869331304.55
2022-04-25,484933800.7,5068891457.35,897033728.39,6450858986.440001
2022-04-26,503035747.28,4901373178.66,736362079.357,6140771005.297
2022-04-27,485974353.74,4721546592.440001,517551754.271,5725072700.451
2022-04-28,422241353.94,4635696800.95,1046854961.0109999,6104793115.900999
2022-04-29,411760457.51,4768193531.139999,1168570695.25,6348524683.9
2022-04-30,333979799.15999997,4467042767.3,1268610886.94628,6069633453.4062805
2022-05-01,323830963.49,4012456497.49,1543160267.88,5879447728.86
2022-05-02,407017570.44,4294595803.329,1174051134.85,5875664508.6189995
2022-05-03,448751882.62,4377225725.68,1301764722.62,6127742330.92
2022-05-04,464685024.98,4145526263.84,1496755209.6,6106966498.42
2022-05-05,451222963.22,4193340986.308,1326597769.664,5971161719.191999
2022-05-06,423829778.21,4823073386.82,1036112898.072,6283016063.101999
2022-05-07,317772832.74,4589456682.52,998841644.184,5906071159.444
2022-05-08,352416438.3,4612187900.97,1083080198.146,6047684537.416
2022-05-09,434575915.95,4745752553.440001,833510172.688,6013838642.078
2022-05-10,400588517.75,4966796651.52,784299386.814,6151684556.084001
2022-05-11,380797934.26,5264089255.83,904899525.442,6549786715.532001
2022-05-12,399639270.26,5393500700.95,860200068.145,6653340039.355
2022-05-13,376688302.25,5247621350.690001,911450597.306,6535760250.246
2022-05-14,332387939.68,4580325900.415,1359712554.396,6272426394.491
2022-05-15,319199680.08,4577942500.17,1586192664.83,6483334845.08
2022-05-16,415174438.77,4546158603.34,1040100863.224,6001433905.334001
2022-05-17,446498226.56,4735753750.940001,1015908574.87,6198160552.370001
2022-05-18,407330716.97,4447349414.23,1074721140.804,5929401272.004
2022-05-19,489430131.19,4924019077.389999,1034452056.23,6447901264.809999
2022-05-20,362730470.68,4947118015.33,1011205383.1700001,6321053869.18
2022-05-21,300101199.98,4554245764.703,1765915189.87,6620262154.553
2022-05-22,322927351.39,4589410314.22,1814531843.92,6726869509.530001
2022-05-23,360905066.09000003,4666190334.690001,1264986340.962,6292081741.742001
2022-05-24,401385572.56,4809759164.610001,1115331010.93,6326475748.100001
2022-05-25,344597344.5,5272476200.16,1290178453.6,6907251998.26
2022-05-26,327836428.78999996,5526069348.63,1334347983.06,7188253760.48
2022-05-27,325837309.88,4885215807.82,1435442670.91,6646495788.61
2022-05-28,305902049.65999997,4965115165.84,1293849289.865,6564866505.365
2022-05-29,329405632.75,4800339630.84,1175200231.73,6304945495.32
2022-05-30,401998589.22,4829264484.38,788453281.9779999,6019716355.578
2022-05-31,402122457.9,4798358496.35,629614481.403,5830095435.653
2022-06-01,409969377.46,4950686790.944,995774444.36,6356430612.764
2022-06-02,406060649.71000004,5105041573.0,1015800929.436,6526903152.146
2022-06-03,370476411.84000003,4961198686.16,1328632253.973,6660307351.973
2022-06-04,290288582.89,4728188718.309999,1664326729.108,6682804030.308
2022-06-05,272576233.17,4749832273.190001,1728783531.97,6751192038.330001
2022-06-06,285962236.51,4958438946.67,1534431300.499,6778832483.679001
2022-06-07,383029159.07,4944854096.45,1131724582.183,6459607837.702999
2022-06-08,388593102.71,5092459457.781,869815723.749,6350868284.24
2022-06-09,361293453.7,4831779345.55,899478505.197,6092551304.4470005
2022-06-10,355094840.12,4541222281.79,1054436638.103,5950753760.013
2022-06-11,306476402.64,4682717352.26,1440084110.707,6429277865.607
2022-06-12,304202840.40999997,4884582069.234,1509695606.0180001,6698480515.662001
2022-06-13,362012982.94,4383671088.09,872225323.683,5617909394.712999
2022-06-14,422624546.7,4153842767.15,928288923.555,5504756237.405001
2022-06-15,393848307.27,3691913131.45,783562153.479,4869323592.198999
2022-06-16,315521122.8,3286238619.37,838854327.95,4440614070.12
2022-06-17,308349329.14,3263889134.5299997,1014344842.94,4586583306.61
2022-06-18,273580299.14,3220543667.4300003,1192050911.218,4686174877.788
2022-06-19,297223401.49,3242935157.5,1186400240.134,4726558799.124
2022-06-20,384694522.97,3132814267.0299997,879143276.16,4396652066.16
2022-06-21,420588110.25,3150804948.85,894526459.99,4465919519.09
2022-06-22,467242475.75,3217901268.94,842063815.435,4527207560.125
2022-06-23,409845684.82,3308785861.5,875732570.783,4594364117.103001
2022-06-24,392187957.99,3653140198.4,846474416.331,4891802572.721001
2022-06-25,288557145.15999997,3981274084.35,990235132.645,5260066362.155
2022-06-26,323427148.45,3957834910.6,987413468.676,5268675527.726
2022-06-27,411462473.17,3903338335.1,684433004.062,4999233812.332
2022-06-28,400636012.13,3960220025.5299997,672544819.726,5033400857.386
2022-06-29,437749880.06,3953454412.8,626498459.167,5017702752.027
2022-06-30,414439536.64,4006565395.3199997,722401222.349,5143406154.309
2022-07-01,353959912.09000003,4113171783.64,824985532.356,5292117228.0859995
2022-07-02,287934757.26,4221286729.87,1082034706.807,5591256193.937
2022-07-03,281685295.29,4092890325.44,1208296986.237,5582872606.967001
2022-07-04,338574438.8,4108619433.66,1037466202.615,5484660075.075
2022-07-05,326822051.41999996,4068782851.6800003,944008136.903,5339613040.003
2022-07-06,316103245.26,4003468007.75,1004021364.8989999,5323592617.909
2022-07-07,312604929.59000003,4199673681.01,1038031012.292,5550309622.892
2022-07-08,304312901.63,3957277387.67,873478009.368,5135068298.668
2022-07-09,276060319.69,3567568492.84,995094132.687,4838722945.217
2022-07-10,278229765.78,3251389295.94,1123441767.29,4653060829.01
2022-07-11,409548541.75,1886691139.3600001,646066997.598,2942306678.708
2022-07-12,380346216.73,2348124946.2200003,575930169.56,3304401332.51
2022-07-13,371252117.18,2201163281.37,544917359.266,3117332757.816
2022-07-14,332337171.34000003,2295473458.42,767777453.556,3395588083.316
2022-07-15,329474656.77,2357902299.63,698910765.113,3386287721.513
2022-07-16,260082620.86,2245666631.35,820652338.688,3326401590.898
2022-07-17,299271925.6,1878863790.47,916306753.343,3094442469.413
2022-07-18,446267207.15,2430883370.42,698674410.156,3575824987.7260003
2022-07-19,399532048.36,2386435917.25,727058432.0,3513026397.61
2022-07-20,395112811.65999997,2415327405.19,748257823.0,3558698039.85
2022-07-21,453512993.52,4179187709.36,756624279.68,5389324982.56
2022-07-22,432469862.95,3973805907.77,841086491.874,5247362262.594
2022-07-23,317090932.73,4069844445.38,999736144.519,5386671522.629001
2022-07-24,305648779.96000004,3830870371.5299997,1172522275.928,5309041427.417999
2022-07-25,305639757.22,3833838082.58,1124858971.223,5264336811.023001
2022-07-26,404231350.52,3774552701.99,1246704491.88,5425488544.389999
2022-07-27,372336411.24,3116260990.39,1179652440.682,4668249842.312
2022-07-28,350557517.54,3072322503.03,1221217260.671,4644097281.241
2022-07-29,360586639.9,3044480730.629,1078330843.3470001,4483398213.876
2022-07-30,255172145.16,2688317969.48,1248836536.524,4192326651.1639996
2022-07-31,263018031.52,2403844549.02,1448712940.921818,4115575521.4618177
2022-08-01,362633606.91999996,2249479429.84,1336067874.06,3948180910.82
2022-08-02,301562039.93,2307208392.61,1630469201.04,4239239633.58
2022-08-03,329371508.16999996,2323089077.82,1678681889.657,4331142475.647
2022-08-04,351191568.24,2460825882.85,1578529788.954,4390547240.044001
2022-08-05,295658424.27,2296338133.191,1493104550.709,4085101108.17
2022-08-06,252249891.27,2453725307.95,1909476592.775,4615451791.995
2022-08-07,250715266.1,2412887758.13,1943022604.13,4606625628.360001
2022-08-08,291323167.28999996,2319131410.38,1640891204.574,4251345782.244
2022-08-09,288768009.99,2132198451.716,1774914343.486,4195880805.1920004
2022-08-10,300336395.23,1949337417.93,1804789214.526,4054463027.686
2022-08-11,333280273.55,2095172448.47,1695400925.79,4123853647.81
2022-08-12,323112735.72,2054860433.432,1722963653.755,4100936822.907
2022-08-13,269619786.27,2161610312.99,1987971974.05,4419202073.309999
2022-08-14,241110849.42,2231549309.31,1897131609.2220001,4369791767.952
2022-08-15,362704765.65999997,2247558653.74,1712653649.6,4322917069.0
2022-08-16,428009251.33,2264718260.21,1666732048.8400002,4359459560.38
2022-08-17,438208972.47,2276841718.864,1422310595.59,4137361286.924
2022-08-18,424493613.46000004,1966170768.06,1357781239.24,3748445620.76
2022-08-19,402988593.65999997,1921650052.29,1344913986.45,3669552632.3999996
2022-08-20,252789014.55,2052666526.43,1834010759.06,4139466300.04
2022-08-21,307045105.51,2113416290.1399999,1917224692.8,4337686088.45
2022-08-22,417834859.66999996,2138327754.95,1648495663.887,4204658278.507
2022-08-23,406953429.27,2144475105.22,1395445093.67,3946873628.16
2022-08-24,414470689.86,2302353271.64,1132684497.508,3849508459.008
2022-08-25,391570920.17,2069488562.8,1410783926.822,3871843409.792
2022-08-26,404995911.86,1883841678.631,1152088501.076,3440926091.5670004
2022-08-27,299025756.71000004,2054122323.093,1391463541.811,3744611621.6140003
2022-08-28,240037528.07,2278984117.19,1523515902.248,4042537547.5080004
2022-08-29,375594192.87,2433357257.94,1179996786.056,3988948236.866
2022-08-30,357153111.03999996,2378547986.91,1189710388.64,3925411486.59
2022-08-31,386507709.27,1534487027.5,1404132000.07,3325126736.84
2022-09-01,372078552.84000003,1569472613.22,1170525099.63,3112076265.69
2022-09-02,281846910.53999996,891490879.23,1403589726.37,2576927516.14
2022-09-03,221587383.97,1261580435.25,1650306352.716,3133474171.936
2022-09-04,243957241.57,1175438642.228,1784402447.628,3203798331.4259996
2022-09-05,286047050.4,1440721339.3,1450057885.076,3176826274.776
2022-09-06,312911388.27,1721044781.21,1270725961.769,3304682131.249
2022-09-07,356082425.58,1599796622.28,729135338.276,2685014386.1359997
2022-09-08,311120699.29,1837511522.5,1110736409.78,3259368631.5699997
2022-09-09,294142936.75,1622497963.83,1263750347.255,3180391247.835
2022-09-10,273561913.59000003,1475011774.243,1307792453.61,3056366141.443
2022-09-11,299800984.02,1317050370.68,1275309546.111,2892160900.811
2022-09-12,348187866.87,1654992053.6,871439679.73,2874619600.2
2022-09-13,333790212.35,1633290182.17,764664170.74,2731744565.26
2022-09-14,343670282.65,1472323556.4,765889264.197,2581883103.247
2022-09-15,273165543.77,1296272904.09,957564998.03,2527003445.89
2022-09-16,282027032.22,1299242414.3600001,1214333599.2,2795603045.78
2022-09-17,254318151.06,1467872003.75,1415537815.22,3137727970.0299997
2022-09-18,266522064.83,1334090078.08,1271867975.856,2872480118.766
2022-09-19,303642181.18,1306271382.93,809884154.28,2419797718.3900003
2022-09-20,412851428.25,1579207306.17,638684702.924,2630743437.344
2022-09-21,394882148.67999995,1564121949.81,634381602.0,2593385700.49
2022-09-22,358808421.76,1611169211.786,681145676.443,2651123309.989
2022-09-23,372971244.39,1467775288.74,697250694.742,2537997227.872
2022-09-24,251956653.73,1363689298.82,871441270.26,2487087222.81
2022-09-25,245065004.83,1313010164.34,876575879.651,2434651048.821
2022-09-26,258348878.47,1481151807.48,755347463.085,2494848149.035
2022-09-27,321333227.01,1425564563.68,800403794.34,2547301585.03
2022-09-28,370404845.99,1200941469.8400002,680814116.74,2252160432.57
2022-09-29,374170829.26,1220580851.8899999,677946458.537,2272698139.687
2022-09-30,303971265.17,1128474636.1,938309311.0,2370755212.27
2022-10-01,246911329.62,1243302890.85,1002443621.8199999,2492657842.29
2022-10-02,240987822.84,1310939959.44,1016674877.074,2568602659.354
2022-10-03,259518409.06,1221480173.442,978679460.994,2459678043.496
2022-10-04,272698194.05,1624047179.03,807672329.1110001,2704417702.191
2022-10-05,246312222.75,1963563118.104,927639040.944,3137514381.7980003
2022-10-06,264317647.53,2008166964.45,922861100.145,3195345712.125
2022-10-07,267818256.2,1672933733.111,1147914893.74,3088666883.051
2022-10-08,250741242.06,1616491768.0,1201529053.89,3068762063.95
2022-10-09,244433553.04,1450969410.241,1138846582.808,2834249546.0889997
2022-10-10,286024477.53,1403755051.001,913207437.477,2602986966.008
2022-10-11,403838731.67999995,1403535041.387,1096838325.681,2904212098.748
2022-10-12,400309152.57,1461717185.8899999,923254202.135,2785280540.595
2022-10-13,498619110.22,1427698707.79,797854803.048,2724172621.058
2022-10-14,376897203.28999996,1315465781.764,790645756.27,2483008741.324
2022-10-15,260176927.96,1670420379.8400002,991741243.092,2922338550.892
2022-10-16,258369209.82,1692280441.655,1206118271.856,3156767923.331
2022-10-17,354283160.91999996,1732123220.0900002,1087034413.3899999,3173440794.4
2022-10-18,401812775.8,1915552501.8899999,724690221.801,3042055499.491
2022-10-19,422145408.99,1977133282.49,647354594.743,3046633286.223
2022-10-20,336366961.94,2022372821.81,524571471.741,2883311255.491
2022-10-21,387922250.92,2108540750.56,670651175.79,3167114177.27
2022-10-22,319236712.34000003,2107781576.004,854604204.855,3281622493.199
2022-10-23,275897820.71000004,2058061994.1430001,1062296882.935,3396256697.788
2022-10-24,312091142.77,1894170595.71,772756726.02,2979018464.5
2022-10-25,387229728.63,1938137215.93,589590787.858,2914957732.418
2022-10-26,364714339.2,1840146625.31,581678342.785,2786539307.2949996
2022-10-27,317819430.8,2229932583.33,666813326.499,3214565340.629
2022-10-28,315536409.90999997,2163614429.02,701463848.392,3180614687.3219995
2022-10-29,306979116.56,2145642560.1599998,935310092.516,3387931769.236
2022-10-30,324812027.45,2019289251.766,838114082.005,3182215361.221
2022-10-31,345404313.11,2036087287.74,648968402.808,3030460003.658
2022-11-01,272001704.52,1697192538.38,656967116.557,2626161359.4570003
2022-11-02,330814238.01,1915335075.503,561834872.405,2807984185.918
2022-11-03,343135880.14,2163884895.58,376972539.61,2883993315.33
2022-11-04,369125666.61,1773797497.339,356820301.876,2499743465.825
2022-11-05,289015565.39,1814240496.44,624727354.97,2727983416.8
2022-11-06,277824789.75,1830409707.8769999,656112300.22,2764346797.847
2022-11-07,298684381.28999996,1821221858.07,200071301.285,2319977540.645
2022-11-08,318636435.34000003,2250004936.55,270692303.649,2839333675.5390005
2022-11-09,318106057.23,2142891650.96,221461173.745,2682458881.935
2022-11-10,318956711.61,1836975435.86,370066362.865,2525998510.335
2022-11-11,325892199.45,1665526963.43,274450813.26,2265869976.1400003
2022-11-12,318655823.24,1458208838.5,513284316.41,2290148978.15
2022-11-13,317211170.59000003,1465904612.5019999,380169501.788,2163285284.88
2022-11-14,393172401.15,1164786646.42,100633560.44600001,1658592608.0160003
2022-11-15,345877309.22,799427542.432,76106287.131,1221411138.783
2022-11-16,364353078.21,878770480.27,214446343.954,1457569902.434
2022-11-17,355808942.61,960788980.86,99383883.14,1415981806.6100001
2022-11-18,374463863.82,754622876.13,74861857.398,1203948597.348
2022-11-19,325125124.44,775413065.75,76598.271,1100614788.461
2022-11-20,314049728.99,785153531.23,33101.552,1099236361.772
2022-11-21,396382936.03999996,579438982.7,14424226.085,990246144.825
2022-11-22,361650411.51,654747621.22,5272550.051,1021670582.781
2022-11-23,357606767.96,823065860.28,56481184.742,1237153812.982
2022-11-24,412842706.56,753304123.34,52171835.036,1218318664.936
2022-11-25,387364064.67,705275175.55,19356173.284,1111995413.504
2022-11-26,298730987.01,814930599.86,162175878.842,1275837465.712
2022-11-27,285414392.92,768592224.62,90101659.8,1144108277.34
2022-11-28,443625635.28,666202311.28,5244103.691,1115072050.251
2022-11-29,531472226.45,599055975.823,12713797.856,1143242000.129
2022-11-30,546211222.15,511290718.303,211976.98100000003,1057713917.4339999
2022-12-01,552736680.5,922657398.02,4097783.498,1479491862.018
2022-12-02,476080486.48,707187705.64,11802.892,1183279995.0119998
2022-12-03,464128955.58,557352088.296,11627212.595,1033108256.471
2022-12-04,425597961.95,591148712.2,14786798.863,1031533473.0130001
2022-12-05,515043732.15,446539830.03,2687392.094,964270954.2739999
2022-12-06,526590172.31,464576846.35,1410178.167,992577196.8270001
2022-12-07,495675997.91,284649299.83,2131353.726,782456651.466
2022-12-08,534218178.24,283659248.24,4066743.447,821944169.927
2022-12-09,525511114.65,340972064.87,15132.393,866498311.913
2022-12-10,473872888.25,507757873.86,6758.614,981637520.724
2022-12-11,486327237.01,477097538.691,15938.558,963440714.259
2022-12-12,569226225.9300001,849402993.27,1417619.889,1420046839.089
2022-12-13,551143760.6600001,1599103206.16,2110.278,2150249077.098
2022-12-14,569322560.6700001,866211113.29,8475.055,1435542149.015
2022-12-15,560931224.8199999,638525290.79,1301903.98,1200758419.59
2022-12-16,552820365.51,418815918.736,4271.0,971640555.246
2022-12-17,410928125.96,401441219.07,12852.0,812382197.03
2022-12-18,358308996.34000003,346124773.04,16137.852,704449907.2320001
2022-12-19,398476090.21,434031064.08,15611500.033,848118654.323
2022-12-20,367783426.43,762959246.87,36632404.15,1167375077.45
2022-12-21,309368758.01,906443361.97,175450995.465,1391263115.445
2022-12-22,279155298.6,893624110.53,302500740.63,1475280149.7600002
2022-12-23,258346725.37,1019157714.37,255378278.123,1532882717.863
2022-12-24,228275858.57,771036753.5,754556597.729,1753869209.7989998
2022-12-25,216901489.58,806609824.88,813822843.977,1837334158.437
2022-12-26,217311901.78,812015960.71,934144933.464,1963472795.954
2022-12-27,248602565.26,895137731.26,376996710.231,1520737006.751
2022-12-28,245114643.16,818685178.55,502163741.542,1565963563.2519999
2022-12-29,231353921.54,848462403.98,839854373.451,1919670698.971
2022-12-30,226518886.89,869874316.42,793140927.034,1889534130.3439999
2022-12-31,205966166.47,964218218.859,1089937709.331,2260122094.66
2023-01-01,221469651.06,1054170212.6489999,872184780.807,2147824644.516
2023-01-02,290004450.5,1086590500.7519999,478515036.949,1855109988.2009997
2023-01-03,308221797.52,853484349.5,220975327.371,1382681474.391
2023-01-04,308833891.40999997,1377077265.93,234967091.164,1920878248.5040002
2023-01-05,322946299.96,1188304512.07,273238999.951,1784489811.981
2023-01-06,299374469.03,900034370.0699999,478329265.96500003,1677738105.065
2023-01-07,275509864.22,1134498638.83,427046237.68,1837054740.73
2023-01-08,287225391.86,1200729744.77,382226939.212,1870182075.842
2023-01-09,346095741.14,1187671629.94,85538507.221,1619305878.3009999
2023-01-10,341502333.88,1347057657.95,56078862.109,1744638853.939
2023-01-11,348464588.46,1656424558.18,47864749.633,2052753896.273
2023-01-12,340529087.51,1669975861.27,32460227.843999997,2042965176.624
2023-01-13,374418410.81,1630388674.64,33905522.111,2038712607.561
2023-01-14,328243289.94,1105078068.4,20935663.781999998,1454257022.1220002
2023-01-15,321177897.01,988716253.3199999,9407175.224,1319301325.554
2023-01-16,386769320.57,1426376969.02,152053.002,1813298342.592
2023-01-17,480951212.40999997,1127110314.71,110892.402,1608172419.5219998
2023-01-18,515050747.52,1496373628.38,140039.424,2011564415.3240001
2023-01-19,544344450.1,1600478294.31,9935200.455,2154757944.865
2023-01-20,541971823.62,1678106980.6799998,93075.664,2220171879.9639997
2023-01-21,416269205.65,1391131730.28,4418.0,1807405353.9299998
2023-01-22,458482851.18,1436416974.07,0.0,1894899825.25
2023-01-23,620511798.95,1738273941.95,7.0,2358785747.9
2023-01-24,632283194.48,1888218882.21,1154.0,2520503230.69
2023-01-25,662960331.4,1940102940.02,0.0,2603063271.42
2023-01-26,622148481.7,1864928830.42,0.0,2487077312.12
2023-01-27,581257484.5,1907518499.32,2462105.0,2491238088.8199997
2023-01-28,499593391.46000004,1557399983.88,16383647.0,2073377022.3400002
2023-01-29,449363745.73,1534993452.98,11594863.0,1995952061.71
2023-01-30,470690180.4,1637630221.05,11677.0,2108332078.4499998
2023-01-31,486553378.41,1470643813.1100001,25.0,1957197216.5200002
2023-02-01,424935091.0,1505973501.18,8065136.384,1938973728.5640001
2023-02-02,432419908.93,1383760321.78,5215115.555,1821395346.265
2023-02-03,399290266.03,1267764798.72,74028.106,1667129092.856
2023-02-04,387215703.63,1059477718.88,8689.943,1446702112.453
2023-02-05,380702326.71,1082516663.42,4229.218,1463223219.348
2023-02-06,596117765.31,1600690617.23,7308.5,2196815691.04
2023-02-07,602897399.2,1742538966.57,70003.077,2345506368.847
2023-02-08,514840821.38,1574474582.13,13.0,2089315416.5100002
2023-02-09,531229795.08,1742204530.97,3106.0,2273437432.05
2023-02-10,468737608.21000004,1531541918.58,13823996.0,2014103522.79
2023-02-11,384956522.53,1519280623.51,37568593.548,1941805739.588
2023-02-12,422735768.26,1488373684.47,44272383.602,1955381836.332
2023-02-13,557058006.45,1552347203.3400002,22019903.48,2131425113.2700002
2023-02-14,548922278.27,1520194261.82,361298.33999999997,2069477838.4299998
2023-02-15,480538384.82,1375964729.31,6840404.663,1863343518.793
2023-02-16,398441669.26,1347644234.73,34195.272,1746120099.262
2023-02-17,348894834.92,1540176310.91,135943609.865,2025014755.6950002
2023-02-18,327287640.59000003,1270346900.57,542629901.49,2140264442.6499999
2023-02-19,340359041.03,1321665096.05,466601686.832,2128625823.912
2023-02-20,366453708.51,1415583335.87,205852787.229,1987889831.609
2023-02-21,467965239.23,979141869.74,140146801.548,1587253910.5180001
2023-02-22,482942951.02,866279491.49,8394755.914,1357617198.424
2023-02-23,492882338.1,666500195.577,1057173.572,1160439707.249
2023-02-24,433314105.34000003,465152499.417,4327598.756,902794203.513
2023-02-25,375980536.44,486115919.885,30559096.032,892655552.357
2023-02-26,394964256.25,412510314.45,82439.302,807557010.0020001
2023-02-27,540847343.62,1139719574.09,6969352.183,1687536269.8930001
2023-02-28,521917825.75,1272562045.18,28584.143000000004,1794508455.073
2023-03-01,506925612.37,1270819536.42,6065712.883,1783810861.6729999
2023-03-02,497481368.03999996,1052783600.4300001,8566256.773,1558831225.243
2023-03-03,490677107.68,1037857508.31,9677216.359,1538211832.349
2023-03-04,415892413.40999997,523735070.37,3937343.494,943564827.2739999
2023-03-05,437432713.58,420377027.27,1580306.382,859390047.2319999
2023-03-06,499083036.37,659120108.74,1602736.217,1159805881.3270001
2023-03-07,440229199.27,484279344.82,2074691.584,926583235.6739999
2023-03-08,501186690.64,262259101.79,1676295.0,765122087.43
2023-03-09,470655104.65,219003815.09,2392263.598,692051183.338
2023-03-10,417016526.83,394244255.59000003,5507912.576,816768694.996
2023-03-11,412866542.36,346972644.0,38177830.387,798017016.747
2023-03-12,378740878.91999996,363161116.43799996,48273925.718,790175921.076
2023-03-13,378937670.93,436511386.194,117669819.428,933118876.552
2023-03-14,407930647.95,548090284.4300001,61038609.202,1017059541.5820001
2023-03-15,471247771.76,543008262.37,49818772.08,1064074806.21
2023-03-16,386410278.99,620101362.61,40896400.944,1047408042.544
2023-03-17,351245059.37,854603423.1,152531213.611,1358379696.081
2023-03-18,318769997.53999996,849961460.4300001,405286522.881,1574017980.851
2023-03-19,348425843.01,769431531.76,417163387.091,1535020761.861
2023-03-20,433063458.55,936929404.556,69932327.858,1439925190.964
2023-03-21,385516272.27,1122370313.286,133724024.89,1641610610.446
2023-03-22,752740275.33,1268526338.476,515255822.639,2536522436.445
2023-03-23,345347182.61,1210569392.666,561598453.171,2117515028.447
2023-03-24,353951964.15999997,933262098.03,683804717.62,1971018779.81
2023-03-25,275056763.66999996,754148101.77,650179926.062,1679384791.5019999
2023-03-26,309941638.89,653272847.26,439740894.232,1402955380.382
2023-03-27,353571815.72,586366330.1,36299229.872999996,976237375.6930001
2023-03-28,397903952.90999997,684562078.6,28001023.113,1110467054.623
2023-03-29,395759672.17,928998466.21,32263138.232,1357021276.6120002
2023-03-30,362925646.89,831845573.14,298876039.946,1493647259.9759998
2023-03-31,345758439.15,805375681.452,329053885.89,1480188006.492
2023-04-01,295304553.67,703590077.48,379840940.46000004,1378735571.6100001
2023-04-02,350292685.31,791818538.9300001,234265187.09,1376376411.33
2023-04-03,429415562.0,544210389.91,3729925.812,977355877.722
2023-04-04,448905566.4,635231459.96,11424883.18,1095561909.5400002
2023-04-05,436667962.13,1233287835.76,13161781.718,1683117579.6079998
2023-04-06,377249359.48,1241352561.82,10239797.302000001,1628841718.602
2023-04-07,340972569.79,1396330662.63,111394271.863,1848697504.283
2023-04-08,339021594.66999996,1085012943.17,232341118.246,1656375656.0860002
2023-04-09,303523393.76,1058448297.89,539466636.22,1901438327.8700001
2023-04-10,301788210.46000004,1112541211.01,818279144.9,2232608566.37
2023-04-11,356690069.65,1417614112.31,372850275.547,2147154457.507
2023-04-12,369687703.11,1413305832.08,271569931.49,2054563466.68
2023-04-13,378396270.17,1386134444.4,183319573.845,1947850288.4150002
2023-04-14,390272167.89,1347798115.1399999,55279500.837,1793349783.8669996
2023-04-15,325933405.81,1332430372.54,262732107.47,1921095885.82
2023-04-16,335867321.94,1332248847.82,246312265.405,1914428435.165
2023-04-17,385271589.97,1588342254.93,46962958.407,2020576803.3070002
2023-04-18,361760691.74,1607835140.555,149017275.68,2118613107.9750001
2023-04-19,357488038.9,1393306879.0,188768662.605,1939563580.505
2023-04-20,370842599.37,1511645595.79,36552810.057,1919041005.2169998
2023-04-21,354547418.13,1411041006.79,213598039.228,1979186464.148
2023-04-22,318208520.9,1301713795.2,959635523.14,2579557839.24
2023-04-23,315255447.38,1038709759.77,1110788462.4,2464753669.55
2023-04-24,360625552.76,1039086428.298,697853243.92,2097565224.9780002
2023-04-25,411445212.87,895209984.138,539202818.3199999,1845858015.3279998
2023-04-26,414320695.52,1112377641.95,221897628.116,1748595965.586
2023-04-27,393561366.71,1199443003.21,162197634.88099998,1755202004.801
2023-04-28,369864389.61,986687167.97,455876757.86800003,1812428315.448
2023-04-29,306469992.18,1068065965.235,972264145.45,2346800102.865
2023-04-30,279504832.48,1075128380.01,1264166367.26,2618799579.75
2023-05-01,255661163.26,1189347582.274,1229855836.084,2674864581.618
2023-05-02,332197763.34000003,1728246588.87,461867058.905,2522311411.115
2023-05-03,353966358.87,1715052429.1,501464577.51199996,2570483365.482
2023-05-04,336124679.84000003,1621377919.68,540490892.798,2497993492.318
2023-05-05,338725601.53999996,1567589368.07,690041636.66,2596356606.27
2023-05-06,272643714.99,1407706162.203,1007682728.87,2688032606.063
2023-05-07,265301574.19,1492176674.53,1041466560.08,2798944808.8
2023-05-08,311247254.03,1914975533.28,863753072.58,3089975859.89
2023-05-09,310743498.15999997,1856429180.6,459019393.519,2626192072.279
2023-05-10,356062994.24,1821402268.53,406001557.406,2583466820.176
2023-05-11,371609018.55,1494471545.1100001,430231804.80799997,2296312368.468
2023-05-12,321321542.45,1772006126.55,781328597.86,2874656266.86
2023-05-13,256719398.21,1406608043.1599998,1171112848.22,2834440289.59
2023-05-14,297018394.51,1331847174.3899999,1298131851.88,2926997420.7799997
2023-05-15,327721534.98,1586890278.6,845634329.305,2760246142.8849998
2023-05-16,359730290.32,1577859495.42,644853891.07,2582443676.81
2023-05-17,349276227.83,1649169531.74,448187778.602,2446633538.172
2023-05-18,287365090.33,1899808788.07,670044732.38,2857218610.78
2023-05-19,279464373.24,1717605953.82,838034656.87,2835104983.93
2023-05-20,254083142.57999998,1630032638.6100001,1125222422.01,3009338203.2
2023-05-21,258997364.92000002,1654498330.87,1232710175.019,3146205870.809
2023-05-22,318107137.17,2253155331.44,756945859.32,3328208327.9300003
2023-05-23,323810426.25,2077564544.5900002,621130195.31,3022505166.15
2023-05-24,383678754.27,1912595940.02,516247855.597,2812522549.887
2023-05-25,336520130.8,1870069982.5900002,399255185.322,2605845298.7120004
2023-05-26,313763060.69,1724039712.3899999,757709443.747,2795512216.8269997
2023-05-27,285824742.55,1571079291.487,998589445.402,2855493479.439
2023-05-28,233185822.54,1478824226.13,1107100272.466,2819110321.136
2023-05-29,259228429.88,1844213731.23,984772428.71,3088214589.82
2023-05-30,361112728.02,1855517104.94,633115125.372,2849744958.332
2023-05-31,342902522.85,1824417116.1399999,606506003.36,2773825642.35
2023-06-01,392231553.61,1196974895.981,475931707.07,2065138156.661
2023-06-02,334639136.08000004,1167867890.8899999,466872198.41,1969379225.3799999
2023-06-03,287292685.53,1219533911.592,695537416.58,2202364013.702
2023-06-04,297018595.48,1241874309.164,738740889.296,2277633793.94
2023-06-05,400204783.4,1207111670.6399999,460258039.569,2067574493.609
2023-06-06,428348275.38,1184375471.039,316934653.712,1929658400.131
2023-06-07,400366911.68,1348594122.13,220593894.101,1969554927.9110003
2023-06-08,330469700.65,1429511408.92,414144646.01,2174125755.58
2023-06-09,304931920.5,1293100900.24,450692886.94,2048725707.68
2023-06-10,314691549.64,1335084469.3899999,766960582.459,2416736601.489
2023-06-11,317344868.13,1240822181.293,817791414.319,2375958463.7419996
2023-06-12,355196074.95,1135625390.97,552204955.364,2043026421.284
2023-06-13,341395598.86,1265180997.72,539356190.315,2145932786.895
2023-06-14,416136227.48,1195670871.59,524858588.222,2136665687.2919998
2023-06-15,428175293.65999997,1003818196.64,345444610.772,1777438101.072
2023-06-16,383686716.59000003,1023001704.9200001,437908642.107,1844597063.617
2023-06-17,325737719.03999996,1067011145.85,682442345.049,2075191209.939
2023-06-18,306616716.28,1089108016.742,923373939.35,2319098672.372
2023-06-19,429968750.94,1142107137.43,468573225.418,2040649113.788
2023-06-20,475476448.23,1412538329.64,248286102.893,2136300880.763
2023-06-21,444349088.43,1418088627.12,154029583.659,2016467299.2089999
2023-06-22,442748076.9,1201930590.51,74928449.912,1719607117.3219998
2023-06-23,348116329.90999997,1188340503.986,193778405.999,1730235239.895
2023-06-24,322544653.65,1221057509.81,869997430.739,2413599594.199
2023-06-25,315315785.36,1228129559.924,852725107.3790001,2396170452.663
2023-06-26,350101319.51,1260001144.21,608762880.371,2218865344.091
2023-06-27,390848111.86,1484516946.06,172974708.939,2048339766.8590002
2023-06-28,488544395.19,1753612691.435,95362404.641,2337519491.266
2023-06-29,472149728.92,1697193610.69,122180780.70199999,2291524120.3120003
2023-06-30,361395418.33,1564862282.7,157322676.45499998,2083580377.485
2023-07-01,262672867.68,925415360.049,875253638.498,2063341866.2270002
2023-07-02,286753477.14,913184918.744,924813751.289,2124752147.1729999
2023-07-03,320229499.82,774609458.5009999,676431088.925,1771270047.2459998
2023-07-04,371326561.06,815728250.19,502870571.00699997,1689925382.257
2023-07-05,316557688.82,773441538.4200001,498451871.603,1588451098.843
2023-07-06,418060456.65,697774504.78,415825199.07,1531660160.4999998
2023-07-07,344752184.15,908207814.11,538250166.664,1791210164.924
2023-07-08,299488282.25,712133238.748,915701382.7969999,1927322903.795
2023-07-09,322654188.77,698275090.471,882538489.255,1903467768.4959998
2023-07-10,436296883.57000005,949519085.35,498700411.509,1884516380.4290001
2023-07-11,388665157.05,1270817271.57,456883944.435,2116366373.0549998
2023-07-12,397387733.36,1337674023.69,388803991.05,2123865748.1000001
2023-07-13,401085508.90999997,1056259022.49,466495146.89,1923839678.29
2023-07-14,366139288.5,858979237.45,590879850.915,1815998376.865
2023-07-15,283863658.91999996,1172980276.786,831207946.177,2288051881.883
2023-07-16,308686610.98,1084001070.8899999,973716340.523,2366404022.3929996
2023-07-17,352108254.90999997,1252360681.97,644000755.655,2248469692.535
2023-07-18,407759413.43,1450073110.06,543345618.489,2401178141.979
2023-07-19,414301560.04,1477603324.65,519670329.303,2411575213.993
2023-07-20,412843441.52,1495735795.48,403116387.311,2311695624.311
2023-07-21,411678379.42,1378582128.65,419545454.87,2209805962.94
2023-07-22,286027732.2,977023694.178,927993477.286,2191044903.664
2023-07-23,269679172.69,962999785.54,1059591049.38,2292270007.61
2023-07-24,352915339.98,1255454408.94,592519788.63,2200889537.55
2023-07-25,369284875.1,998484607.24,433856097.95,1801625580.2900002
2023-07-26,323930047.43,903594387.762,441386497.889,1668910933.0809999
2023-07-27,333470097.83,848303613.085,616539042.932,1798312753.8470001
2023-07-28,345151133.24,931461774.46,572211643.021,1848824550.7210002
2023-07-29,267290327.31,754182106.202,1183930473.152,2205402906.664
2023-07-30,261044876.14,734671006.697,1246539464.252,2242255347.089
2023-07-31,282690167.63,761923244.937,824452054.723,1869065467.29
2023-08-01,293409972.88,1097193342.68,625175661.23,2015778976.79
2023-08-02,309939228.08000004,1107347982.04,747605802.495,2164893012.615
2023-08-03,329582516.02,1394566850.2,745600802.221,2469750168.441
2023-08-04,370737536.68,1101258085.18,502820473.92,1974816095.7800002
2023-08-05,312921768.51,988270126.21,812467892.848,2113659787.568
2023-08-06,304226983.27,778012335.77,796024684.2,1878264003.24
2023-08-07,363591027.88,852622023.461,778589231.43,1994802282.771
2023-08-08,356621997.47,755152712.878,675437467.9990001,1787212178.3470001
2023-08-09,427507777.26,679169748.952,696250254.163,1802927780.375
2023-08-10,439515290.77,572019532.571,605050646.55,1616585469.8909998
2023-08-11,361773336.2,589095814.845,733545848.969,1684415000.014
2023-08-12,306918050.81,882264657.095,912636832.021,2101819539.926
2023-08-13,326489339.98,812887689.784,934131986.216,2073509015.98
2023-08-14,402032429.99,682445191.818,718113355.043,1802590976.851
2023-08-15,443713389.78,1039966842.1800001,761671301.83,2245351533.79
2023-08-16,414330503.05,846808499.426,710832898.11,1971971900.586
2023-08-17,407956946.74,778270960.1800001,790217095.083,1976445002.003
2023-08-18,390266067.15,908007388.49,741983660.724,2040257116.3639998
2023-08-19,327360213.14,1065724635.63,948540144.6700001,2341624993.44
2023-08-20,352488857.26,1004681512.0699999,843136101.188,2200306470.5179996
2023-08-21,463704279.33000004,926858304.413,405089831.575,1795652415.318
2023-08-22,489595680.01,784526176.771,332839037.866,1606960894.647
2023-08-23,498092821.35,900670207.86,311229408.71500003,1709992437.9250002
2023-08-24,482824351.01,965771519.91,242567748.828,1691163619.7480001
2023-08-25,475422549.81,784198402.6,233083894.146,1492704846.556
2023-08-26,335579854.68,684189270.33,583504895.868,1603274020.878
2023-08-27,329687536.5,618388746.257,548326812.37,1496403095.1269999
2023-08-28,496785741.39,679998024.14,270309157.703,1447092923.233
2023-08-29,469435810.05,735658943.75,90858715.08500001,1295953468.885
2023-08-30,410039566.36,575084989.11,78409028.587,1063533584.057
2023-08-31,354699222.89,468858706.98,185128906.202,1008686836.072
2023-09-01,368628122.31,668368567.66,345474275.198,1382470965.168
2023-09-02,304006421.14,368934214.236,300103842.349,973044477.7249999
2023-09-03,308488290.77,307003702.68,322834558.054,938326551.5040001
2023-09-04,372504195.18,307463610.53999996,108526314.955,788494120.6750001
2023-09-05,398531428.63,348786239.14,123146801.359,870464469.129
2023-09-06,408484161.35,416988119.38,207294751.62,1032767032.35
2023-09-07,382163214.07,456132905.53,180379844.603,1018675964.2029998
2023-09-08,434258441.48,435209404.65999997,151552034.47,1021019880.61
2023-09-09,354631110.61,365467945.456,101745307.002,821844363.068
2023-09-10,355906096.48,371433958.59000003,148484085.698,875824140.7680001
2023-09-11,438254596.56,266661701.485,35348129.523,740264427.5680001
2023-09-12,440424446.88,390713073.399,19272246.717,850409766.996
2023-09-13,414985250.06,322580228.19200003,14702168.253,752267646.5050001
2023-09-14,437762335.67,301748118.878,31014586.744000003,770525041.292
2023-09-15,379796036.87,254231257.689,63951192.655,697978487.214
2023-09-16,337156497.34,532126977.86,242156077.573,1111439552.773
2023-09-17,324289626.58,545381632.27,312569924.256,1182241183.106
2023-09-18,358444269.09000003,437002769.36,323447835.08,1118894873.53
2023-09-19,354458261.31,526644362.98399997,384605116.605,1265707740.899
2023-09-20,387627591.56,353712157.032,254927466.028,996267214.62
2023-09-21,373482637.14,391731325.59000003,131914016.162,897127978.892
2023-09-22,376923246.1,399924028.157,193378965.834,970226240.091
2023-09-23,323884528.69,344094952.69,385026770.953,1053006252.333
2023-09-24,327493858.40999997,277542382.1,497444795.581,1102481036.091
2023-09-25,399351595.3,265084876.74,324593719.795,989030191.835
2023-09-26,409562207.26,262635815.15,187146912.50800002,859344934.918
2023-09-27,392714663.46000004,505121483.42,267227344.515,1165063491.395
2023-09-28,388037465.38,405903725.13600004,357726941.277,1151668131.793
2023-09-29,349106913.28,325187569.74,449410037.255,1123704520.275
2023-09-30,331271810.85,478031023.97,829273700.1,1638576534.92
2023-10-01,328911074.95,337207257.10899997,784289920.31,1450408252.369
2023-10-02,376686235.89,546311434.178,530529364.694,1453527034.762
2023-10-03,345589783.28,714909447.333,602064389.142,1662563619.7549999
2023-10-04,410665428.65,412022703.4,582479636.912,1405167768.962
2023-10-05,452859037.46999997,482953037.577,149179578.209,1084991653.256
2023-10-06,380033354.74,406975201.436,373559114.822,1160567670.9980001
2023-10-07,320335210.95,686084942.895,535590516.106,1542010669.951
2023-10-08,397284042.77,443904156.93299997,480233549.113,1321421748.816
2023-10-09,498268134.90999997,495139866.237,342533310.315,1335941311.462
2023-10-10,425295830.94,372706475.897,436158928.348,1234161235.185
2023-10-11,353901564.71000004,458923219.11399996,605423501.94,1418248285.764
2023-10-12,478292588.88,442868259.435,525581780.937,1446742629.252
2023-10-13,363982025.33000004,342620210.889,697143064.53,1403745300.749
2023-10-14,348290391.14,536783858.822,652712111.84,1537786361.802
2023-10-15,355281397.85,511329853.788,423713544.922,1290324796.56
2023-10-16,465199085.54,529127787.39100003,118949453.167,1113276326.098
2023-10-17,477989784.84,384243308.71099997,41084101.932,903317195.4829999
2023-10-18,388994083.34000003,346950473.253,61650475.356,797595031.949
2023-10-19,415390431.09000003,423358336.27,198996859.863,1037745627.223
2023-10-20,400382752.07,576394440.1240001,176538928.92000002,1153316121.114
2023-10-21,332734303.27,386934375.182,440459361.65,1160128040.1019998
2023-10-22,337217421.83,435227075.416,461060138.74,1233504635.986
2023-10-23,513056042.71000004,539458853.011,110392585.465,1162907481.186
2023-10-24,516145153.52,568694378.013,95621846.45300001,1180461377.986
2023-10-25,485058840.83,441572432.667,192175191.29000002,1118806464.787
2023-10-26,504063647.21,319377782.874,286940768.212,1110382198.296
2023-10-27,401274530.22,294681465.454,160017461.1,855973456.774
2023-10-28,336157637.35,418635733.469,557772449.47,1312565820.289
2023-10-29,320721801.3,516821950.018,692658963.02,1530202714.338
2023-10-30,411281734.11,317994349.348,480936988.86,1210213072.3179998
2023-10-31,381487384.93,268836658.267,393929438.848,1044253482.0450001
2023-11-01,325419606.6,380013922.712,260096416.15600002,965529945.468
2023-11-02,349009763.53999996,299367576.418,354612999.529,1002990339.487
2023-11-03,393143817.89,273457923.46500003,168380803.50800002,834982544.863
2023-11-04,328527565.1,285053162.828,293927618.062,907508345.99
2023-11-05,329574909.5,262549199.81800002,363573521.441,955697630.7590001
2023-11-06,386445039.79,369112816.125,67776124.762,823333980.6769999
2023-11-07,406635594.13,444098171.44,25928834.938,876662600.5079999
2023-11-08,393939353.36,487517281.036,5848115.367,887304749.763
2023-11-09,399923090.88,442462217.93200004,28893020.859,871278329.671
2023-11-10,429255693.5,265170205.377,45891366.644,740317265.521
2023-11-11,393829004.18,291435435.288,97477794.975,782742234.443
2023-11-12,399615923.83,343065138.756,97255409.857,839936472.443
2023-11-13,412334502.04,425778035.24,33516239.426,871628776.706
2023-11-14,392995888.3,433478235.288,136727681.051,963201804.639
2023-11-15,457866637.90999997,457823146.64,6279433.5940000005,921969218.1439999
2023-11-16,554045751.1,461751761.491,3720540.033,1019518052.6240001
2023-11-17,568009216.64,281581793.5,435188.16599999997,850026198.306
2023-11-18,400131147.55,344466792.8,11464043.645,756061983.995
2023-11-19,345812779.4,433159243.26,239036857.94,1018008880.5999999
2023-11-20,470881319.46000004,359005295.448,15139933.161,845026548.069
2023-11-21,539045180.45,360286589.39,2713292.983,902045062.8230001
2023-11-22,542460739.38,258837876.549,221300.563,801519916.492
2023-11-23,514920484.3,241676156.481,45500.272,756642141.053
2023-11-24,494131861.64,271421398.48,14305573.103,779858833.223
2023-11-25,460300567.57,193840045.004,17313491.459000003,671454104.033
2023-11-26,497427993.07,176254120.54299998,20054679.307,693736792.92
2023-11-27,576644643.7,163560541.61,202808.277,740407993.587
2023-11-28,623448605.7,266847836.34399998,7817.163,890304259.207
2023-11-29,688726794.2,190559687.485,2556141.389,881842623.0740001
2023-11-30,731360845.0,238937024.252,1952.0,970299821.252
2023-12-01,710998891.7,175441744.901,1737.344,886442373.945
2023-12-02,642950834.3,197603682.626,179458.864,840733975.7899998
2023-12-03,535841539.4,259057395.25800002,204562.624,795103497.282
2023-12-04,633164405.8,446130342.935,427156.877,1079721905.612
2023-12-05,644054567.4,419109061.557,2788.524,1063166417.4810001
2023-12-06,698401367.0,369440183.35,17218.0,1067858768.35
2023-12-07,656277609.4,237735337.28,428.0,894013374.68
2023-12-08,572479923.3,252048680.11,866435.531,825395038.941
2023-12-09,405611145.6,232383876.444,20520666.242,658515688.286
2023-12-10,391813279.47,226843987.926,119475520.076,738132787.472
2023-12-11,455877887.96,312349382.821,14732585.575,782959856.356
2023-12-12,558752775.4,326197927.228,12756159.754,897706862.382
2023-12-13,544266588.9,352353963.56,23755990.491,920376542.9510001
2023-12-14,605947363.7,333735183.58,7615079.0879999995,947297626.368
2023-12-15,493296874.98,304538787.912,11202989.613,809038652.505
2023-12-16,429872726.26,304238850.654,323545406.17,1057656983.0840001
2023-12-17,426439311.34,374517829.422,361886897.90999997,1162844038.672
2023-12-18,481987693.3,345831977.108,50971648.497999996,878791318.906
2023-12-19,453825015.85,510781416.463,10655465.553,975261897.8659999
2023-12-20,433223575.95,453714511.056,11528316.647,898466403.653
2023-12-21,383520482.92,379838487.551,99137031.531,862496002.002
2023-12-22,353341594.42,256518788.16,109204909.12,719065291.7
2023-12-23,315825567.95,279749538.199,550477458.338,1146052564.487
2023-12-24,283947686.03,330837117.15999997,777088674.36,1391873477.55
2023-12-25,285462300.73,259895791.76,878853636.72,1424211729.21
2023-12-26,294356431.5,343867475.04,753470831.85,1391694738.3899999
2023-12-27,321477409.4,300866126.975,373988907.117,996332443.492
2023-12-28,289746187.75,313815601.77,613487646.87,1217049436.3899999
2023-12-29,287542072.69,361044901.05,425719331.954,1074306305.694
2023-12-30,293230013.14,316497200.477,407698477.89,1017425691.507
2023-12-31,269535232.89,233801583.834,299717429.807,803054246.5309999
2024-01-01,299464308.92,188446386.9258,269343851.18299997,757254547.0288
2024-01-02,341640431.02,273199570.272,144462363.201,759302364.493
2024-01-03,350472070.13,272870033.08,151931056.603,775273159.813
2024-01-04,451968995.11,264580608.103,125304158.695,841853761.908
2024-01-05,435035465.21000004,245492015.859,48181314.648,728708795.717
2024-01-06,425483471.47,230089064.643,38839216.003,694411752.116
2024-01-07,456793685.79,281896028.969,29054.67,738718769.429
2024-01-08,604084657.2,518253050.06299996,43322.004,1122381029.267
2024-01-09,686698218.3,678836512.76,751.056,1365535482.116
2024-01-10,761123050.7,446758894.08,5788.4439999999995,1207887733.224
2024-01-11,754796919.8,490743290.72,256.0,1245540466.52
2024-01-12,711969158.8,326766605.36,390849.0,1039126613.16
2024-01-13,553964143.23,334313494.068,0.0,888277637.2980001
2024-01-14,534816605.57,269000222.193,0.0,803816827.763
2024-01-15,649826074.8199999,298174303.372,608.0,948000986.1919999
2024-01-16,688808033.9,237706967.788,1928.0,926516929.688
2024-01-17,711585093.8,363039693.927,16065.0,1074640852.727
2024-01-18,668569730.6,349780862.564,15390.0,1018365983.164
2024-01-19,639635075.9,329328755.78400004,4236.0,968968067.684
2024-01-20,559459723.14,293055617.569,3594.828,852518935.537
2024-01-21,479153957.37,285730306.051,3842.725,764888106.146
2024-01-22,502785817.8,371738335.44,5411467.563,879935620.803
2024-01-23,493859680.94,347265141.47,137356.43099999998,841262178.8410001
2024-01-24,477621083.11,415350392.02,35077619.713,928049094.8429999
2024-01-25,522271482.93,374301090.986,14097545.677,910670119.593
2024-01-26,468798009.92,376410825.717,20856294.534,866065130.1710001
2024-01-27,437140726.09000003,365622242.871,84918.36,802847887.321
2024-01-28,415039008.71,382306797.661,9395072.25,806740878.621
2024-01-29,496494200.17,351991806.845,9546911.513,858032918.5280001
2024-01-30,473893301.86,437393436.37,15964356.804,927251095.034
2024-01-31,474615928.55,460007287.066,19870480.004,954493695.6199999
2024-02-01,472817210.0,512267867.282,7290671.049,992375748.3310001
2024-02-02,447218805.92,425743097.191,10240009.898,883201913.0090001
2024-02-03,384133640.06,387411096.233,168690884.261,940235620.554
2024-02-04,363046457.37,358196493.834,241620623.024,962863574.2279999
2024-02-05,443179463.58000004,512353850.65,86765173.53,1042298487.76
2024-02-06,431254645.24,475654769.56,46024914.293,952934329.0929999
2024-02-07,567651651.8199999,331368955.679,12479561.439,911500168.938
2024-02-08,578231428.3199999,276583022.006,12288434.641,867102884.967
2024-02-09,456066430.47,274960805.084,14915944.717,745943180.271
2024-02-10,417236488.55,384442448.889,122414989.257,924093926.696
2024-02-11,404646046.42,382732745.669,72090566.751,859469358.84
2024-02-12,511063240.31,407275901.64100003,12325429.947,930664571.898
2024-02-13,465781576.59000003,373387802.111,5767506.482,844936885.183
2024-02-14,444672888.57,424988137.38,4061578.794,873722604.7440001
2024-02-15,444623033.6,398566006.84000003,25167414.873999998,868356455.314
2024-02-16,413365606.47,387583228.561,40198633.571,841147468.602
2024-02-17,445716485.87,360998674.665,105993171.319,912708331.8540001
2024-02-18,378838043.44,334066260.252,72756111.537,785660415.2289999
2024-02-19,445616434.71,435168526.74,11491842.866999999,892276804.317
2024-02-20,479153972.16999996,353734493.044,14777314.789,847665780.003
2024-02-21,437413959.67,345551717.819,11289707.911,794255385.4000001
2024-02-22,475708360.93,389916883.53,10062085.84,875687330.3000001
2024-02-23,525453520.36,321717348.265,13728303.891,860899172.516
2024-02-24,430591285.52,299469180.16400003,22476050.278,752536515.962
2024-02-25,441929588.27,304615147.47,38217448.772,784762184.512
2024-02-26,487910862.26,299216909.402,6531909.995,793659681.657
2024-02-27,605384815.1,271796476.918,13992481.666000001,891173773.684
2024-02-28,574368229.7,335827012.555,18056481.0,928251723.2550001
2024-02-29,479026457.53,197107134.646,33227555.608,709361147.784
2024-03-01,458278311.61,207932781.57999998,39135123.016,705346216.2060001
2024-03-02,422838559.7,233596006.948,193440287.327,849874853.975
2024-03-03,407959932.34,256787987.38,299040256.88199997,963788176.602
2024-03-04,509624624.8,474158418.86,37552631.893,1021335675.5530001
2024-03-05,547851906.9,213512401.548,695255.0,762059563.448
2024-03-06,537265700.2,240367338.564,22642005.678,800275044.442
2024-03-07,495307835.4,240391969.489,18037779.020999998,753737583.91
2024-03-08,446892266.17,273360664.902,1559590.0,721812521.072
2024-03-09,380645460.65,307223172.822,26846813.2,714715446.672
2024-03-10,399425272.77,275991596.542,88428461.69600001,763845331.008
2024-03-11,518140790.2,329312321.467,4532.0,847457643.667
2024-03-12,571710459.6,274382993.576,12140716.556,858234169.732
2024-03-13,501909419.8,257498582.57099998,64327133.0,823735135.371
2024-03-14,454777960.39,362946593.908,114173871.0,931898425.298
2024-03-15,393989681.35,385199413.0,306164976.637,1085354070.987
2024-03-16,384324037.65,300619265.293,251961706.0,936905008.943
2024-03-17,396323108.19,196032865.845,171854793.408,764210767.443
2024-03-18,503822832.0,144563256.017,8503624.466,656889712.4829999
2024-03-19,515988478.6,194396313.9,15312683.58,725697476.08
2024-03-20,525709517.1,163519629.725,49417858.48,738647005.3050001
2024-03-21,471895007.3,159754774.709,77850999.21700001,709500781.2260001
2024-03-22,445027665.45,201755459.532,93660577.51900001,740443702.501
2024-03-23,379327257.58,127586341.91,44232529.832,551146129.322
2024-03-24,399914037.85,205743381.52899998,27732805.64,633390225.0189999
2024-03-25,505654731.9,196677207.44300002,19438600.619,721770539.9619999
2024-03-26,447583945.82,283151600.398,159437364.681,890172910.8989999
2024-03-27,486247345.14,222794387.629,95460632.493,804502365.2620001
2024-03-28,378257748.84000003,392731446.816,84468471.494,855457667.15
2024-03-29,363068666.63,538516038.085,160540324.218,1062125028.9330001
2024-03-30,369398307.55,554997749.447,206234880.424,1130630937.421
2024-03-31,335785237.51,707676951.444,268476841.436,1311939030.3899999
2024-04-01,347622283.78,448972124.35,266927065.35,1063521473.48
2024-04-02,433405488.97,277335691.949,60868045.604,771609226.523
2024-04-03,507516818.13,242078777.202,42050504.36,791646099.692
2024-04-04,401552390.25,228714439.329,55121216.216,685388045.795
2024-04-05,373782782.67,266731797.552,329330611.273,969845191.495
2024-04-06,323376371.86,350066274.146,754989519.409,1428432165.415
2024-04-07,360470164.76,360014905.737,1056178864.75,1776663935.247
2024-04-08,468750034.08,251485790.479,552145208.59,1272381033.1490002
2024-04-09,435628859.84000003,291833598.905,399903268.31700003,1127365727.062
2024-04-10,492138197.98,237957570.515,295853267.866,1025949036.3610001
2024-04-11,453229078.64,259787861.665,335050253.869,1048067194.174
2024-04-12,370259412.77,290728939.91400003,614005151.402,1274993504.086
2024-04-13,309138390.24,349757885.11399996,1019698553.87,1678594829.224
2024-04-14,358498967.19,398496056.154,1078768519.488,1835763542.8319998
2024-04-15,388152584.19,299339824.293,579732609.78,1267225018.263
2024-04-16,460271082.03,290479391.254,71239762.032,821990235.316
2024-04-17,561411111.7,321124345.943,30232939.94,912768397.5830002
2024-04-18,473653758.73,411768459.185,33324359.998,918746577.913
2024-04-19,393804146.18,240042240.224,31493310.768,665339697.172
2024-04-20,373403384.94,304710662.952,63075585.356,741189633.2479999
2024-04-21,408709922.28,299402681.607,28422400.567,736535004.454
2024-04-22,620847087.9,670588287.112,31244190.3,1322679565.312
2024-04-23,580350736.4,690323835.786,45648681.332,1316323253.518
2024-04-24,621410305.4,765610446.794,30062803.880999997,1417083556.075
2024-04-25,569354890.8,332492815.06299996,30647012.72,932494718.583
2024-04-26,524834405.28,245797347.84,23920364.528,794552117.648
2024-04-27,377312085.83,469684505.024,289706815.158,1136703406.012
2024-04-28,361226282.42,421782315.647,440655015.728,1223663613.795
2024-04-29,462461474.08,411883784.069,340579652.181,1214924910.33
2024-04-30,400006921.1,416729748.005,614179017.92,1430915687.025
2024-05-01,323248863.94,512889131.568,754732365.6,1590870361.108
2024-05-02,361332819.06,369029652.116,665998928.803,1396361399.979
2024-05-03,446312267.97,345651218.28,371487906.241,1163451392.491
2024-05-04,414908977.67,438613561.334,389854104.75,1243376643.754
2024-05-05,397263107.14,368765195.998,427773489.036,1193801792.174
2024-05-06,525550702.69,274909189.508,215234488.576,1015694380.7739999
2024-05-07,554034513.84,436844261.75,125452852.8,1116331628.39
2024-05-08,515791381.83,361293836.86800003,73357954.556,950443173.254
2024-05-09,416493284.57,279082514.971,490482645.93799996,1186058445.479
2024-05-10,414553646.32,331496636.598,657591041.241,1403641324.159
2024-05-11,352647638.13,313793302.43299997,889676801.039,1556117741.602
2024-05-12,321358609.24,329873710.046,986449714.42,1637682033.7059999
2024-05-13,403797575.39,314943016.105,812959982.105,1531700573.6
2024-05-14,397151720.68,365115645.303,878536497.38,1640803863.363
2024-05-15,476543836.37,390102561.797,873918268.87,1740564667.0370002
2024-05-16,478271422.54,299375169.27,559123780.63,1336770372.44
2024-05-17,396195693.09000003,312501963.321,484015071.599,1192712728.01
2024-05-18,375897346.85,415410612.774,830061998.0699999,1621369957.694
2024-05-19,349492350.42,485906355.917,861197881.72,1696596588.0570002
2024-05-20,344302717.29,508567415.125,626146977.038,1479017109.453
2024-05-21,462910100.6,196598101.602,268055751.782,927563953.984
2024-05-22,441326300.8,357547614.186,506334859.931,1305208774.917
2024-05-23,515567370.44,276354715.718,580470088.143,1372392174.301
2024-05-24,497421411.01,322636465.856,426575509.856,1246633386.722
2024-05-25,402509737.06,413647910.505,609926195.4,1426083842.9650002
2024-05-26,364752563.68,353995331.94,640399923.61,1359147819.23
2024-05-27,461502315.55,314650688.2,479423342.701,1255576346.451
2024-05-28,426281320.36,394973361.78900003,420508475.612,1241763157.7610002
2024-05-29,434669311.65999997,379200893.26199996,385676480.636,1199546685.5579998
2024-05-30,425118256.67,428054447.746,408228495.015,1261401199.431
2024-05-31,391292853.22,380523081.846,583755810.851,1355571745.9169998
2024-06-01,358373247.53,347083136.608,690915074.074,1396371458.212
2024-06-02,369622208.68,374914678.337,750544077.621,1495080964.638
2024-06-03,540144162.55,293143144.922,420420729.851,1253708037.323
2024-06-04,439751605.26,291076317.831,297673725.005,1028501648.096
2024-06-05,444964845.96,365289949.704,535556821.701,1345811617.365
2024-06-06,473363444.41999996,281647909.497,617009322.095,1372020676.012
2024-06-07,425137428.31,330234319.905,726387810.734,1481759558.949
2024-06-08,369921368.63,284143226.456,951807759.01,1605872354.096
2024-06-09,409528128.23,282913980.412,983618460.76,1676060569.402
2024-06-10,424919979.61,250058335.538,506510231.111,1181488546.259
2024-06-11,410228896.1,310998669.43700004,504672733.29,1225900298.8270001
2024-06-12,453643240.78,291621923.79,410438454.288,1155703618.8579998
2024-06-13,429146859.12,268616957.283,449851926.375,1147615742.7779999
2024-06-14,375428673.04,324569378.696,701366142.522,1401364194.258
2024-06-15,325001244.49,392586047.01,801914495.766,1519501787.266
2024-06-16,342631339.24,323378924.64,919983566.14,1585993830.02
2024-06-17,455124068.02,402226191.714,733202680.472,1590552940.2059999
2024-06-18,447444562.53999996,322730134.259,645075956.9070001,1415250653.706
2024-06-19,404478150.92,337658073.93700004,800678750.314,1542814975.171
2024-06-20,463689001.95,308500461.706,658548429.069,1430737892.725
2024-06-21,445834528.35,439717372.048,766801983.203,1652353883.6009998
2024-06-22,337005628.62,486221691.023,1195515149.95,2018742469.593
2024-06-23,363653944.09000003,589976860.416,1172301035.44,2125931839.946
2024-06-24,418308134.22,523980343.38699996,905958980.944,1848247458.551
2024-06-25,407258654.76,446492509.4,901864964.955,1755616129.115
2024-06-26,435402839.09000003,440373534.27,999229533.594,1875005906.954
2024-06-27,421230861.18,500121439.38,1028327240.24,1949679540.8
2024-06-28,360991912.8,454941942.34599996,1169669771.95,1985603627.096
2024-06-29,331198788.90999997,440791019.679,1206168684.75,1978158493.339
2024-06-30,337396866.53999996,410194002.033,1202517140.25,1950108008.823
2024-07-01,397512904.68,485600366.03499997,924034829.635,1807148100.35
2024-07-02,378552011.12,510953540.177,941538338.58,1831043889.8769999
2024-07-03,400400809.82,511859285.564,938194387.26,1850454482.644
2024-07-04,357074301.21,317457423.427,904342718.83,1578874443.467
2024-07-05,363455864.97,294145999.003,1053000508.2,1710602372.173
2024-07-06,320084227.71000004,400467446.69200003,905060601.473,1625612275.875
2024-07-07,325515345.78,400643473.834,881358959.282,1607517778.896
2024-07-08,421856864.58000004,350694260.506,981060346.53,1753611471.616
2024-07-09,348153083.28,513678845.68,1040818554.55,1902650483.51
2024-07-10,390178638.84000003,535588889.20500004,907642601.349,1833410129.394
2024-07-11,436834145.93,404759772.152,782352406.12,1623946324.2020001
2024-07-12,388449817.81,347827609.418,768449515.63,1504726942.8579998
2024-07-13,325135126.6,545329299.2720001,797471952.68,1667936378.552
2024-07-14,335074536.49,719885100.871,774393978.4,1829353615.7610002
2024-07-15,395632475.89,790786914.788,756858947.008,1943278337.6859999
2024-07-16,383393737.55,800803961.187,882406223.836,2066603922.573
2024-07-17,414944785.54,610150485.7639999,831134055.912,1856229327.2159998
2024-07-18,436138303.46,573586015.46,789575636.3,1799299955.22
2024-07-19,398116685.48,604880178.628,999291805.47,2002288669.578
2024-07-20,323565127.85,622294155.14,1130623765.8930001,2076483048.8830001
2024-07-21,346511733.07,497910683.622,1167742588.043,2012165004.735
2024-07-22,404206950.12,684937182.119,965469837.511,2054613969.75
2024-07-23,385575457.34000003,570844456.989,801885860.2,1758305774.529
2024-07-24,405721419.94,408051986.996,768292104.999,1582065511.935
2024-07-25,397073527.83,499748945.471,538595307.951,1435417781.2519999
2024-07-26,428467033.95,439063161.774,544941115.039,1412471310.763
2024-07-27,370828033.53999996,525293139.406,708966486.182,1605087659.128
2024-07-28,308644522.08000004,453991142.01100004,718398790.214,1481034454.305
2024-07-29,365734464.6,432956301.06,629315546.33,1428006311.9900002
2024-07-30,396893914.24,441707167.947,649364674.39,1487965756.5770001
2024-07-31,396353589.27,509684905.784,620574014.54,1526612509.5939999
2024-08-01,437607515.65,730500920.3889999,530711760.97,1698820197.009
2024-08-02,409815673.65,496632740.2,553802847.69,1460251261.54
2024-08-03,324605926.46,695706907.294,821625602.08,1841938435.834
2024-08-04,335654251.49,674567920.6110001,814716523.04,1824938695.141
2024-08-05,444561929.44,485003496.24,655400693.789,1584966119.469
2024-08-06,421028299.81,656030899.41,695824719.846,1772883919.066
2024-08-07,427778776.77,572259893.5799999,767278624.96,1767317295.31
2024-08-08,397796932.73,515807938.45,780154451.87,1693759323.0500002
2024-08-09,349419651.97,493130289.463,821807686.03,1664357627.463
2024-08-10,310577567.95,552764926.471,922237396.98,1785579891.401
2024-08-11,320674171.26,655537006.982,910685705.97,1886896884.212
2024-08-12,378659780.52,456571403.611,863500355.97,1698731540.101
2024-08-13,365373940.68,477933402.69200003,791629806.597,1634937149.9689999
2024-08-14,441406281.64,381307190.26,779192430.361,1601905902.261
2024-08-15,406065994.04,454550125.418,903334721.98,1763950841.438
2024-08-16,421082483.47,404615900.48,948831301.84,1774529685.79
2024-08-17,356282988.77,438723575.282,962852669.42,1757859233.4720001
2024-08-18,297586008.5,485923236.503,1065548873.954,1849058118.957
2024-08-19,421225924.1,512678625.991,741058015.386,1674962565.4770002
2024-08-20,368081702.0,498176242.13,698994748.863,1565252692.993
2024-08-21,347990857.85,524383821.068,823692386.872,1696067065.79
2024-08-22,344764821.99,490509534.304,870822917.78,1706097274.074
2024-08-23,336377614.77,461599325.053,834636092.96,1632613032.783
2024-08-24,292268651.03,520763042.26,977344552.66,1790376245.9499998
2024-08-25,345562082.21,480207256.388,983163296.8,1808932635.398
2024-08-26,457691386.73,567278835.733,608592810.57,1633563033.033
2024-08-27,434952221.75,486518132.106,321103313.59,1242573667.4459999
2024-08-28,428026995.67,410214609.77,606107064.826,1444348670.266
2024-08-29,521581146.65,327941501.652,327378316.666,1176900964.968
2024-08-30,431035198.6,209413343.05,388932850.964,1029381392.6140001
2024-08-31,307357267.39,298813072.39,648737742.432,1254908082.212
2024-09-01,355734486.65999997,305985198.19,654983066.097,1316702750.947
2024-09-02,474249350.37,493476626.8,516076976.731,1483802953.901
2024-09-03,559110905.9300001,642698259.88,219409038.708,1421218204.518
2024-09-04,542365800.08,854481982.46,128893394.522,1525741177.062
2024-09-05,420967642.4,918803567.64,316581472.97,1656352683.01
2024-09-06,410861435.9,396098605.03,485266990.406,1292227031.336
2024-09-07,334177004.53,306249433.05,426021388.097,1066447825.6769999
2024-09-08,334312160.38,309856895.08,485114798.44,1129283853.9
2024-09-09,399372154.29,272427588.15,199978532.847,871778275.2870001
2024-09-10,360051149.28,254589880.12,568120091.53,1182761120.9299998
2024-09-11,382121640.38,198813729.93,266778020.912,847713391.2219999
2024-09-12,474158340.35,181430469.14,114461697.731,770050507.221
2024-09-13,358600160.90999997,209168311.16,45464015.501,613232487.571
2024-09-14,306543074.87,246113723.44,86039856.091,638696654.4009999
2024-09-15,333512192.35,232420906.35,100765226.256,666698324.9560001
2024-09-16,432906933.77,340934821.52,84356535.147,858198290.4369999
2024-09-17,386112295.09000003,288577413.75,64242346.628,738932055.468
2024-09-18,366086803.28999996,361164354.12,156078939.927,883330097.3369999
2024-09-19,373895257.08,308599590.31,292892310.387,975387157.777
2024-09-20,341506969.46000004,365460661.94,231882275.236,938849906.6360002
2024-09-21,337967027.94,348681933.3,235111699.879,921760661.119
2024-09-22,358838554.90999997,336744054.98,289651379.595,985233989.485
2024-09-23,462368188.86,388766547.74,125901610.545,977036347.145
2024-09-24,396598273.32,565920209.39,103423982.296,1065942465.006
2024-09-25,392767639.6,457776323.81,143452493.129,993996456.539
2024-09-26,353221732.35,345238533.31,203219987.842,901680253.5020001
2024-09-27,361099344.43,329690274.65,223877514.189,914667133.2689999
2024-09-28,344025565.37,270007552.40999997,319848587.827,933881705.607
2024-09-29,351920202.51,262441922.29,222040636.805,836402761.605
2024-09-30,435126406.81,234482667.48,78447833.241,748056907.5309999
2024-10-01,411196898.44,229895264.71,15028682.659,656120845.809
2024-10-02,405171986.90999997,189150735.14,11353623.171,605676345.221
2024-10-03,356065532.28,253830237.55,102410515.016,712306284.846
2024-10-04,406376354.32,230477340.76,78601809.983,715455505.063
2024-10-05,350833977.31,252917500.73000002,138513886.391,742265364.431
2024-10-06,348766896.96,271774758.01,168047787.357,788589442.327
2024-10-07,415980353.28,270604796.06,159897949.264,846483098.6039999
2024-10-08,375123669.65,280188541.53999996,455089356.74,1110401567.9299998
2024-10-09,371259834.94,420515558.2,566464598.24,1358239991.38
2024-10-10,412305033.03999996,311122329.34000003,547226922.4,1270654284.78
2024-10-11,403744192.67,200741457.47,286170238.257,890655888.3970001
2024-10-12,329464952.71,217508597.94,350127081.28,897100631.93
2024-10-13,344102025.49,163380572.55,327445468.032,834928066.072
2024-10-14,492639478.92,188086764.49,5877966.074,686604209.4840001
2024-10-15,418809939.99,234609126.67000002,16893723.085,670312789.7450001
2024-10-16,438212326.95000005,194227967.26,173759183.518,806199477.728
2024-10-17,438582218.4,264678387.38,294306606.006,997567211.786
2024-10-18,445579216.07,222738172.1,244245123.257,912562511.4269999
2024-10-19,364954434.36,241704218.5,394039528.124,1000698180.984
2024-10-20,366821502.49,261101373.72,429502215.63199997,1057425091.842
2024-10-21,457945460.93,246749822.64,272186007.934,976881291.504
2024-10-22,434978898.81,255886369.1,39887130.432,730752398.342
2024-10-23,497494039.63,171425330.93,8693064.778,677612435.3379999
2024-10-24,431883597.9,175360321.19,12332497.525,619576416.6149999
2024-10-25,487619340.07,235790483.31,49669467.469,773079290.849
2024-10-26,389907704.84,181841155.62,187819815.59,759568676.0500001
2024-10-27,394916868.57,193437936.89,246337986.774,834692792.234
2024-10-28,453207570.04,120606803.14,68827177.188,642641550.368
2024-10-29,562514196.25,136166086.26999998,33909526.253,732589808.773
2024-10-30,536985539.5,244525459.5,12767116.934999999,794278115.935
2024-10-31,516820145.53,264792441.32999998,116286723.269,897899310.129
2024-11-01,419966006.87,367887294.32,398409766.676,1186263067.8660002
2024-11-02,468321827.36,174231792.79,286167605.199,928721225.349
2024-11-03,460452524.94,120936066.02,177654669.211,759043260.171
2024-11-04,669987001.0699999,71508484.1,6462208.682,747957693.852
2024-11-05,719242058.7,100338400.4,34150.987,819614610.087
2024-11-06,763080464.8,134627011.25,1300119.109,899007595.1589999
2024-11-07,750232231.8,127794236.74,25074.203,878051542.7429999
2024-11-08,643151958.8,106178935.15,3202264.235,752533158.185
2024-11-09,569606785.9,87795423.76,1290547.59,658692757.25
2024-11-10,541885018.7,114135565.28,6974.94,656027558.9200001
2024-11-11,690373735.4,80884740.99000001,2882.502,771261358.892
2024-11-12,748444909.3,96840626.49,3165285.368,848450821.158
2024-11-13,723097707.4,144719219.69,5947791.811,873764718.9009999
2024-11-14,675923274.0,122154935.75,8525633.576,806603843.326
2024-11-15,661697807.5,73034779.97,2162.445,734734749.9150001
2024-11-16,501283598.6,100278493.05,16043525.779,617605617.429
2024-11-17,466632764.21000004,76563119.86,2839803.213,546035687.2830001
2024-11-18,574612515.24,210646971.63,356922.865,785616409.735
2024-11-19,611009263.9,148060626.55,189363.244,759259253.694
2024-11-20,533689340.8,261825438.03,2383779.256,797898558.0860001
2024-11-21,658520241.1,158706903.94,174.0,817227319.04
2024-11-22,537543493.7,133923449.9,1258342.709,672725286.309
2024-11-23,474390630.52,115409867.31,3195064.675,592995562.5049999
2024-11-24,381667023.37,227269666.61,70514245.09,679450935.07
2024-11-25,525080919.52,197495751.61,32905535.414,755482206.544
2024-11-26,623262731.6,226685923.4,7429933.642,857378588.642
2024-11-27,561665094.87,214896821.67000002,1218951.928,777780868.4679999
2024-11-28,621524938.6,126522569.49,13562466.356,761609974.446
2024-11-29,668521996.2,113065356.59,811134.0,782398486.7900001
2024-11-30,504780029.4,90851152.48,13479.643,595644661.523
2024-12-01,500098434.05,94843272.0,14785.026999999998,594956491.0769999
2024-12-02,642957004.7,122201824.39,3845262.457,769004091.547
2024-12-03,722331972.3,212123073.88,7625703.488,942080749.668
2024-12-04,731226544.0,234155832.91,2193762.904,967576139.814
2024-12-05,575623622.8,232872362.17000002,11453.252,808507438.222
2024-12-06,511516848.8,226696715.25,7030567.766,745244131.816
2024-12-07,434029956.55,261462131.47,2610668.692,698102756.712
2024-12-08,495731418.22,315532848.09000003,20596871.944,831861138.2540001
2024-12-09,584789636.1,621180875.71,28163.863,1205998675.6729999
2024-12-10,789299615.2,999596301.03,59144.301999999996,1788955060.532
2024-12-11,865973428.9,655535650.28,6202188.592,1527711267.7719998
2024-12-12,872602128.5,813803672.05,9418.54,1686415219.09
2024-12-13,772213506.9,599743903.27,278.0,1371957688.17
2024-12-14,516145795.4,156359059.57,47409.803,672552264.773
2024-12-15,458633900.73,207616260.8,9421985.66,675672147.1899999
2024-12-16,509544312.48,216286288.71,15545.927,725846147.1170001
2024-12-17,544798110.3,246336447.98,14204.149000000001,791148762.429
2024-12-18,463729980.4,272206133.47,2930087.8370000003,738866201.707
2024-12-19,466524750.83000004,256875761.85,9814062.929,733214575.6090001
2024-12-20,464204902.07,161512134.79,2912922.908,628629959.768
2024-12-21,373832619.43,79836366.6,45335463.17,499004449.2
2024-12-22,371715587.7,235105491.21,48566260.798,655387339.708
2024-12-23,433447094.78,250400485.84,18797345.281,702644925.901
2024-12-24,424667156.89,167447037.66,12031166.983,604145361.533
2024-12-25,412189124.98,156785515.16,25584926.703,594559566.8429999
2024-12-26,482262035.35,128395979.63,10130845.094999999,620788860.075
2024-12-27,580359144.0,166168998.4,1369976.78,747898119.18
2024-12-28,526872685.55,140696294.49,580270.274,668149250.314
2024-12-29,548797255.26,117014650.06,18052.039,665829957.359
2024-12-30,586933682.05,200788466.99,53977.342,787776126.382
2024-12-31,513107723.27,196104608.78,82471561.15,791683893.1999999
2025-01-01,374526111.32,736400297.46,6349099.96,1117275508.74
2025-01-02,578646398.13,678332242.36,5256618.274,1262235258.764
2025-01-03,548414232.24,801107592.5799999,10779.0,1349532603.82
2025-01-04,515788099.0,753922227.71,0.0,1269710326.71
2025-01-05,447314069.17,743373931.1800001,1758.0,1190689758.3500001
2025-01-06,460479720.49,779138691.23,14579083.0,1254197494.72
2025-01-07,584060051.25,700882108.19,57745.474,1284999904.914
2025-01-08,662649236.89,663356689.09,40321.381,1326046247.361
2025-01-09,647862224.6,625557422.65,12585990.0,1286005637.25
2025-01-10,623107690.2,614771216.28,0.0,1237878906.48
2025-01-11,660557680.49,710663885.6700001,172.47,1371221738.63
2025-01-12,593984170.6,721534822.15,0.0,1315518992.75
2025-01-13,743870990.3,920739743.65,20917.125,1664631651.0749998
2025-01-14,791827436.4,1343569837.18,2576135.155,2137973408.735
2025-01-15,845650515.5,1673363459.46,3304113.0,2522318087.96
2025-01-16,782658690.4000001,1598196173.44,2575667.0,2383430530.84
2025-01-17,773935538.1,1230233584.1,6436.0,2004175558.1999998
2025-01-18,683668532.0,723688686.26,2261.0,1407359479.26
2025-01-19,648240324.8199999,685876313.49,0.0,1334116638.31
2025-01-20,854691958.3,973839820.11,471163.0,1829002941.4099998
2025-01-21,830738079.5,1097419278.96,2582243.664,1930739602.124
2025-01-22,708424169.9,884534941.77,8008.0,1592967119.67
2025-01-23,627665655.5799999,699529032.018,15427290.0,1342621977.598
2025-01-24,538012610.94,687114394.3,32300349.83,1257427355.07
2025-01-25,474080305.82,647475920.05,35225391.112,1156781616.9819999
2025-01-26,451240557.8,715063085.53,6964887.638,1173268530.968
2025-01-27,470849207.95000005,654559377.31,15498065.6,1140906650.86
2025-01-28,489654122.19,641072648.4200001,7697402.368,1138424172.9780002
2025-01-29,491842158.87,662410372.3,11537.664,1154264068.834
2025-01-30,609055849.48,600634995.38,2603303.0,1212294147.8600001
2025-01-31,608169472.0,606039035.5,13105341.0,1227313848.5
2025-02-01,546461698.0699999,284917189.67,78166.0,831457053.74
2025-02-02,585169061.48,271336790.74,16713823.0,873219675.22
2025-02-03,756625466.0,459315530.1,8775.0,1215949771.1
2025-02-04,716261037.4,353057351.78999996,16307002.0,1085625391.19
2025-02-05,761135904.3,300709217.77,9229.0,1061854351.0699999
2025-02-06,697437848.7,400174791.57,17537950.0,1115150590.27
2025-02-07,535660851.34000003,539720292.71,448140.0,1075829284.0500002
2025-02-08,500420371.66,424649295.43,18559933.0,943629600.09
2025-02-09,545324242.54,462717712.43,0.0,1008041954.97
2025-02-10,651375000.03,454117298.28,17123254.0,1122615552.31
2025-02-11,698586252.63,504792469.55,8761.0,1203387483.18
2025-02-12,732972500.3,696773892.1700001,17123996.0,1446870388.47
2025-02-13,790569251.7,670831082.69,2857207.0,1464257541.39
2025-02-14,755117265.5,617560579.77,7179279.0,1379857124.27
2025-02-15,611758489.9,608072466.9,0.0,1219830956.8
2025-02-16,580855576.9,653427571.45,21242093.0,1255525241.35
2025-02-17,728663263.4,1099252470.02,1680846.0,1829596579.42
2025-02-18,637500729.4,1242289848.6100001,258.0,1879790836.0100002
2025-02-19,557183375.1,1249403547.4099998,33725037.78,1840311960.2899997
2025-02-20,511595687.16,1134772902.79,43438.667,1646412028.617
2025-02-21,436943395.2,855526060.13,26801198.893,1319270654.2229998
2025-02-22,393357028.45,515183543.93,19971307.893,928511880.273
2025-02-23,407667362.5,556596510.48,36721881.566,1000985754.546
2025-02-24,456906006.94,627609689.78,53321210.946,1137836907.6660001
2025-02-25,658849541.04,665817743.74,5352814.0030000005,1330020098.783
2025-02-26,659981291.5799999,749813425.88,1151899.556,1410946617.016
2025-02-27,697928455.37,568740487.52,19413.388,1266688356.2779999
2025-02-28,661416959.55,523620226.1,5298941.389,1190336127.039
2025-03-01,504292878.36,528539312.57,13842.003,1032846032.9330001
2025-03-02,440177237.09000003,572682155.7,10915311.84,1023774704.6300001
2025-03-03,493309020.46,671016493.9,8328.392,1164333842.7519999
2025-03-04,530958435.17,565231945.39,3018938.503,1099209319.063
2025-03-05,511092869.99,519955988.65,20074804.561,1051123663.201
2025-03-06,485331133.51,515200890.92,72810833.509,1073342857.9390001
2025-03-07,562965526.19,537189287.81,127564383.604,1227719197.604
2025-03-08,410674601.62,533445204.87,216725993.649,1160845800.139
2025-03-09,452065893.34000003,532816414.38,270317888.563,1255200196.283
2025-03-10,602505843.24,488727697.40999997,54904406.157,1146137946.8070002
2025-03-11,641714657.5,459171786.77,32612379.565,1133498823.835
2025-03-12,680889345.6,452075264.56,14090626.832,1147055236.992
2025-03-13,662504555.9,412302020.09000003,35944285.09,1110750861.08
2025-03-14,592069454.9,382174669.36,10988005.0,985232129.26
2025-03-15,435403680.99,454767219.18,11769794.116,901940694.2860001
2025-03-16,442114873.24,479697857.55,24887253.72,946699984.51
2025-03-17,503135888.8,494399657.38,672567.056,998208113.2360001
2025-03-18,548250823.7,504265280.09000003,21810180.832,1074326284.622
2025-03-19,577873003.58,515628490.02,76171555.32,1169673048.9199998
2025-03-20,535985446.24,509416303.09000003,145750109.094,1191151858.424
2025-03-21,383980740.1,634091971.84,150230105.965,1168302817.905
2025-03-22,394861506.31,613909835.4300001,538337035.521,1547108377.2610002
2025-03-23,445378198.61,617657420.45,430109373.208,1493144992.2680001
2025-03-24,597528829.54,536978068.62,249897800.685,1384404698.8449998
2025-03-25,492106563.58000004,515377301.49,130760841.13499999,1138244706.205
2025-03-26,563824372.21,520981839.2,94922616.88100001,1179728828.2910001
2025-03-27,463426499.03999996,513039368.77,157309101.393,1133774969.203
2025-03-28,446645542.77,499176669.63,213547058.222,1159369270.622
2025-03-29,365525118.41,539350887.38,265536182.134,1170412187.924
2025-03-30,370673237.47,520478046.06,271217209.83,1162368493.36
2025-03-31,490873559.32,546029870.3299999,156305746.1,1193209175.7499998
2025-04-01,436785270.87,690547587.4,95243137.552,1222575995.822
2025-04-02,378460284.41,790725219.9,180635756.45000002,1349821260.76
2025-04-03,436697029.62,835785021.63,303450986.0,1575933037.25
2025-04-04,426161989.69,869245583.02,392577016.66400003,1687984589.374
2025-04-05,369022659.68,726594684.4200001,608976701.114,1704594045.2140002
2025-04-06,426607637.46000004,727241347.52,303027045.486,1456876030.466
2025-04-07,512450702.33000004,844674247.89,25872301.512,1382997251.732
2025-04-08,549871047.97,964795968.53,29020027.649,1543687044.149
2025-04-09,480155624.28999996,1034875991.27,32265666.83,1547297282.3899999
2025-04-10,503982340.61,1099543615.53,44591361.391,1648117317.531
2025-04-11,485649673.70000005,990769438.6700001,141620914.632,1618040027.002
2025-04-12,374314590.46000004,1140060537.2,623751843.928,2138126971.588
2025-04-13,368886542.5,1146479742.25,773551097.976,2288917382.726
2025-04-14,440533452.23,1195379773.32,531597268.468,2167510494.018
2025-04-15,404670644.12,1148577551.75,793261675.31,2346509871.18
2025-04-16,432953041.14,1147416980.93,598609055.09,2178979077.1600003
2025-04-17,449070472.40999997,1061040425.4,438524428.664,1948635326.474
2025-04-18,367979309.17,1041972975.24,604495597.9070001,2014447882.3170002
2025-04-19,354173130.88,982521123.64,920390012.78,2257084267.3
2025-04-20,331054260.29,916643357.35,1081295898.932,2328993516.572
2025-04-21,361045182.96000004,956683364.38,1024369401.425,2342097948.7650003
2025-04-22,497038459.83,882574095.181,498236378.708,1877848933.7189999
2025-04-23,501315048.58,899808694.515,424687557.364,1825811300.459
2025-04-24,447460549.8,812267514.051,304522158.441,1564250222.292
2025-04-25,425350433.79,817430404.095,570604111.479,1813384949.3639998
2025-04-26,352966447.6,876929278.452,744173939.191,1974069665.243
2025-04-27,361825147.35,938921833.201,889042820.1570001,2189789800.708
2025-04-28,438981963.73,952715361.7490001,872245666.81,2263942992.289
2025-04-29,428711863.51,954590941.677,963092248.1,2346395053.287
2025-04-30,386622897.92,1024847604.021,1038104743.47,2449575245.4110003
2025-05-01,339026961.0,1241268467.24,1299977456.615,2880272884.855
2025-05-02,334505173.74,1095516309.03,1365744452.914,2795765935.684
2025-05-03,321317456.19,893860756.39,1384128522.284,2599306734.864
2025-05-04,334395985.12,823317331.8299999,1197886985.28,2355600302.2299995
2025-05-05,396296870.98,992433468.52,642914794.41,2031645133.9099998
2025-05-06,412038277.04,959211378.4300001,476980098.28999996,1848229753.76
2025-05-07,452236057.7,1043637193.6800001,572081545.821,2067954797.2010002
2025-05-08,445392066.4,1088849748.67,566274568.337,2100516383.407
2025-05-09,403277665.64,1056225286.66,604158994.23,2063661946.53
2025-05-10,330185319.40999997,1065053003.44,936053638.743,2331291961.593
2025-05-11,317551756.92,1061304802.8199999,951280274.887,2330136834.627
2025-05-12,389528910.4,1023205937.55,907929120.288,2320663968.238
2025-05-13,411339507.96000004,1014596752.5799999,685731800.79,2111668061.33
2025-05-14,366060624.58,1027994581.28,781671975.0,2175727180.8599997
2025-05-15,359373161.15,1100391076.06,687705741.46,2147469978.67
2025-05-16,358094793.05,985702993.9,608993044.615,1952790831.565
2025-05-17,327153317.56,1129049822.1,964801492.588,2421004632.248
2025-05-18,340878573.75,1168620940.22,792020468.382,2301519982.352
2025-05-19,426729213.15999997,1191702439.81,614195615.315,2232627268.285
2025-05-20,410803915.12,1243225157.99,613010469.905,2267039543.0150003
2025-05-21,413475275.48,1157487199.6100001,172925211.771,1743887686.861
2025-05-22,428798640.61,1215121177.7,439117785.114,2083037603.424
2025-05-23,374808833.51,1198737823.16,311629053.51,1885175710.18
2025-05-24,313094141.32,1162117278.65,650081745.075,2125293165.045
2025-05-25,328937034.24,1190160763.73,954587921.83,2473685719.8
2025-05-26,379386471.11,1141761298.57,685890969.005,2207038738.685
2025-05-27,362768563.98,1200845625.3899999,690377024.088,2253991213.458
2025-05-28,376520333.03,1299879324.23,664248372.847,2340648030.107
2025-05-29,313481408.61,1243976582.33,917353848.84,2474811839.78
2025-05-30,324757966.01,1270431534.83,989312525.159,2584502025.999
2025-05-31,340384693.43,1202774221.83,1351961530.64,2895120445.9
2025-06-01,331432156.85,1191991593.12,1362783063.637,2886206813.607
2025-06-02,417331510.31,1117530831.5,872621741.175,2407484082.9849997
2025-06-03,353823115.65999997,1061180090.23,697205578.682,2112208784.572
2025-06-04,347447639.94,1100781342.49,799071769.067,2247300751.497
2025-06-05,336654725.3,897285312.8199999,653997339.127,1887937377.2469997
2025-06-06,334668154.86,1102657171.22,1057353231.839,2494678557.9189997
2025-06-07,308473738.33000004,1153576908.76,1422007964.752,2884058611.842
2025-06-08,296005951.95,1156580893.03,1349161757.547,2801748602.527
2025-06-09,304278676.89,1240005475.79,1192623141.587,2736907294.2669997
2025-06-10,328107307.99,1140867748.12,997549007.929,2466524064.039
2025-06-11,355479761.22,1201287175.47,1030061047.53,2586827984.2200003
2025-06-12,352292519.45,1226338358.9099998,1060678628.335,2639309506.6949997
2025-06-13,344576964.37,1236756628.3400002,943503935.216,2524837527.926
2025-06-14,326235486.11,1136480030.73,1404186378.427,2866901895.267
2025-06-15,318968642.36,1111691927.26,1247297847.108,2677958416.7279997
2025-06-16,365647652.8,1108701275.854,1096730535.526,2571079464.1800003
2025-06-17,380267622.5,1198765229.382,912924117.363,2491956969.245
2025-06-18,359212111.02,1154129261.977,923084466.543,2436425839.54
2025-06-19,329365815.81,1188806573.476,1006832240.95,2525004630.236
2025-06-20,349766918.84000003,1204476116.152,1067681696.431,2621924731.4230003
2025-06-21,310948486.94,1114595267.054,1471790775.84,2897334529.8339996
2025-06-22,291795621.27,1101129316.672,1503045064.52,2895970002.462
2025-06-23,365273047.61,1112538931.072,1263332776.265,2741144754.9470005
2025-06-24,353157227.59000003,1158590833.554,1091897116.036,2603645177.1800003
2025-06-25,406607837.1,1204705703.28,726397748.612,2337711288.992
2025-06-26,343809870.90999997,1276519936.517,781747109.171,2402076916.598
2025-06-27,346490195.32,1237540995.583,1069065391.523,2653096582.4259996
2025-06-28,304757834.51,1143285893.24,1485383382.32,2933427110.0699997
2025-06-29,322650657.06,1082309819.06,1576716142.121,2981676618.241
2025-06-30,437664926.05,1273382570.8600001,1152901911.182,2863949408.092
2025-07-01,473235772.04,1379587325.23,792928245.307,2645751342.577
2025-07-02,425568063.31,1291689718.76,948486271.474,2665744053.5439997
2025-07-03,432456111.28,1378828803.31,958730688.441,2770015603.031
2025-07-04,368038758.32,1431019236.28,893025853.824,2692083848.424
2025-07-05,294844082.51,1388875232.71,1300382944.917,2984102260.137
2025-07-06,335086423.34000003,1240630028.27,1265152571.514,2840869023.124
2025-07-07,372960541.76,1288710974.2,1025462156.07,2687133672.03
2025-07-08,353107063.11,1460262473.48,1068082398.336,2881451934.926
2025-07-09,386327830.19,1436796107.28,1175917552.142,2999041489.612
2025-07-10,383386553.53999996,1412671160.95,1083654933.197,2879712647.6870003
2025-07-11,336413688.81,1275709383.81,1201638838.358,2813761910.9779997
2025-07-12,314996480.37,1210121810.57,1481793621.046,3006911911.986
2025-07-13,323734785.5,1308601277.28,1450293602.37,3082629665.1499996
2025-07-14,344228919.19,1321849121.63,945375716.024,2611453756.8440003
2025-07-15,344403493.8,1295110886.1599998,755974279.365,2395488659.325
2025-07-16,366227570.97,1282465512.9,803539337.97,2452232421.84
2025-07-17,398578083.37,1280021060.51,623854138.969,2302453282.849
2025-07-18,411511766.32,1252196942.31,866118285.1800001,2529826993.81
2025-07-19,305108896.03999996,1166265122.51,1309953143.85,2781327162.3999996
2025-07-20,312048899.01,1107450224.69,1271410058.1,2690909181.8
2025-07-21,359777916.06,1245832239.75,851089752.618,2456699908.428
2025-07-22,315499757.91999996,1334936624.01,886051968.41,2536488350.3399997
2025-07-23,363424415.69,1325525769.1,833324169.086,2522274353.876
2025-07-24,447563703.88,1254068310.6,582508339.289,2284140353.769
2025-07-25,408868054.99,1237101213.56,660184778.93,2306154047.48
2025-07-26,354422857.65,1024553491.47,1085742033.245,2464718382.365
2025-07-27,317020182.12,1012458503.75,1180931349.198,2510410035.068
2025-07-28,338397222.42,1099582264.44,1147895695.46,2585875182.32
2025-07-29,340888670.98,1057609018.38,1010826809.068,2409324498.428
2025-07-30,349809296.59000003,1155386233.38,1079352222.99,2584547752.96
2025-07-31,362130105.56,1237998309.03,930438450.83,2530566865.42
2025-08-01,343350028.17,965493969.26,1165881938.753,2474725936.183
2025-08-02,309040468.45,967085342.56,1340126700.769,2616252511.7790003
2025-08-03,300157318.32,993003192.02,1373326513.706,2666487024.046
2025-08-04,343144198.72,1078957224.51,1088687406.86,2510788830.09
2025-08-05,337775396.34000003,1009191303.16,1277251743.237,2624218442.737
2025-08-06,378692517.96,1032072221.78,1232985845.567,2643750585.307
2025-08-07,358506983.27,1047933071.27,1168388792.47,2574828847.01
2025-08-08,386395462.6,1033523356.34,1204752196.54,2624671015.48
2025-08-09,306913165.82,977871367.38,1456710429.319,2741494962.519
2025-08-10,307402316.97,987645370.35,1355981774.8,2651029462.12
2025-08-11,409225206.46000004,1004815731.8199999,1208697914.85,2622738853.13
2025-08-12,432499103.13,1062140955.19,1044964302.101,2539604360.421
2025-08-13,442692895.35,1127777590.38,873714327.94,2444184813.67
2025-08-14,423346237.54,1083177642.3,1070569067.341,2577092947.1809998
2025-08-15,328240931.79,1020116868.35,1133136794.43,2481494594.57
2025-08-16,266449932.06,1087666874.51,1192197421.091,2546314227.6610003
2025-08-17,320857842.35,1028699787.5699999,1291777079.89,2641334709.8100004
2025-08-18,399114371.63,1199508507.79,1016728062.461,2615350941.881
2025-08-19,395731658.99,1199995470.9,1078357674.919,2674084804.809
2025-08-20,393231058.85,1274312160.56,919996876.873,2587540096.283
2025-08-21,343756144.13,1178068609.0,956154615.05,2477979368.1800003
2025-08-22,300718620.99,1191122213.12,949945266.1800001,2441786100.29
2025-08-23,297715448.27,1118972351.05,1265255688.483,2681943487.803
2025-08-24,320891451.09000003,1107061181.94,1229139067.632,2657091700.662
2025-08-25,442946065.72,1225320008.73,999904077.632,2668170152.082
2025-08-26,416802571.61,1192280920.76,872153285.811,2481236778.1809998
2025-08-27,464888773.69,1225684771.55,767635175.851,2458208721.091
2025-08-28,534679500.0,1060811184.11,966169715.614,2561660399.724
2025-08-29,404167946.4,1165863690.24,1111772829.3930001,2681804466.033
2025-08-30,299383447.14,1124289057.42,1291160054.091,2714832558.651
2025-08-31,314312629.05,1112129120.47,1305519586.962,2731961336.482
2025-09-01,453640935.1,1132251696.48,832863149.97,2418755781.55
2025-09-02,436548157.85,1063204260.63,362474058.245,1862226476.725
2025-09-03,324201485.08,1091261386.69,693645965.739,2109108837.5089998
2025-09-04,434949203.2,1058434732.85,882048901.55,2375432837.6
2025-09-05,451100479.6,1128418573.144,787541386.143,2367060438.887
2025-09-06,315518359.23,1123467661.09,1213572439.71,2652558460.0299997
2025-09-07,292312422.18,1139917572.38,1373928580.682,2806158575.242
2025-09-08,489796600.3,997980535.34,841369557.9779999,2329146693.618
2025-09-09,550193199.55,1001173946.55,566621834.244,2117988980.3439999
2025-09-10,482015551.63,1051728854.53,660858362.488,2194602768.648
2025-09-11,352072050.32,1022830132.29,628771245.667,2003673428.277
2025-09-12,343469158.32,1012667348.0,776371468.46,2132507974.78
2025-09-13,274777451.3,933052142.5799999,1039893995.41,2247723589.29
2025-09-14,293432342.35,1038189053.9200001,1036314875.82,2367936272.09
2025-09-15,263666426.26,1099849287.22,759335571.8510001,2122851285.331
2025-09-16,339108158.41999996,1002246473.35,478369627.869,1819724259.639
2025-09-17,318729212.88,1014265077.4,343034972.924,1676029263.204
2025-09-18,315612387.8,1137573053.18,414473713.655,1867659154.635
2025-09-19,372761500.45,1108698044.06,537143302.826,2018602847.336
2025-09-20,276399582.36,1192847349.95,930926059.969,2400172992.279
2025-09-21,331618668.9,1140236185.5,949134460.16,2420989314.56
2025-09-22,439782885.16999996,1052224265.0,304646911.995,1796654062.165
2025-09-23,495118193.25,1029860489.39,86167002.131,1611145684.771
2025-09-24,396624065.73,856800397.9200001,51184835.804,1304609299.454
2025-09-25,434750837.25,893534290.11,144816208.509,1473101335.8690002
2025-09-26,458404214.74,960264999.65,142869227.881,1561538442.271
2025-09-27,406745712.87,986946426.75,388536695.893,1782228835.513
2025-09-28,448430895.65999997,869081445.13,360543434.518,1678055775.308
2025-09-29,618623029.3299999,967119710.12,118097014.818,1703839754.268
2025-09-30,594483377.69,990457306.9200001,107335353.213,1692276037.8230002
2025-10-01,597113461.72,824455240.81,39150551.903,1460719254.433
2025-10-02,501574694.11,785066237.3199999,40716498.046000004,1327357429.4759998
2025-10-03,378219279.23,964268391.66,53380903.99,1395868574.8799999
2025-10-04,313879094.1,1053566070.8199999,312654158.191,1680099323.111
2025-10-05,354484412.53999996,949246454.84,374455397.496,1678186264.8760002
2025-10-06,563258505.41,793962530.74,112518207.239,1469739243.3890002
2025-10-07,666124346.14,732092933.27,54185432.24,1452402711.6499999
2025-10-08,629986949.62,868797586.76,77305154.751,1576089691.131
2025-10-09,578427225.0799999,881305395.1,63850647.462,1523583267.6419997
2025-10-10,502893444.81,929204849.72,83504496.469,1515602790.999
2025-10-11,417167234.53,1012875202.53,173541505.342,1603583942.402
2025-10-12,466840646.68,910806330.76,159288382.49400002,1536935359.934
2025-10-13,641413357.3,863521637.95,45643587.342,1550578582.592
2025-10-14,679132070.0,917322216.8,25695021.798,1622149308.598
2025-10-15,646439175.87,877647794.94,23864653.076,1547951623.886
2025-10-16,581715793.58,938597902.24,27960064.898000002,1548273760.7180002
2025-10-17,539173868.0899999,879916777.47,45020713.612,1464111359.172
2025-10-18,434453000.56,877655592.7,72631902.19500001,1384740495.455
2025-10-19,366959660.92,891495568.44,139802897.665,1398258127.025
2025-10-20,388300903.62,793219347.5799999,59112581.666999996,1240632832.8669999
2025-10-21,432324986.42,841731783.51,64490773.645,1338547543.575
2025-10-22,566022569.02,786760434.9300001,50941653.299,1403724657.249
2025-10-23,407352875.84000003,774986566.8,92457772.77,1274797215.4099998
2025-10-24,398956780.96,815928401.56,16361848.237,1231247030.757
2025-10-25,395173439.34000003,967451550.5799999,72959871.352,1435584861.272
2025-10-26,400932047.53000003,918075253.24,74519430.788,1393526731.558
2025-10-27,428347442.48,800823745.14,13057026.287,1242228213.9069998
2025-10-28,456005471.23,709023940.4,35572572.733,1200601984.3630002
2025-10-29,449416748.07,958411822.63,36440545.624,1444269116.3240001
2025-10-30,483717324.35,904281944.96,82447093.371,1470446362.681
2025-10-31,513306374.46000004,920616543.3299999,52921450.846,1486844368.636
2025-11-01,401807974.08,1018647557.96,368154819.142,1788610351.182
2025-11-02,440985941.57,1017001122.44,245549373.44300002,1703536437.453
2025-11-03,450219425.62,874512619.7,25333462.712,1350065508.032
2025-11-04,427290205.88,854750319.1700001,128266023.158,1410306548.2080002
2025-11-05,482811694.31,884365761.13,61187144.868,1428364600.308
2025-11-06,632061313.3,871222554.69,18180538.015,1521464406.005
2025-11-07,712180098.9,887574525.41,16638.974000000002,1599771263.284
2025-11-08,671217319.9,862090751.59,23631940.378,1556940011.868
2025-11-09,589377571.04,848066747.1,11233672.052000001,1448677990.192
2025-11-10,644886183.1,887415810.95,16871756.443,1549173750.4930003
2025-11-11,574662801.7,873240429.61,57002254.41,1504905485.72
2025-11-12,435443406.8,914380147.86,7687384.872,1357510939.532
2025-11-13,543814051.21,904129769.13,101352709.745,1549296530.085
2025-11-14,582794896.3,895003157.13,23276241.747,1501074295.1769998
2025-11-15,522713380.6,865590258.09,20884328.279,1409187966.969
2025-11-16,556696495.7,831442210.6800001,10027947.434,1398166653.8140001
2025-11-17,667203533.6,825308080.9200001,40890043.908,1533401658.428
2025-11-18,644606589.5,900707501.86,15012407.094,1560326498.4540002
2025-11-19,741137069.2,905529867.63,18639238.245,1665306175.0749998
2025-11-20,855096602.5,895991905.9300001,2629401.469,1753717909.8990002
2025-11-21,776155695.0,932356085.6,53254.673,1708565035.273
2025-11-22,567323440.8,935925103.49,0.0,1503248544.29
2025-11-23,507699859.9,895077902.74,21563.0,1402799325.6399999
2025-11-24,779439775.7,950567623.87,777.0,1730008176.5700002
2025-11-25,834013940.5,966557773.12,114755.469,1800686469.089
2025-11-26,791811713.3,1207737283.1100001,4253.082,1999553249.492
2025-11-27,632973174.6,1216155152.21,560.422,1849128887.2319999
2025-11-28,598739367.0,1132123588.3600001,8373.0,1730871328.3600001
2025-11-29,496987735.2,1026707246.3,4921304.927,1528616286.427
2025-11-30,512508130.4,902717426.59,11182529.188000001,1426408086.178
2025-12-01,553011436.8,1125587517.7,3793055.595,1682392010.095
2025-12-02,759799755.0999999,1060549512.94,17048.057,1820366316.097
2025-12-03,880691106.8,1223673956.47,6839974.444,2111205037.714
2025-12-04,833168362.6,1106657256.6399999,7940429.359,1947766048.5989997
2025-12-05,762398089.8,1082975079.22,69168.41500000001,1845442337.435
2025-12-06,503368993.6,948317176.94,23636709.941,1475322880.481
2025-12-07,515063055.13,909794772.95,141854118.255,1566711946.335
2025-12-08,488391972.9,868510040.73,205794575.438,1562696589.068
2025-12-09,588369395.6,1043381596.609,98495080.28,1730246072.489
2025-12-10,572116042.0,1151916078.312,18430077.408,1742462197.72
2025-12-11,648916094.3,1095602684.07,37842205.804,1782360984.1739998
2025-12-12,757155991.5,978477669.87,33681506.117,1769315167.487
2025-12-13,594488080.4,943834084.61,36118859.764,1574441024.774
2025-12-14,507154008.9,908555914.87,6186051.84,1421895975.61
2025-12-15,593938585.2,1056754451.05,5613816.604,1656306852.854
2025-12-16,757479145.5,1012955118.8199999,5089.097,1770439353.4169998
2025-12-17,695304239.3,973530184.96,19657432.738,1688491856.998
2025-12-18,475453600.87,966195938.29,16957183.645,1458606722.8049998
2025-12-19,532439055.9,1006322027.73,13553149.446,1552314233.0760002
2025-12-20,663116784.5,918583771.16,14865.89,1581715421.55
2025-12-21,485372813.3,938260344.7,19218.558,1423652376.558
2025-12-22,472868186.93,926427246.1700001,5542.832,1399300975.9320002
2025-12-23,459113274.28,909232659.69,6262.777,1368352196.747
2025-12-24,459162724.69,929381571.89,29.0,1388544325.58
2025-12-25,480832753.94,929894855.7,9981.0,1410737590.64
2025-12-26,494671812.2,871914368.12,11700.0,1366597880.32
2025-12-27,492194893.8,884075612.37,5281080.569,1381551586.739
2025-12-28,512106472.3,922323800.47,0.0,1434430272.77
2025-12-29,507773226.7,919679720.3,527.0,1427453474.0
2025-12-30,507099452.7,924232467.13,1122.221,1431333042.0509999
2025-12-31,498660655.8,981698930.21,317.0,1480359903.01
2026-01-01,407707973.19,843760632.52,19219742.0,1270688347.71
2026-01-02,496672012.0,862664648.55,32160.784,1359368821.3339999
2026-01-03,563578687.3,911445647.7,9227092.0,1484251427.0
2026-01-04,648905466.8,913506466.8,9356.0,1562421289.6
2026-01-05,802935012.0,1060113449.84,19020.227,1863067482.0670002
2026-01-06,806744735.2,1160098100.74,3862.0,1966846697.94
2026-01-07,761779934.2,1393718245.3,3769.0,2155501948.5
2026-01-08,752278034.9,1474052490.82,39362.0,2226369887.72
2026-01-09,578203423.4,1428119478.8400002,1595629.0,2007918531.2400002
2026-01-10,688663479.3,1129842693.62,15557437.0,1834063609.9199998
2026-01-11,678266210.6,1093911715.99,19989303.0,1792167229.5900002
2026-01-12,718240536.3,1300737587.08,16192.0,2018994315.3799999
2026-01-13,668384978.6,1340565298.72,31394068.0,2040344345.3200002
2026-01-14,672703315.0,1307928370.6599998,19834305.239,2000465990.899
2026-01-15,588586041.6,1249004123.72,22758103.953,1860348269.2730002
2026-01-16,712071789.7,1168338640.4,36102979.061000004,1916513409.1610003
2026-01-17,702042585.2,1057590216.89,27447988.0,1787080790.0900002
2026-01-18,653490109.4,991041503.02,30894669.0,1675426281.42
2026-01-19,784655577.7,1155443781.9,12156038.0,1952255397.6000001
2026-01-20,775364105.8,1195507424.8400002,56125133.0,2026996663.64
2026-01-21,721008976.7,1218331982.09,5779389.352,1945120348.142
2026-01-22,716020646.9,1149780615.69,5241.6900000000005,1865806504.2800002
2026-01-23,665278349.7,1033013838.59,1250802.321,1699542990.611
2026-01-24,634317896.9,621258068.92,0.0,1255575965.82
2026-01-25,671765203.0,586897211.81,7129.0,1258669543.81
2026-01-26,824969189.9,836620403.73,161.0,1661589754.63
2026-01-27,780286590.5,885275413.23,23926084.0,1689488087.73
2026-01-28,763062368.3,868114751.89,23929047.0,1655106167.19
2026-01-29,810911570.3,703142967.47,38871576.788,1552926114.558
2026-01-30,714237568.0,646273549.27,0.0,1360511117.27
2026-01-31,654948351.7,736342141.31,470.611,1391290963.621
2026-02-01,612238162.5,765504100.05,43610.74,1377785873.29
2026-02-02,668361799.0,1208547624.68,31785266.884,1908694690.5640001
2026-02-03,653769043.7,1171924291.18,67290805.728,1892984140.608
2026-02-04,699197204.1,1228324659.1,23245478.446,1950767341.646
2026-02-05,772016806.4,1046544225.94,5970752.0,1824531784.3400002
2026-02-06,769237568.1,785086025.34,1863.0,1554325456.44
2026-02-07,689318679.5,829118006.71,77344080.44,1595780766.65
2026-02-08,692160528.3,925676846.91,6284545.226,1624121920.436
2026-02-09,784349284.1,838565773.28,133732.734,1623048790.114
2026-02-10,743834624.0,717018323.09,120.79,1460853067.88
2026-02-11,688391499.2,963745706.36,3285467.889,1655422673.449
2026-02-12,657581298.1,776122546.9200001,15746886.36,1449450731.3799999
2026-02-13,745788120.3,714998933.28,47362205.0,1508149258.58
2026-02-14,724299642.0,659187899.54,38853564.0,1422341105.54
2026-02-15,523645531.3,588182287.77,66912489.222,1178740308.2919998
2026-02-16,682421726.6,801899737.34,99440966.889,1583762430.829
2026-02-17,753065472.1,840452710.26,91262045.0,1684780227.3600001
2026-02-18,724111365.8,784327374.11,64620852.0,1573059591.9099998
2026-02-19,676913700.4,893768803.45,23953596.0,1594636099.85
2026-02-20,568468431.4,835644307.52,11083861.68,1415196600.6000001
2026-02-21,447170448.48,1038409814.3,14559655.901,1500139918.681
2026-02-22,412531486.90999997,1085589579.23,74436327.086,1572557393.2259998
2026-02-23,490670929.3,1013546241.91,5503045.687,1509720216.897
2026-02-24,708356715.9,983665018.9300001,10725702.689,1702747437.5189998
2026-02-25,573131687.7,1043358110.12,29888439.430999998,1646378237.2510002
2026-02-26,441815834.78,1032303898.81,187773595.498,1661893329.0879998
2026-02-27,440486885.65999997,1067219785.03,174935697.616,1682642368.306
2026-02-28,390050650.34000003,1085887372.76,577704549.56,2053642572.6599998
2026-03-01,412042138.83,832016536.21,554441647.067,1798500322.1069999
2026-03-02,511235517.7,814839081.54,309958283.572,1636032882.812
2026-03-03,563045582.0699999,884699723.35,151736204.739,1599481510.1590002
2026-03-04,523429007.78999996,597492228.09,157751702.195,1278672938.075
2026-03-05,449132415.56,865113929.26,293001731.946,1607248076.7659998
2026-03-06,523113144.62,804220501.86,459437612.56,1786771259.04
2026-03-07,441763043.38,665005605.96,665292759.11,1772061408.4500003
2026-03-08,395232575.43,698954157.54,789260163.207,1883446896.177
2026-03-09,494005505.76,719343686.38,578850911.934,1792200104.074
2026-03-10,446617692.04,693922948.44,558639405.806,1699180046.286
2026-03-11,400134800.72,831569300.01,725749085.24,1957453185.97
2026-03-12,393735790.26,845057843.45,359561973.31,1598355607.02
2026-03-13,430207576.8,799866098.54,351960632.03999996,1582034307.3799999
2026-03-14,503717680.2,749700865.1,72423023.986,1325841569.286
2026-03-15,393575741.01,694615442.35,181509606.504,1269700789.864
2026-03-16,451682200.1,768949663.53,136982703.04799998,1357614566.678
2026-03-17,479735117.4,835052261.21,15618314.01,1330405692.6200001
2026-03-18,462792444.7,947138570.6800001,41105030.888,1451036046.2680001
2026-03-19,521850013.8,976788565.16,54112716.33,1552751295.29
2026-03-20,495027517.4,949481530.21,64007617.263,1508516664.8730001
2026-03-21,399325232.05,902486324.48,545759772.77,1847571329.3
2026-03-22,406674222.38,872257797.86,599189437.1,1878121457.3400002
2026-03-23,487674390.64,851010577.79,363076834.05700004,1701761802.487
2026-03-24,387463064.49,894153015.12,616111662.74,1897727742.3500001
2026-03-25,432354440.99,794502192.53,651754925.8330001,1878611559.3530002
2026-03-26,474000866.17,748067980.11,244467968.051,1466536814.3309999
2026-03-27,473115767.94,814263697.14,323853623.528,1611233088.6079998
2026-03-28,397934174.03,748856045.77,227390967.224,1374181187.024
2026-03-29,382511117.03,771735098.34,254264442.585,1408510657.955
2026-03-30,459951060.48,755312377.37,23434073.096,1238697510.9459999
2026-03-31,559115640.75,846572814.35,33222847.884999998,1438911302.985
2026-04-01,585664359.1,936804761.55,113581300.067,1636050420.717
2026-04-02,514030171.70000005,1098460015.6,75880064.72,1688370252.02
2026-04-03,349818687.7,982896004.4200001,405868192.972,1738582885.092
2026-04-04,327828218.02,982410570.72,918971954.8610001,2229210743.601
2026-04-05,315336469.91999996,964185317.31,943900047.004,2223421834.234
2026-04-06,342536646.8,943432713.19,660062295.088,1946031655.078
2026-04-07,430838095.12,862753816.275,514950262.009,1808542173.404
2026-04-08,422005302.26,870735112.9779999,556509583.154,1849249998.392
2026-04-09,449377660.55,788557306.722,546878972.176,1784813939.448
2026-04-10,502055427.72,942062813.469,249475736.38099998,1693593977.5700002
2026-04-11,367950364.85,850386590.483,701215316.034,1919552271.367
2026-04-12,444909646.08,915807134.552,670940851.175,2031657631.807
2026-04-13,622976335.94,853338851.095,184634127.155,1660949314.19
2026-04-14,607050294.2,940431247.504,109239596.609,1656721138.313
2026-04-15,538700508.39,967856871.844,60887121.0,1567444501.234
2026-04-16,523186059.38,1070326414.322,125013191.255,1718525664.9570003
2026-04-17,481517675.52,1061160427.065,658267920.882,2200946023.467
2026-04-18,411543501.93,1085090161.31,1142948112.172,2639581775.4119997
2026-04-19,382747839.01,1030208011.9200001,859622770.88,2272578621.81
2026-04-20,485555725.54999995,937267936.22,287967266.714,1710790928.484
2026-04-21,477421470.21,1003916021.91,52447729.234,1533785221.3539999
2026-04-22,454235950.97,993198837.89,142038447.454,1589473236.3140001
2026-04-23,443347816.73,978363326.91,156318282.378,1578029426.018
2026-04-24,422364894.88,931603731.84,591503122.895,1945471749.615
2026-04-25,360684552.65,971338273.87,847810123.623,2179832950.143
2026-04-26,432053167.6,1050846419.65,916933170.0450001,2399832757.295
2026-04-27,451671556.86,957539492.2,585829206.2820001,1995040255.342
2026-04-28,369191300.12,980500950.98,938265615.664,2287957866.764
2026-04-29,372976385.87,1013813646.9,999531064.491,2386321097.261
2026-04-30,365439904.65999997,995178694.7,960060338.771,2320678938.131
2026-05-01,316065589.26,1044682653.49,1236857957.708,2597606200.458
2026-05-02,334977222.81,1044614556.3299999,1365371335.627,2744963114.767
2026-05-03,345305401.27,1010288530.36,1345818905.02,2701412836.65
2026-05-04,455375122.91999996,1030589304.16,1078684754.437,2564649181.517
2026-05-05,507369159.18,970749202.84,639820589.783,2117938951.803
2026-05-06,520241146.86,1061564678.2,267358476.34600002,1849164301.406
2026-05-07,582786388.49,954121091.9,126354460.536,1663261940.9259999
2026-05-08,507383617.06,1064774886.56,283500208.426,1855658712.046
2026-05-09,392757102.53,937615584.24,844952712.166,2175325398.936
2026-05-10,378104878.81,942254922.41,900845135.604,2221204936.824
2026-05-11,413090024.25,888840193.546,445577378.207,1747507596.003
2026-05-12,420162817.77,864627138.269,70455056.817,1355245012.856
2026-05-13,463802703.88,946321345.747,53401029.42,1463525079.047
2026-05-14,444838957.74,974747924.0550001,67146448.312,1486733330.107
2026-05-15,451132001.98,1009342203.834,221728080.831,1682202286.6450002
2026-05-16,385410341.74,902986488.6800001,266032862.444,1554429692.864
2026-05-17,404918620.45,996946154.8299999,349278687.498,1751143462.7779999
2026-05-18,514147926.48,850963676.609,206883021.889,1571994624.978
2026-05-19,465561402.44,950166679.0780001,171970018.172,1587698099.69
2026-05-20,422866906.08000004,1004358610.0699999,19343205.584,1446568721.7340002
2026-05-21,445096214.48,1114609609.12,259872208.803,1819578032.4029999
2026-05-22,444650254.01,1103699188.88,678315504.892,2226664947.782
2026-05-23,387876645.32,1057278932.01,1511492253.69,2956647831.02
2026-05-24,348134012.81,990609028.75,1487020801.067,2825763842.627
2026-05-25,364687080.86,1046643978.8199999,1483880840.85,2895211900.5299997
2026-05-26,442411022.87,970031242.6800001,1183115747.265,2595558012.8150005
2026-05-27,421032998.71000004,1037343749.52,1261587933.499,2719964681.729
2026-05-28,471348387.84000003,1019810404.9200001,1098431366.648,2589590159.408
2026-05-29,435941898.78999996,1067155510.86,1212662528.128,2715759937.778
2026-05-30,373949928.02,1031726837.46,1157803614.43,2563480379.91
2026-05-31,394660803.92,1075504145.92,1307804984.39,2777969934.2300005
2026-06-01,459773685.99,962695465.62,793052267.3199999,2215521418.9300003
2026-06-02,420519999.68,888095083.2,798587684.0550001,2107202766.9350002
2026-06-03,357845596.67,1059616188.74,882623488.44,2300085273.8500004
2026-06-04,343828761.26,1092317140.63,996083239.591,2432229141.481
2026-06-05,429624238.45,1025945388.01,909050827.16,2364620453.62
2026-06-06,334302220.75,1086463393.09,1122373595.744,2543139209.5839996
2026-06-07,365565830.07,1031596720.11,1067278805.623,2464441355.803
2026-06-08,446749929.2,998853300.02,898349813.046,2343953042.266
2026-06-09,351055637.39,1001992053.66,827100693.124,2180148384.174
2026-06-10,490604208.98,977294122.23,673630474.337,2141528805.547
2026-06-11,432555756.19,897763428.0,620193511.231,1950512695.421
2026-06-12,359277232.77,1034095896.21,832419850.742,2225792979.722
2026-06-13,333398244.85,997177142.6,1412468827.034,2743044214.484
2026-06-14,377339464.02,1032955758.71,1272458031.634,2682753254.3640003
2026-06-15,434489181.95,920950789.56,966123374.49,2321563346.0
2026-06-16,474434795.53,903911123.72,903041760.788,2281387680.038
2026-06-17,472039774.0,960663693.73,761429265.549,2194132733.2790003
2026-06-18,457494617.1,958733271.3,819356455.5,2235584343.9
2026-06-19,429274069.4,956408851.09,1036600494.711,2422283415.201
2026-06-20,389166334.9,989221193.3199999,1306130298.317,2684517826.5369997
2026-06-21,392365556.6,977836785.3299999,1413182631.94,2783384973.87
2026-06-22,463799429.97,1058287050.64,1125627967.942,2647714448.552
2026-06-23,494397556.76,1154368258.78,879483077.595,2528248893.135
2026-06-24,484611513.65,949250021.8299999,927967990.528,2361829526.008
2026-06-25,453904970.42,959654217.46,1109486022.3140001,2523045210.1940002
2026-06-26,422540502.27,1111181155.5,1165247167.427,2698968825.197
2026-06-27,373030978.99,979792706.48,1462981428.23,2815805113.7
2026-06-28,356688357.55,982772923.84,1353720218.855,2693181500.245
2026-06-29,463143687.48,1131697529.73,1040765392.432,2635606609.642
2026-06-30,508175689.77,1099100965.3,684525785.877,2291802440.947
2026-07-01,497258158.15,1270644672.85,300519742.651,2068422573.651
2026-07-02,383917482.45,1230070640.52,521077863.832,2135065986.802
2026-07-03,364449126.84000003,1117518873.37,696116854.246,2178084854.4560003
2026-07-04,312988408.1,1044209674.8299999,940597892.723,2297795975.653
2026-07-05,300177830.6,1000067179.81,886546040.524,2186791050.934
2026-07-06,342047077.29999995,1059110696.12,793525216.876,2194682990.296
2026-07-07,360234708.92,1110787469.81,752104956.778,2223127135.508
2026-07-08,429453747.9,1108151985.31,551450908.737,2089056641.947
2026-07-09,435543888.21,1138778219.22,589309968.722,2163632076.152
2026-07-10,422095292.57,1158674484.3400002,339064437.029,1919834213.9390001
2026-07-11,321500703.28,973423550.61,1183128150.33,2478052404.22
2026-07-12,313894224.09000003,1055363004.78,1223473451.308,2592730680.178
2026-07-13,381987010.11,1182340872.7,917178449.11,2481506331.92
2026-07-14,390964999.52,1243932349.85,493452147.185,2128349496.5549998
2026-07-15,418109259.67,1155382185.81,455806927.138,2029298372.618
2026-07-16,451849892.59000003,1160396027.88,311249507.286,1923495427.7560003
2026-07-17,388680353.73,1221565580.65,485048793.078,2095294727.4580002
2026-07-18,310905380.18,1191281474.97,657268703.594,2159455558.744
2026-07-19,287882990.36,1105527956.8400002,816855410.35,2210266357.55
2026-07-20,345843713.38,1256237123.08,427339608.926,2029420445.3860002
2026-07-21,355162518.03,1097025316.8,183159947.228,1635347782.0579998
2026-07-22,391366558.58,1053678156.9,356099430.71,1801144146.19
2026-07-23,394211006.51,1005841078.99,519866360.33599997,1919918445.836
2026-07-24,373719957.37,1051862607.38,426029795.076,1851612359.826
