date,consumer_exit_flow_kwh,interconnection_exit_flow_kwh,storage_exit_flow_kwh,total_exit_flow_kwh,storage_twh,agsi_consumption_gwh,injection_gwh,withdrawal_gwh,storage_pct_full,temperature_2m_mean,temperature_2m_min,temperature_2m_max,hdd,demand_gwh,total_system_offtake_gwh,storage_exit_gwh,interconnection_exit_gwh,stl_trend,stl_seasonal,stl_resid
2021-07-27,422511094.96,4843679946.68,971245264.91,6237436306.55,119.5183,905.0,935.64,23.0,48.33,20.856249,17.0,24.0,0.0,422.51109496,6237.43630655,971.24526491,4843.67994668,491.46069328895646,-54.284804459296986,-14.66479386965949
2021-07-28,379525239.86,4888548716.23,1013612973.91,6281686929.999999,120.4943,905.0,983.02,17.3,48.73,20.591667,17.9,23.85,0.0,379.52523986,6281.686929999999,1013.6129739099999,4888.54871623,491.21867301124917,-83.33116331927548,-28.362269831973663
2021-07-29,375275289.88,5045287826.287,1033033553.536,6453596669.703,121.421,905.0,935.59,9.5,49.1,20.210417,13.8,25.65,0.0,375.27528988,6453.596669703,1033.033553536,5045.287826287,490.97663927088684,-90.94666879648518,-24.754680594401634
2021-07-30,365878296.23,4827579645.42,874479814.37,6067937756.0199995,122.254,905.0,826.3,11.6,49.43,20.666666,17.25,24.1,0.0,365.87829623000005,6067.937756019999,874.47981437,4827.57964542,490.73459218493457,-136.48032464713543,11.624028692200909
2021-07-31,355050326.63,4210003397.33,786219531.881,5351273255.841,123.1294,905.0,1606.56,39.4,49.79,18.354166,14.8,21.6,0.0,355.05032663,5351.273255841,786.2195318810001,4210.00339733,490.4925318898642,-142.29965963839194,6.857454378527734
2021-08-01,362144460.95,4292178186.4,921746644.46,5576069291.81,124.1131,905.0,1004.93,31.6,50.18,17.604168,14.35,21.65,0.39583206,362.14446095,5576.06929181,921.7466444600001,4292.1781864,490.2504585188373,-103.59093512726035,-24.51506244157696
2021-08-02,384489239.24,4497624513.84,688052585.201,5570166338.281,124.9989,905.0,873.47,22.0,50.54,17.358334,12.65,20.85,0.6416664,384.48923924,5570.166338281,688.0525852009999,4497.62451384,490.00837220397005,-104.23825845999332,-1.2808745039766904
2021-08-03,413248334.53,4252079424.54,469679057.145,5135006816.215,125.6309,905.0,643.93,19.4,50.8,17.947916,14.75,21.5,0.05208397,413.24833452999997,5135.006816215,469.679057145,4252.07942454,489.7662730932384,-71.02876005481893,-5.4891785084195135
2021-08-04,430539695.61,4316836476.88,582012218.74,5329388391.23,126.3928,905.0,775.48,19.7,51.1,18.008331,13.75,22.75,0.0,430.53969561,5329.38839123,582.01221874,4316.83647688,489.52416134186416,-39.353631485254525,-19.630834246609595
2021-08-05,399500794.61,4261172801.87,720329635.14,5381003231.62,127.0903,905.0,796.78,103.2,51.39,18.733332,15.45,23.75,0.0,399.50079461,5381.0032316199995,720.3296351399999,4261.17280187,489.28203711370276,-89.75082104539136,-0.030421458311366223
2021-08-06,367431413.88,4106237517.16,1061041066.49,5534709997.53,128.2387,905.0,1161.76,35.6,51.85,19.47083,15.15,23.3,0.0,367.43141388,5534.70999753,1061.04106649,4106.23751716,489.0399005875948,-128.50422345505908,6.895736747464241
2021-08-07,351304350.78,4375986055.82,963928226.56,5691218633.16,129.1355,905.0,1056.14,165.9,52.21,19.070831,15.75,22.75,0.0,351.30435078,5691.21863316,963.92822656,4375.98605582,488.7977519461566,-144.5988837467992,7.105482580642615
2021-08-08,345069946.23,4366932728.32,927467820.33,5639470494.879999,129.9988,905.0,1042.01,189.4,52.56,18.366667,13.35,23.1,0.0,345.06994623,5639.470494879999,927.46782033,4366.93272832,488.55559136813605,-136.92798062127403,-6.557664516861962
2021-08-09,357740872.28,4281289506.57,817589722.592,5456620101.441999,130.6177,905.0,768.01,188.3,52.82,18.00625,13.45,21.9,0.0,357.74087227999996,5456.620101441999,817.589722592,4281.28950657,488.3134190293792,-128.59942013305474,-1.973126616324464
2021-08-10,379821460.78,4478179580.48,873004509.807,5731005551.066999,131.2485,905.0,879.54,249.6,53.07,17.650002,14.35,21.7,0.34999847,379.82146078,5731.005551066999,873.0045098070001,4478.1795804799995,488.07123511095404,-101.40941062876998,-6.8403637021840495
2021-08-11,392263001.33,4572556074.98,992439507.83,5957258584.139999,131.8086,905.0,984.26,442.7,53.3,20.05625,12.75,26.45,0.0,392.26300133,5957.25858414,992.43950783,4572.55607498,487.8290397991974,-70.8263478066587,-24.739690662538692
2021-08-12,405801179.22,4635697765.85,683916616.528,5725415561.598001,132.2706,905.0,898.01,444.8,53.48,22.654167,16.35,28.6,0.0,405.80117922000005,5725.415561598001,683.916616528,4635.69776585,487.5868332907044,-76.3291488945664,-5.456505176137966
2021-08-13,352844602.18,4508990011.67,838344708.7590001,5700179322.609,132.9729,905.0,1131.28,437.9,53.77,21.333334,15.15,26.45,0.0,352.84460218,5700.179322609,838.344708759,4508.99001167,487.34461580072787,-138.78633907291385,4.286325452185963
2021-08-14,342077884.98,4291637124.16,987239796.858,5620954805.997999,133.9089,905.0,1267.52,336.8,54.15,20.456251,14.1,25.35,0.0,342.07788498,5620.954805997999,987.2397968580001,4291.63712416,487.10238755294415,-156.6894564580493,11.664953885105206
2021-08-15,333934583.08000004,4409268120.73,899023405.56,5642226109.369999,134.7711,905.0,1238.72,381.8,54.49,19.025,13.95,23.75,0.0,333.93458308000004,5642.226109369999,899.0234055599999,4409.268120729999,486.8601487692594,-110.85262625927294,-42.072939429986434
2021-08-16,375560560.45,4462448703.16,1163884022.9,6001893286.51,135.4879,905.0,1248.46,362.1,54.79,15.441665,12.8,18.15,2.5583353,375.56056044999997,6001.8932865100005,1163.8840229,4462.44870316,486.6178996707716,80.12839728035023,-191.18573650112182
2021-08-17,383520007.67,4605770465.58,823478409.28,5812768882.53,135.8979,905.0,878.21,278.1,54.95,16.55625,13.25,19.1,1.4437504,383.52000767000004,5812.76888253,823.4784092799999,4605.77046558,486.37564050006506,100.90949357531784,-203.76512640538283
2021-08-18,379887736.62,4707131140.82,764583095.02,5851601972.459999,136.3983,905.0,780.16,290.9,55.15,17.889582,15.55,20.65,0.11041832,379.88773662,5851.601972459999,764.58309502,4707.13114082,486.13337150703455,88.13509379934635,-194.3807286863809
2021-08-19,538100886.8299999,4640618923.42,751996957.72,5930716767.97,136.8998,905.0,817.61,326.8,55.36,17.572916,15.55,20.5,0.42708397,538.1008868299999,5930.716767970001,751.9969577200001,4640.61892342,485.89109294360844,52.118425031878644,0.0913688545128366
2021-08-20,372650814.16,4584285056.8,1036923594.07,5993859465.03,137.6249,905.0,998.25,283.9,55.65,17.602083,12.25,21.8,0.3979168,372.65081416000004,5993.85946503,1036.92359407,4584.2850568,485.6488050637065,-124.98538148042941,11.98739057672293
2021-08-21,347712735.47,4621158787.9,1007958199.47,5976829722.84,138.5134,905.0,1025.79,148.1,56.01,17.964582,15.4,22.2,0.035417557,347.71273547000004,5976.82972284,1007.9581994700001,4621.1587879,485.40650812141894,-124.21994565422303,-13.473826997195886
2021-08-22,341242634.75,4574160611.68,919831505.17,5835234751.6,139.4291,905.0,1056.53,152.1,56.38,17.239584,15.0,20.65,0.76041603,341.24263475,5835.2347516,919.8315051699999,4574.16061168,485.1642023675083,72.1886777194311,-216.11024533693944
2021-08-23,380549893.23,4839821949.63,1022423793.413,6242795636.273001,140.3874,905.0,1000.64,53.5,56.76,16.264584,12.0,20.55,1.7354164,380.54989323,6242.795636273001,1022.423793413,4839.82194963,484.92188806121123,-88.86232465829744,-15.509670172913786
2021-08-24,385935414.33,4798851005.01,770864050.888,5955650470.228001,141.3371,905.0,958.4,19.8,57.15,14.881249,8.1,22.25,3.1187506,385.93541432999996,5955.650470228001,770.8640508880001,4798.85100501,484.67956546825724,-90.59548776436115,-8.148663373896113
2021-08-25,380328443.89,4831418320.04,634799734.434,5846546498.364,142.1785,905.0,843.18,12.9,57.49,14.418751,12.4,16.6,3.5812492,380.32844388999996,5846.546498364,634.799734434,4831.41832004,484.4372348670791,-87.99515365787525,-16.11363731920386
2021-08-26,385977197.65,4792396062.87,704919831.06,5883293091.58,143.0925,905.0,883.45,38.7,57.86,13.375,11.7,16.1,4.625,385.97719765,5883.29309158,704.91983106,4792.39606287,484.1948965480144,-72.135638242777,-26.0820606552374
2021-08-27,364738960.44,4772752474.32,921536306.35,6059027741.11,144.0851,905.0,1041.37,52.8,58.26,14.966668,11.4,18.7,3.0333319,364.73896043999997,6059.02774111,921.53630635,4772.75247432,483.952550818163,-121.68690905651538,2.4733186783523706
2021-08-28,344552647.13,4794398508.83,940985918.859,6079937074.819,145.1242,905.0,1054.19,26.9,58.68,15.208335,13.6,19.0,2.791665,344.55264712999997,6079.937074819,940.985918859,4794.39850883,483.710198003637,-157.69701480749725,18.53946393386019
2021-08-29,343161223.4,4753248240.59,819671649.24,5916081113.23,146.1388,905.0,1031.84,28.4,59.09,14.991668,12.65,17.05,3.0083323,343.1612234,5916.08111323,819.67164924,4753.24824059,483.4678384322613,-103.04349921957325,-37.26311581268811
2021-08-30,366086545.33,4907845860.2,739161516.75,6013093922.28,147.0509,905.0,934.66,32.8,59.46,15.947917,12.25,19.7,2.052083,366.08654533,6013.09392228,739.16151675,4907.8458602,483.2254724275932,-93.33180886613552,-23.807118231457707
2021-08-31,399768981.26,4979621730.1,692332822.9300001,6071723534.290001,147.6275,905.0,773.59,213.7,59.69,16.37292,11.6,21.25,1.6270809,399.76898126,6071.723534290001,692.33282293,4979.621730100001,482.983100335197,-50.953343717665724,-32.26077535753126
2021-09-01,439431323.2,4635385536.08,613775413.206,5688592272.486,148.3165,905.0,708.43,30.9,59.9,16.052084,12.2,20.85,1.947916,439.4313232,5688.592272486,613.7754132059999,4635.38553608,482.74072252561103,-16.978712100498875,-26.33068722511217
2021-09-02,419204528.15,4586577850.54,580624418.211,5586406796.900999,148.8083,905.0,691.67,211.3,60.1,16.041666,10.8,22.6,1.958334,419.20452815,5586.406796900999,580.6244182109999,4586.57785054,482.49833939603946,-83.29567636821776,20.001865122178287
2021-09-03,399914487.95,4912287321.16,587617495.542,5899819304.651999,149.3901,905.0,615.15,44.6,60.33,14.502084,9.9,18.3,3.4979162,399.91448794999997,5899.819304651999,587.617495542,4912.28732116,482.2559513622152,-99.78057347731203,17.43911006509677
2021-09-04,344441507.40999997,4954872413.6,708497913.337,6007811834.347,150.2073,905.0,836.44,31.0,60.66,16.61875,12.25,21.5,1.3812504,344.44150741,6007.8118343470005,708.497913337,4954.8724136,482.0135588319542,-140.19091031531292,2.61885889335872
2021-09-05,349674958.28,4899335523.58,773196223.76,6022206705.62,151.0545,905.0,865.91,30.8,61.0,16.885416,12.6,21.95,1.114584,349.67495828,6022.20670562,773.19622376,4899.33552358,481.7711622021604,-131.01418711697292,-1.082016805187493
2021-09-06,435200966.22,4305527350.38,545414549.415,5286142866.015,151.6169,905.0,577.22,25.0,61.24,17.36875,13.45,21.35,0.6312504,435.20096622000005,5286.142866015,545.414549415,4305.52735038,481.52876186822226,-55.47855188102729,9.150756232805065
2021-09-07,445933427.37,4916672190.059999,430702106.504,5793307723.933999,152.0939,905.0,527.76,60.9,61.43,17.595833,10.8,23.85,0.40416718,445.93342737,5793.307723933999,430.702106504,4916.67219006,481.2863582268774,-27.927470506600915,-7.425460350276467
2021-09-08,432741283.07,5067738416.72,548914156.368,6049393856.158,152.8415,905.0,753.34,16.3,61.73,18.949999,12.7,25.8,0.0,432.74128307,6049.393856158,548.914156368,5067.738416720001,481.04395167313186,-50.45467262629207,2.1520040231602025
2021-09-09,462652652.65,5143222549.46,620242843.502,6226118045.6119995,153.6401,905.0,774.95,29.7,62.05,20.031252,15.75,24.95,0.0,462.65265265,6226.118045611999,620.242843502,5143.22254946,480.8015426071533,-40.97566447393173,22.826774516778414
2021-09-10,459779391.48,4805128803.79,559525497.85,5824433693.120001,154.3346,905.0,703.53,22.2,62.33,18.902082,16.1,22.6,0.0,459.77939148,5824.4336931200005,559.5254978500001,4805.12880379,480.5591314282199,-43.98812761237048,23.208387664150564
2021-09-11,370702806.87,4868311970.76,712950279.002,5951965056.632,155.2103,905.0,877.65,16.7,62.69,18.197916,15.75,21.5,0.0,370.70280687,5951.965056632,712.950279002,4868.31197076,480.3167185218329,-108.8110053205299,-0.8029063313030065
2021-09-12,344674277.99,4847877531.08,721412448.1,5913964257.17,156.1378,905.0,923.42,10.0,63.06,16.36875,12.85,19.3,1.6312504,344.67427799,5913.96425717,721.4124481,4847.87753108,480.07430426006243,-101.03621071193494,-34.3638155581275
2021-09-13,453818936.42999995,4737497918.809999,684448715.95,5875765571.19,156.7205,905.0,619.96,47.6,63.3,16.110416,11.45,21.5,1.8895836,453.81893642999995,5875.76557119,684.4487159500001,4737.49791881,479.8318890189524,-30.820612535975016,4.807659947022614
2021-09-14,444691301.54,5223364096.43,517507395.688,6185562793.658,157.1805,905.0,514.8,64.9,63.48,18.527082,14.5,24.65,0.0,444.69130154000004,6185.562793658,517.507395688,5223.36409643,479.58947319370134,-27.53219242481024,-7.365979228891035
2021-09-15,456852966.44,5429141090.2,447387783.96,6333381840.599999,157.5257,905.0,406.6,55.9,63.62,17.475,16.4,18.45,0.5249996,456.85296644,6333.381840599999,447.38778396,5429.1410902,479.3470571845247,-33.52669627195717,11.032605527432452
2021-09-16,449467702.42,5674723640.1,294644192.699,6418835535.219001,157.8575,905.0,412.73,91.7,63.76,14.887501,12.2,17.0,3.1124992,449.46770242,6418.835535219001,294.644192699,5674.7236401,479.1046413960763,-39.57004130632787,9.933102330251586
2021-09-17,435305999.65,5320390032.1,376389395.911,6132085427.661,158.2991,905.0,471.15,40.0,63.94,14.495833,12.1,17.85,3.5041666,435.30599965,6132.085427661,376.389395911,5320.3900321,478.86222622878097,-60.81184066306105,17.25561408428007
2021-09-18,319948512.53999996,4999382407.360001,629985984.451,5949316904.351001,159.0743,905.0,776.37,13.6,64.25,12.724999,9.7,15.7,5.2750006,319.94851253999997,5949.316904351001,629.9859844509999,4999.382407360001,478.6198120758132,-149.0117858081516,-9.65951372766159
2021-09-19,328000714.06,5028954121.66,598656130.546,5955610966.266001,159.8474,905.0,780.25,18.0,64.56,11.645832,7.2,15.15,6.354168,328.00071406,5955.610966266001,598.656130546,5028.95412166,478.37739932310006,-124.52701194049003,-25.849673322610045
2021-09-20,448646167.45,5065585777.98,316225972.571,5830457918.000999,160.1637,905.0,394.47,87.8,64.69,12.2625,9.35,15.45,5.7375,448.64616745,5830.457918001,316.225972571,5065.58577798,478.1349883654901,1.1777832272009312,-30.66660414269097
2021-09-21,400626289.26,4966951516.82,349582026.905,5717159832.985,160.5751,905.0,459.67,57.4,64.86,13.908334,11.0,16.6,4.091666,400.62628925999996,5717.159832984999,349.58202690499996,4966.95151682,477.89257961924653,-24.595324726849064,-52.6709656323975
2021-09-22,395516124.25,4896114207.08,318311092.578,5609941423.908,160.8813,905.0,355.89,59.6,64.98,14.783334,10.85,19.05,3.2166662,395.51612425,5609.941423908,318.311092578,4896.11420708,477.6501735273947,-50.417366596167376,-31.716682681227326
2021-09-23,367060920.23,5452845458.65,515384622.17,6335291001.049999,161.7167,905.0,845.76,21.1,65.25,14.595833,11.65,17.2,3.4041672,367.06092023,6335.291001049999,515.3846221700001,5452.845458649999,477.4077705642821,-84.26899475516173,-26.077855579120353
2021-09-24,357171128.97,5452383819.23,690547601.31,6500102549.51,162.5391,905.0,938.84,127.1,65.58,17.449999,15.1,20.95,0.55000114,357.17112897000004,6500.10254951,690.5476013099999,5452.38381923,477.16537123150124,-143.12609672841285,23.131854466911648
2021-09-25,348293673.18,5453312900.87,1116532314.35,6918138888.4,163.9019,905.0,1363.69,12.4,66.13,18.047916,13.05,23.8,0.0,348.29367318,6918.1388884,1116.53231435,5453.31290087,476.9229760479012,-136.10315332179587,7.47385045389467
2021-09-26,330424524.54,5264325685.809999,1099448395.79,6694198606.139999,165.3915,905.0,1488.62,10.9,66.74,17.79375,15.45,21.35,0.20624924,330.42452454,6694.198606139999,1099.44839579,5264.325685809999,476.6805855251755,-148.11053124018756,1.8544702550120746
2021-09-27,373989945.26,5352008973.68,882323806.357,6608322725.297001,166.5296,905.0,1139.02,10.3,67.17,15.454165,12.15,17.15,2.5458345,373.98994526,6608.322725297001,882.323806357,5352.00897368,476.43820017021534,-90.68221836986744,-11.766036540347898
2021-09-28,401403862.48,4799841827.2,708509221.35,5909754911.030001,167.5232,905.0,1019.14,34.4,67.48,13.806251,11.5,16.35,4.1937494,401.40386248000004,5909.754911030001,708.5092213500001,4799.8418272,476.1958204921594,-47.41423098690984,-27.3777270252495
2021-09-29,354953405.53999996,5451601702.92,612401534.36,6418956642.82,168.4872,905.0,1008.63,36.7,67.87,11.510415,9.3,14.6,6.489585,354.95340553999995,6418.95664282,612.40153436,5451.60170292,475.95344701261706,-88.02747624996924,-32.97256522264786
2021-09-30,370826284.65,4855067275.57,774054530.13,5999948090.349999,169.6129,905.0,1138.58,38.8,68.06,12.212502,7.65,17.6,5.7874985,370.82628465,5999.94809035,774.05453013,4855.06727557,475.71108027558455,-119.39267376563241,14.507878140047865
2021-10-01,371441137.37,4190381471.01,769524528.42,5331347136.8,170.439,905.0,1357.33,28.4,68.4,14.081249,9.2,19.5,3.9187508,371.44113737,5331.3471368,769.5245284199999,4190.3814710100005,475.46872084549153,-135.96884034526673,31.941256869775145
2021-10-02,350506259.5,4357290696.97,1086953429.387,5794750385.857,171.5661,905.0,1369.31,12.2,68.85,17.481249,14.45,21.8,0.51875114,350.5062595,5794.750385857001,1086.9534293870001,4357.290696970001,475.2263692818712,-143.603505195884,18.883395414012796
2021-10-03,354824882.84000003,4298616143.1189995,1164517501.073,5817958527.032,173.0712,905.0,1451.68,4.3,69.46,14.654166,11.6,17.4,3.3458338,354.82488284000004,5817.958527031999,1164.517501073,4298.616143118999,474.9840261269744,-133.99540598397158,13.83626269699721
2021-10-04,412782686.54,4495554487.2699995,652190516.728,5560527690.537999,173.8907,905.0,829.94,58.5,69.78,12.85625,11.0,15.7,5.14375,412.78268654000004,5560.527690537999,652.190516728,4495.554487269999,474.7416919100223,-73.37470104834135,11.415695678319082
2021-10-05,373882781.5,4488673438.389999,571788196.987,5434344416.876999,175.1537,905.0,844.01,85.6,70.29,12.391666,8.45,16.0,5.6083336,373.8827815,5434.344416876999,571.788196987,4488.673438389999,474.4993671514184,-112.58035880321802,11.963773151799614
2021-10-06,430682667.47,4249848106.59,437321639.236,5117852413.2960005,175.6877,905.0,650.15,117.7,70.5,11.095833,5.35,17.05,6.904167,430.68266747,5117.852413296,437.321639236,4249.8481065900005,474.25705236457117,-52.449021027396846,8.874636132825685
2021-10-07,484211905.64,4383621422.04,330775657.448,5198608985.128,175.612,905.0,483.51,498.7,70.47,11.787501,7.95,15.75,6.2124987,484.21190564,5198.608985128,330.775657448,4383.62142204,474.0147480563132,-16.18868635260874,26.385843936295544
2021-10-08,441908234.03,4101465029.17,547095055.733,5090468318.933,176.1077,905.0,579.43,79.2,70.67,8.729166,4.9,14.3,9.270834,441.90823402999996,5090.468318933,547.0950557330001,4101.46502917,473.77245472641397,-40.37729110185825,8.513070405444239
2021-10-09,362681020.31,4065967508.39,636573598.587,5065222127.287,177.0311,905.0,705.91,59.9,71.04,7.456249,2.25,13.35,10.543751,362.68102031,5065.222127287,636.573598587,4065.9675083899997,473.5301728618746,-98.82615529437162,-12.022997257502936
2021-10-10,366988409.28,3919583495.78,494991926.38,4781563831.440001,177.5947,905.0,663.7,118.7,71.27,8.343749,2.45,13.6,9.656251,366.98840928,4781.56383144,494.99192638,3919.5834957800002,473.2879029459829,-119.31578490149266,13.016291235509755
2021-10-11,406473942.69,3536099765.58,335873693.649,4278447401.919,177.5226,905.0,459.32,44.2,71.24,8.4875,5.65,11.75,9.5125,406.47394269,4278.447401919,335.87369364899996,3536.0997655799997,473.04564546809655,-46.08007655744161,-20.49162622065495
2021-10-12,441150745.74,3410637179.33,97401808.063,3949189733.133,178.1653,905.0,324.87,58.2,71.5,7.4166665,4.1,11.65,10.583334,441.15074574,3949.189733133,97.40180806299999,3410.63717933,472.80340091740584,-6.76844583879174,-24.884209338614085
2021-10-13,472469594.0,3311007677.7200003,68773401.972,3852250673.692,177.8347,905.0,136.61,321.7,71.36,10.237499,7.95,12.75,7.762501,472.469594,3852.250673692,68.773401972,3311.00767772,472.5611697975296,-0.5507885553197345,0.4592127577901124
2021-10-14,422706321.2,3477728401.43,208753860.365,4109188582.995,178.0728,905.0,381.12,119.3,71.46,10.662499,7.35,13.7,7.3375006,422.7063212,4109.188582995,208.753860365,3477.72840143,472.31895262967896,-54.32106302387108,4.70843159419212
2021-10-15,395658440.74,3199241260.8,301884119.615,3896783821.155,178.353,905.0,412.53,143.4,71.57,8.216666,5.35,11.1,9.783334,395.65844074,3896.783821155,301.88411961500003,3199.2412608,472.0767499399071,-117.08062003160578,40.662310831698676
2021-10-16,379407934.04,3461006371.153,374761597.865,4215175903.058,178.6552,905.0,569.95,231.1,71.69,9.11875,5.7,11.85,8.88125,379.40793404000004,4215.175903058,374.761597865,3461.0063711529997,471.834562249905,-89.2258876493447,-3.2007405605602344
2021-10-17,378078160.95,3529807826.17,350470239.769,4258356226.889,178.9853,905.0,583.22,235.0,71.83,11.052082,8.9,15.4,6.947918,378.07816095,4258.356226889,350.470239769,3529.80782617,471.5923900661787,-82.52235316160807,-10.991875954570673
2021-10-18,423663328.86,3592224621.5,249846681.64,4265734632.0,179.1687,905.0,410.93,240.8,71.9,11.720834,7.35,15.8,6.279166,423.66332886000004,4265.734632,249.84668163999999,3592.2246215,471.35023389649973,-32.25809992102728,-15.428805115472414
2021-10-19,401412065.18,4433712215.22,452962179.656,5288086460.056001,179.4747,905.0,516.32,172.3,72.02,15.483331,12.85,18.8,2.5166693,401.41206518,5288.086460056001,452.96217965600005,4433.71221522,471.1080942593472,-31.391896631912545,-38.3041324474346
2021-10-20,363840398.12,4637796704.33,584592236.752,5586229339.202,180.0994,905.0,743.46,99.0,72.27,13.233335,7.2,16.4,4.7666655,363.84039812000003,5586.229339201999,584.592236752,4637.79670433,470.8659716893949,-79.54362380374766,-27.481949765647187
2021-10-21,388322284.22,4947496971.57,432525301.734,5768344557.524,179.9444,905.0,481.99,690.8,72.21,7.379167,5.75,10.2,10.620832,388.32228422000003,5768.344557524,432.52530173400004,4947.49697157,470.623866746059,-54.38296895404109,-27.918613572017875
2021-10-22,378329827.53,4501582032.05,138724368.869,5018636228.449,179.9403,905.0,219.49,224.9,72.21,6.993749,3.65,10.85,11.00625,378.32982753,5018.636228449001,138.724368869,4501.582032050001,470.38178001226726,-92.85339283465257,0.8014403523853275
2021-10-23,416245389.92,3941000331.96,147594547.89,4504840269.77,179.8493,905.0,162.65,223.4,72.17,6.145834,1.25,11.9,11.854166,416.24538992000004,4504.84026977,147.59454788999997,3941.00033196,470.13971209030194,-79.07696325123828,25.182641080936378
2021-10-24,388014700.1,3951577498.828,131914015.904,4471506214.832001,179.8416,905.0,203.36,195.8,72.17,6.3312497,2.5,11.3,11.668751,388.0147001,4471.506214832,131.914015904,3951.577498828,469.8976635851934,-80.8418922973589,-1.0410711878345182
2021-10-25,463660189.33,4001898375.7,73127097.612,4538685662.642,179.4466,905.0,135.96,536.2,72.01,9.166667,4.2,13.55,8.833333,463.66018933,4538.685662642,73.127097612,4001.8983756999996,469.65563509263006,4.601848246057938,-10.597294008688039
2021-10-26,454780591.68,3933760245.5,42506871.019,4431047708.199,179.3939,905.0,167.9,196.8,71.99,11.897916,8.85,14.8,6.102084,454.78059168,4431.047708199,42.506871019,3933.7602455,469.4136272099744,-15.542269781205565,0.9092342512311689
2021-10-27,418656109.14,4231170970.84,277233174.305,4927060254.285001,180.2761,905.0,975.73,78.5,72.34,10.295833,6.8,15.2,7.7041674,418.65610914,4927.060254285001,277.23317430500003,4231.17097084,469.1716405428638,-51.419277724931554,0.9037463220677182
2021-10-28,430618847.8,4512016715.5,76593670.662,5019229233.962,180.318,905.0,255.0,207.1,72.36,8.724999,4.95,14.0,9.275001,430.6188478,5019.229233962,76.593670662,4512.0167155,468.9296757005322,-50.825455707931276,12.514627807399108
2021-10-29,411710878.27,3884334546.5,79732866.195,4375778290.965,180.3375,905.0,271.62,178.1,72.36,9.372917,5.1,14.6,8.627083,411.71087826999997,4375.778290965,79.732866195,3884.3345465,468.6877332928602,-75.0056047890637,18.028749766203475
2021-10-30,403294953.07,3706422553.5,263867334.036,4373584840.606,180.6906,905.0,543.76,341.5,72.51,12.577085,9.6,16.85,5.4229155,403.29495307,4373.584840606,263.867334036,3706.4225535,468.44581392380314,-66.47338553461186,1.3225246808087263
2021-10-31,364064838.8,3719968390.74,330290038.443,4414323267.983,180.9105,905.0,601.45,231.0,72.59,10.245833,8.55,12.2,7.7541666,364.0648388,4414.323267983,330.290038443,3719.96839074,468.2039181893359,-95.34352645850609,-8.795552930829786
2021-11-01,415852242.98,3620282708.05,371996009.752,4408130960.782001,181.2387,905.0,581.37,284.9,72.73,8.291667,4.1,10.95,9.708333,415.85224298,4408.130960782,371.99600975199996,3620.28270805,467.96204668634215,-88.06015924655543,35.95035554021331
2021-11-02,555427168.3,3892996382.9,32350057.447,4480773608.646999,180.6502,905.0,93.15,684.7,72.49,6.339584,3.5,10.4,11.660416,555.4271683,4480.7736086469995,32.350057447,3892.9963829000003,467.7202000148183,56.143661719278406,31.563306565903247
2021-11-03,585435292.2,3758993961.18,20949040.956,4365378294.336,179.7879,905.0,75.01,936.1,72.14,6.9708347,4.7,8.6,11.029165,585.4352922,4365.378294336,20.949040956,3758.99396118,467.4783787593519,107.52383820755897,10.433075233089141
2021-11-04,530122503.47,4088423424.97,38706888.034,4657252816.474,179.1349,905.0,90.08,752.1,71.88,7.7479167,6.8,9.65,10.252083,530.1225034700001,4657.252816474,38.706888034,4088.42342497,467.236583487666,34.80624232541391,28.079677656920182
2021-11-05,493454356.56,3966544038.88,87257791.457,4547256186.897,178.6215,905.0,149.35,665.2,71.67,8.75625,7.05,11.25,9.24375,493.45435656,4547.256186897001,87.257791457,3966.5440388800002,466.99481475792004,-1.5462072787841685,28.00574908086412
2021-11-06,405333472.14,3626123682.48,375650390.837,4407107545.457,178.7729,905.0,551.25,362.9,71.74,8.616667,7.05,10.1,9.383333,405.33347213999997,4407.107545457,375.65039083700003,3626.12368248,466.7530731131557,-77.57118440389111,16.151583430735343
2021-11-07,392066495.48,3589419179.48,389000615.342,4370486290.302,178.932,905.0,551.33,393.5,71.8,8.2625,7.0,10.2,9.7375,392.06649548,4370.486290302,389.000615342,3589.41917948,466.51135908057125,-96.38903675457708,21.944173154005853
2021-11-08,565404587.72,4161549122.02,49781596.17,4776735305.91,178.1888,905.0,131.05,935.2,71.51,8.06875,5.35,10.75,9.93125,565.40458772,4776.73530591,49.78159617,4161.54912202,466.26967317578845,104.70755143770964,-5.5726368934981
2021-11-09,529672846.3,4082202566.8,52512753.885,4664388166.985001,177.6696,905.0,99.23,588.1,71.3,4.3250003,1.2,8.3,13.674999,529.6728463000001,4664.388166985001,52.512753884999995,4082.2025668,466.0280159047929,67.53136858453446,-3.8865381893272684
2021-11-10,607968701.5,4245910434.85,54315939.0,4908195075.35,177.0766,905.0,97.16,682.2,71.06,4.4562497,0.35,7.6,13.543751,607.9687015,4908.1950753500005,54.315939,4245.91043485,465.7863877763189,140.24999692172247,1.9323168019585637
2021-11-11,616739438.7,3970760308.45,41741442.222,4629241189.372,176.3105,905.0,111.57,872.3,70.75,6.5625,3.45,8.25,11.4375,616.7394387,4629.241189372,41.741442222,3970.7603084499997,465.54478930360875,151.6864649730399,-0.4918155766486052
2021-11-12,537171718.0,3705786995.01,104789458.0,4347748171.01,175.3961,905.0,123.15,1003.3,70.39,4.635417,2.3,8.35,13.364583,537.171718,4347.74817101,104.789458,3705.7869950100003,465.30322100157736,59.90201373266674,11.966483265755983
2021-11-13,491912030.75,3641017832.926,249542546.699,4382472410.375,175.4286,905.0,327.89,280.0,70.4,4.797916,2.35,6.45,13.202084,491.91203075,4382.472410375,249.542546699,3641.017832926,465.061683385738,12.771102967525291,14.079244396736726
2021-11-14,457572450.62,3816811399.519,426971512.157,4701355362.296,175.638,905.0,444.19,226.7,70.48,5.3854175,4.05,6.4,12.614582,457.57245062,4701.355362296,426.971512157,3816.811399519,464.8201769661386,-7.45768635004156,0.20996000390294967
2021-11-15,627334170.5,4005446504.75,6609374.01,4639390049.26,175.1361,905.0,59.26,603.4,70.28,5.1020837,2.0,8.15,12.897917,627.3341705,4639.3900492600005,6.60937401,4005.44650475,464.5787022464374,154.41165561289645,8.343812640666215
2021-11-16,612030843.0,4049404984.99,12750304.25,4674186132.24,174.3464,905.0,113.21,881.8,69.96,5.6708336,4.75,7.25,12.329166,612.030843,4674.18613224,12.75030425,4049.40498499,464.33725972939544,156.56352411469615,-8.869940844091616
2021-11-17,500546619.31,3987089719.3,572007.482,4488208346.092001,173.9991,905.0,171.75,516.7,69.82,7.4708333,5.45,9.6,10.529167,500.54661931,4488.208346092001,0.572007482,3987.0897193,464.0958499166413,13.645525485486205,22.805243907872466
2021-11-18,444625407.52,4010138609.01,62135741.501,4516899758.031001,173.8592,905.0,199.78,316.4,69.77,10.672917,8.85,12.0,7.3270826,444.62540751999995,4516.8997580310015,62.135741501000005,4010.1386090100004,463.8544733123874,-29.565968993836623,10.33690320144916
2021-11-19,446472471.01,3856051025.39,295313237.346,4597836733.745999,174.1858,905.0,556.61,202.9,69.9,10.424999,9.15,11.3,7.575001,446.47247101,4597.8367337459995,295.313237346,3856.0510253899997,463.61313041195746,-37.01818595796866,19.87752655601122
2021-11-20,421994511.82,4308072186.35,373045637.82,5103112335.99,174.4739,905.0,491.2,190.4,70.01,7.710417,4.8,9.05,10.289583,421.99451182,5103.112335989999,373.04563781999997,4308.07218635,463.371821702427,-65.51871702167291,24.141407139245928
2021-11-21,460517519.52,4261502477.39,186268037.699,4908288034.609,174.5815,905.0,343.29,232.7,70.06,2.9479167,-0.55,5.65,15.052083,460.51751952,4908.2880346090005,186.268037699,4261.5024773899995,463.1305476592679,-28.048310991207156,25.435282851939235
2021-11-22,575511819.3,4367004050.2,27748715.952,4970264585.452,173.7936,905.0,68.36,898.0,69.74,4.4979167,-0.1,7.05,13.502083,575.5118193,4970.264585452,27.748715952,4367.0040502,462.88930874330447,104.4812094432541,8.141301113441386
2021-11-23,640588451.3,4420916233.54,1924611.0,5063429295.84,172.4518,905.0,34.74,1381.7,69.2,6.3750005,5.65,7.5,11.625,640.5884513,5063.42929584,1.924611,4420.91623354,462.6481054015222,176.07975078074972,1.86059511772811
2021-11-24,646713143.0,4488602761.0,13878567.504,5149194471.504,170.9824,905.0,32.0,1488.0,68.61,4.052084,0.9,5.65,13.947916,646.713143,5149.194471504,13.878567504000001,4488.602761,462.4069380752023,179.37723072837713,4.9289741964205405
2021-11-25,612591532.3,4483456635.3,57327835.352,5153376002.952001,169.4907,905.0,45.16,1508.6,68.01,2.7083337,0.5,5.5,15.291666,612.5915322999999,5153.376002952001,57.327835352,4483.4566353,462.16580720447115,153.19220053347678,-2.7664754379480314
2021-11-26,540174566.2,4654928052.1,67275877.118,5262378495.418,168.0999,905.0,34.15,1400.4,67.45,1.3562499,-0.65,3.2,16.64375,540.1745662000001,5262.378495418,67.275877118,4654.9280521,461.9247132284836,81.01631978950739,-2.7664668179909313
2021-11-27,520896164.59,4459212109.74,22680075.8,5002788350.13,166.9747,905.0,63.57,1172.7,67.0,0.78333336,-1.15,3.2,17.216667,520.89616459,5002.78835013,22.6800758,4459.2121097399995,461.6836565887774,61.457375086670346,-2.2448670854477655
2021-11-28,514873856.92,4494129020.16,45059337.456,5054062214.536,165.8341,905.0,121.17,1238.8,66.54,0.7354166,-2.3,2.95,17.264584,514.87385692,5054.062214536,45.059337456,4494.1290201599995,461.4426377301649,47.68147459019075,5.749744599644316
2021-11-29,603569901.9,4599528353.2,42851620.367,5245949875.466999,164.0487,905.0,17.09,1826.0,65.83,3.1166668,0.3,5.65,14.883333,603.5699019,5245.949875466999,42.851620366999995,4599.528353199999,461.20165709949805,143.9660134580985,-1.5977686575965322
2021-11-30,500101312.6,4726711109.1,39945282.114,5266757703.814001,162.5705,905.0,22.8,1492.8,65.24,5.1083336,0.75,8.3,12.891666,500.1013126,5266.757703814001,39.945282114,4726.711109100001,460.96071514258796,52.089946096233945,-12.949348638821846
2021-12-01,480781686.7999999,5098622683.1,106097533.23,5685501903.13,161.6042,905.0,92.88,1241.8,64.85,2.0708332,-2.05,6.3,15.929167,480.7816867999999,5685.50190313,106.09753323000001,5098.6226831,460.71981230811826,23.71129339624018,-3.6494189043585834
2021-12-02,605116264.2,4662943883.74,128243313.284,5396303461.224,160.1345,905.0,84.4,1561.0,64.26,0.25416663,-2.7,3.0,17.745832,605.1162642,5396.303461224,128.24331328399998,4662.943883739999,460.47894905277786,133.8857626512435,10.751552495978672
2021-12-03,533594151.2000001,4547552136.8,65597209.504,5146743497.504,158.6762,905.0,70.84,1530.4,63.67,1.7854167,1.25,2.6,16.214582,533.5941512,5146.743497504,65.597209504,4547.5521368,460.23812583658685,56.03571498212048,17.320310381292757
2021-12-04,510466838.2,4173369466.99,140160565.501,4823996870.691001,157.7408,905.0,169.09,1068.9,63.3,1.0124999,0.7,1.65,16.9875,510.4668382,4823.996870691001,140.16056550099998,4173.36946699,459.9973431141333,39.064567918001856,11.404927167864855
2021-12-05,519757596.9,4044177851.7,170297500.31,4734232948.91,156.8368,905.0,164.05,1062.9,62.94,-0.04791665,-2.1,2.15,18.047916,519.7575969,4734.23294891,170.29750031,4044.1778517,459.7566013305001,61.34161004977282,-1.3406144802729614
2021-12-06,621719591.7,4621010086.0,114839430.0,5357569107.7,155.1616,905.0,156.71,1863.9,62.27,-0.84791654,-2.5,0.95,18.847916,621.7195917,5357.5691077,114.83943,4621.010086,459.51590092460054,152.80765246311555,9.396038312283906
2021-12-07,599213740.6,4332655278.69,97398754.0,5029267773.29,153.6577,905.0,107.44,1584.3,61.66,-1.0479168,-2.1,0.45,19.047916,599.2137406,5029.26777329,97.398754,4332.655278689999,459.27524233459434,140.1590019206659,-0.22050365526018822
2021-12-08,585287948.9,4226949817.16,95748193.0,4907985959.059999,152.1711,905.0,109.43,1563.2,61.06,-1.7875,-2.45,-0.7,19.7875,585.2879489,4907.98595906,95.748193,4226.94981716,459.0346259953581,149.9224783833699,-23.6691554787281
2021-12-09,649404911.4,4560978495.9,48043506.0,5258426913.299999,150.4231,905.0,75.59,1831.0,60.36,-1.2479166,-4.8,0.3,19.247917,649.4049114,5258.426913299999,48.043506,4560.9784959,458.79405234440435,188.55691013137255,2.05394892422305
2021-12-10,622542643.4,4444188046.8,106612578.0,5173343268.2,148.9385,905.0,124.24,1586.2,59.77,-2.1562502,-5.6,0.35,20.15625,622.5426434,5173.3432682,106.612578,4444.1880468,458.5535218306608,143.32563473147516,20.663486837864014
2021-12-11,519047736.37,4006299963.59,221769148.0,4747116847.96,148.0506,905.0,203.94,1091.0,59.41,0.65208334,-1.2,2.4,17.347918,519.04773637,4747.11684796,221.769148,4006.29996359,458.3130349034378,73.15317517500154,-12.418473708439308
2021-12-12,431905812.35,3911799077.78,331752137.235,4675457027.365,147.5912,905.0,226.16,626.8,59.23,5.2354164,2.7,7.4,12.764584,431.90581235,4675.457027365,331.752137235,3911.79907778,458.0725920048644,-13.692302764910472,-12.474476889953905
2021-12-13,575514403.76,4479720335.45,270523995.0,5325758734.21,146.6955,905.0,159.54,1072.4,58.87,6.6895843,5.9,7.55,11.310415,575.5144037599999,5325.75873421,270.523995,4479.72033545,457.83219358299505,122.20123037145375,-4.519020194448842
2021-12-14,600145176.6,5033531732.059999,188265981.317,5821942889.977,145.7307,905.0,48.83,989.3,58.48,7.608334,6.4,8.8,10.391666,600.1451766,5821.942889977,188.265981317,5033.53173206,457.59184009476985,161.36735362949787,-18.814017124267707
2021-12-15,571839687.42,4806898543.04,238339513.185,5617077743.645,144.9352,905.0,64.13,834.0,58.16,7.0083337,3.7,8.65,10.991667,571.8396874199999,5617.077743645001,238.33951318500002,4806.89854304,457.35153200397417,141.07461257536445,-26.586457159338693
2021-12-16,584217775.56,4755738980.67,104619005.005,5444575761.235,144.2456,905.0,295.1,989.4,57.88,4.775,3.45,6.2,13.225,584.21777556,5444.575761235,104.61900500499999,4755.73898067,457.1112697875869,143.2321617541713,-16.125655981758257
2021-12-17,576507072.64,4750958973.2699995,173176725.936,5500642771.846,143.2904,905.0,106.65,1085.2,57.5,5.6354165,4.75,7.0,12.364584,576.5070726399999,5500.642771846,173.176725936,4750.95897327,456.87105393947735,92.50565852121363,27.13036017930898
2021-12-18,487994940.88,3927334874.7,66008210.710999995,4481338026.291,142.737,905.0,79.72,586.8,57.28,5.9083333,2.4,6.8,12.091667,487.99494088,4481.3380262910005,66.00821071099999,3927.3348747,456.6308849623109,6.100313707635299,25.263742210053806
2021-12-19,440480345.54,4025115648.16,48806066.573,4514402060.273,142.1591,905.0,89.93,665.4,57.05,0.42083335,-3.65,3.75,17.579166,440.48034554000003,4514.402060273,48.806066572999995,4025.1156481599996,456.3907633473807,-2.781749489634514,-13.128668317746133
2021-12-20,646607318.2,4676986442.3,31225592.189,5354819352.689,140.3927,905.0,12.59,1792.3,56.34,-0.77500004,-4.0,0.5,18.775,646.6073182,5354.819352689,31.225592189,4676.9864423,456.1506895746556,179.88570809005435,10.5709205352901
2021-12-21,659355939.1,4254162064.08,49102095.0,4962620098.18,138.0526,905.0,20.97,2349.0,55.4,-1.5958332,-3.55,-0.25,19.595833,659.3559391,4962.62009818,49.102095,4254.16206408,455.91066412733056,206.21120570619956,-2.7659307335301264
2021-12-22,581832902.4,4117760964.51,64810919.111,4764404786.021,135.8248,905.0,24.65,2229.0,54.5,-1.6208334,-3.8,0.4,19.620834,581.8329024,4764.404786021,64.810919111,4117.76096451,455.67068748664457,114.73198703355557,11.430227879799816
2021-12-23,426632153.7,3915154123.769,68687073.222,4410473350.691,134.3072,905.0,96.21,1601.2,53.9,1.5437502,-4.2,3.5,16.45625,426.6321537,4410.473350691,68.68707322200001,3915.154123769,455.43076013364555,-62.21186104571051,33.413254612064975
2021-12-24,396339396.23,3784463219.88,148234895.61,4329037511.72,133.5835,905.0,365.68,1044.9,53.61,-5.5770836,-7.9,-2.95,23.577084,396.33939623000003,4329.03751172,148.23489561000002,3784.46321988,455.1908825419625,-96.47758394083876,37.62609762887632
2021-12-25,409983488.55,3057566759.506,233576629.084,3701126877.14,133.1688,905.0,501.81,885.9,53.44,-7.5499997,-10.85,-3.55,25.55,409.98348855,3701.12687714,233.576629084,3057.566759506,454.95105516728336,-61.24920767544644,16.281641058163075
2021-12-26,417581617.35,3106275844.956,200811267.167,3724668729.473,132.6065,905.0,390.76,948.3,53.21,-3.3604167,-7.25,-0.5,21.360416,417.58161735000004,3724.668729473,200.81126716699998,3106.2758449559997,454.71127844583424,-50.58684589635749,13.457184800523294
2021-12-27,422635332.17,3300436647.72,235594115.506,3958666095.396,132.282,905.0,499.33,816.3,53.08,-0.76875013,-3.85,2.0,18.76875,422.63533217,3958.666095396,235.594115506,3300.4366477199997,454.47155280163213,-58.38695499578698,26.55073436415489
2021-12-28,408728229.17,3279177339.9700003,305532277.781,3993437846.921001,132.0676,905.0,615.47,818.8,53.0,1.7687502,-0.1,3.2,16.23125,408.72822917,3993.437846921001,305.532277781,3279.17733997,454.2318786480942,-80.85955314983394,35.35590367173978
2021-12-29,402674800.59,3737511862.407,479112296.789,4619298959.786,132.4561,905.0,910.0,663.7,53.15,7.8145843,3.5,11.6,10.185415,402.67480058999996,4619.2989597860005,479.11229678899997,3737.511862407,453.99225638223214,-74.13258324898482,22.815127456752634
2021-12-30,371000010.53,4100057133.4,757304719.426,5228361863.356,132.9517,905.0,1167.75,657.1,53.35,11.870833,11.0,13.0,6.1291666,371.00001053,5228.361863356,757.304719426,4100.0571334,453.75268638130404,-115.46472264918074,32.71204679787667
2021-12-31,335377425.4,3818515199.188,1072600514.9,5226493139.488,133.9981,905.0,1293.37,274.4,53.77,10.970834,9.1,12.05,7.029166,335.3774254,5226.4931394879995,1072.6005149,3818.515199188,453.51316900530605,-150.0445998449191,31.908856239613044
2022-01-01,348975052.84000003,4050164354.362,803967654.9319999,5203107062.134,135.0393,891.25,1204.24,321.2,54.18,9.474999,7.65,11.65,8.525001,348.97505284000005,5203.1070621339995,803.967654932,4050.164354362,453.2737045942804,-135.99799911771126,31.69934736343089
2022-01-02,360741036.04,3978402900.254,772973235.8989999,5112117172.193001,135.74,891.25,1016.46,350.0,54.47,8.285418,6.3,10.05,9.714582,360.74103604000004,5112.117172193,772.973235899,3978.402900254,453.03429346738625,-93.3253906273035,1.0321331999172685
2022-01-03,430161134.53,4308673977.4800005,433668790.2,5172503902.21,135.9501,891.25,735.07,598.4,54.55,6.066666,5.15,7.2,11.933334,430.16113452999997,5172.50390221,433.6687902,4308.673977480001,452.79493592599147,-42.95708123686368,20.323279840872203
2022-01-04,493003155.7999999,4033741520.35,268518602.425,4795263278.575,135.6439,891.25,527.68,837.9,54.42,3.5854166,2.4,4.6,14.414583,493.0031557999999,4795.263278575,268.51860242500004,4033.74152035,452.5556322640771,37.04221069626904,3.4053128396537886
2022-01-05,461648920.97,3295628992.97,59701940.833,3816979854.773,134.3962,891.25,101.4,1357.9,53.92,0.1833333,-3.0,3.6,17.816668,461.64892097,3816.9798547729997,59.701940832999995,3295.6289929699997,452.31638276449377,-19.994926495190157,29.327464700696396
2022-01-06,526009541.7000001,3062736922.3399997,138367.33299999998,3588884831.373,133.013,891.25,50.44,1430.2,53.37,0.31875,-2.0,2.5,17.68125,526.0095417000001,3588.884831373,0.13836733299999998,3062.7369223399996,452.07718770147613,76.69767652129461,-2.7653225227706457
2022-01-07,476634412.8,3365255670.06,12177741.5,3854067824.36,131.5951,891.25,90.89,1490.2,52.8,0.54583335,-1.1,2.7,17.454166,476.6344128,3854.06782436,12.1777415,3365.25567006,451.83804733494765,27.561640136059594,-2.765274671007205
2022-01-08,442379062.63,3603763244.93,4122.722,4046146430.282001,130.5812,891.25,76.39,1068.4,52.39,0.45624998,-1.65,2.25,17.54375,442.37906263,4046.146430282001,0.004122722,3603.76324493,451.5989619214402,3.29714419806608,-12.51704348950625
2022-01-09,484442897.87,3586218186.42,12670.832,4070673755.122,129.5809,891.25,109.26,1099.7,51.99,2.64375,-0.45,4.2,15.35625,484.44289787,4070.6737551220003,0.012670832,3586.21818642,451.35993171863447,41.68516880807145,-8.602202656705913
2022-01-10,675279301.6,4248630246.73,7697.0,4923917245.33,127.2707,891.25,61.14,2398.7,51.04,-2.354167,-4.9,-0.6,20.354168,675.2793016,4923.91724533,0.007697,4248.63024673,451.1209569894523,229.21122526988248,-5.052880659334676
2022-01-11,673035332.5,4222136731.2,675033.11,4895847096.81,124.7762,891.25,51.35,2532.7,50.03,-0.049999963,-2.55,2.1,18.05,673.0353325,4895.84709681,0.67503311,4222.1367312,450.88203800101695,223.65734535409834,-1.5040508551152811
2022-01-12,660947918.9,4262450999.57,5269.0,4923404187.47,122.4049,891.25,38.61,2389.2,49.07,3.6395836,1.9,5.4,14.360416,660.9479189,4923.404187470001,0.005269,4262.45099957,450.6431750221596,226.40205382734797,-16.097309949507576
2022-01-13,610155063.5,4462708729.62,2525.0,5072866318.12,120.2449,891.25,50.67,2207.6,48.21,4.8354163,1.6,6.85,13.164583,610.1550635,5072.86631812,0.002525,4462.70872962,450.4043683229654,154.99355870127596,4.757136475758614
2022-01-14,635214197.3,4104551804.68,8.0,4739766009.98,118.0908,891.25,40.66,2196.2,47.35,0.3708333,-1.25,2.9,17.629168,635.2141972999999,4739.76600998,8e-06,4104.55180468,450.16561817868967,178.66256390359482,6.386015217715453
2022-01-15,563586009.1,3253489953.26,65240528.0,3882316490.36,116.6933,891.25,124.8,1520.6,46.78,1.0520834,-1.65,3.8,16.947916,563.5860091000001,3882.31649036,65.240528,3253.48995326,449.9269248615181,126.95358275983425,-13.294498521352295
2022-01-16,446513713.83,3128802210.8100004,100960560.87,3676276485.51,115.6657,891.25,202.87,1202.9,46.37,3.8333337,-0.85,5.8,14.166666,446.51371383,3676.2764855100004,100.96056087000001,3128.8022108100004,449.6882886396017,0.48277172981033356,-3.6573465394120603
2022-01-17,525935989.1,3829583538.12,89533974.02499999,4445053501.245,114.019,891.25,110.0,1767.4,45.73,2.15625,-1.35,5.55,15.84375,525.9359891,4445.053501245,89.53397402499999,3829.58353812,449.44970978497645,65.69275399028899,10.79352532473456
2022-01-18,671565509.5,4048928316.13,37953510.11,4758447335.74,111.9327,891.25,58.03,2139.0,44.89,3.2541666,1.1,4.45,14.745833,671.5655095,4758.44733574,37.953510109999996,4048.92831613,449.21118856969895,221.92399276678475,0.4303281635162648
2022-01-19,528093067.6,4245257627.77,2577231.844,4775927927.214,110.2151,891.25,45.18,1954.9,44.21,1.2562501,-1.5,4.5,16.74375,528.0930676,4775.927927214,2.577231844,4245.25762777,448.9727252590321,100.94893414422023,-21.828591803252266
2022-01-20,514386773.2,4352118198.55,7296.0,4866512267.75,108.242,891.25,39.65,2019.2,43.41,-0.8062501,-3.45,1.8,18.80625,514.3867732,4866.51226775,0.007296,4352.11819855,448.73432011703244,79.98274206298193,-14.330288980014359
2022-01-21,555055768.4,4515196366.78,45040.0,5070297175.179999,105.9773,891.25,43.79,2288.2,42.51,2.4395833,0.9,3.7,15.560417,555.0557683999999,5070.29717518,0.04504,4515.19636678,448.4959734171259,65.89429073211366,40.665504250760364
2022-01-22,575801437.6,4062314713.96,92986948.0,4731103099.56,104.4464,891.25,125.51,1646.1,41.89,4.754166,2.4,6.15,13.245834,575.8014376,4731.10309956,92.986948,4062.31471396,448.257685435918,100.60381025570928,26.939941908372703
2022-01-23,592203557.5,3854015976.7,100994573.0,4547214107.2,103.0538,891.25,145.83,1536.2,41.33,4.808333,4.3,5.5,13.191668,592.2035575,4547.2141071999995,100.994573,3854.0159767,448.01945643069166,170.76415270770795,-26.580051638399596
2022-01-24,694868000.5,4292958866.62,227738.0,4988054605.12,100.761,891.25,63.73,2349.5,40.42,3.8479166,3.3,4.65,14.152083,694.8680005,4988.05460512,0.227738,4292.95886662,447.7812866432905,257.066461038336,-9.979747181626522
2022-01-25,691178443.2,4270562344.69,2650457.0,4964391244.89,98.369,891.25,44.59,2422.9,39.46,3.0625,2.05,4.05,14.9375,691.1784432000001,4964.39124489,2.650457,4270.56234469,447.5431763229141,258.6496450235953,-15.014378146509387
2022-01-26,593417803.7,4254370076.89,5977.0,4847793857.59,96.289,891.25,63.53,2180.5,38.62,3.958333,2.95,5.9,14.041667,593.4178037,4847.79385759,0.005977,4254.37007689,447.3051257257195,138.8671557294502,7.24552224483034
2022-01-27,543807447.4,4338053319.47,5177463.0,4887038229.87,94.7854,891.25,113.49,1582.0,38.02,3.908333,1.65,6.2,14.091667,543.8074474,4887.03822987,5.177463,4338.05331947,447.0671351128153,112.33318532790449,-15.592873040719837
2022-01-28,548087926.7,4023675698.61,40053.0,4571803678.31,93.0908,891.25,57.81,1747.3,37.34,5.1958337,2.05,8.55,12.804167,548.0879267,4571.803678310001,0.040053,4023.67569861,446.8292047429807,115.41684624277275,-14.158124285753445
2022-01-29,456762224.38,3638677996.29,187134105.0,4282574325.67,92.4956,891.25,191.0,782.5,37.1,5.166667,2.4,7.05,12.833333,456.76222438,4282.57432567,187.134105,3638.67799629,446.59133488069983,7.863573733714961,2.3073157655852015
2022-01-30,440480510.52,3453355868.5,171892852.0,4065729231.02,91.8712,891.25,177.44,804.9,36.85,1.6729168,-1.5,3.35,16.327084,440.48051052,4065.72923102,171.892852,3453.3558685,446.3535257963745,-0.8319258046994049,-5.04108947167515
2022-01-31,557315068.4,3592440552.48,17457239.0,4167212859.88,90.4295,891.25,96.78,1536.0,36.27,2.13125,-1.45,5.7,15.86875,557.3150684,4167.21285988,17.457239,3592.44055248,446.1157777592326,96.25078705227483,14.948503588492486
2022-02-01,527475912.6,4093354532.96,10564371.0,4631394816.56,89.4666,891.25,99.28,1097.7,35.89,4.2458334,0.8,6.2,13.754167,527.4759126,4631.39481656,10.564371,4093.35453296,445.8780910364862,52.77043027645881,28.827391287055036
2022-02-02,554300930.2,3940606858.26,8974735.868,4503882524.328,88.4446,891.25,98.85,1113.2,35.48,3.5166667,0.05,6.25,14.483334,554.3009302,4503.882524328,8.974735868000002,3940.60685826,445.64046588310265,80.65808156390435,28.002382752993014
2022-02-03,581435117.6,3871849422.69,75188723.848,4528473264.138,87.698,891.25,149.34,894.0,35.18,6.3541665,5.1,8.05,11.645834,581.4351176,4528.473264138,75.18872384800001,3871.84942269,445.402902533514,137.55214145313306,-1.5199263866470574
2022-02-04,507819259.9,4097703697.36,95201777.78,4700724735.04,87.1455,891.25,150.84,677.3,34.96,3.8208332,2.15,6.0,14.179167,507.81925989999996,4700.72473504,95.20177778,4097.70369736,445.16540120339346,39.45955471998235,23.194303976624155
2022-02-05,455581457.43,3696461523.36,39846111.284,4191889092.074,86.8718,891.25,108.43,383.4,34.85,5.1145835,3.9,7.45,12.885416,455.58145743,4191.889092074,39.846111284,3696.4615233600002,444.9279620998708,-10.627141077545776,21.28063640767499
2022-02-06,434129521.2,3563421134.86,56040638.584,4053591294.644,86.6036,891.25,119.71,391.7,34.74,3.377083,1.5,5.9,14.622917,434.1295212,4053.591294644,56.040638584,3563.42113486,444.69058541331617,-2.429367005186509,-8.131697208129651
2022-02-07,495213619.8,3637481607.27,3576541.858,4136271768.928,85.6501,891.25,35.03,964.1,34.36,5.729166,1.75,8.35,12.270834,495.2136198,4136.271768928,3.576541858,3637.48160727,444.453271318362,58.01987907668636,-7.259530595048375
2022-02-08,475920662.8,4042391946.9,7780.28,4518320389.98,84.9808,891.25,60.89,717.3,34.09,8.410416,6.75,9.35,9.589584,475.9206628,4518.320389979999,0.00778028,4042.3919469,444.2160199878143,60.24388167352776,-28.539238861342085
2022-02-09,491734913.9,4098322862.12,140257528.4,4730315304.419999,84.4088,891.25,202.55,871.7,33.86,6.962501,4.95,9.4,11.037498,491.7349139,4730.315304419999,140.2575284,4098.32286212,443.9788315980585,60.99448478744424,-13.238402485502775
2022-02-10,561699254.8,4101081039.89,155571254.345,4818351549.035,83.2759,891.25,191.49,1319.4,33.4,3.6937501,0.8,5.35,14.30625,561.6992548,4818.351549035,155.571254345,4101.08103989,443.7417063367747,95.54224240176353,22.415306061461706
2022-02-11,541832685.3,4107960807.74,155645097.0,4805438590.04,82.1784,891.25,184.93,1306.9,32.96,0.2145833,-3.35,4.8,17.785418,541.8326853,4805.43859004,155.645097,4107.96080774,443.5046443947528,100.51544044234541,-2.1873995370982016
2022-02-12,461886914.99,3648200974.72,152649400.96600002,4262737290.676,81.4088,891.25,215.32,942.4,32.66,2.5708334,-1.15,7.35,15.429167,461.88691499000004,4262.737290676,152.64940096600003,3648.20097472,443.2676459500005,6.70251571435996,11.916753325639604
2022-02-13,452153916.09,3581039406.23,276697686.30799997,4309891008.628,81.0026,891.25,375.56,775.7,32.49,6.866667,3.35,12.35,11.133333,452.15391609,4309.891008628,276.69768630799996,3581.03940623,443.0307111731948,5.50967703998225,3.613527876822957
2022-02-14,506245642.75,4089661298.739,181116331.752,4777023273.241,80.4396,891.25,313.35,893.1,32.27,6.3645835,4.35,8.7,11.635416,506.24564275,4777.023273241,181.116331752,4089.661298739,442.793840224423,82.79458997120561,-19.342787445628574
2022-02-15,507196565.82,4472148731.44,81255585.943,5060600883.202999,79.7591,891.25,127.29,778.7,31.99,6.847917,4.35,9.95,11.152082,507.19656582,5060.600883202999,81.255585943,4472.148731439999,442.55703325812834,60.315374570212306,4.32415799165932
2022-02-16,515012567.7,4214330238.9,96212849.101,4825555655.701,79.1058,891.25,149.8,806.1,31.73,7.641667,5.0,11.85,10.358334,515.0125677,4825.555655701,96.21284910099999,4214.3302389,442.32029043246945,57.01244266541159,15.679834602118945
2022-02-17,494612321.75,4048961159.01,142078732.79500002,4685652213.555,78.6081,891.25,142.56,631.8,31.53,6.1041665,3.0,10.25,11.895834,494.61232175,4685.652213555,142.078732795,4048.9611590100003,442.08361189910295,17.951068138588198,34.57764171230883
2022-02-18,496293025.2,3907178013.4,60522512.472,4463993551.0720005,78.0532,891.25,87.71,642.7,31.31,5.2729163,3.25,7.45,12.727083,496.2930252,4463.993551072001,60.522512472,3907.1780134,441.84699779258193,59.35981508857528,-4.913787681157203
2022-02-19,429943766.93,3445309243.9700003,64338122.0,3939591132.9,77.4313,891.25,165.07,792.4,31.06,5.1541667,3.05,8.0,12.845833,429.94376693,3939.5911329,64.338122,3445.3092439700004,441.6104482256185,-50.77442678856056,39.10774549294206
2022-02-20,418286522.87,3361583814.04,109734879.965,3889605216.875,77.0602,891.25,218.83,589.9,30.91,5.6749997,2.45,8.95,12.325001,418.28652287,3889.605216875,109.734879965,3361.58381404,441.3739632997904,-38.40681040946394,15.319369979673581
2022-02-21,478274528.62,3567221856.62,17327972.436,4062824357.676,76.225,891.25,60.92,907.1,30.58,5.035417,2.5,7.15,12.964582,478.27452862,4062.824357676,17.327972436,3567.22185662,441.1375430926342,49.310611762988266,-12.173626235622464
2022-02-22,500252678.2000001,3852420541.418,6068593.0,4358741812.618,75.2673,891.25,72.03,1021.4,30.19,6.0,2.6,8.95,12.0,500.2526782000001,4358.741812618,6.068593,3852.420541418,440.9011876647785,89.21413395049822,-29.86264341527658
2022-02-23,540195380.22,3961129321.51,30655387.05,4531980088.78,74.5762,891.25,90.72,781.5,29.92,5.679167,1.15,10.35,12.320833,540.1953802200001,4531.98008878,30.65538705,3961.1293215100004,440.6648970779151,129.87303385247236,-30.3425507103874
2022-02-24,524515820.61,3668654468.579,36766558.25,4229936847.439,74.2126,891.25,173.03,527.2,29.77,3.5562503,1.1,6.3,14.443749,524.51582061,4229.936847439,36.76655825,3668.654468579,440.42867140627175,83.68290622788903,0.4042429758392245
2022-02-25,550691146.2,3184173519.11,8132510.044,3742997175.3540006,73.3547,891.25,43.77,895.7,29.43,3.3979166,-0.3,6.5,14.602083,550.6911462,3742.997175354001,8.132510044,3184.17351911,440.1925107354646,73.6914001248737,36.80723533966176
2022-02-26,510216031.4,3222045507.6800003,57587271.538,3789848810.618001,72.7341,891.25,135.25,764.3,29.18,0.82500005,-2.85,5.95,17.175,510.21603139999996,3789.848810618001,57.587271538,3222.0455076800004,439.9564151442043,52.651914263455325,17.60770199234031
2022-02-27,473078065.55,2969487692.0299997,95495537.867,3538061295.447,72.2538,891.25,236.36,705.5,28.98,0.32916656,-2.9,4.9,17.670834,473.07806555,3538.0612954470002,95.495537867,2969.48769203,439.72038468620536,177.2383031528992,-143.88062228910456
2022-02-28,509873853.1,3583968112.06,14395887.999,4108237853.159,71.1292,891.25,178.86,1289.4,28.53,0.4708333,-3.4,6.65,17.529167,509.8738531,4108.237853159,14.395887999,3583.96811206,439.48441939714303,109.46340936241404,-39.07397565955705
2022-03-01,631742717.3,4437544619.37,5953538.0,5075240874.67,69.5571,891.25,140.31,1655.4,27.9,0.7166667,-3.7,6.45,17.283333,631.7427173,5075.24087467,5.953538,4437.54461937,439.24851931602143,195.12592740293084,-2.631729418952318
2022-03-02,648810560.0,4363127450.875,30101674.059,5042039684.934,68.241,891.25,170.87,1479.4,27.37,-0.9791667,-5.1,3.0,18.979166,648.81056,5042.039684934,30.101674059,4363.127450875,439.0126844945696,195.25174697059816,14.546128534832235
2022-03-03,576180704.9,4078239178.324,39437073.815,4693856957.039,67.118,891.25,163.55,1245.0,26.92,1.1749998,-2.55,4.4,16.825,576.1807049,4693.856957039,39.437073815,4078.239178324,438.7769149814353,139.04708810207174,-1.6432981835069995
2022-03-04,583605757.3,3974171104.58,24016153.519,4581793015.399,66.0369,891.25,173.22,1245.1,26.49,0.09791664,-3.5,4.4,17.902082,583.6057572999999,4581.793015399,24.016153519,3974.17110458,438.54121081103585,105.0807843770564,39.98376211190771
2022-03-05,475387401.3,3655590398.975,108880267.314,4239858067.589,65.3604,891.25,313.76,982.6,26.22,-0.18541665,-4.6,2.15,18.185417,475.3874013,4239.858067589,108.880267314,3655.590398975,438.30557200488715,43.992048460593246,-6.910219165480385
2022-03-06,476854049.6,3760338558.638,72647337.50400001,4309839945.742,64.6661,891.25,314.7,1003.6,25.94,1.9020834,-2.7,7.85,16.097916,476.8540496,4309.839945742,72.647337504,3760.338558638,438.0699985599912,81.87087862066038,-43.08682758065157
2022-03-07,600752531.0,4354494003.23,40021073.811,4995267608.040999,63.2014,891.25,200.36,1647.3,25.35,1.9250001,-3.75,8.5,16.075,600.752531,4995.267608040999,40.021073810999994,4354.494003229999,437.8344904691372,149.41332570523136,13.504714825631368
2022-03-08,547238250.4,4476228644.37,147044486.558,5170511381.327999,61.9827,891.25,167.63,1370.6,24.86,2.9166663,-3.35,10.3,15.083334,547.2382504,5170.5113813279995,147.044486558,4476.2286443699995,437.59904773488864,124.74731244119863,-15.108109776087304
2022-03-09,497627270.5,4426414850.2,200581425.284,5124623545.984,61.1885,891.25,341.73,1127.7,24.55,2.0395834,-2.0,7.65,15.960417,497.6272705,5124.623545984,200.581425284,4426.4148502,437.3636703511893,88.26588518045293,-28.002285031642202
2022-03-10,473588703.5,4381262885.88,317711959.702,5172563549.082,61.4645,891.25,1133.68,844.9,24.66,1.30625,-2.9,6.8,16.69375,473.5887035,5172.563549082,317.711959702,4381.26288588,437.1283583137749,36.63044005195735,-0.17009486573226695
2022-03-11,451920793.5,4527247936.86,418849889.594,5398018619.9539995,61.3973,891.25,516.91,576.2,24.63,3.1104164,-1.45,9.55,14.889584,451.9207935,5398.018619953999,418.849889594,4527.24793686,436.893111626761,26.514701716474327,-11.487019843235373
2022-03-12,425672182.04,4473956828.94,660755861.053,5560384872.032999,61.6831,891.25,673.4,332.0,24.74,4.191667,-1.15,11.05,13.808332,425.67218204,5560.384872032999,660.755861053,4473.9568289399995,436.6579302916784,-0.4883107415454555,-10.497437510132954
2022-03-13,424193534.45,4342147018.65,726985111.386,5493325664.485999,62.1273,891.25,784.82,316.9,24.92,5.9874997,0.75,12.0,12.012501,424.19353445,5493.325664485999,726.9851113860001,4342.14701865,436.4228143100961,-0.7566830487890752,-11.472596811307028
2022-03-14,555300275.4,4575187902.47,236510923.362,5366999101.232,61.9273,891.25,331.97,553.1,24.84,7.7041664,3.55,11.85,10.295834,555.3002754,5366.999101232001,236.510923362,4575.18790247,436.18776368490575,108.50656984385269,10.605941871241612
2022-03-15,610174419.4,4206809906.48,150464574.58,4967448900.46,61.585,891.25,305.79,626.2,24.7,7.03125,2.6,11.0,10.96875,610.1744193999999,4967.44890046,150.46457458,4206.80990648,435.95277841767984,156.58714911628385,17.634491866036228
2022-03-16,497742331.99,4288967679.21,244486194.22,5031196205.42,61.4519,891.25,653.73,781.3,24.65,7.416666,2.9,12.25,10.583334,497.74233199,5031.19620542,244.48619422,4288.96767921,435.7178584952036,50.92446679301282,11.100006701783627
2022-03-17,571313411.21,4601266552.61,350106846.883,5522686810.703,61.2035,891.25,734.03,977.3,24.55,7.597917,4.15,12.0,10.402082,571.31341121,5522.686810703,350.106846883,4601.26655261,435.48300388296497,110.99312134662168,24.837285980413355
2022-03-18,534191720.97,4283836263.39,486146165.536,5304174149.896,60.978,891.25,867.63,1089.0,24.46,5.358333,0.65,9.6,12.641666,534.19172097,5304.174149896,486.146165536,4283.83626339,435.2482145254118,91.74595220821628,7.1975542363719
2022-03-19,415551536.92,4331301911.75,666345632.477,5413199081.147,61.5358,891.25,1083.66,522.8,24.68,5.5125003,0.95,10.95,12.487499,415.55153692,5413.1990811470005,666.345632477,4331.30191175,435.0134903415411,-26.158105556409215,6.6961521348681
2022-03-20,418277990.14,4211410052.7,736697460.352,5366385503.192,61.9608,891.25,1003.68,574.1,24.86,5.875,0.55,12.6,12.125,418.27799014,5366.385503192,736.697460352,4211.4100527,434.77883123183335,0.19056149671053735,-16.691402588543895
2022-03-21,527939552.63,4362744099.952,496100577.524,5386784230.106,61.8308,891.25,751.44,879.2,24.8,6.366667,-0.5,15.35,11.633333,527.93955263,5386.784230106,496.100577524,4362.7440999519995,434.544237083819,87.46379000616842,5.931525540012558
2022-03-22,553207097.2,5128909552.064,384627030.301,6066743679.565,61.998,891.25,727.69,530.0,24.87,7.460417,-0.5,16.85,10.539583,553.2070972,6066.743679564999,384.627030301,5128.909552064,434.30970778230517,128.66042630359613,-9.763036885901272
2022-03-23,553602016.9,4595399939.323999,408872500.151,5557874456.374999,62.3111,891.25,761.7,448.6,25.0,5.8145833,-1.9,14.7,12.185417,553.6020169,5557.874456374999,408.872500151,4595.399939323999,434.07524320183984,117.56316448162538,1.963609216534735
2022-03-24,553358761.8,4639084374.09,545096082.417,5737539218.307,63.269,891.25,971.32,438.5,25.38,7.766667,-0.8,15.8,10.233334,553.3587617999999,5737.539218307,545.096082417,4639.08437409,433.8408432108723,79.6581048498715,39.85981373925608
2022-03-25,480630317.16,5011672472.21,658551351.7639999,6150854141.134,63.6678,891.25,1160.69,373.7,25.54,7.9458337,3.75,12.55,10.054167,480.63031716,6150.854141134,658.551351764,5011.67247221,433.60650766225245,49.75422327719697,-2.7304137794494068
2022-03-26,395250975.94,4894056325.66,1072266312.711,6361573614.310999,64.7241,891.25,1248.75,199.4,25.96,7.2104163,0.2,14.55,10.789583,395.25097594,6361.573614310999,1072.266312711,4894.05632566,433.37223637766544,-47.87354625754891,9.752285819883468
2022-03-27,426407136.53,5137315894.4,1043083073.67,6606806104.599999,65.6294,891.25,1181.38,283.1,26.33,8.483333,3.5,15.05,9.516667,426.40713652999995,6606.806104599999,1043.08307367,5137.3158944,433.13802916188865,-12.498591779005164,5.767699147116446
2022-03-28,502138289.75,4913516479.58,698630285.089,6114285054.419,66.1691,891.25,962.58,426.6,26.54,7.3541665,4.25,11.75,10.645834,502.13828975,6114.285054419,698.630285089,4913.51647958,432.90388580070476,61.02828816349958,8.206115785795646
2022-03-29,568836862.7,4914438947.38,636759948.608,6120035758.688,66.7109,891.25,887.98,345.3,26.76,4.66875,0.45,8.15,13.33125,568.8368627000001,6120.035758688,636.7599486080001,4914.43894738,432.66980606053687,105.05720022701765,31.109856412445595
2022-03-30,582387321.2,4297086501.959,515374017.692,5394847840.851,66.9996,891.25,789.65,503.5,26.88,3.3083332,-1.3,6.4,14.691667,582.3873212000001,5394.847840851,515.3740176919999,4297.086501959,432.4357896839555,113.91703497455589,36.03449654148869
2022-03-31,541096735.8,4188290972.3,415865682.938,5145253391.037999,66.4242,891.25,582.63,599.2,26.64,3.3395827,0.6,7.0,14.660418,541.0967357999999,5145.253391037999,415.865682938,4188.2909723,432.2018363756971,73.28959399187664,35.60530543242618
2022-04-01,491075610.44,4222178309.81,390225299.395,5103479219.645,66.5326,891.25,392.55,558.5,26.93,1.9062501,-0.95,4.95,16.09375,491.07561044,5103.479219645001,390.225299395,4222.1783098099995,431.96794579652817,60.95246250488497,-1.8447978614131557
2022-04-02,476507087.16,4265258787.422,376614725.93,5118380600.512,66.5353,891.25,410.17,402.0,26.97,1.6958336,-3.45,6.8,16.304167,476.50708716,5118.3806005120005,376.61472593,4265.258787422,431.7341175667403,11.308680094289233,33.464289498970516
2022-04-03,445170117.67,4425006481.205,444681199.78,5314857798.655,66.4928,891.25,440.89,476.3,26.96,3.2250001,0.45,7.75,14.775,445.17011767,5314.857798655,444.68119978,4425.006481205,431.50035128093526,30.62195883886159,-16.952192449796826
2022-04-04,451598028.99,4922181340.4,301300720.78499997,5675080090.174999,66.3489,891.25,443.25,580.2,26.9,6.43125,4.6,8.6,11.56875,451.59802899,5675.080090174999,301.30072078499995,4922.1813403999995,431.26664649973713,56.47351039693382,-36.142127906670964
2022-04-05,447100875.72,4587763934.59,451155623.22,5486020433.530001,66.2546,891.25,498.73,407.9,26.86,9.797916,7.05,11.8,8.202084,447.10087572000003,5486.02043353,451.15562322000005,4587.76393459,431.0330027762195,42.407869606318776,-26.339996662538283
2022-04-06,431991196.46,4651988745.610001,770950212.416,5854930154.486001,67.0083,891.25,921.33,165.8,27.16,9.9875,7.9,14.4,8.0125,431.99119645999997,5854.930154486001,770.950212416,4651.9887456100005,430.7994196719822,13.95674484144267,-12.764968053424923
2022-04-07,460340690.82,4368405072.05,921419379.064,5750165141.934,67.7771,891.25,849.53,78.6,27.48,6.46875,3.8,8.85,11.53125,460.34069082,5750.165141934,921.419379064,4368.40507205,430.5658967538453,15.231333715150235,14.543460351004455
2022-04-08,451987857.78,4114071113.84,896527174.582,5462586146.202,68.4353,891.25,824.24,163.1,27.86,5.2124996,2.0,9.35,12.7875,451.98785777999996,5462.586146201999,896.527174582,4114.07111384,430.33243358079557,6.710663935978692,14.944760263225703
2022-04-09,417027284.2,3935931046.386,982607688.974,5335566019.559999,69.1671,891.25,875.13,99.9,28.16,4.291667,1.4,8.25,13.708333,417.0272842,5335.566019559999,982.607688974,3935.931046386,430.09902968364264,-22.24507726373923,9.17333178009659
2022-04-10,413358299.5,4052991484.093,954771427.507,5421121211.1,69.9624,891.25,873.32,101.1,28.48,5.9312496,0.85,10.95,12.06875,413.3582995,5421.1212111,954.771427507,4052.991484093,429.8656845603379,-29.744187907990877,13.236802847652939
2022-04-11,447399158.7,4489928457.46,621634498.574,5558962114.734,70.4176,891.25,614.55,159.4,28.67,8.102084,-0.25,15.35,9.897916,447.3991587,5558.962114734,621.634498574,4489.92845746,429.63239767806994,7.323531076863764,10.443229945066264
2022-04-12,421058573.11,4954245263.860001,885614038.5339999,6260917875.504,71.1686,891.25,874.06,122.5,28.97,12.329166,5.45,20.5,5.6708336,421.05857311,6260.917875503999,885.614038534,4954.245263860001,429.3991684711274,-3.3303399585206352,-5.010255402606731
2022-04-13,484541116.08,4909003697.610001,1161686442.891,6555231256.581,72.0739,891.25,1019.14,124.6,29.34,11.450001,6.95,16.85,6.549999,484.54111608,6555.231256581001,1161.686442891,4909.003697610001,429.16599634385045,43.88432719149781,11.490792544651754
2022-04-14,442024189.52,4807629798.28,1250486721.17,6500140708.969999,73.1114,891.25,1104.67,60.5,29.76,8.227083,5.15,10.25,9.772917,442.02418952,6500.14070897,1250.48672117,4807.62979828,428.9328806782922,21.628892752214174,-8.537583910506385
2022-04-15,376947231.24,4689259004.784,1024431022.3,6090637258.324,74.0646,891.25,1055.93,88.4,30.15,6.3416657,1.75,11.8,11.658335,376.94723124,6090.637258324,1024.4310223,4689.259004784,428.6998208283208,-67.2108970470126,15.458307458691763
2022-04-16,357737799.52,4593449525.67,1167097999.66,6118285324.85,75.2307,891.25,1212.1,44.3,30.63,7.116667,-0.45,13.95,10.883333,357.73779951999995,6118.2853248500005,1167.0979996600001,4593.44952567,428.46681612601463,-68.18070935351317,-2.548307252501502
2022-04-17,332505427.18,4570331936.721,1336414556.06,6239251919.961,76.4412,891.25,1279.92,54.6,31.12,7.8645835,0.7,14.6,10.135416,332.50542718,6239.251919961001,1336.41455606,4570.331936721,428.23386587090084,-61.679568794414294,-34.04886989648651
2022-04-18,368771198.39,4637434698.863,1254576281.037,6260782178.29,77.4958,891.25,1270.12,56.2,31.55,7.8958335,3.0,13.4,10.104166,368.77119839,6260.78217829,1254.576281037,4637.4346988629995,428.0009693426282,-49.46239103090237,-9.76737992172582
2022-04-19,430415754.08,5010581144.98,935130725.983,6376127625.042999,78.4548,891.25,949.11,189.7,31.94,8.585416,4.4,14.0,9.414584,430.41575408,6376.127625042999,935.130725983,5010.581144979999,427.76812582014617,5.231003855000081,-2.583375595146265
2022-04-20,421544971.26,5272309300.21,885046856.94,6578901128.41,78.9982,891.25,799.31,248.6,32.16,9.529166,5.25,12.95,8.470834,421.54497126,6578.90112841,885.0468569400001,5272.30930021,427.53533457107534,5.34301113888675,-11.333374449962093
2022-04-21,412324351.22,5144911198.96,964361187.76,6521596737.940001,79.6704,891.25,827.41,159.2,32.43,9.562499,4.25,13.15,8.437501,412.32435122000004,6521.596737940001,964.36118776,5144.91119896,427.30259484431025,-15.32986127909125,0.35161765478102325
2022-04-22,366509869.19,5222845668.47,1064580001.89,6653935539.55,80.4962,891.25,971.64,139.0,32.77,10.943748,3.95,16.75,7.0562515,366.50986919,6653.935539550001,1064.58000189,5222.84566847,427.0699058727238,-59.43821919034891,-1.1218174923748734
2022-04-23,326243396.09000003,5325130716.95,1286663158.23,6938037271.27,81.6494,891.25,1232.83,48.0,33.24,11.341667,6.45,16.65,6.658333,326.24339609000003,6938.03727127,1286.66315823,5325.13071695,426.8372668661413,-98.18791686102243,-2.4059539151188574
2022-04-24,337758513.55,5149278139.82,1382294651.18,6869331304.55,82.821,891.25,1247.62,90.2,33.72,8.96875,3.9,13.65,9.03125,337.75851355000003,6869.33130455,1382.29465118,5149.2781398199995,426.6046770100843,-71.5768947090331,-17.269268751051186
2022-04-25,484933800.7,5068891457.35,897033728.39,6450858986.440001,83.2049,891.25,708.12,350.6,33.87,9.89375,1.95,16.15,8.10625,484.9338007,6450.85898644,897.03372839,5068.891457350001,426.3721354693767,57.50669707371694,1.054968156906341
2022-04-26,503035747.28,4901373178.66,736362079.357,6140771005.297,83.4879,891.25,644.16,361.9,33.99,11.575001,5.7,16.35,6.424999,503.03574727999995,6140.771005297,736.362079357,4901.37317866,426.139641395857,76.39167792359721,0.5044279605457405
2022-04-27,485974353.74,4721546592.440001,517551754.271,5725072700.451,83.726,891.25,519.38,289.8,34.08,11.022916,5.2,16.45,6.977084,485.97435374,5725.072700451,517.551754271,4721.5465924400005,425.90719391731216,57.31151225983835,2.7556475628495036
2022-04-28,422241353.94,4635696800.95,1046854961.011,6104793115.900999,84.4765,891.25,887.75,125.7,34.39,11.910416,2.85,18.35,6.0895844,422.24135394,6104.7931159009995,1046.8549610110001,4635.69680095,425.67479213352664,0.46942388460705065,-3.902862078133694
2022-04-29,411760457.51,4768193531.139999,1168570695.25,6348524683.9,85.1453,891.25,793.63,131.7,34.66,13.439584,6.9,18.55,4.560416,411.76045751,6348.524683899999,1168.57069525,4768.193531139999,425.44243511538787,-30.096397255120507,16.414419649732622
2022-04-30,333979799.15999997,4467042767.3,1268610886.94628,6069633453.4062805,85.9281,891.25,1128.15,52.7,35.19,11.802083,7.85,16.35,6.197917,333.97979915999997,6069.633453406281,1268.61088694628,4467.0427673,425.2101219052624,-96.75052208527147,5.520199340009071
2022-05-01,323830963.49,4012456497.49,1543160267.88,5879447728.86,87.4313,891.25,1304.75,7.7,35.81,12.941666,6.2,18.7,5.0583344,323.83096349,5879.44772886,1543.1602678800002,4012.45649749,424.97785150371385,-106.137338892999,4.990450879285163
2022-05-02,407017570.44,4294595803.329,1174051134.85,5875664508.6189995,88.3804,891.25,977.61,57.0,36.19,12.335418,6.6,18.45,5.6645823,407.01757044,5875.664508618999,1174.05113485,4294.595803329,424.74562287306816,-17.736822168374758,0.008769735306600523
2022-05-03,448751882.62,4377225725.68,1301764722.62,6127742330.92,89.3166,891.25,1003.62,67.1,36.58,13.5625,7.0,19.15,4.4375,448.75188262,6127.74233092,1301.76472262,4377.22572568,424.5134349401963,22.109077430895372,2.1293702489083444
2022-05-04,464685024.98,4145526263.84,1496755209.6,6106966498.42,90.4132,891.25,1227.04,98.9,37.02,13.931251,9.85,18.3,4.0687494,464.68502498000004,6106.96649842,1496.7552096,4145.52626384,424.2812865996712,31.98899964966992,8.41473873065894
2022-05-05,451222963.22,4193340986.308,1326597769.664,5971161719.191999,91.504,891.25,1136.75,52.8,37.47,14.0,6.0,19.3,4.0,451.22296322000005,5971.1617191919995,1326.597769664,4193.3409863080005,424.0491767111596,14.97029134137512,12.203495167465348
2022-05-06,423829778.21,4823073386.82,1036112898.072,6283016063.101999,92.28,891.25,1302.77,526.8,37.79,15.84375,8.6,21.95,2.15625,423.82977821,6283.016063101999,1036.112898072,4823.0733868199995,423.81710409221074,-13.30051789084282,13.31319200863203
2022-05-07,317772832.74,4589456682.52,998841644.184,5906071159.444,93.5464,891.25,1371.36,146.4,38.31,14.697917,10.85,19.25,3.302083,317.77283274,5906.071159444,998.841644184,4589.456682520001,423.5850675126302,-120.95302629091478,15.140791518284573
2022-05-08,352416438.3,4612187900.97,1083080198.146,6047684537.416,94.7483,891.25,1365.91,164.1,38.8,14.152083,6.2,21.1,3.8479166,352.41643830000004,6047.684537416,1083.080198146,4612.187900970001,423.3530656913186,-83.64744736204399,12.710819970725424
2022-05-09,434575915.95,4745752553.440001,833510172.688,6013838642.078,95.609,891.25,1185.82,325.2,39.15,18.614584,9.7,25.95,0.0,434.57591594999997,6013.838642078,833.510172688,4745.75255344,423.1210972938368,8.721902136781232,2.732916519381945
2022-05-10,400588517.75,4966796651.52,784299386.814,6151684556.084001,96.22,891.25,1171.29,560.4,39.4,21.016668,14.95,27.35,0.0,400.58851775,6151.684556084,784.2993868140001,4966.7966515200005,422.8891609349925,-15.96510331685004,-6.335539868142462
2022-05-11,380797934.26,5264089255.83,904899525.442,6549786715.532001,97.0848,891.25,1209.14,348.2,39.76,16.84375,14.1,19.2,1.15625,380.79793426,6549.786715532001,904.899525442,5264.08925583,422.65725518916156,-15.35264398516352,-26.50667694399806
2022-05-12,399639270.26,5393500700.95,860200068.145,6653340039.355,97.6211,891.25,978.52,445.6,39.98,14.7375,9.4,18.5,3.2624998,399.63927026,6653.340039354999,860.2000681449999,5393.50070095,422.4253786043587,-27.184674254512228,4.398565910153536
2022-05-13,376688302.25,5247621350.690001,911450597.306,6535760250.246,98.7852,891.25,1193.21,28.4,40.64,15.664582,11.25,19.8,2.3354177,376.68830225,6535.760250246,911.450597306,5247.62135069,422.19352971452656,-74.55177929190165,29.046551827375083
2022-05-14,332387939.68,4580325900.415,1359712554.396,6272426394.491,100.2794,891.25,1492.63,15.9,41.25,14.575001,6.7,20.7,3.4249992,332.38793968,6272.426394491,1359.7125543959999,4580.3259004149995,421.9617070128007,-91.30661229106688,1.7328449582661847
2022-05-15,319199680.08,4577942500.17,1586192664.83,6483334845.08,101.8886,891.25,1627.7,18.6,41.91,17.662498,9.55,24.5,0.33750153,319.19968008,6483.33484508,1586.19266483,4577.94250017,421.72990892975236,-83.67186718009977,-18.858361669652595
2022-05-16,415174438.77,4546158603.34,1040100863.224,6001433905.334001,102.9852,891.25,1223.79,141.7,42.36,17.033335,13.85,21.15,0.96666527,415.17443877,6001.433905334001,1040.100863224,4546.15860334,421.49813385485334,-2.3574769724730236,-3.966218112380318
2022-05-17,446498226.56,4735753750.940001,1015908574.87,6198160552.370001,104.0346,891.25,1125.56,96.4,42.79,18.05625,11.55,24.2,0.0,446.49822656,6198.160552370001,1015.90857487,4735.753750940001,421.26638015781054,19.01667884752611,6.21516755466331
2022-05-18,407330716.97,4447349414.23,1074721140.804,5929401272.004,105.1661,891.25,1268.04,91.6,43.26,21.708334,13.5,28.5,0.0,407.33071697,5929.401272004,1074.7211408039998,4447.34941423,421.03464617821606,-26.087096710008037,12.383167501792002
2022-05-19,489430131.19,4924019077.389999,1034452056.23,6447901264.809999,106.1964,891.25,1017.44,53.5,43.69,20.941668,17.8,24.35,0.0,489.43013119,6447.90126481,1034.45205623,4924.019077389999,420.8029302112928,60.1263996899812,8.500801288725995
2022-05-20,362730470.68,4947118015.33,1011205383.17,6321053869.18,107.2315,891.25,1137.46,77.6,44.11,15.849999,12.45,18.35,2.1500006,362.73047068,6321.05386918,1011.20538317,4947.11801533,420.57123050044294,-85.17303002263895,27.332270202196014
2022-05-21,300101199.98,4554245764.703,1765915189.87,6620262154.553,109.0497,891.25,1849.81,30.8,44.86,14.414585,9.45,18.75,3.585415,300.10119998000005,6620.262154553,1765.91518987,4554.245764703,420.3395452351737,-129.17631660621245,8.937971351038811
2022-05-22,322927351.39,4589410314.22,1814531843.92,6726869509.530001,110.698,891.25,1666.97,29.9,45.54,16.324999,9.15,22.0,1.6750011,322.92735139,6726.869509530001,1814.53184392,4589.41031422,420.1078725393292,-86.72251116124842,-10.45800998808079
2022-05-23,360905066.09,4666190334.690001,1264986340.962,6292081741.742001,112.0657,891.25,1389.73,26.0,46.1,17.90417,13.95,21.85,0.09583092,360.90506609,6292.081741742,1264.986340962,4666.190334690001,419.8762104875825,-57.951631344412135,-1.0195130531703853
2022-05-24,401385572.56,4809759164.610001,1115331010.93,6326475748.100001,113.0288,891.25,1088.1,103.1,46.49,15.345834,9.4,19.8,2.6541662,401.38557256,6326.4757481000015,1115.33101093,4809.759164610001,419.64455712735673,-1.880809832698541,-16.37817473465816
2022-05-25,344597344.5,5272476200.16,1290178453.6,6907251998.26,114.16,891.25,1153.88,137.1,46.96,17.020834,13.25,20.35,0.97916603,344.5973445,6907.251998260001,1290.1784536,5272.47620016,419.4129104796687,-55.26759779607753,-19.547968183591138
2022-05-26,327836428.78999996,5526069348.63,1334347983.06,7188253760.48,115.3627,891.25,1258.23,78.5,47.45,14.902084,11.45,17.8,3.0979156,327.83642878999996,7188.25376048,1334.34798306,5526.06934863,419.1812685549429,-73.63164934904835,-17.713190415894587
2022-05-27,325837309.88,4885215807.82,1435442670.91,6646495788.61,116.7153,891.25,1376.22,28.3,48.01,11.935416,8.55,15.1,6.064584,325.83730988,6646.49578861,1435.44267091,4885.21580782,418.9496293623957,-96.90124811898669,3.788928636591038
2022-05-28,305902049.65999997,4965115165.84,1293849289.865,6564866505.365,117.901,891.25,1223.44,42.6,48.5,11.716666,9.5,14.75,6.283334,305.90204966,6564.866505365,1293.849289865,4965.11516584,418.71799090700233,-130.14672799074728,17.330786743744966
2022-05-29,329405632.75,4800339630.84,1175200231.73,6304945495.32,119.0419,891.25,1173.14,51.2,48.97,11.849999,7.7,15.7,6.1500006,329.40563275,6304.945495319999,1175.20023173,4800.33963084,418.4863511665126,-98.77946274374004,9.698744327227473
2022-05-30,401998589.22,4829264484.38,788453281.9779999,6019716355.578,119.5547,891.25,792.87,299.7,49.17,13.633334,7.75,18.2,4.366666,401.99858922000004,6019.716355578,788.453281978,4829.26448438,418.2547080762025,-9.377764813096215,-6.878354043106242
2022-05-31,402122457.9,4798358496.35,629614481.403,5830095435.653,119.9754,891.25,723.84,217.7,49.35,14.241668,8.6,18.95,3.7583323,402.1224579,5830.095435653,629.614481403,4798.358496350001,418.0230595399555,-8.953380383558939,-6.947221256396574
2022-06-01,409969377.46,4950686790.944,995774444.36,6356430612.764,120.8351,891.25,936.14,86.8,49.7,13.977084,9.2,18.45,4.022916,409.96937746,6356.430612764,995.77444436,4950.686790944001,417.7914034538045,11.974673106967792,-19.796699100772287
2022-06-02,406060649.71,5105041573.0,1015800929.436,6526903152.146,121.8835,891.25,1092.36,27.3,50.13,17.229166,9.15,23.95,0.77083397,406.06064971,6526.903152146,1015.8009294359999,5105.041573,417.55973771862017,-18.233032241477407,6.7339442328572545
2022-06-03,370476411.84,4961198686.16,1328632253.973,6660307351.973,123.1733,891.25,1273.11,21.3,50.66,18.379166,13.7,22.5,0.0,370.47641183999997,6660.307351973,1328.6322539730002,4961.19868616,417.3280602520456,-64.07806900031134,17.22642058826574
2022-06-04,290288582.89,4728188718.309999,1664326729.108,6682804030.308,124.8599,891.25,1691.23,14.2,51.36,19.110415,9.0,27.3,0.0,290.28858289,6682.804030308,1664.326729108,4728.18871831,417.0963689658564,-111.66484948267592,-15.14293659318048
2022-06-05,272576233.17,4749832273.190001,1728783531.97,6751192038.330001,126.5183,891.25,1664.09,17.6,52.04,20.816666,15.8,25.1,0.0,272.57623317,6751.192038330001,1728.78353197,4749.832273190001,416.8646617616917,81.21750686568572,-225.5059354573774
2022-06-06,285962236.51,4958438946.67,1534431300.499,6778832483.679001,128.1611,891.25,1644.67,20.1,52.71,18.860418,12.95,23.45,0.0,285.96223650999997,6778.832483679001,1534.4313004990001,4958.43894667,416.63293656671624,-125.31034983429187,-5.360350222424415
2022-06-07,383029159.07,4944854096.45,1131724582.183,6459607837.702999,129.2283,891.25,1125.46,67.0,53.15,19.818748,13.5,24.8,0.0,383.02915907,6459.607837702999,1131.7245821830002,4944.85409645,416.401191334962,3.311789876499223,-36.683822141461235
2022-06-08,388593102.71,5092459457.781,869815723.749,6350868284.24,129.8595,891.25,950.19,328.9,53.41,18.535416,15.85,21.0,0.0,388.59310271,6350.868284239999,869.815723749,5092.459457781,416.1694240655602,-21.23484250357977,-6.341478851980412
2022-06-09,361293453.7,4831779345.55,899478505.197,6092551304.4470005,130.4405,891.25,937.72,365.4,53.65,19.239584,13.05,24.9,0.0,361.2934537,6092.551304447001,899.478505197,4831.7793455500005,415.9376328380225,-59.01891582500669,4.374736686984136
2022-06-10,355094840.12,4541222281.79,1054436638.103,5950753760.013,131.3695,891.25,1076.25,156.7,54.03,21.824999,16.55,26.35,0.0,355.09484012,5950.753760013,1054.436638103,4541.22228179,415.70581579853405,-49.943065031122536,-10.667910647411475
2022-06-11,306476402.64,4682717352.26,1440084110.707,6429277865.607,132.9774,891.25,1611.05,13.6,54.69,20.208334,14.5,25.6,0.0,306.47640264,6429.277865607,1440.084110707,4682.717352260001,415.47397115537945,-99.32377886650353,-9.673789648875925
2022-06-12,304202840.40999997,4884582069.234,1509695606.018,6698480515.662001,134.6469,891.25,1672.88,13.4,55.38,16.514585,13.0,20.7,1.4854145,304.20284040999996,6698.4805156620005,1509.6956060179998,4884.582069234,415.2420972061697,-75.51356531681317,-35.52569147935657
2022-06-13,362012982.94,4383671088.09,872225323.683,5617909394.712999,135.4628,891.25,923.25,35.4,55.71,14.789581,9.85,19.3,3.2104187,362.01298294,5617.9093947129995,872.2253236829999,4383.67108809,415.0101923619367,-38.241908438071896,-14.7553009838648
2022-06-14,422624546.7,4153842767.15,928288923.555,5504756237.405001,136.4037,891.25,895.06,185.4,56.1,17.737501,8.4,24.65,0.26249886,422.6245467,5504.756237405,928.288923555,4153.84276715,414.7782551841843,39.602082781205226,-31.75579126538952
2022-06-15,393848307.27,3691913131.45,783562153.479,4869323592.198999,137.241,891.25,967.74,140.5,56.44,18.68125,13.4,23.9,0.0,393.84830726999996,4869.323592198999,783.562153479,3691.9131314499996,414.5462843932094,10.397714275372575,-31.095691398582005
2022-06-16,315521122.8,3286238619.37,838854327.95,4440614070.12,138.1849,891.25,1042.56,98.5,56.83,19.527084,12.15,24.9,0.0,315.5211228,4440.61407012,838.8543279500001,3286.23861937,414.3142788995409,-80.0305698502867,-18.76258624925424
2022-06-17,308349329.14,3263889134.5299997,1014344842.94,4586583306.61,139.1905,891.25,1085.84,57.0,57.16,25.935417,17.15,34.0,0.0,308.34932914,4586.583306609999,1014.34484294,3263.88913453,414.08223782545383,-93.43119811199179,-12.30171057346206
2022-06-18,273580299.14,3220543667.4300003,1192050911.218,4686174877.788,140.5033,891.25,1359.61,17.3,57.7,25.416666,16.6,35.55,0.0,273.58029913999997,4686.174877788,1192.050911218,3220.5436674300004,413.85016051200796,-122.0293827812476,-18.240478590760404
2022-06-19,297223401.49,3242935157.5,1186400240.134,4726558799.124,141.7791,891.25,1300.43,23.0,58.23,15.083332,12.95,17.1,2.916668,297.22340149,4726.558799124,1186.4002401340001,3242.9351575,413.61804653239506,-84.95355291985432,-31.441092122540738
2022-06-20,384694522.97,3132814267.0299997,879143276.16,4396652066.16,142.5711,891.25,860.91,60.6,58.56,17.535418,11.25,23.55,0.46458244,384.69452297000004,4396.65206616,879.1432761599999,3132.81426703,413.385895724412,-18.690620084403157,-10.000752670008808
2022-06-21,420588110.25,3150804948.85,894526459.99,4465919519.09,143.3437,891.25,914.55,154.1,58.88,20.262499,11.55,26.7,0.0,420.58811025,4465.91951909,894.52645999,3150.80494885,413.15370822502723,49.41159588275661,-41.977193857783845
2022-06-22,467242475.75,3217901268.94,842063815.435,4527207560.125,143.988,891.25,787.02,132.9,59.17,22.191666,13.4,29.55,0.0,467.24247575,4527.207560125,842.0638154349999,3217.90126894,412.92148448531447,77.24539688964063,-22.924405624955114
2022-06-23,409845684.82,3308785861.5,875732570.783,4594364117.103001,144.7443,891.25,854.07,77.1,59.48,25.056252,18.95,31.75,0.0,409.84568482,4594.364117103,875.732570783,3308.7858615,412.6892253220483,-9.05432371822429,6.210783216175969
2022-06-24,392187957.99,3653140198.4,846474416.331,4891802572.721001,145.3877,891.25,831.04,96.7,59.74,22.320833,18.5,27.4,0.0,392.18795799000003,4891.802572721001,846.4744163309999,3653.1401984,412.4569319290457,-34.02079851137034,13.751824572324665
2022-06-25,288557145.15999997,3981274084.35,990235132.645,5260066362.155,146.3153,891.25,997.15,52.6,60.12,23.877083,17.6,29.8,0.0,288.55714515999995,5260.066362154999,990.235132645,3981.27408435,412.2246058595927,-106.09015842385868,-17.577302275734098
2022-06-26,323427148.45,3957834910.6,987413468.676,5268675527.726,147.1295,891.25,851.33,35.9,60.46,27.047918,20.6,34.4,0.0,323.42714845,5268.675527726,987.413468676,3957.8349106,411.99224904525687,-69.61376441926201,-18.951336175994868
2022-06-27,411462473.17,3903338335.1,684433004.062,4999233812.332,147.6182,891.25,739.72,248.5,60.66,21.370834,17.0,24.75,0.0,411.46247317,4999.233812332,684.433004062,3903.3383350999998,411.7598638681667,16.217238599992537,-16.514629298159207
2022-06-28,400636012.13,3960220025.53,672544819.726,5033400857.386,148.0246,891.25,726.33,306.4,60.83,20.90625,15.6,25.0,0.0,400.63601213,5033.400857386,672.5448197259999,3960.2200255300004,411.52745320490646,4.041521714220591,-14.932962789127089
2022-06-29,437749880.06,3953454412.8,626498459.167,5017702752.027,148.3596,891.25,654.6,303.1,60.97,22.052084,17.65,27.15,0.0,437.74988006,5017.702752027,626.4984591670001,3953.4544128000002,411.2950204549981,41.21724239293494,-14.762382787933063
2022-06-30,414439536.64,4006565395.32,722401222.349,5143406154.309,148.8111,891.25,655.21,135.2,61.16,20.487501,16.6,26.05,0.0,414.43953664,5143.406154309,722.401222349,4006.5653953200003,411.06256956904144,1.8931900383405385,1.4837770326179793
2022-07-01,353959912.09000003,4113171783.64,824985532.356,5292117228.0859995,149.5624,891.25,821.42,125.9,61.42,19.602083,12.0,25.55,0.0,353.95991209000005,5292.117228085999,824.9855323559999,4113.17178364,410.83010507189914,-91.1830581680168,34.312865186117676
2022-07-02,287934757.26,4221286729.87,1082034706.807,5591256193.937,150.487,891.25,1072.27,139.3,61.8,22.808334,15.25,28.8,0.0,287.93475725999997,5591.256193937001,1082.034706807,4221.28672987,410.5976320543837,-127.8996348681486,5.236760073764856
2022-07-03,281685295.29,4092890325.44,1208296986.237,5582872606.967001,151.4968,891.25,1111.58,99.3,62.21,21.510416,17.15,24.7,0.0,281.68529529,5582.872606967001,1208.296986237,4092.89032544,410.36515615543476,-109.71090697128115,-18.96895389415363
2022-07-04,338574438.8,4108619433.66,1037466202.615,5484660075.075,152.2711,891.25,874.79,91.8,62.52,20.295832,14.55,24.75,0.0,338.5744388,5484.660075074999,1037.466202615,4108.61943366,410.1326836194141,-47.900752636273474,-23.65749218314062
2022-07-05,326822051.41999996,4068782851.68,944008136.903,5339613040.003,153.0061,891.25,818.18,69.7,62.82,17.65,14.65,20.15,0.35000038,326.82205142,5339.613040003001,944.008136903,4068.78285168,409.9002213643836,-71.14942253559968,-11.92874740878392
2022-07-06,316103245.26,4003468007.75,1004021364.899,5323592617.909,153.6503,891.25,864.43,207.0,63.09,16.358334,13.7,20.9,1.6416664,316.10324526,5323.592617909,1004.0213648990001,4003.46800775,409.6677770099968,-77.09174175536431,-16.472789994632535
2022-07-07,312604929.59000003,4199673681.01,1038031012.292,5550309622.892,154.2703,891.25,892.09,258.6,63.34,16.841667,12.75,19.7,1.1583328,312.60492959000004,5550.309622892,1038.031012292,4199.67368101,409.4353588742424,-72.54267441049136,-24.287754873751
2022-07-08,304312901.63,3957277387.67,873478009.368,5135068298.668,154.8952,891.25,786.89,150.7,63.6,16.375002,12.0,19.85,1.6249981,304.31290163,5135.068298668,873.478009368,3957.2773876700003,409.2029759826662,-98.3359430744338,-6.554131278232376
2022-07-09,276060319.69,3567568492.84,995094132.687,4838722945.217,155.9081,891.25,1089.4,59.2,64.02,16.1,12.9,19.6,1.8999996,276.06031969,4838.722945217,995.0941326870001,3567.56849284,408.9706380709624,-104.37341376465636,-28.53690461630606
2022-07-10,278229765.78,3251389295.94,1123441767.29,4653060829.01,157.0016,891.25,1162.67,53.2,64.46,17.339582,12.1,22.6,0.66041756,278.22976578,4653.06082901,1123.44176729,3251.38929594,408.73835555531474,-126.66738227356699,-3.8412075017477605
2022-07-11,409548541.75,1886691139.36,646066997.598,2942306678.708,157.2084,891.25,515.93,298.6,64.55,19.75,11.35,27.1,0.0,409.54854175,2942.306678708,646.0669975980001,1886.6911393599999,408.54819243272163,9.906010402185371,-8.905661084906967
2022-07-12,380346216.73,2348124946.2200003,575930169.56,3304401332.51,157.063,891.25,750.23,889.2,64.49,21.981249,14.5,30.45,0.0,380.34621673000004,3304.4013325100004,575.93016956,2348.1249462200003,408.35886033933457,9.241478661895368,-37.2541222712299
2022-07-13,371252117.18,2201163281.37,544917359.266,3117332757.816,157.0818,891.25,676.69,645.5,64.49,20.02083,15.35,24.8,0.0,371.25211718,3117.332757816,544.9173592660001,2201.16328137,408.1703635550299,3.1523489124524415,-40.07059528748232
2022-07-14,332337171.34000003,2295473458.42,767777453.556,3395588083.316,157.2631,891.25,769.29,588.0,64.54,16.777084,12.25,20.15,1.2229156,332.33717134000005,3395.588083316,767.777453556,2295.47345842,407.9827064329315,-52.33397035248993,-23.311564740441497
2022-07-15,329474656.77,2357902299.63,698910765.113,3386287721.513,157.3704,891.25,774.46,658.5,64.58,17.368752,14.05,21.65,0.6312485,329.47465676999997,3386.287721513,698.910765113,2357.90229963,407.79589368054076,-84.23923567882058,5.917998768279801
2022-07-16,260082620.86,2245666631.35,820652338.688,3326401590.898,157.8427,891.25,943.79,475.2,64.78,17.164581,10.7,22.9,0.8354187,260.08262086,3326.4015908979995,820.652338688,2245.66663135,407.6099300610532,-119.82035888229755,-27.706950318755617
2022-07-17,299271925.6,1878863790.47,916306753.343,3094442469.413,158.449,891.25,971.54,362.0,65.03,21.831251,13.3,28.25,0.0,299.27192560000003,3094.4424694130003,916.3067533430001,1878.8637904700001,407.4248195600597,-81.18049705846738,-26.972396901592276
2022-07-18,446267207.15,2430883370.42,698674410.156,3575824987.7260003,158.4361,891.25,684.42,705.6,65.02,26.491663,16.0,34.9,0.0,446.26720715,3575.8249877260005,698.674410156,2430.88337042,407.2405657916288,45.96351129871822,-6.936869940347037
2022-07-19,399532048.36,2386435917.25,727058432.0,3513026397.61,158.5677,891.25,795.62,663.7,65.07,29.891668,21.0,37.65,0.0,399.53204836000003,3513.02639761,727.058432,2386.43591725,407.0571723322881,20.622872020549593,-28.14799599283765
2022-07-20,395112811.66,2415327405.19,748257823.0,3558698039.85,158.8623,891.25,914.12,621.2,65.2,24.756247,20.05,28.75,0.0,395.11281166000003,3558.69803985,748.257823,2415.3274051900003,406.87464213931855,29.2176466750368,-40.97947715435532
2022-07-21,453512993.52,4179187709.36,756624279.68,5389324982.56,159.0731,891.25,762.0,558.4,65.28,21.8125,19.2,24.35,0.0,453.51299352,5389.3249825600005,756.62427968,4179.187709360001,406.6929779619171,56.87814710504054,-10.058131546957611
2022-07-22,432469862.95,3973805907.77,841086491.874,5247362262.594,159.5808,891.25,837.85,340.3,65.49,19.362501,15.55,23.95,0.0,432.46986295,5247.362262594,841.086491874,3973.80590777,406.5121829204624,1.850835625655515,24.106844403882064
2022-07-23,317090932.73,4069844445.38,999736144.519,5386671522.629001,160.4924,891.25,1000.38,102.6,65.86,20.035418,11.55,27.25,0.0,317.09093273,5386.671522629001,999.736144519,4069.8444453800003,406.33226055384483,-92.00363827650511,2.7623104526603015
2022-07-24,305648779.96000004,3830870371.53,1172522275.928,5309041427.417999,161.6264,891.25,1147.88,26.4,66.33,25.910416,18.3,35.05,0.0,305.64877996,5309.041427417999,1172.522275928,3830.8703715300003,406.1532143541193,-70.81442749354554,-29.690006900573735
2022-07-25,305639757.22,3833838082.58,1124858971.223,5264336811.023001,162.6168,891.25,1032.47,52.0,66.73,20.310415,17.65,24.35,0.0,305.63975722000004,5264.336811023,1124.858971223,3833.83808258,405.9750472678084,-70.91706786266397,-29.41822218514443
2022-07-26,404231350.52,3774552701.99,1246704491.88,5425488544.389999,163.5893,891.25,1029.58,69.1,67.13,16.925,12.3,20.4,1.0750008,404.23135052,5425.488544389999,1246.7044918800002,3774.5527019899996,405.7977624773399,-15.608144450647474,14.041732493307563
2022-07-27,372336411.24,3116260990.39,1179652440.682,4668249842.312,164.3193,891.25,951.04,230.1,67.43,16.945833,10.1,22.45,1.0541668,372.33641124,4668.2498423120005,1179.652440682,3116.2609903899997,405.6213634008322,-51.11432210147301,17.829369940640845
2022-07-28,350557517.54,3072322503.03,1221217260.671,4644097281.241,165.1445,891.25,922.57,102.5,67.77,21.027082,14.3,27.7,0.0,350.55751754000005,4644.097281241,1221.217260671,3072.32250303,405.445853499318,-75.6820494955122,20.793713536194275
2022-07-29,360586639.9,3044480730.629,1078330843.347,4483398213.876,165.9531,891.25,905.7,106.5,68.1,21.489584,17.6,26.1,0.0,360.58663989999997,4483.398213876,1078.330843347,3044.4807306290004,405.27123565386296,-101.82453353824414,57.13993778438112
2022-07-30,255172145.16,2688317969.48,1248836536.524,4192326651.164,166.9994,891.25,1085.9,52.3,68.53,22.375,14.7,27.75,0.0,255.17214515999999,4192.326651164,1248.836536524,2688.31796948,405.09751283458564,-129.26285107707233,-20.66251659751333
2022-07-31,263018031.52,2403844549.02,1448712940.921818,4115575521.4618177,168.2027,891.25,1264.04,22.8,69.02,21.427084,18.05,24.4,0.0,263.01803152,4115.5755214618175,1448.712940921818,2403.84454902,404.9246882430725,-124.46507929908721,-17.44157742398528
2022-08-01,362633606.92,2249479429.84,1336067874.06,3948180910.82,169.153,891.25,1080.54,108.3,69.42,21.202084,14.9,27.1,0.0,362.63360692000003,3948.18091082,1336.06787406,2249.47942984,404.75276550301805,-90.59171766818186,48.47255908516382
2022-08-02,301562039.93,2307208392.61,1630469201.04,4239239633.58,170.3644,891.25,1246.77,42.8,69.91,25.795835,17.15,33.0,0.0,301.56203993,4239.23963358,1630.46920104,2307.20839261,404.5817485423947,-95.14869193960263,-7.8710166727919955
2022-08-03,329371508.16999996,2323089077.82,1678681889.657,4331142475.647,171.5055,891.25,1204.67,58.2,70.38,29.485415,20.2,37.1,0.0,329.37150816999997,4331.1424756470005,1678.681889657,2323.08907782,404.41164115060246,-70.48891941135352,-4.551213569248944
2022-08-04,351191568.24,2460825882.85,1578529788.954,4390547240.044001,172.5281,891.25,1133.2,100.0,70.83,24.312502,18.2,28.75,0.0,351.19156824000004,4390.547240044,1578.529788954,2460.8258828499997,404.2424473586949,-56.31417761493161,3.2632984962367573
2022-08-05,295658424.27,2296338133.191,1493104550.709,4085101108.17,173.7554,891.25,1420.68,180.7,71.33,17.954165,13.45,22.3,0.045835495,295.65842426999995,4085.10110817,1493.104550709,2296.338133191,404.0741715847176,-94.27157457292678,-14.14417274179084
2022-08-06,252249891.27,2453725307.95,1909476592.775,4615451791.995,175.3546,891.25,1635.34,29.1,71.99,18.218748,11.15,23.55,0.0,252.24989127,4615.451791994999,1909.4765927750002,2453.7253079499997,403.9068183569958,-121.08576169001566,-30.571165396980177
2022-08-07,250715266.1,2412887758.13,1943022604.13,4606625628.360001,176.9472,891.25,1640.04,35.7,72.64,20.76875,13.65,26.65,0.0,250.7152661,4606.6256283600005,1943.0226041300002,2412.8877581300003,403.7403924329231,-107.53767762721073,-45.48744870571238
2022-08-08,291323167.28999996,2319131410.38,1640891204.574,4251345782.244,178.2591,891.25,1439.75,123.9,73.18,21.637503,17.0,27.25,0.0,291.32316728999996,4251.345782244,1640.8912045739999,2319.13141038,403.57489890260877,-100.31945706249118,-11.932274550117654
2022-08-09,288768009.99,2132198451.716,1774914343.486,4195880805.192,179.6708,891.25,1495.36,72.2,73.76,21.927086,14.4,28.65,0.0,288.76800999,4195.880805192,1774.914343486,2132.198451716,403.4103429386297,-104.67589137972996,-9.966441568899768
2022-08-10,300336395.23,1949337417.93,1804789214.526,4054463027.686,181.193,891.25,1560.14,56.5,74.39,23.5625,16.3,29.6,0.0,300.33639523,4054.463027686,1804.789214526,1949.3374179300001,403.24672881463187,-103.76538928623428,0.8550557016023959
2022-08-11,333280273.55,2095172448.47,1695400925.79,4123853647.81,182.5045,891.25,1438.23,122.0,74.93,23.610415,15.65,29.65,0.0,333.28027355,4123.8536478099995,1695.40092579,2095.17244847,403.08406021628275,-79.57744052615962,9.773653859876845
2022-08-12,323112735.72,2054860433.432,1722963653.755,4100936822.907,183.8896,891.25,1483.67,82.8,75.43,22.62708,18.7,28.8,0.0,323.11273572000005,4100.936822907,1722.9636537550002,2054.860433432,402.92234104043985,-84.18313507184304,4.373529751403225
2022-08-13,269619786.27,2161610312.99,1987971974.05,4419202073.309999,185.5633,891.25,1695.51,10.7,76.11,25.454168,19.1,32.1,0.0,269.61978626999996,4419.20207331,1987.97197405,2161.61031299,402.7615753685486,-112.67712904043265,-20.46466005811601
2022-08-14,241110849.42,2231549309.31,1897131609.222,4369791767.952,187.2277,891.25,1704.12,14.2,76.8,24.093752,19.6,29.5,0.0,241.11084942,4369.791767952,1897.131609222,2231.54930931,402.6017666210166,-129.2308945427089,-32.26002265830772
2022-08-15,362704765.66,2247558653.74,1712653649.6,4322917069.0,188.6643,891.25,1480.78,33.1,77.31,24.239584,17.7,29.25,0.0,362.70476566,4322.917069,1712.6536495999999,2247.55865374,402.44291781158506,-65.11808497820333,25.3799328266183
2022-08-16,428009251.33,2264718260.21,1666732048.8400002,4359459560.38,189.8245,891.25,1281.3,114.1,77.78,25.82292,17.3,32.1,0.0,428.00925133,4359.45956038,1666.73204884,2264.71826021,402.2850318647635,41.61873003127933,-15.894510566042811
2022-08-17,438208972.47,2276841718.864,1422310595.59,4137361286.924,190.8131,891.25,1253.33,253.7,78.19,26.575003,21.2,32.4,0.0,438.20897247000005,4137.361286924,1422.3105955899998,2276.8417188639996,402.1281112521444,52.385456579130555,-16.30459536127489
2022-08-18,424493613.46,1966170768.06,1357781239.24,3748445620.76,191.9972,891.25,1401.05,205.7,78.45,22.012497,19.0,24.8,0.0,424.49361346,3748.44562076,1357.78123924,1966.17076806,401.97215823262286,33.2320739240823,-10.710618696705183
2022-08-19,402988593.66,1921650052.29,1344913986.45,3669552632.4,193.1181,891.25,1236.45,105.0,78.91,19.841665,18.6,21.6,0.0,402.98859366000005,3669.5526324,1344.91398645,1921.6500522899998,401.817174949095,-2.951771761912127,4.123190472817214
2022-08-20,252789014.55,2052666526.43,1834010759.06,4139466300.04,194.6458,891.25,1595.43,59.5,79.53,19.283335,15.7,23.35,0.0,252.78901455000002,4139.46630004,1834.01075906,2052.66652643,401.66316319930365,-96.83198533681964,-52.04216331248398
2022-08-21,307045105.51,2113416290.14,1917224692.8,4337686088.45,196.1198,891.25,1551.7,68.5,80.13,18.881248,14.3,22.75,0.0,307.04510551,4337.68608845,1917.2246928,2113.41629014,401.51012472666343,-107.24303627916373,12.778017062500282
2022-08-22,417834859.67,2138327754.95,1648495663.887,4204658278.507,197.3751,891.25,1328.14,82.1,80.65,20.045834,16.7,25.1,0.0,417.83485967,4204.6582785069995,1648.495663887,2138.32775495,401.3580614743659,17.732885133779092,-1.2560869381449606
2022-08-23,406953429.27,2144475105.22,1395445093.67,3946873628.16,198.4628,891.25,1159.2,80.5,81.07,20.983334,15.35,26.6,0.0,406.95342926999996,3946.87362816,1395.44509367,2144.47510522,401.2069756293908,-95.01045691105868,100.75691055166783
2022-08-24,414470689.86,2302353271.64,1132684497.508,3849508459.008,199.4655,891.25,1119.32,121.1,81.28,22.577082,18.05,27.25,0.0,414.47068986,3849.508459008,1132.6844975079998,2302.35327164,401.05686962287837,-99.99343657850866,113.40725681563026
2022-08-25,391570920.17,2069488562.8,1410783926.822,3871843409.792,200.69,891.25,1292.59,81.7,81.78,22.049997,19.15,26.9,0.0,391.57092017,3871.843409792,1410.783926822,2069.4885627999997,400.90774624792977,-104.63464037704848,95.29781429911873
2022-08-26,404995911.86,1883841678.631,1152088501.076,3440926091.5670004,201.7372,891.25,1110.33,62.1,82.21,20.360416,18.45,22.95,0.0,404.99591186000004,3440.926091567,1152.088501076,1883.8416786310001,400.75960870893306,-67.69278252529732,71.92908567636431
2022-08-27,299025756.71000004,2054122323.093,1391463541.811,3744611621.614,203.0734,891.25,1354.23,18.1,82.75,18.849998,15.85,21.9,0.0,299.02575671000005,3744.611621614,1391.4635418110001,2054.122323093,400.61246022554474,-91.52474083537112,-10.061962680173565
2022-08-28,240037528.07,2278984117.19,1523515902.248,4042537547.508,204.3458,891.25,1300.77,23.0,83.27,17.370832,12.8,21.65,0.62916756,240.03752806999998,4042.537547508,1523.515902248,2278.9841171900002,400.466303047761,-116.95360943672274,-43.47516554103828
2022-08-29,375594192.87,2433357257.94,1179996786.056,3988948236.866,205.3014,891.25,1022.05,68.7,83.67,17.018751,13.1,20.9,0.98124886,375.59419287000003,3988.948236866,1179.996786056,2433.35725794,400.3211386047207,-52.737624382544745,28.01067864782408
2022-08-30,357153111.03999996,2378547986.91,1189710388.64,3925411486.59,206.198,891.25,1044.39,155.6,84.04,16.822916,12.35,21.3,1.177084,357.15311103999994,3925.41148659,1189.71038864,2378.54798691,400.17696842023497,-54.618915925265895,11.595058545030838
2022-08-31,386507709.27,1534487027.5,1404132000.07,3325126736.84,206.7632,891.25,964.79,357.6,84.27,15.993751,11.35,20.3,2.0062494,386.50770926999996,3325.1267368400004,1404.13200007,1534.4870275,400.03379412323665,-48.404714369718945,34.87862951648225
2022-09-01,372078552.84,1569472613.22,1170525099.63,3112076265.69,207.5135,891.25,909.87,329.9,84.54,16.002083,11.9,20.65,1.9979172,372.07855284,3112.07626569,1170.52509963,1569.47261322,399.891617419018,-43.072113858688795,15.259049279670762
2022-09-02,281846910.53999996,891490879.23,1403589726.37,2576927516.14,208.7187,891.25,1236.26,38.7,85.03,16.550001,11.7,21.3,1.4499989,281.84691053999995,2576.92751614,1403.5897263699999,891.49087923,399.75043964601673,-86.96226888493425,-30.94126022108253
2022-09-03,221587383.97,1261580435.25,1650306352.716,3133474171.936,210.0365,891.25,1333.23,20.8,85.57,17.966665,13.55,23.25,0.033334732,221.58738397,3133.474171936,1650.306352716,1261.58043525,399.61026213236823,-83.7176048591362,-94.30527330323207
2022-09-04,243957241.57,1175438642.228,1784402447.628,3203798331.4259996,211.3824,891.25,1350.02,20.4,86.11,18.643747,14.35,23.9,0.0,243.95724156999998,3203.7983314259995,1784.4024476280001,1175.438642228,399.47108636398053,-139.17477864684537,-16.339066147135156
2022-09-05,286047050.4,1440721339.3,1450057885.076,3176826274.776,212.3688,891.25,1074.0,94.1,86.51,18.141668,14.35,21.8,0.0,286.0470504,3176.826274776,1450.057885076,1440.7213393,399.3329138936559,-89.29512350012266,-23.990739993533282
2022-09-06,312911388.27,1721044781.21,1270725961.769,3304682131.249,213.2099,891.25,988.15,157.0,86.86,19.041666,13.85,25.5,0.0,312.91138827,3304.682131249,1270.7259617690002,1721.04478121,399.1957461496399,-42.35327793086079,-43.93107994877914
2022-09-07,356082425.58,1599796622.28,729135338.276,2685014386.1359997,213.4725,891.25,654.83,408.7,86.96,17.093752,15.1,19.45,0.9062481,356.08242558,2685.0143861359998,729.135338276,1599.79662228,399.059584193201,-33.597781207635215,-9.379377405565776
2022-09-08,311120699.29,1837511522.5,1110736409.78,3259368631.5699997,214.1617,891.25,777.46,98.3,87.24,16.695833,13.1,20.9,1.3041668,311.12069929,3259.3686315699997,1110.73640978,1837.5115225,398.9244289679837,-75.92265415164256,-11.881075526341135
2022-09-09,294142936.75,1622497963.83,1263750347.255,3180391247.835,214.968,891.25,808.01,40.2,87.57,16.116667,11.85,21.25,1.8833332,294.14293675,3180.391247835,1263.7503472550002,1622.49796383,398.7902807068285,-48.621801023458254,-56.025542933370275
2022-09-10,273561913.59000003,1475011774.243,1307792453.61,3056366141.443,215.9161,891.25,952.2,17.5,87.96,15.420836,11.9,19.55,2.5791636,273.56191359,3056.366141443,1307.79245361,1475.011774243,398.6571387678075,-42.845082557164986,-82.25014262064252
2022-09-11,299800984.02,1317050370.68,1275309546.111,2892160900.811,216.8346,891.25,949.52,44.3,88.33,15.054166,9.65,20.2,2.9458342,299.80098402,2892.160900811,1275.3095461110001,1317.05037068,398.5250016735306,-89.86890829188292,-8.855109361647692
2022-09-12,348187866.87,1654992053.6,871439679.73,2874619600.2,217.2327,891.25,460.6,73.0,88.5,15.512501,12.15,19.8,2.4874992,348.18786687,2874.6196001999997,871.43967973,1654.9920536,398.3938670608348,-85.43730800185305,35.23130781101827
2022-09-13,333790212.35,1633290182.17,764664170.74,2731744565.26,217.6308,891.25,483.64,87.9,88.73,14.868751,11.5,18.65,3.1312494,333.79021235000005,2731.7445652600004,764.66417074,1633.29018217,398.2637317305637,-26.311817627331134,-38.16170175323248
2022-09-14,343670282.65,1472323556.4,765889264.197,2581883103.247,217.9985,891.25,446.56,96.3,88.88,14.35625,11.25,17.8,3.6437502,343.67028265,2581.8831032470002,765.889264197,1472.3235564000001,398.13459224218394,-52.854447876506086,-1.60986171567788
2022-09-15,273165543.77,1296272904.09,957564998.03,2527003445.89,218.5197,891.25,521.65,13.2,89.09,13.145833,9.45,16.5,4.854167,273.16554377,2527.00344589,957.56499803,1296.2729040899999,398.0064451914685,-66.26032582809718,-58.58057559337135
2022-09-16,282027032.22,1299242414.36,1214333599.2,2795603045.78,219.264,891.25,765.31,25.8,89.4,12.035416,10.05,15.1,5.9645844,282.02703222,2795.6030457800002,1214.3335992,1299.2424143599999,397.8792869299785,-67.12452709032554,-48.72772761965291
2022-09-17,254318151.06,1467872003.75,1415537815.22,3137727970.0299997,220.1675,891.25,908.01,10.6,89.76,10.837501,8.65,14.35,7.1624994,254.31815106,3137.7279700299996,1415.53781522,1467.87200375,397.7531142537897,-70.7888624317225,-72.64610076206719
2022-09-18,266522064.83,1334090078.08,1271867975.856,2872480118.766,220.9553,891.25,812.36,23.9,90.09,10.681251,7.15,15.45,7.3187494,266.52206483000003,2872.4801187659996,1271.867975856,1334.09007808,397.6279247249091,-118.59679334168476,-12.50906655322433
2022-09-19,303642181.18,1306271382.93,809884154.28,2419797718.3900003,221.5249,891.25,605.17,42.3,90.32,10.464583,7.2,14.8,7.5354166,303.64218118,2419.79771839,809.88415428,1306.27138293,397.50371651652506,-104.4317579337355,10.570222597210432
2022-09-20,412851428.25,1579207306.17,638684702.924,2630743437.344,221.8195,891.25,328.17,38.8,90.44,10.466666,5.6,16.2,7.533334,412.85142825,2630.743437344,638.684702924,1579.20730617,397.38048838632534,-14.421579189305168,29.89251905297988
2022-09-21,394882148.67999995,1564121949.81,634381602.0,2593385700.49,222.1263,891.25,372.92,72.8,90.56,10.708333,5.0,15.85,7.291667,394.88214867999994,2593.3857004899996,634.381602,1564.12194981,397.2582392159135,-41.154227810608894,38.77813727469538
2022-09-22,358808421.76,1611169211.786,681145676.443,2651123309.989,222.4861,891.25,421.96,63.7,90.67,10.437498,3.6,16.2,7.562502,358.80842176,2651.123309989,681.145676443,1611.169211786,397.1369676847269,-57.85760459327655,19.529058668549624
2022-09-23,372971244.39,1467775288.74,697250694.742,2537997227.872,222.8436,891.25,404.74,41.0,90.81,12.114583,9.4,15.75,5.885417,372.97124439,2537.997227872,697.250694742,1467.77528874,397.016672174356,-77.40804680954982,53.362619025193794
2022-09-24,251956653.73,1363689298.82,871441270.26,2487087222.81,223.4604,891.25,705.78,55.7,91.06,13.262498,10.55,17.25,4.737502,251.95665373,2487.0872228099997,871.44127026,1363.68929882,396.89735138022735,-103.42466858656333,-41.51602906366401
2022-09-25,245065004.83,1313010164.34,876575879.651,2434651048.821,224.1891,891.25,800.07,55.6,91.36,12.497917,8.05,16.5,5.502083,245.06500483000002,2434.651048821,876.575879651,1313.0101643399998,396.77900454550553,-107.87964673844749,-43.83435297705802
2022-09-26,258348878.47,1481151807.48,755347463.085,2494848149.035,224.4621,891.25,450.16,151.0,91.47,10.966667,7.65,12.75,7.033333,258.34887847,2494.848149035,755.3474630850001,1481.1518074800001,396.6616311439692,-113.96358599967711,-24.34916667429212
2022-09-27,321333227.01,1425564563.68,800403794.34,2547301585.03,224.6412,891.25,375.61,196.5,91.54,8.2875,6.45,12.05,9.7125,321.33322701,2547.3015850300003,800.40379434,1425.56456368,396.5452301694849,-72.06433771269792,-3.147665446787016
2022-09-28,370404845.99,1200941469.8400002,680814116.74,2252160432.57,224.7756,891.25,510.03,381.2,91.32,8.831251,4.9,13.8,9.168749,370.40484599,2252.16043257,680.81411674,1200.94146984,396.42980069854565,-46.03248833358107,20.00753362503542
2022-09-29,374170829.26,1220580851.89,677946458.537,2272698139.687,224.9656,891.25,473.45,280.7,91.4,9.414583,3.45,16.0,8.585417,374.17082926,2272.6981396869996,677.9464585369999,1220.58085189,396.3153418792311,-75.04328520197976,52.89877258274868
2022-09-30,303971265.17,1128474636.1,938309311.0,2370755212.27,225.2683,891.25,471.68,106.6,91.52,10.404167,7.55,13.4,7.595833,303.97126517000004,2370.75521227,938.309311,1128.4746361,396.2018526143796,-79.38114694617937,-12.849440498200238
2022-10-01,246911329.62,1243302890.85,1002443621.82,2492657842.29,226.0237,891.25,802.19,29.4,91.83,12.483334,10.05,16.05,5.5166664,246.91132962,2492.6578422899997,1002.4436218200001,1243.3028908499998,396.08933148146775,-99.43843985748173,-49.73956200398601
2022-10-02,240987822.84,1310939959.44,1016674877.074,2568602659.354,226.9994,891.25,947.99,3.7,92.22,12.475001,10.0,15.2,5.5249987,240.98782284,2568.602659354,1016.674877074,1310.9399594400002,395.97777724966124,-95.9617719155381,-59.02818249412314
2022-10-03,259518409.06,1221480173.442,978679460.994,2459678043.496,227.9614,891.25,873.66,4.0,92.61,12.760417,10.7,17.1,5.239583,259.51840906,2459.6780434959996,978.679460994,1221.480173442,395.8671883809222,-102.42295751559647,-33.92582180532571
2022-10-04,272698194.05,1624047179.03,807672329.1110001,2704417702.191,228.4958,891.25,614.21,74.9,92.83,13.806251,9.3,18.95,4.1937494,272.69819405,2704.417702191,807.6723291110001,1624.04717903,395.75756332724495,-77.65151459931633,-45.40785467792864
2022-10-05,246312222.75,1963563118.104,927639040.944,3137514381.7980003,229.1729,891.25,711.54,25.1,93.11,14.570834,9.65,17.45,3.4291658,246.31222275,3137.514381798,927.639040944,1963.563118104,395.6489008435508,-120.27685785238482,-29.059820241165994
2022-10-06,264317647.53,2008166964.45,922861100.145,3195345712.125,229.8419,891.25,771.06,90.6,93.38,10.606249,5.25,17.2,7.393751,264.31764753,3195.345712125,922.861100145,2008.16696445,395.5411999017242,-63.64210338452117,-67.58144898720303
2022-10-07,267818256.2,1672933733.111,1147914893.74,3088666883.051,230.5889,891.25,1119.12,81.2,93.68,11.15625,8.25,15.8,6.84375,267.8182562,3088.6668830510002,1147.91489374,1672.933733111,395.43446000480213,-27.837114097624596,-99.77908970717755
2022-10-08,250741242.06,1616491768.0,1201529053.89,3068762063.95,231.6548,891.25,1135.67,54.3,94.11,9.922916,5.1,15.4,8.077084,250.74124206,3068.7620639499996,1201.5290538900001,1616.491768,395.32868132773785,-6.060482795214727,-138.52695647252312
2022-10-09,244433553.04,1450969410.241,1138846582.808,2834249546.0889997,232.5405,891.25,919.6,35.7,94.47,11.120833,6.15,16.9,6.8791666,244.43355304,2834.2495460889995,1138.846582808,1450.9694102409999,395.2238644518219,-15.6581981705491,-135.1321132412728
2022-10-10,286024477.53,1403755051.001,913207437.477,2602986966.008,233.1178,891.25,724.75,160.1,94.71,10.974999,7.4,15.05,7.0250006,286.02447752999996,2602.986966008,913.207437477,1403.7550510009999,395.12001028900573,-61.52621921022383,-47.56931354878196
2022-10-11,403838731.67999995,1403535041.387,1096838325.681,2904212098.748,233.512,891.25,761.57,78.8,94.87,9.570833,4.15,15.15,8.429167,403.83873167999997,2904.2120987480002,1096.838325681,1403.535041387,395.0171200513924,-38.154979711134835,46.97659133974241
2022-10-12,400309152.57,1461717185.89,923254202.135,2785280540.595,233.9178,891.25,613.9,203.8,95.03,9.672916,4.65,16.45,8.327084,400.30915257,2785.280540595,923.254202135,1461.71718589,394.915194883352,-8.75387835615429,14.147836042802282
2022-10-13,498619110.22,1427698707.79,797854803.048,2724172621.058,234.2228,891.25,577.8,272.0,95.12,11.320831,7.0,16.45,6.6791687,498.61911022000004,2724.172621058,797.854803048,1427.69870779,394.8142357461858,-20.241549532671073,124.04642400648538
2022-10-14,376897203.29,1315465781.764,790645756.27,2483008741.324,234.7064,891.25,627.17,116.8,95.31,14.166667,11.6,17.8,3.833333,376.89720329,2483.008741324,790.64575627,1315.465781764,394.71424360118306,-12.631244643063784,-5.185795668119283
2022-10-15,260176927.96,1670420379.8400002,991741243.092,2922338550.892,235.5644,891.25,899.29,16.9,95.66,15.350001,11.7,20.0,2.6499987,260.17692796,2922.338550892,991.741243092,1670.4203798400001,394.6152193760834,-71.25773718146841,-63.18055423461499
2022-10-16,258369209.82,1692280441.655,1206118271.856,3156767923.331,236.5504,891.25,1015.52,28.6,96.06,16.479166,10.4,23.85,1.520834,258.36920982,3156.767923331,1206.1182718559999,1692.280441655,394.5171642875749,-19.400446278291835,-116.74750818928305
2022-10-17,354283160.91999996,1732123220.0900002,1087034413.39,3173440794.4,237.1716,891.25,697.46,118.2,96.31,14.420833,10.85,16.4,3.5791674,354.28316091999994,3173.4407944,1087.03441339,1732.1232200900001,394.42008007260785,-34.37431134515262,-5.762607807455254
2022-10-18,401812775.8,1915552501.89,724690221.801,3042055499.491,237.6688,891.25,587.73,89.5,96.52,10.872916,6.8,13.8,7.127084,401.8127758,3042.0554994910003,724.690221801,1915.55250189,394.3239686068717,-19.136474690663427,26.62528188379173
2022-10-19,422145408.99,1977133282.49,647354594.743,3046633286.223,237.8189,891.25,436.12,283.0,96.55,8.03125,3.6,13.4,9.96875,422.14540899,3046.633286223,647.354594743,1977.13328249,394.2288312677593,-16.020826253536917,43.93740397577767
2022-10-20,336366961.94,2022372821.81,524571471.741,2883311255.491,237.9935,891.25,478.37,302.5,96.79,11.500001,8.0,15.35,6.499999,336.36696194,2883.3112554910003,524.571471741,2022.37282181,394.1346692211502,-69.95590692549658,12.188199644346412
2022-10-21,387922250.92,2108540750.56,670651175.79,3167114177.27,238.1863,891.25,477.61,291.0,96.86,13.818748,11.25,18.5,4.1812515,387.92225092,3167.11417727,670.6511757899999,2108.54075056,394.04148384310275,-59.7269372519044,53.607704328801674
2022-10-22,319236712.34000003,2107781576.004,854604204.855,3281622493.199,239.0268,891.25,913.33,43.1,97.21,13.345834,8.75,18.05,4.654166,319.23671234000005,3281.622493199,854.604204855,2107.781576004,393.9492766654658,-72.25896707066312,-2.4535972548026166
2022-10-23,275897820.71000004,2058061994.143,1062296882.935,3396256697.788,239.8894,891.25,970.86,79.5,97.56,15.341668,12.8,19.6,2.6583319,275.89782071,3396.256697788,1062.296882935,2058.061994143,393.8580489860569,-56.991621249716054,-60.968607026340806
2022-10-24,312091142.77,1894170595.71,772756726.02,2979018464.5,240.3763,891.25,545.68,88.2,97.75,13.141666,9.1,16.15,4.8583336,312.09114277,2979.0184645,772.75672602,1894.17059571,393.767801532637,-75.89443510901975,-5.7822236536172795
2022-10-25,387229728.63,1938137215.93,589590787.858,2914957732.418,240.474,891.25,480.49,387.7,97.79,11.052082,6.25,16.95,6.947918,387.22972863,2914.9577324180004,589.590787858,1938.1372159300001,393.67853502002873,0.9868052344790543,-7.4356116245077715
2022-10-26,364714339.2,1840146625.31,581678342.785,2786539307.2949996,240.6348,891.25,454.91,293.2,97.85,13.4645815,9.45,19.35,4.5354185,364.7143392,2786.5393072949996,581.6783427849999,1840.14662531,393.590249539327,-5.337359133915096,-23.53855120541192
2022-10-27,317819430.8,2229932583.33,666813326.499,3214565340.629,240.982,891.25,567.15,215.9,97.99,16.331251,12.7,21.7,1.6687489,317.8194308,3214.5653406290003,666.8133264989999,2229.93258333,393.5029446628487,-49.49918612316342,-26.184327739685216
2022-10-28,315536409.90999997,2163614429.02,701463848.392,3180614687.3219995,241.5334,891.25,659.06,93.0,98.21,16.010416,13.45,19.1,1.989584,315.53640991,3180.6146873219996,701.4638483919999,2163.61442902,393.4166202905104,-57.260103997588914,-20.620106382921563
2022-10-29,306979116.56,2145642560.16,935310092.516,3387931769.236,242.3701,891.25,908.6,67.2,98.55,14.889581,10.8,20.6,3.1104193,306.97911656,3387.931769236,935.310092516,2145.64256016,393.33127667319485,-64.93360600299606,-21.418554110198784
2022-10-30,324812027.45,2019289251.766,838114082.005,3182215361.221,243.077,891.25,800.36,93.1,98.84,13.04375,9.35,17.1,4.95625,324.81202745,3182.2153612210004,838.114082005,2019.289251766,393.2469138787852,-45.53980229809497,-22.895084130690236
2022-10-31,345404313.11,2036087287.74,648968402.808,3030460003.658,243.3064,891.25,475.85,236.6,98.93,12.741666,8.4,17.2,5.258334,345.40431311000003,3030.460003658,648.968402808,2036.08728774,393.1635319368055,-55.82559120459502,8.066372377789548
2022-11-01,272001704.52,1697192538.38,656967116.557,2626161359.4570003,243.9925,891.25,752.17,40.6,99.21,10.10625,7.0,14.85,7.89375,272.00170452,2626.1613594570003,656.967116557,1697.19253838,393.08113067030575,-65.80943261011174,-55.26999354019404
2022-11-02,330814238.01,1915335075.503,561834872.405,2807984185.918,244.2506,891.25,422.98,63.8,99.32,8.304166,4.35,12.35,9.695834,330.81423801,2807.984185918,561.8348724049999,1915.335075503,392.999709315617,12.263602041288753,-74.44907334690578
2022-11-03,343135880.14,2163884895.58,376972539.61,2883993315.33,244.1659,891.25,278.96,356.2,99.29,9.291667,7.65,11.05,8.708333,343.13588014,2883.99331533,376.97253961,2163.88489558,392.91926686868214,65.29426650414865,-115.07765323283081
2022-11-04,369125666.61,1773797497.339,356820301.876,2499743465.825,244.1537,891.25,271.22,272.1,99.28,8.239583,5.15,11.5,9.760417,369.12566661,2499.743465825,356.820301876,1773.797497339,392.8398026620527,10.160558499085315,-33.87469455113802
2022-11-05,289015565.39,1814240496.44,624727354.97,2727983416.8,244.4815,891.25,436.55,77.5,99.4,6.8604164,4.25,11.1,11.139584,289.01556539,2727.9834168,624.7273549700001,1814.24049644,392.7613164821485,-37.6571979693917,-66.08855312275682
2022-11-06,277824789.75,1830409707.877,656112300.22,2764346797.847,244.8666,891.25,464.04,79.0,99.56,9.952083,6.65,13.9,8.047917,277.82478975,2764.3467978470003,656.1123002200001,1830.409707877,392.6838082962532,-59.61112453010349,-55.2478940161497
2022-11-07,298684381.28999996,1821221858.07,200071301.285,2319977540.645,244.894,891.25,242.29,211.3,99.57,11.575,8.9,15.65,6.425,298.68438129,2319.977540645,200.071301285,1821.2218580699998,392.6072783891591,-50.22441312151349,-43.69848397764565
2022-11-08,318636435.34000003,2250004936.55,270692303.649,2839333675.5390005,245.0023,891.25,284.89,173.4,99.58,12.493749,10.95,14.75,5.5062513,318.63643534000005,2839.3336755390005,270.692303649,2250.0049365500004,392.5317274117602,156.8612943901829,-230.75658646194304
2022-11-09,318106057.23,2142891650.96,221461173.745,2682458881.935,245.1347,891.25,280.76,142.6,99.64,10.8083315,8.6,13.3,7.1916685,318.10605723000003,2682.458881935,221.461173745,2142.89165096,392.4571559856583,106.15968428606611,-180.51078304172438
2022-11-10,318956711.61,1836975435.86,370066362.865,2525998510.335,245.3956,891.25,322.01,55.3,99.74,9.529167,7.15,12.6,8.470833,318.95671161,2525.998510335,370.06636286500003,1836.9754358599998,392.3835643404979,129.0565599351462,-202.4834126656441
2022-11-11,325892199.45,1665526963.43,274450813.26,2265869976.1400003,245.4612,891.25,183.12,110.2,99.77,6.691666,2.8,11.95,11.308334,325.89219944999996,2265.8699761400003,274.45081326,1665.52696343,392.3109520016082,139.47829813744025,-205.89705068904848
2022-11-12,318655823.24,1458208838.5,513284316.41,2290148978.15,245.8462,891.25,409.91,14.5,99.9,7.8458333,3.8,10.7,10.154167,318.65582324,2290.14897815,513.28431641,1458.2088385,392.2393179103323,42.59374122717239,-116.17723589750466
2022-11-13,317211170.59000003,1465904612.502,380169501.788,2163285284.88,246.1767,891.25,359.51,22.7,100.04,6.9687486,4.95,10.85,11.031252,317.21117059000005,2163.2852848800003,380.169501788,1465.9046125020002,392.1686609722836,-2.3237870352867183,-72.63370334699681
2022-11-14,393172401.15,1164786646.42,100633560.446,1658592608.0160005,246.0047,891.25,89.59,261.4,99.97,7.2208343,4.4,11.9,10.779165,393.17240115,1658.5926080160004,100.63356044599999,1164.7866464200001,392.0989801068332,-2.614686085450003,3.688107128616764
2022-11-15,345877309.22,799427542.432,76106287.131,1221411138.783,245.9879,891.25,151.16,159.2,99.96,5.802084,4.95,6.9,12.197916,345.87730922000003,1221.411138783,76.106287131,799.427542432,392.03027448238333,118.17749442019596,-164.33045968257926
2022-11-16,364353078.21,878770480.27,214446343.954,1457569902.434,246.0869,891.25,203.18,97.4,100.0,3.8916664,2.25,5.35,14.108334,364.35307821,1457.569902434,214.44634395399999,878.77048027,391.96254315670774,141.8994257316529,-169.50889067836067
2022-11-17,355808942.61,960788980.86,99383883.14,1415981806.61,246.1018,891.25,78.57,57.9,99.92,-0.7270834,-4.45,2.15,18.727083,355.80894261000003,1415.98180661,99.38388314,960.78898086,391.8957849736806,21.69709175188223,-57.78393411556277
2022-11-18,374463863.82,754622876.13,74861857.398,1203948597.348,245.8528,891.25,49.89,288.8,99.81,-2.14375,-6.15,1.8,20.14375,374.46386382,1203.948597348,74.861857398,754.62287613,391.82999911254234,-9.968619093810048,-7.397516198732319
2022-11-19,325125124.44,775413065.75,76598.271,1100614788.461,245.5575,891.25,41.9,326.2,99.69,-1.2645831,-3.2,0.75,19.264584,325.12512444,1100.614788461,0.076598271,775.41306575,391.7651848080454,10.512346626464435,-77.15240699450982
2022-11-20,314049728.99,785153531.23,33101.552,1099236361.772,245.25,891.25,47.88,334.8,99.56,-1.5124999,-3.25,0.8,19.5125,314.04972899,1099.236361772,0.033101552000000006,785.15353123,391.7013408574521,2.543475512670886,-80.19508738012303
2022-11-21,396382936.04,579438982.7,14424226.085,990246144.825,244.814,891.25,59.17,611.3,99.38,-0.5145833,-3.35,2.45,18.514584,396.38293604,990.2461448250001,14.424226085,579.4389827,391.638465727417,51.4793329628757,-46.734862650292655
2022-11-22,361650411.51,654747621.22,5272550.051,1021670582.781,244.5175,891.25,80.06,370.5,99.26,1.8145834,-0.75,6.1,16.185417,361.65041150999997,1021.670582781,5.272550051,654.74762122,391.5765573861629,133.89362966304108,-163.81977553920402
2022-11-23,357606767.96,823065860.28,56481184.742,1237153812.982,244.1421,891.25,93.53,456.3,98.95,0.70208335,-2.45,4.3,17.297916,357.60676795999996,1237.153812982,56.481184741999996,823.0658602799999,391.51561309042097,144.792908880767,-178.701754011188
2022-11-24,412842706.56,753304123.34,52171835.036,1218318664.936,243.8681,891.25,45.95,311.5,98.8,3.2729168,-0.05,6.3,14.727083,412.84270656,1218.318664936,52.171835036,753.30412334,391.4556299612456,129.72662664750666,-108.3395500487523
2022-11-25,387364064.67,705275175.55,19356173.284,1111995413.504,243.7223,891.25,127.62,266.9,98.74,6.5458336,5.9,8.25,11.454166,387.36406467,1111.995413504,19.356173284,705.27517555,391.3966054358583,189.47010182212557,-193.50264258798387
2022-11-26,298730987.01,814930599.86,162175878.842,1275837465.712,243.9305,891.25,258.0,45.1,98.83,4.9458327,2.35,7.0,13.054167,298.73098701,1275.8374657119998,162.175878842,814.93059986,391.33853683681235,148.9458286402413,-241.55337846705368
2022-11-27,285414392.92,768592224.62,90101659.8,1144108277.34,244.0585,891.25,189.88,52.8,98.88,3.8124998,2.85,4.95,14.1875,285.41439292,1144.1082773399999,90.1016598,768.59222462,391.2814208805052,109.02095121365696,-214.88797917416215
2022-11-28,443625635.28,666202311.28,5244103.691,1115072050.251,243.3509,891.25,21.74,732.8,98.59,3.8479164,2.65,5.1,14.152083,443.62563528,1115.0720502509998,5.244103690999999,666.20231128,391.2252536232702,69.03211436720221,-16.63173271047242
2022-11-29,531472226.45,599055975.823,12713797.856,1143242000.129,242.4652,891.25,30.05,898.9,98.24,2.720833,-0.25,4.95,15.279167,531.47222645,1143.242000129,12.713797856000001,599.0559758229999,391.1700303368652,147.55501903762342,-7.252822924488612
2022-11-30,546211222.15,511290718.303,211976.98100000003,1057713917.434,241.873,891.25,91.64,673.6,98.0,0.043749988,-0.9,0.7,17.95625,546.21122215,1057.713917434,0.21197698100000004,511.29071830299995,391.1157455633986,47.996396960680784,107.09907962592064
2022-12-01,552736680.5,922657398.02,4097783.498,1479491862.018,240.9422,891.25,48.17,965.6,97.62,0.62083334,-1.05,1.9,17.379168,552.7366805,1479.491862018,4.097783498,922.65739802,391.0623934179082,31.227754944664184,130.44653213742765
2022-12-02,476080486.48,707187705.64,11802.892,1183279995.0119998,239.8284,891.25,18.11,1122.6,97.17,-1.3875002,-1.95,-0.35,19.3875,476.08048648000005,1183.2799950119997,0.011802892,707.18770564,391.00996833071787,106.54221437126897,-21.471696221986804
2022-12-03,464128955.58,557352088.296,11627212.595,1033108256.471,239.3261,891.25,49.54,545.1,96.96,0.6916666,-0.5,2.1,17.308334,464.12895557999997,1033.108256471,11.627212595000001,557.352088296,390.95846472349245,96.3158813558482,-23.145390499340692
2022-12-04,425597961.95,591148712.2,14786798.863,1031533473.013,238.8032,891.25,69.1,572.1,96.75,1.6249999,0.15,3.2,16.375,425.59796195,1031.533473013,14.786798863,591.1487122000001,390.90787675529356,120.20613864694636,-85.51605345223987
2022-12-05,515043732.15,446539830.03,2687392.094,964270954.274,237.8959,891.25,47.8,935.1,96.38,1.9979168,1.65,2.8,16.002083,515.04373215,964.270954274,2.6873920940000002,446.53983002999996,390.85819882402626,136.98077799374258,-12.795244667768827
2022-12-06,526590172.31,464576846.35,1410178.167,992577196.827,236.8224,891.25,18.32,1112.7,95.95,1.9333333,-0.5,3.55,16.066668,526.59017231,992.577196827,1.410178167,464.57684635000004,390.8094251341389,195.75038254470968,-59.96963536884863
2022-12-07,495675997.91,284649299.83,2131353.726,782456651.466,235.7535,891.25,66.84,1099.6,95.52,0.98541665,-1.15,3.05,17.014584,495.67599791000004,782.4566514659999,2.131353726,284.64929982999996,390.76154973471176,111.85675133541903,-6.942303160130734
2022-12-08,534218178.24,283659248.24,4066743.447,821944169.927,234.5468,891.25,30.79,1221.1,95.03,-0.825,-3.3,1.05,18.825,534.21817824,821.9441699270001,4.066743447,283.65924824,390.7145666721538,132.16694269697206,11.336668870874178
2022-12-09,525511114.65,340972064.87,15132.393,866498311.913,233.2124,891.25,38.39,1333.6,94.49,-2.552083,-4.65,-0.8,20.552082,525.51111465,866.498311913,0.015132393,340.97206487,390.66847023219236,137.11513642824855,-2.272492010440942
2022-12-10,473872888.25,507757873.86,6758.614,981637520.724,232.0021,891.25,38.0,1237.1,94.0,-2.3124998,-4.2,-1.35,20.3125,473.87288825,981.637520724,0.006758614,507.75787386,390.62325483252494,132.89017872580382,-49.64054530832874
2022-12-11,486327237.01,477097538.691,15938.558,963440714.259,230.6965,891.25,29.01,1318.1,93.47,-1.7333336,-3.6,0.05,19.733334,486.32723701,963.440714259,0.015938558000000002,477.097538691,390.578914879397,69.90925507900509,25.83906705159785
2022-12-12,569226225.9300001,849402993.27,1417619.889,1420046839.089,228.1141,891.25,19.93,2583.5,92.42,-2.7562501,-5.75,-1.5,20.75625,569.22622593,1420.046839089,1.417619889,849.40299327,390.53544507906645,51.540386248790924,127.15039460214268
2022-12-13,551143760.6600001,1599103206.16,2110.278,2150249077.098,225.1903,891.25,29.97,2815.6,91.24,-6.129167,-8.8,-2.2,24.129168,551.1437606600001,2150.2490770980003,0.0021102779999999997,1599.1032061600001,390.49284046638104,144.6498388345966,16.001081359022464
2022-12-14,569322560.6700001,866211113.29,8475.055,1435542149.015,222.6382,891.25,23.7,2520.8,90.2,-6.9895825,-10.5,-2.1,24.989582,569.32256067,1435.5421490150002,0.008475055,866.21111329,390.4510960228118,168.02447429109762,10.846990356090657
2022-12-15,560931224.8199999,638525290.79,1301903.98,1200758419.59,220.1245,891.25,25.18,2520.6,89.18,-5.2500005,-9.1,-1.85,23.25,560.9312248199999,1200.75841959,1.30190398,638.52529079,390.41020673895474,116.7905303394943,53.73048774155086
2022-12-16,552820365.51,418815918.736,4271.0,971640555.246,218.1419,891.25,35.89,1999.6,88.38,-3.9791667,-6.45,-2.25,21.979166,552.82036551,971.6405552460001,0.004271,418.815918736,390.37016798098216,108.06630331684391,54.383894212173914
2022-12-17,410928125.96,401441219.07,12852.0,812382197.03,217.0151,891.25,89.79,1200.6,87.92,-5.9062505,-7.55,-2.55,23.90625,410.92812596,812.3821970299999,0.012852,401.44121907,390.33097512273065,63.96017134290729,-43.36302050563796
2022-12-18,358308996.34000003,346124773.04,16137.852,704449907.2320001,216.1712,891.25,167.33,992.8,87.58,-0.54375046,-4.85,3.15,18.54375,358.30899634,704.4499072320001,0.016137852,346.12477304000004,390.2926233345975,35.03268367407408,-67.01631066867157
2022-12-19,398476090.21,434031064.08,15611500.033,848118654.323,215.3947,891.25,107.1,865.5,87.27,4.8145833,2.45,7.55,13.185417,398.47609021,848.118654323,15.611500033,434.03106407999996,390.25510778994146,6.747641942676172,1.4733404773823509
2022-12-20,367783426.43,762959246.87,36632404.15,1167375077.45,215.1198,891.25,181.71,424.3,87.16,5.5,4.25,6.75,12.5,367.78342643,1167.37507745,36.63240415,762.95924687,390.2184236790397,120.50792059764635,-142.94291784668602
2022-12-21,309368758.01,906443361.97,175450995.465,1391263115.445,215.3738,891.25,533.73,263.2,87.26,5.3958335,3.1,7.15,12.604166,309.36875800999996,1391.263115445,175.450995465,906.4433619700001,390.18256628535187,199.21343851499017,-280.0272467903421
2022-12-22,279155298.6,893624110.53,302500740.63,1475280149.7600002,215.6934,891.25,573.14,249.2,87.39,4.604167,3.15,6.3,13.395833,279.15529860000004,1475.2801497600003,302.50074063,893.6241105299999,390.1475311131743,48.9211393545379,-159.91337186771216
2022-12-23,258346725.37,1019157714.37,255378278.123,1532882717.863,216.0808,891.25,614.14,235.2,87.55,4.78125,3.5,7.2,13.21875,258.34672537,1532.882717863,255.378278123,1019.15771437,390.113314195051,-74.43973841093579,-57.3268504141152
2022-12-24,228275858.57,771036753.5,754556597.729,1753869209.7989998,216.6888,891.25,946.97,45.3,87.79,6.1145825,4.85,7.95,11.885418,228.27585857,1753.8692097989997,754.5565977289999,771.0367535,390.07991211208633,-90.64998285925306,-71.15407068283326
2022-12-25,216901489.58,806609824.88,813822843.977,1837334158.437,217.6148,891.25,966.54,44.3,88.17,8.866667,5.65,10.05,9.133333,216.90148958,1837.334158437,813.822843977,806.60982488,390.04732199900866,-63.208983327788715,-109.93684909121993
2022-12-26,217311901.78,812015960.71,934144933.464,1963472795.954,218.6323,891.25,1047.04,33.8,88.58,3.6062498,1.7,5.65,14.39375,217.31190178,1963.472795954,934.144933464,812.0159607100001,390.0155411319317,-56.130168014259084,-116.57347133767263
2022-12-27,248602565.26,895137731.26,376996710.231,1520737006.751,219.1666,891.25,718.6,183.6,88.8,5.2937503,2.35,7.35,12.706249,248.60256525999998,1520.7370067509999,376.996710231,895.13773126,389.9845671720872,-49.905225971877236,-91.47677594021002
2022-12-28,245114643.16,818685178.55,502163741.542,1565963563.252,219.7236,891.25,702.11,139.6,89.02,8.977083,6.85,12.25,9.022917,245.11464315999999,1565.963563252,502.16374154199997,818.6851785499999,389.95439753702044,-93.45247145860593,-51.38728291841454
2022-12-29,231353921.54,848462403.98,839854373.451,1919670698.971,220.4184,891.25,910.29,117.0,89.3,6.7250004,4.2,8.45,11.275,231.35392154,1919.6706989709999,839.854373451,848.46240398,389.92502953117764,-60.370492657358675,-98.20061533381897
2022-12-30,226518886.89,869874316.42,793140927.034,1889534130.344,221.1339,891.25,884.72,172.2,89.59,13.256249,8.8,16.45,4.7437506,226.51888688999998,1889.534130344,793.140927034,869.87431642,389.89646061255695,-112.12332741942363,-51.25424630313336
2022-12-31,205966166.47,964218218.859,1089937709.331,2260122094.66,222.2195,891.25,1115.27,45.2,90.03,14.068752,10.95,15.8,3.9312477,205.96616647,2260.1220946599997,1089.9377093310002,964.218218859,389.86868861202333,-139.3948586166696,-44.507663525353735
2023-01-01,221469651.06,1054170212.649,872184780.807,2147824644.516,223.2345,870.55,1067.72,79.0,90.48,12.033333,9.0,14.35,5.966667,221.46965106,2147.824644516,872.184780807,1054.170212649,389.8417114354045,-116.9306207979277,-51.441439577476785
2023-01-02,290004450.5,1086590500.752,478515036.949,1855109988.2009995,223.5196,870.55,540.38,120.4,90.6,5.2,1.1,8.65,12.8,290.0044505,1855.1099882009994,478.515036949,1086.590500752,389.81552752341406,-88.33976153605397,-11.471315487360073
2023-01-03,308221797.52,853484349.5,220975327.371,1382681474.391,223.7199,870.55,435.3,282.0,90.68,6.454167,3.2,10.25,11.545834,308.22179752,1382.681474391,220.975327371,853.4843495,389.79013543767616,-50.79752570713829,-30.770812210537883
2023-01-04,308833891.40999997,1377077265.93,234967091.164,1920878248.504,223.8157,870.55,312.36,226.3,90.72,7.856251,5.25,9.55,10.143749,308.83389141,1920.8782485039999,234.967091164,1377.07726593,389.76553326717345,47.0776562772817,-128.00929813445515
2023-01-05,322946299.96,1188304512.07,273238999.951,1784489811.981,223.9545,870.55,325.39,193.9,90.77,6.577084,3.95,10.0,11.422916,322.94629996,1784.489811981,273.238999951,1188.3045120699999,389.74171891905735,3.0274537599515265,-69.8228727190089
2023-01-06,299374469.03,900034370.0699999,478329265.965,1677738105.065,224.3486,870.55,509.76,122.9,90.93,6.820833,4.2,10.15,11.179167,299.37446902999994,1677.7381050650001,478.329265965,900.0343700699999,389.71869078567437,136.44755295446544,-226.79177471013986
2023-01-07,275509864.22,1134498638.83,427046237.68,1837054740.73,224.6707,870.55,441.0,119.8,91.06,6.829167,4.95,8.25,11.170834,275.50986422000005,1837.05474073,427.04623768,1134.49863883,389.6964478391187,100.51121579552554,-214.6977994146442
2023-01-08,287225391.86,1200729744.77,382226939.212,1870182075.842,224.9258,870.55,377.66,130.8,91.17,5.5687504,4.05,8.0,12.43125,287.22539186,1870.182075842,382.226939212,1200.72974477,389.674988682252,73.49655902621241,-175.9461558484644
2023-01-09,346095741.14,1187671629.94,85538507.221,1619305878.301,224.7104,870.55,112.78,343.8,91.08,5.0625005,3.1,7.4,12.9375,346.09574114,1619.3058783010001,85.538507221,1187.67162994,389.6543114841682,102.6191907026606,-146.17776104682883
2023-01-10,341502333.88,1347057657.95,56078862.109,1744638853.939,224.4645,870.55,130.38,370.7,90.98,6.077084,3.1,7.95,11.922916,341.50233388,1744.638853939,56.078862109,1347.05765795,389.6344140110596,210.39916739355937,-258.531247524619
2023-01-11,348464588.46,1656424558.18,47864749.633,2052753896.273,224.2625,870.55,92.51,292.8,90.7,7.802084,5.5,9.8,10.197916,348.46458845999996,2052.753896273,47.864749633,1656.42455818,389.6152939152706,209.53799349139146,-250.68869894666213
2023-01-12,340529087.51,1669975861.27,32460227.843999997,2042965176.624,224.0375,870.55,118.49,345.8,90.61,8.529166,6.75,10.05,9.470834,340.52908751,2042.9651766240002,32.460227843999995,1669.97586127,389.59694839388766,230.86752866334533,-279.93538954723294
2023-01-13,374418410.81,1630388674.64,33905522.111,2038712607.561,223.7579,870.55,114.95,397.2,90.5,7.1416664,6.45,8.0,10.858334,374.41841081,2038.7126075610001,33.905522111,1630.38867464,389.57937407846094,152.04086523462794,-167.20182850308888
2023-01-14,328243289.94,1105078068.4,20935663.782,1454257022.1220002,223.6158,870.55,168.42,315.2,90.44,7.0375004,5.35,9.1,10.9625,328.24328994,1454.2570221220003,20.935663782000002,1105.0780684000001,389.56256718483695,159.53875531161424,-220.85803255645118
2023-01-15,321177897.01,988716253.32,9407175.224,1319301325.554,223.41,870.55,131.8,348.8,90.36,4.2083335,1.75,6.7,13.791666,321.17789701,1319.301325554,9.407175224,988.7162533200001,389.5465235959015,163.42270939965167,-231.79133598555316
2023-01-16,386769320.57,1426376969.02,152053.002,1813298342.592,222.1528,870.55,32.12,1283.5,89.85,2.685417,-2.3,4.2,15.314583,386.76932057,1813.298342592,0.15205300200000002,1426.37696902,389.5312391049821,132.56010900178813,-135.32202753677024
2023-01-17,480951212.41,1127110314.71,110892.402,1608172419.5219998,220.7806,870.55,47.93,1406.9,89.3,-1.2270833,-4.1,1.75,19.227083,480.95121241000004,1608.172419522,0.110892402,1127.11031471,389.5167094729659,158.6306219798127,-67.19611904277855
2023-01-18,515050747.52,1496373628.38,140039.424,2011564415.324,219.251,870.55,31.98,1571.4,88.68,-1.1874999,-3.85,2.0,19.1875,515.05074752,2011.5644153239998,0.140039424,1496.3736283800001,389.502930592099,235.2025347866428,-109.65471785874183
2023-01-19,544344450.1,1600478294.31,9935200.455,2154757944.865,217.3853,870.55,27.89,1892.4,87.92,-1.7562503,-4.1,1.85,19.75625,544.3444501,2154.757944865,9.935200455,1600.47829431,389.4898984298702,146.7095561162216,8.144995553908188
2023-01-20,541971823.62,1678106980.6799998,93075.664,2220171879.9639997,215.4106,870.55,29.51,1981.5,87.12,0.5125,-3.25,3.05,17.4875,541.97182362,2220.171879964,0.093075664,1678.1069806799999,389.47760921854274,121.33227901742471,31.161935384032574
2023-01-21,416269205.65,1391131730.28,4418.0,1807405353.93,213.8469,870.55,28.02,1568.7,86.49,1.1479167,0.75,1.8,16.852083,416.26920565,1807.40535393,0.004418,1391.13173028,389.46605965344463,81.37557267910991,-54.57242668255452
2023-01-22,458482851.18,1436416974.07,0.0,1894899825.25,212.1688,870.55,23.44,1659.5,85.81,0.8395834,-0.8,2.55,17.160416,458.48285118,1894.89982525,0.0,1436.41697407,389.45524648195067,102.65392558898964,-33.62632089094029
2023-01-23,620511798.95,1738273941.95,7.0,2358785747.9,209.7344,870.55,15.85,2556.1,84.83,-0.4895834,-3.05,2.0,18.489584,620.5117989500001,2358.7857479,7e-06,1738.27394195,389.4451664326281,199.48714442371212,31.57948809365979
2023-01-24,632283194.48,1888218882.21,1154.0,2520503230.69,207.0987,870.55,28.78,2660.0,83.76,0.6333334,0.0,1.65,17.366667,632.28319448,2520.5032306900002,0.001154,1888.21888221,389.43581609453724,233.507739760683,9.339638624779809
2023-01-25,662960331.4,1940102940.02,0.0,2603063271.42,204.6649,870.55,42.51,2466.2,82.78,-0.47291663,-1.15,0.25,18.472918,662.9603314,2603.06327142,0.0,1940.10294002,389.42719183210477,205.96636972997604,67.5667698379192
2023-01-26,622148481.7,1864928830.42,0.0,2487077312.12,202.8968,870.55,37.42,2388.6,82.06,0.8979166,-1.9,3.05,17.102083,622.1484817,2487.07731212,0.0,1864.9288304200002,389.41929015631194,120.69309974000547,112.03609180368267
2023-01-27,581257484.5,1907518499.32,2462105.0,2491238088.8199997,200.3784,870.55,29.79,2533.2,81.04,-0.62916666,-2.85,1.8,18.629168,581.2574845,2491.2380888199996,2.462105,1907.51849932,389.412108081314,175.40940828847616,16.435968130209915
2023-01-28,499593391.46,1557399983.88,16383647.0,2073377022.34,198.61,870.55,55.35,1798.5,80.33,0.94791675,-2.2,2.45,17.052084,499.59339145999996,2073.3770223399997,16.383647,1557.39998388,389.4056429735058,77.08556406420122,33.102184422292964
2023-01-29,449363745.73,1534993452.98,11594863.0,1995952061.71,197.1858,870.55,68.16,1453.7,79.75,3.1291668,1.3,4.75,14.870833,449.36374573,1995.95206171,11.594863,1534.99345298,389.3998921765588,56.13060189257945,3.8332516608617766
2023-01-30,470690180.4,1637630221.05,11677.0,2108332078.45,195.7184,870.55,14.29,1470.0,79.16,3.5,1.6,5.45,14.5,470.6901804,2108.33207845,0.011677,1637.63022105,389.39485291705887,74.29614063474042,6.999186848200679
2023-01-31,486553378.41,1470643813.11,25.0,1957197216.52,196.4795,870.55,34.53,1494.2,78.73,3.7145832,1.9,5.5,14.285417,486.55337841000005,1957.19721652,2.5e-05,1470.6438131099999,389.39052294409777,109.87161429230817,-12.70875882640587
2023-02-01,424935091.0,1505973501.18,8065136.384,1938973728.564,195.3551,870.55,72.19,1202.9,78.28,3.2895834,-1.8,5.75,14.710417,424.935091,1938.9737285639999,8.065136383999999,1505.97350118,389.3869003540401,70.69869091648339,-35.15050027052348
2023-02-02,432419908.93,1383760321.78,5215115.555,1821395346.265,194.3262,870.55,73.64,1091.7,77.87,5.0916667,0.15,8.05,12.908333,432.41990893,1821.3953462650002,5.215115555,1383.76032178,389.3839835680062,73.2240265854158,-30.188101223421995
2023-02-03,399290266.03,1267764798.72,74028.106,1667129092.856,193.8228,870.55,67.26,562.6,77.67,1.0854164,-4.6,3.65,16.914583,399.29026603,1667.129092856,0.074028106,1267.76479872,389.38177165796776,139.18277932320592,-129.27428495117368
2023-02-04,387215703.63,1059477718.88,8689.943,1446702112.453,193.1387,870.55,48.86,698.5,77.4,-3.0500002,-5.65,1.25,21.05,387.21570363,1446.7021124530002,0.008689942999999999,1059.4777188799999,389.3802644489231,56.01963031040535,-58.18419112932844
2023-02-05,380702326.71,1082516663.42,4229.218,1463223219.348,191.3835,870.55,34.46,790.9,77.31,-2.8291667,-5.8,0.7,20.829166,380.70232670999997,1463.2232193480002,0.004229218,1082.51666342,389.3794625133991,16.350591223377673,-25.0277270267768
2023-02-06,596117765.31,1600690617.23,7308.5,2196815691.04,190.6592,870.55,20.17,1825.9,76.4,-3.7562504,-7.8,1.0,21.75625,596.11776531,2196.81569104,0.0073085,1600.69061723,389.3793667710494,89.34033747587917,117.39806106307145
2023-02-07,602897399.2,1742538966.57,70003.077,2345506368.847,188.6905,870.55,50.69,2026.8,75.61,-3.1479166,-6.1,1.45,21.147917,602.8973992,2345.506368847,0.07000307700000001,1742.53896657,389.379978239927,113.99260433978023,99.52481662029277
2023-02-08,514840821.38,1574474582.13,13.0,2089315416.51,186.8261,870.55,60.1,1906.4,74.87,-1.9604163,-4.85,2.9,19.960417,514.84082138,2089.31541651,1.3e-05,1574.47458213,389.3812975002448,97.96679159564793,27.492732284107262
2023-02-09,531229795.08,1742204530.97,3106.0,2273437432.05,184.969,870.55,76.16,1915.7,74.12,1.9499999,-2.55,5.9,16.05,531.22979508,2273.43743205,0.003106,1742.20453097,389.3833247407941,68.09629744488757,73.75017289431838
2023-02-10,468737608.21,1531541918.58,13823996.0,2014103522.79,183.5439,870.55,78.6,1471.3,73.55,5.4874997,1.55,7.7,12.512501,468.73760820999996,2014.10352279,13.823996,1531.54191858,389.38606005740206,130.74066082579873,-51.38911267320083
2023-02-11,384956522.53,1519280623.51,37568593.548,1941805739.588,182.8615,870.55,85.16,754.1,73.28,6.4583325,5.65,7.95,11.541668,384.95652253,1941.805739588,37.568593548,1519.28062351,389.38950341188234,134.49228958666345,-138.92527046854582
2023-02-12,422735768.26,1488373684.47,44272383.602,1955381836.332,182.3889,870.55,138.42,604.6,73.09,6.0770836,3.2,7.5,11.922916,422.73576826,1955.381836332,44.272383602,1488.37368447,389.3936540370882,53.429686656901495,-20.087572433989692
2023-02-13,557058006.45,1552347203.3400002,22019903.48,2131425113.27,181.3627,870.55,74.21,1084.9,72.68,3.3395827,-0.45,6.95,14.660418,557.05800645,2131.42511327,22.01990348,1552.34720334,389.3985103285627,31.71375352502708,135.94574259641024
2023-02-14,548922278.27,1520194261.82,361298.34,2069477838.43,180.4852,870.55,26.6,896.3,72.33,1.2229166,-2.35,7.75,16.777084,548.92227827,2069.4778384300002,0.36129834000000005,1520.1942618199998,389.4040702844022,138.39225021003267,21.125957775565098
2023-02-15,480538384.82,1375964729.31,6840404.663,1863343518.793,179.741,870.55,60.87,792.9,72.03,3.8104165,-1.1,10.1,14.189584,480.53838482,1863.343518793,6.840404662999999,1375.96472931,389.41033184098114,105.85166589450392,-14.723612915485091
2023-02-16,398441669.26,1347644234.73,34195.272,1746120099.262,179.0608,870.55,52.89,727.0,71.75,8.397916,5.95,11.95,9.602084,398.44166925999997,1746.1200992620002,0.034195272,1347.64423473,389.4172927245712,29.933402410835164,-20.909025875406428
2023-02-17,348894834.92,1540176310.91,135943609.865,2025014755.695,178.8927,870.55,217.85,390.3,71.69,6.506249,4.95,9.9,11.493752,348.89483492,2025.0147556949998,135.943609865,1540.17631091,389.42495065404887,40.87194881787548,-81.40206455192435
2023-02-18,327287640.59000003,1270346900.57,542629901.49,2140264442.65,179.0492,870.55,429.5,257.8,71.75,4.1708336,0.85,6.85,13.829166,327.28764059,2140.26444265,542.6299014900001,1270.34690057,389.4333031046384,124.30912167543497,-186.45478419007335
2023-02-19,340359041.03,1321665096.05,466601686.832,2128625823.912,179.0737,870.55,273.39,253.7,71.76,6.525,1.85,9.5,11.475,340.35904102999996,2128.6258239119998,466.60168683200004,1321.6650960499999,389.4423469518736,7.706915167142016,-56.79022108901569
2023-02-20,366453708.51,1415583335.87,205852787.229,1987889831.609,178.8586,870.55,161.25,398.5,71.67,8.656249,5.4,11.1,9.343751,366.45370851,1987.8898316089999,205.852787229,1415.58333587,389.45207883824077,7.057474812516219,-30.055845140756958
2023-02-21,467965239.23,979141869.74,140146801.548,1587253910.518,178.5026,870.55,131.98,494.2,71.53,6.7583327,3.8,9.9,11.241667,467.96523923,1587.2539105179999,140.146801548,979.1418697400001,389.46249510661323,49.3648208250022,29.137923298384578
2023-02-22,482942951.02,866279491.49,8394755.914,1357617198.424,177.9845,870.55,108.15,629.4,71.32,6.7104163,3.15,10.65,11.289583,482.94295101999995,1357.617198424,8.394755914000001,866.27949149,389.4735917853435,63.20013894271069,30.26922029194577
2023-02-23,492882338.1,666500195.577,1057173.572,1160439707.249,177.6602,870.55,167.54,493.6,71.19,3.3395832,1.15,6.9,14.660417,492.8823381,1160.439707249,1.057173572,666.500195577,389.48536470799326,85.20246691462783,18.194506477378923
2023-02-24,433314105.34,465152499.417,4327598.756,902794203.513,177.2368,870.55,118.96,540.1,71.02,1.7666665,-0.55,3.7,16.233334,433.31410533999997,902.794203513,4.327598756,465.152499417,389.4978093780927,45.76953118942621,-1.9532352275189737
2023-02-25,375980536.44,486115919.885,30559096.032,892655552.357,176.8711,870.55,115.22,478.4,70.88,-0.043750018,-3.15,2.95,18.04375,375.98053644,892.655552357,30.559096032000003,486.115919885,389.51092103946536,69.33865148877531,-82.8690360882407
2023-02-26,394964256.25,412510314.45,82439.302,807557010.0020001,176.2992,870.55,104.1,672.7,70.65,0.10208323,-4.05,3.85,17.897917,394.96425625,807.5570100020001,0.08243930199999999,412.51031445,389.5246948479391,51.76650686011639,-46.32694545805549
2023-02-27,540847343.62,1139719574.09,6969352.183,1687536269.893,175.288,870.55,64.69,1533.0,69.97,0.26874998,-3.95,4.7,17.73125,540.8473436200001,1687.5362698929998,6.969352183,1139.71957409,389.53912639617727,149.1346330957893,2.1735841280334967
2023-02-28,521917825.75,1272562045.18,28584.143000000004,1794508455.073,173.7778,870.55,69.07,1540.9,69.37,0.035416678,-5.85,7.3,17.964582,521.91782575,1794.508455073,0.028584143000000003,1272.56204518,389.55421141351457,106.08749998004005,26.27611435644542
2023-03-01,506925612.37,1270819536.42,6065712.883,1783810861.673,172.2957,870.55,30.8,1536.5,68.78,0.0041666725,-3.7,5.35,17.995832,506.92561237,1783.810861673,6.065712883000001,1270.81953642,389.5699457312051,122.03154855762651,-4.675881918831635
2023-03-02,497481368.04,1052783600.43,8566256.773,1558831225.243,171.0288,870.55,40.23,1271.2,68.27,-0.06250006,-3.2,3.85,18.0625,497.48136804,1558.831225243,8.566256773,1052.78360043,389.58632534034444,127.1172957875444,-19.222253087888873
2023-03-03,490677107.68,1037857508.31,9677216.359,1538211832.349,169.8772,870.55,63.08,1176.4,67.81,3.3500001,0.3,6.05,14.65,490.67710768,1538.211832349,9.677216358999999,1037.85750831,389.6033463957437,87.30119066025101,13.772570624005311
2023-03-04,415892413.41,523735070.37,3937343.494,943564827.274,169.2774,870.55,42.51,608.9,67.57,1.3229169,-1.05,3.9,16.677084,415.89241341,943.5648272740001,3.937343494,523.73507037,389.6210051225802,70.99926092962953,-44.72785264220971
2023-03-05,437432713.58,420377027.27,1580306.382,859390047.2319999,168.4745,870.55,21.27,809.7,67.25,0.99375004,-2.45,3.65,17.00625,437.43271358,859.3900472319999,1.580306382,420.37702727,389.6392976003263,54.884396528748425,-7.090980549074743
2023-03-06,499083036.37,659120108.74,1602736.217,1159805881.327,167.167,870.55,22.45,1317.6,66.73,1.1895832,-2.5,4.7,16.810417,499.08303637,1159.805881327,1.602736217,659.12010874,389.6582199524131,82.36899826270525,27.05581815488165
2023-03-07,440229199.27,484279344.82,2074691.584,926583235.674,165.5131,870.55,29.12,1668.7,66.07,0.80833334,-2.0,3.55,17.191668,440.22919927,926.583235674,2.074691584,484.27934482,389.6777681710198,114.44396173572099,-63.892530636740844
2023-03-08,501186690.64,262259101.79,1676295.0,765122087.43,163.6934,870.55,30.42,1878.8,65.34,0.8645833,0.25,2.0,17.135416,501.18669064,765.12208743,1.676295,262.25910179,389.6979380940579,98.08991278489142,13.39883976105068
2023-03-09,470655104.65,219003815.09,2392263.598,692051183.338,162.475,870.55,50.39,1229.6,64.86,3.1437502,0.4,9.7,14.85625,470.65510465,692.0511833380001,2.3922635980000004,219.00381509000002,389.71872572929925,50.49965475990559,30.436724160795166
2023-03-10,417016526.83,394244255.59,5507912.576,816768694.996,161.7527,870.55,31.57,728.9,64.57,1.2895832,-0.45,3.35,16.710417,417.01652683,816.768694996,5.507912576000001,394.24425558999997,389.7401269863742,17.43773693491376,9.838662908712024
2023-03-11,412866542.36,346972644.0,38177830.387,798017016.747,161.1358,870.55,68.06,673.9,64.32,1.8020835,-2.25,6.05,16.197916,412.86654236000004,798.017016747,38.177830387,346.972644,389.7621378945729,5.742729498588601,17.361674966838564
2023-03-12,378740878.92,363161116.438,48273925.718,790175921.076,160.7129,870.55,115.41,514.9,64.15,9.9875,5.7,15.3,8.0125,378.74087892,790.175921076,48.273925718,363.161116438,389.78475450231736,-19.926740663008495,8.882865080691147
2023-03-13,378937670.93,436511386.194,117669819.428,933118876.552,160.6807,870.55,252.47,295.8,64.14,9.506251,2.5,13.65,8.493749,378.93767093,933.1188765520001,117.669819428,436.511386194,389.807973296143,-21.198363416194297,10.328061050051303
2023-03-14,407930647.95,548090284.4300001,61038609.202,1017059541.582,160.4223,870.55,121.99,372.0,64.04,2.6041667,-0.6,6.45,15.395833,407.93064795,1017.0595415820001,61.038609201999996,548.0902844300001,389.831791506938,73.22625600459833,-55.12739956153632
2023-03-15,471247771.76,543008262.37,49818772.08,1064074806.21,159.8361,870.55,72.44,641.0,63.8,2.9937503,-2.15,8.55,15.006249,471.24777176,1064.0748062100001,49.818772079999995,543.00826237,389.8562067948355,103.19645268483625,-21.80488771967174
2023-03-16,386410278.99,620101362.61,40896400.944,1047408042.544,159.3926,870.55,76.29,504.4,63.63,7.1041665,2.95,13.0,10.895834,386.41027899,1047.408042544,40.896400944,620.10136261,389.88121699733523,15.518629521794834,-18.989567529130056
2023-03-17,351245059.37,854603423.1,152531213.611,1358379696.081,159.2827,870.55,191.4,298.9,63.58,10.208333,5.3,17.25,7.791667,351.24505937,1358.379696081,152.531213611,854.6034231,389.90682034142424,56.438131255520425,-95.09989222694469
2023-03-18,318769997.53999996,849961460.4300001,405286522.881,1574017980.851,159.7567,870.55,511.29,141.0,63.77,9.6375,4.9,15.3,8.3625,318.76999753999996,1574.0179808510002,405.286522881,849.9614604300001,389.9330157144128,62.25809042185426,-133.42110859626712
2023-03-19,348425843.01,769431531.76,417163387.091,1535020761.861,160.0289,870.55,403.85,131.2,63.88,8.85,6.25,11.7,9.15,348.42584301,1535.020761861,417.163387091,769.43153176,389.95980234350577,4.836814496654373,-46.37077383016015
2023-03-20,433063458.55,936929404.556,69932327.858,1439925190.964,159.8124,870.55,104.3,237.8,63.79,8.679167,6.35,11.05,9.320833,433.06345855,1439.925190964,69.932327858,936.929404556,389.9871791846744,37.071973799373524,6.004305565952052
2023-03-21,385516272.27,1122370313.286,133724024.89,1641610610.446,159.8384,870.55,190.91,169.1,63.8,11.400001,8.0,15.8,6.5999994,385.51627227,1641.610610446,133.72402489,1122.370313286,390.01514467000635,81.32377173100069,-85.82264413100705
2023-03-22,752740275.33,1268526338.476,515255822.639,2536522436.445,160.042,870.55,380.65,187.7,63.89,11.78125,9.55,14.85,6.21875,752.74027533,2536.522436445,515.255822639,1268.526338476,390.04369672638836,72.58697977517856,290.10959882843315
2023-03-23,345347182.61,1210569392.666,561598453.171,2117515028.447,160.4206,870.55,537.41,169.6,64.04,11.78125,7.85,15.8,6.21875,345.34718261,2117.515028447,561.598453171,1210.5693926659999,390.0728331761438,61.42161833279465,-106.14726889893842
2023-03-24,353951964.15999997,933262098.03,683804717.62,1971018779.81,160.8431,870.55,557.71,141.6,64.21,8.962501,7.3,11.85,9.037499,353.95196416,1971.0187798099998,683.80471762,933.26209803,390.1025522944908,35.95908413625694,-72.10967227074775
2023-03-25,275056763.66999996,754148101.77,650179926.062,1679384791.502,161.2513,870.55,557.95,160.3,64.37,7.8874993,4.95,10.8,10.112501,275.05676366999995,1679.384791502,650.179926062,754.1481017699999,390.13285301588326,9.85267909884053,-124.92876844472386
2023-03-26,309941638.89,653272847.26,439740894.232,1402955380.382,161.4091,870.55,334.72,198.8,64.43,3.6041667,0.25,6.2,14.395833,309.94163889,1402.955380382,439.740894232,653.2728472599999,390.1637348998966,-28.538995901620297,-51.683100108276335
2023-03-27,353571815.72,586366330.1,36299229.873,976237375.693,160.9654,870.55,57.67,497.8,64.25,2.8187501,-0.8,6.95,15.18125,353.57181572,976.237375693,36.299229873,586.3663301,390.19519781217247,-8.03390209296054,-28.589479999211903
2023-03-28,397903952.91,684562078.6,28001023.113,1110467054.623,160.543,870.55,64.41,512.7,64.09,5.527083,0.1,10.5,12.472918,397.90395291000004,1110.467054623,28.001023113000002,684.5620786000001,390.22724175860554,44.717337150212806,-37.040625998818314
2023-03-29,395759672.17,928998466.21,32263138.232,1357021276.6120002,160.4226,870.55,74.53,190.6,64.04,10.658334,7.0,16.75,7.341666,395.75967217000004,1357.0212766120003,32.263138232,928.9984662100001,390.25986662974793,46.31830495310005,-40.81849941284793
2023-03-30,362925646.89,831845573.14,298876039.946,1493647259.9759998,160.5456,870.55,216.46,77.8,64.09,9.712501,7.25,13.25,8.287499,362.92564689,1493.6472599759998,298.876039946,831.8455731399999,390.29307222657474,35.65012426792958,-63.017549604504325
2023-03-31,345758439.15,805375681.452,329053885.89,1480188006.492,160.6135,870.55,282.45,112.4,64.11,7.4479175,3.05,9.25,10.552082,345.75843914999996,1480.188006492,329.05388589,805.375681452,390.3268584578013,14.906886152469994,-59.47530546027133
2023-04-01,295304553.67,703590077.48,379840940.46,1378735571.61,161.1134,870.55,460.99,37.9,64.42,4.1000004,1.0,7.75,13.9,295.30455367,1378.7355716099999,379.84094045999996,703.59007748,390.36122527027607,54.81123737681462,-149.86790897709068
2023-04-02,350292685.31,791818538.9300001,234265187.09,1376376411.33,161.1839,870.55,261.53,186.5,64.45,1.65,-1.35,3.8,16.35,350.29268531,1376.3764113299999,234.26518709,791.81853893,390.39617256131044,-6.117954454421775,-33.98553279688866
2023-04-03,429415562.0,544210389.91,3729925.812,977355877.722,160.8686,870.55,97.8,404.2,64.35,1.6062499,-3.5,5.75,16.39375,429.415562,977.3558777220001,3.729925812,544.21038991,390.43169992014896,16.626140660648815,22.35772141920222
2023-04-04,448905566.4,635231459.96,11424883.18,1095561909.5400002,160.3132,870.55,52.56,600.6,64.13,1.9791665,-2.8,7.2,16.020834,448.9055664,1095.5619095400002,11.42488318,635.23145996,390.46780670208636,39.2367363066294,19.201023391284252
2023-04-05,436667962.13,1233287835.76,13161781.718,1683117579.6079998,159.7984,870.55,92.87,628.2,63.88,3.8687503,-2.95,9.75,14.131249,436.66796213,1683.117579608,13.161781718,1233.28783576,390.50449173220795,11.844953245065728,34.318517152726315
2023-04-06,377249359.48,1241352561.82,10239797.302,1628841718.602,159.5402,870.55,92.32,332.1,63.78,3.1812496,-1.05,5.6,14.81875,377.24935948,1628.841718602,10.239797302,1241.35256182,390.5417534638899,-21.869547577673334,8.577153593783464
2023-04-07,340972569.79,1396330662.63,111394271.863,1848697504.283,159.4944,870.55,173.59,204.0,63.76,7.2749996,3.75,11.55,10.725,340.97256979,1848.697504283,111.394271863,1396.33066263,390.5795905634447,-31.756642338426076,-17.850378435018627
2023-04-08,339021594.66999996,1085012943.17,232341118.246,1656375656.0860002,159.6689,870.55,311.47,105.6,63.83,6.247917,0.0,12.4,11.752083,339.02159466999996,1656.3756560860002,232.34111824599998,1085.01294317,390.6180019217922,-27.874803189830185,-23.72160406196207
2023-04-09,303523393.76,1058448297.89,539466636.22,1901438327.87,160.2362,870.55,609.6,15.0,64.06,8.85625,1.85,15.4,9.14375,303.52339376,1901.43832787,539.46663622,1058.44829789,390.6569865920146,-25.28743324236349,-61.846159589651165
2023-04-10,301788210.46000004,1112541211.01,818279144.9,2232608566.37,160.9091,870.55,689.25,9.7,64.33,9.254168,4.85,12.15,8.745832,301.78821046,2232.60856637,818.2791449,1112.54121101,390.69654394391654,-20.32390613688043,-68.58442734703607
2023-04-11,356690069.65,1417614112.31,372850275.547,2147154457.507,161.233,870.55,326.01,17.8,64.46,7.668749,-0.15,14.55,10.331251,356.69006965,2147.154457507,372.85027554699997,1417.6141123099999,390.7366735317817,18.777982586287507,-52.82458646806924
2023-04-12,369687703.11,1413305832.08,271569931.49,2054563466.68,161.3577,870.55,297.04,157.1,64.51,9.170833,5.55,12.7,8.829167,369.68770311000003,2054.56346668,271.56993149,1413.3058320799998,390.7773747630801,-4.824968438016187,-16.26470321506389
2023-04-13,378396270.17,1386134444.4,183319573.845,1947850288.415,161.1541,870.55,106.31,315.9,64.42,7.3812504,6.05,8.7,10.61875,378.39627017000004,1947.850288415,183.319573845,1386.1344444000001,390.81864712133194,-0.06861367794440687,-12.353763273387472
2023-04-14,390272167.89,1347798115.14,55279500.837,1793349783.8669996,161.1747,870.55,155.7,141.2,64.43,9.402083,7.05,11.15,8.597917,390.27216789,1793.3497838669996,55.279500837,1347.7981151400002,390.86049049159016,-22.58115915556599,21.99283655397585
2023-04-15,325933405.81,1332430372.54,262732107.47,1921095885.82,161.3864,870.55,280.29,66.2,64.52,9.110416,7.65,10.6,8.889584,325.93340581,1921.09588582,262.73210747,1332.43037254,390.90290516624646,-53.373304410064065,-11.59619494618238
2023-04-16,335867321.94,1332248847.82,246312265.405,1914428435.165,161.4858,870.55,226.51,134.4,64.56,7.483334,4.45,11.15,10.516666,335.86732194,1914.4284351649999,246.312265405,1332.24884782,390.9458916613861,-55.850901369056466,0.7723316476703985
2023-04-17,385271589.97,1588342254.93,46962958.407,2020576803.307,161.4434,870.55,139.38,184.6,64.54,8.091667,3.3,13.55,9.908333,385.27158997000004,2020.5768033069999,46.962958406999995,1588.34225493,390.9894502341648,-32.586878922500816,26.869018658336074
2023-04-18,361760691.74,1607835140.555,149017275.68,2118613107.975,161.5358,870.55,153.61,72.3,64.58,6.554167,3.3,11.45,11.445833,361.76069174,2118.613107975,149.01727568,1607.8351405550002,391.03358086738825,-36.057583688757134,6.7846945613688945
2023-04-19,357488038.9,1393306879.0,188768662.605,1939563580.505,161.6345,870.55,212.38,128.9,64.62,9.129167,4.05,14.85,8.870833,357.4880389,1939.5635805050001,188.768662605,1393.306879,391.0782833839796,-17.6087746333069,-15.981469850672738
2023-04-20,370842599.37,1511645595.79,36552810.057,1919041005.217,161.6085,870.55,116.51,152.6,64.61,12.939583,7.9,18.7,5.060417,370.84259937,1919.041005217,36.552810056999995,1511.64559579,391.12355756541945,-23.928856760298377,3.6478985648789717
2023-04-21,354547418.13,1411041006.79,213598039.228,1979186464.148,161.7955,870.55,271.5,97.2,64.68,13.770833,7.0,20.65,4.229167,354.54741813,1979.186464148,213.59803922799998,1411.04100679,391.16940309687857,-35.45131076190815,-1.170674204970453
2023-04-22,318208520.9,1301713795.2,959635523.14,2579557839.24,162.7238,870.55,945.72,19.6,65.05,13.116668,10.2,16.35,4.8833323,318.2085209,2579.55783924,959.63552314,1301.7137952,391.2158199056909,-57.27706528474047,-15.73023372095048
2023-04-23,315255447.38,1038709759.77,1110788462.4,2464753669.55,163.7254,870.55,1007.24,23.1,65.45,12.162499,8.1,15.9,5.8375006,315.25544738,2464.7536695500003,1110.7884624,1038.70975977,391.26280842387575,-69.50813197780468,-6.499229066071052
2023-04-24,360625552.76,1039086428.298,697853243.92,2097565224.978,164.457,870.55,756.94,26.9,65.75,8.139584,5.8,10.45,9.860416,360.62555276,2097.565224978,697.85324392,1039.0864282979999,391.31036924463143,-45.77685312588178,15.092036641250331
2023-04-25,411445212.87,895209984.138,539202818.3199999,1845858015.328,164.911,870.55,497.9,41.5,65.93,6.3145833,2.4,9.75,11.685417,411.44521287,1845.858015328,539.2028183199999,895.209984138,391.3585028613081,30.29468652204624,-10.207976513354367
2023-04-26,414320695.52,1112377641.95,221897628.116,1748595965.586,164.7509,870.55,74.67,245.9,65.86,6.4624996,1.9,10.1,11.5375,414.32069551999996,1748.595965586,221.897628116,1112.37764195,391.407209250293,33.166572749156586,-10.253086479449621
2023-04-27,393561366.71,1199443003.21,162197634.88099998,1755202004.801,164.8622,870.55,184.76,85.9,65.91,9.2125,1.7,15.45,8.7875,393.56136670999996,1755.2020048010002,162.19763488099997,1199.4430032100001,391.45648838292686,9.843046416091822,-7.7381680890187
2023-04-28,369864389.61,986687167.97,455876757.868,1812428315.448,165.3186,870.55,528.99,24.3,66.09,11.237499,7.3,14.55,6.762501,369.86438961,1812.428315448,455.87675786799997,986.68716797,391.5063408226102,-25.84505024505728,4.203099032447085
2023-04-29,306469992.18,1068065965.235,972264145.45,2346800102.865,166.2009,870.55,893.15,7.2,66.44,8.400001,3.6,13.1,9.599999,306.46999218,2346.8001028649996,972.26414545,1068.065965235,391.5567675183985,-48.919087844509136,-36.16768749388933
2023-04-30,279504832.48,1075128380.01,1264166367.26,2618799579.75,167.1665,870.55,971.36,2.6,66.83,10.370833,2.8,17.35,7.6291666,279.50483248,2618.79957975,1264.16636726,1075.12838001,391.60776962479395,-85.362568743922,-26.740368400871944
2023-05-01,255661163.26,1189347582.274,1229855836.084,2674864581.618,167.9701,870.55,816.83,7.8,67.15,10.64375,8.45,12.75,7.35625,255.66116326,2674.864581618,1229.8558360840002,1189.347582274,391.6593486133124,-94.66937131951092,-41.32881403380145
2023-05-02,332197763.34000003,1728246588.87,461867058.905,2522311411.115,168.2728,870.55,349.82,53.7,67.27,9.727084,4.1,14.85,8.272916,332.19776334000005,2522.311411115,461.86705890499996,1728.2465888699999,391.71150597881444,-57.477420453226685,-2.0363221855877214
2023-05-03,353966358.87,1715052429.1,501464577.512,2570483365.482,168.5147,870.55,329.35,82.8,67.37,11.104167,3.3,17.15,6.895833,353.96635887,2570.483365482,501.464577512,1715.0524291,391.7642430728588,-26.644590211741942,-11.153293991116811
2023-05-04,336124679.84000003,1621377919.68,540490892.798,2497993492.318,168.139,870.55,551.24,925.7,67.14,13.429166,8.55,18.5,4.570834,336.12467984000006,2497.993492318,540.490892798,1621.37791968,391.8175611560235,-17.787508607994084,-37.90537270802935
2023-05-05,338725601.53999996,1567589368.07,690041636.66,2596356606.27,168.7797,870.55,638.78,2.1,67.4,9.422917,8.45,11.65,8.577083,338.72560153999996,2596.35660627,690.04163666,1567.5893680699999,391.87146184556985,-15.193823266087945,-37.95203703948198
2023-05-06,272643714.99,1407706162.203,1007682728.87,2688032606.063,169.6552,870.55,909.62,12.0,67.75,10.522917,6.1,15.0,7.477083,272.64371499000003,2688.032606063,1007.68272887,1407.706162203,391.9259472830869,-26.612377966988095,-92.66985432609874
2023-05-07,265301574.19,1492176674.53,1041466560.08,2798944808.8,170.588,870.55,958.8,13.0,68.12,10.925,5.3,16.6,7.075,265.30157419,2798.9448088000004,1041.4665600800001,1492.17667453,391.9810197636435,-96.91811058819462,-29.761334985448855
2023-05-08,311247254.03,1914975533.28,863753072.58,3089975859.89,171.4598,870.55,880.27,31.5,68.47,12.704166,7.35,18.0,5.2958336,311.24725402999997,3089.97585989,863.7530725800001,1914.97553328,392.0366819130838,-56.46736677192917,-24.322061111154653
2023-05-09,310743498.15999997,1856429180.6,459019393.519,2626192072.279,171.8383,870.55,428.08,47.0,68.63,15.191666,9.5,21.5,2.8083344,310.74349815999994,2626.1920722789996,459.019393519,1856.4291805999999,392.09293647553653,8.878984606032054,-90.22842292156867
2023-05-10,356062994.24,1821402268.53,406001557.406,2583466820.176,172.1873,870.55,381.1,36.0,68.77,16.027082,9.7,21.45,1.9729176,356.06299424,2583.466820176,406.001557406,1821.40226853,392.14978608955664,-27.219522094452948,-8.867269755103678
2023-05-11,371609018.55,1494471545.11,430231804.808,2296312368.468,172.5741,870.55,414.39,26.8,68.93,16.727083,12.05,21.65,1.2729168,371.60901855000003,2296.312368468,430.23180480800005,1494.4715451099999,392.2072335137554,-36.63971590400769,16.04150094025232
2023-05-12,321321542.45,1772006126.55,781328597.86,2874656266.86,173.1628,870.55,778.13,11.1,69.16,16.029165,11.6,22.0,1.9708347,321.32154245,2874.65626686,781.3285978600001,1772.0061265499999,392.26528161732875,-58.06196350863997,-12.88177565868881
2023-05-13,256719398.21,1406608043.1599998,1171112848.22,2834440289.59,174.2352,870.55,1100.32,26.2,69.59,15.450001,8.35,21.05,2.5499992,256.71939821,2834.4402895900002,1171.11284822,1406.6080431599999,392.3239334306753,-85.18141564509992,-50.423119575575356
2023-05-14,297018394.51,1331847174.39,1298131851.88,2926997420.7799997,175.3534,870.55,1121.93,2.3,70.04,14.641666,8.2,19.95,3.3583336,297.01839451,2926.9974207799996,1298.13185188,1331.8471743900002,392.3831921525202,-73.58497606688886,-21.77982157563133
2023-05-15,327721534.98,1586890278.6,845634329.305,2760246142.885,176.0514,870.55,699.43,8.1,70.32,12.529167,9.3,16.0,5.470833,327.72153498,2760.246142885,845.6343293049999,1586.8902785999999,392.44306104408463,-74.26053705191825,9.539010987833649
2023-05-16,359730290.32,1577859495.42,644853891.07,2582443676.81,176.7021,870.55,479.9,49.4,70.52,10.250001,6.15,15.0,7.749999,359.73029032,2582.44367681,644.85389107,1577.85949542,392.50354333327624,-19.2456525884265,-13.527600424849766
2023-05-17,349276227.83,1649169531.74,448187778.602,2446633538.172,177.0498,870.55,651.52,316.3,70.66,10.570833,4.45,15.25,7.429167,349.27622783,2446.633538172,448.187778602,1649.16953174,392.56464210535466,-17.501206501591454,-25.787207773763214
2023-05-18,287365090.33,1899808788.07,670044732.38,2857218610.78,177.6699,870.55,688.01,22.2,70.9,13.1125,6.8,18.1,4.8875,287.36509033,2857.2186107800003,670.04473238,1899.80878807,392.6263606475134,-52.27188857896144,-52.98938173855203
2023-05-19,279464373.24,1717605953.82,838034656.87,2835104983.93,178.4618,870.55,794.33,2.0,71.22,14.679169,8.75,19.6,3.3208313,279.46437324,2835.10498393,838.03465687,1717.60595382,392.68870272072826,13.63107518702521,-126.85540466775348
2023-05-20,254083142.58,1630032638.61,1125222422.01,3009338203.2,179.644,870.55,1188.37,5.8,71.69,19.964582,13.7,26.2,0.0,254.08314258000001,3009.3382032,1125.22242201,1630.0326386099998,392.7516723448279,-79.42900822496914,-59.23952153985874
2023-05-21,258997364.92,1654498330.87,1232710175.019,3146205870.809,180.9878,870.55,1340.79,0.2,72.23,20.410416,15.35,25.25,0.0,258.99736492,3146.205870809,1232.710175019,1654.4983308699998,392.81527305117123,-110.24307975935537,-23.57482837181584
2023-05-22,318107137.17,2253155331.44,756945859.32,3328208327.9300003,181.6074,870.55,607.92,41.5,72.48,16.210417,13.0,22.4,1.7895832,318.10713717000004,3328.2083279300005,756.9458593200001,2253.1553314400003,392.87950832889186,-67.03349079848218,-7.73888036040961
2023-05-23,323810426.25,2077564544.59,621130195.31,3022505166.15,182.121,870.55,588.71,67.9,72.68,12.079166,9.6,15.4,5.9208336,323.81042625,3022.50516615,621.13019531,2077.56454459,392.94438169181626,-45.62737118389698,-23.506584257919314
2023-05-24,383678754.27,1912595940.02,516247855.597,2812522549.887,182.4761,870.55,432.85,78.8,72.82,14.337499,8.3,18.7,3.6625013,383.67875426999996,2812.522549887,516.247855597,1912.59594002,393.0098968880557,-26.957669573719453,17.626526955663678
2023-05-25,336520130.8,1870069982.59,399255185.322,2605845298.7120004,182.7819,870.55,404.53,97.7,72.94,13.452083,6.9,18.7,4.5479174,336.5201308,2605.8452987120004,399.25518532200005,1870.0699825899999,393.0760578541183,-80.4865333151869,23.930606261068647
2023-05-26,313763060.69,1724039712.39,757709443.747,2795512216.8269997,183.5432,870.55,794.63,28.8,73.25,13.799999,6.2,19.8,4.200001,313.76306069,2795.5122168269995,757.709443747,1724.0397123900002,393.1428683886045,-80.89886776157078,1.5190600629662754
2023-05-27,285824742.55,1571079291.487,998589445.402,2855493479.439,184.6518,870.55,965.63,5.8,73.69,16.175001,7.5,22.6,1.8249989,285.82474255,2855.493479439,998.5894454019999,1571.079291487,393.2103320961886,-89.82203360679065,-17.56355593939793
2023-05-28,233185822.54,1478824226.13,1107100272.466,2819110321.136,185.475,870.55,1090.48,14.9,74.02,16.10625,10.65,21.05,1.8937492,233.18582254,2819.110321136,1107.100272466,1478.8242261300002,393.2784525043674,-123.3708088630667,-36.72182110130069
2023-05-29,259228429.88,1844213731.23,984772428.71,3088214589.82,186.2252,870.55,871.89,15.6,74.32,15.462501,7.25,21.55,2.5374994,259.22842988,3088.21458982,984.77242871,1844.2137312300001,393.3472332390444,-85.45103525480305,-48.667768104241304
2023-05-30,361112728.02,1855517104.94,633115125.372,2849744958.332,187.0818,870.55,636.13,13.3,74.66,17.104166,8.7,24.05,0.89583397,361.11272801999996,2849.744958332,633.115125372,1855.51710494,393.4166779341675,-23.18616217691474,-9.117787737252797
2023-05-31,342902522.85,1824417116.14,606506003.36,2773825642.35,187.3884,870.55,533.98,25.7,74.99,16.704168,11.35,21.65,1.2958317,342.90252285,2773.8256423499997,606.50600336,1824.4171161400002,393.4867899535407,-38.20885535600757,-12.375411747533121
2023-06-01,392231553.61,1196974895.981,475931707.07,2065138156.661,187.8107,870.55,465.92,43.6,75.16,14.608331,9.5,19.65,3.3916693,392.23155361,2065.138156661,475.93170707,1196.974895981,393.5575723254136,-21.32384137037556,19.997822654961965
2023-06-02,334639136.08000004,1167867890.89,466872198.41,1969379225.38,188.4882,870.55,497.28,24.6,75.15,14.037499,7.05,19.55,3.9625006,334.63913608000007,1969.3792253800002,466.87219841,1167.8678908900001,393.62902811682847,-47.71049255442666,-11.279399482401743
2023-06-03,287292685.53,1219533911.592,695537416.58,2202364013.702,189.1701,870.55,690.23,8.3,75.43,16.270834,6.95,22.65,1.729166,287.29268552999997,2202.364013702,695.53741658,1219.533911592,393.70116039898596,-66.04996695658032,-40.358507912405685
2023-06-04,297018595.48,1241874309.164,738740889.296,2277633793.94,189.8525,870.55,688.83,23.6,75.7,19.0,10.1,25.2,0.0,297.01859548000004,2277.63379394,738.740889296,1241.8743091640001,393.7739721826325,-110.76490674440036,14.009530041767903
2023-06-05,400204783.4,1207111670.64,460258039.569,2067574493.609,190.2449,870.55,431.14,33.4,75.85,19.56875,14.8,25.4,0.0,400.2047834,2067.574493609,460.258039569,1207.11167064,393.84746648163264,25.860981566122103,-19.50366464775476
2023-06-06,428348275.38,1184375471.039,316934653.712,1929658400.131,190.5461,870.55,350.16,47.3,75.97,22.131248,15.75,28.3,0.0,428.34827538,1929.658400131,316.934653712,1184.375471039,393.92164600053627,-117.86076006067012,152.2873894401339
2023-06-07,400366911.68,1348594122.13,220593894.101,1969554927.9110005,190.7325,870.55,227.4,46.0,76.04,22.804167,16.1,28.25,0.0,400.36691168,1969.5549279110005,220.59389410100002,1348.5941221300002,393.9965128953956,-29.43906771761005,35.809466502214434
2023-06-08,330469700.65,1429511408.92,414144646.01,2174125755.58,191.1828,870.55,461.64,4.8,76.22,22.204168,16.1,28.45,0.0,330.46970065,2174.12575558,414.14464601,1429.5114089200001,394.0720691502444,-51.60557203098478,-11.996796469259607
2023-06-09,304931920.5,1293100900.24,450692886.94,2048725707.68,191.7343,870.55,560.57,9.5,76.44,22.279165,15.3,28.85,0.0,304.9319205,2048.72570768,450.69288694,1293.10090024,394.14831680790496,-71.40822407177302,-17.808172236131952
2023-06-10,314691549.64,1335084469.39,766960582.459,2416736601.489,192.6374,870.55,909.45,6.9,76.8,21.485418,14.2,26.3,0.0,314.69154964,2416.736601489,766.960582459,1335.08446939,394.2252580338322,-73.16537606951185,-6.368332324320306
2023-06-11,317344868.13,1240822181.293,817791414.319,2375958463.7419996,193.5399,870.55,909.87,6.8,77.16,21.085417,14.45,25.4,0.0,317.34486813,2375.958463742,817.791414319,1240.822181293,394.30289505453277,-71.93081319835925,-5.0272137261735
2023-06-12,355196074.95,1135625390.97,552204955.364,2043026421.284,194.0962,870.55,627.33,71.0,77.38,18.583332,12.3,23.6,0.0,355.19607494999997,2043.026421284,552.2049553639999,1135.6253909700001,394.38122982892685,-67.912501575282,28.727346696355085
2023-06-13,341395598.86,1265180997.72,539356190.315,2145932786.895,194.7415,870.55,582.83,4.4,77.64,18.293749,11.3,23.65,0.0,341.39559886,2145.932786895,539.356190315,1265.18099772,394.460264058216,-55.46334931433111,2.398684116115078
2023-06-14,416136227.48,1195670871.59,524858588.222,2136665687.292,195.1609,870.55,455.46,37.5,77.81,18.464584,14.45,22.8,0.0,416.13622748,2136.6656872920003,524.858588222,1195.67087159,394.53999949015633,-0.5285918857132459,22.12481987555691
2023-06-15,428175293.66,1003818196.64,345444610.772,1777438101.072,195.477,870.55,344.04,28.7,77.93,15.502084,13.45,19.85,2.4979162,428.17529366,1777.438101072,345.44461077200003,1003.81819664,394.62043799870133,-26.711298454104206,60.26615411540291
2023-06-16,383686716.59,1023001704.92,437908642.107,1844597063.617,195.9238,870.55,467.32,20.6,78.11,16.472918,11.75,20.8,1.5270824,383.68671658999995,1844.597063617,437.908642107,1023.00170492,394.70158164891564,-91.48770411445177,80.4728390555361
2023-06-17,325737719.03999996,1067011145.85,682442345.049,2075191209.939,196.4765,870.55,646.65,93.9,78.33,19.164583,11.7,24.65,0.0,325.73771903999994,2075.1912099389997,682.442345049,1067.01114585,394.7834327995316,-89.19450475393937,20.148790994407705
2023-06-18,306616716.28,1089108016.742,923373939.35,2319098672.372,197.3132,870.55,842.92,6.2,78.67,20.92708,14.75,27.05,0.0,306.61671628,2319.0986723720002,923.37393935,1089.108016742,394.865993870726,-97.07134847955334,8.822070888827284
2023-06-19,429968750.94,1142107137.43,468573225.418,2040649113.788,197.6774,870.55,385.24,21.1,78.81,21.018751,16.15,25.4,0.0,429.96875094,2040.649113788,468.573225418,1142.10713743,394.9492672571964,-67.11181482299344,102.13129850579702
2023-06-20,475476448.23,1412538329.64,248286102.893,2136300880.763,197.9206,870.55,275.97,29.1,78.91,23.077085,18.7,27.75,0.0,475.47644823,2136.300880763,248.28610289300002,1412.53832964,395.03325518558034,-39.297233288617065,119.74042633303674
2023-06-21,444349088.43,1418088627.12,154029583.659,2016467299.209,198.0403,870.55,225.49,105.8,78.96,22.862501,17.65,27.2,0.0,444.34908843,2016.4672992090002,154.029583659,1418.08862712,395.1179595044221,16.3855989561102,32.84552996946769
2023-06-22,442748076.9,1201930590.51,74928449.912,1719607117.3219998,198.0557,870.55,100.43,85.0,78.96,18.097918,16.85,20.4,0.0,442.7480769,1719.6071173219998,74.928449912,1201.93059051,395.2033816620814,30.073294725318753,17.471400512599814
2023-06-23,348116329.90999997,1188340503.986,193778405.999,1730235239.895,198.2859,870.55,249.1,18.9,79.05,19.218748,14.8,24.55,0.0,348.11632991,1730.235239895,193.778405999,1188.3405039860002,395.2895228104568,-44.843698956322285,-2.3294939441345264
2023-06-24,322544653.65,1221057509.81,869997430.739,2413599594.199,199.0265,870.55,746.22,5.6,79.35,21.360415,14.85,26.3,0.0,322.54465365,2413.599594199,869.9974307389999,1221.05750981,395.3763839546862,-52.40409582130122,-20.42763448338502
2023-06-25,315315785.36,1228129559.924,852725107.3790001,2396170452.663,199.7249,870.55,718.61,20.2,79.63,22.345833,17.85,29.25,0.0,315.31578536,2396.170452663,852.7251073790001,1228.129559924,395.4639660787853,-85.0246622940116,4.8764815752263075
2023-06-26,350101319.51,1260001144.21,608762880.371,2218865344.091,200.2198,870.55,533.79,38.9,79.83,17.339584,14.4,20.45,0.66041565,350.10131951,2218.865344091,608.762880371,1260.0011442100001,395.55227018063925,-58.37988401472421,12.928933344084953
2023-06-27,390848111.86,1484516946.06,172974708.939,2048339766.859,200.4089,870.55,227.56,38.2,79.9,17.637499,12.9,22.05,0.36250114,390.84811186,2048.339766859,172.974708939,1484.51694606,395.6412970492272,-10.523057839079069,5.72987264985187
2023-06-28,488544395.19,1753612691.435,95362404.641,2337519491.266,200.4393,870.55,102.72,72.3,79.91,19.429165,11.85,24.8,0.0,488.54439519,2337.519491266,95.362404641,1753.612691435,395.73104708220666,-24.632811659839476,117.44615976763276
2023-06-29,472149728.92,1697193610.69,122180780.702,2291524120.3120003,200.5013,870.55,118.75,56.7,79.94,19.41667,16.7,21.55,0.0,472.14972892000003,2291.5241203120004,122.180780702,1697.19361069,395.82152063814436,-17.061909019239245,93.3901173010949
2023-06-30,361395418.33,1564862282.7,157322676.45499998,2083580377.485,200.7565,870.55,276.85,21.7,80.04,19.658335,15.15,23.75,0.0,361.39541833,2083.580377485,157.322676455,1564.8622827000002,395.9127182891499,-40.98225157659174,6.464951617441841
2023-07-01,262672867.68,925415360.049,875253638.498,2063341866.227,201.6252,870.55,901.99,23.9,80.4,18.460417,15.85,21.7,0.0,262.67286768,2063.341866227,875.253638498,925.415360049,396.00464049588624,-82.79791888096543,-50.533853934920785
2023-07-02,286753477.14,913184918.744,924813751.289,2124752147.173,202.477,870.55,878.59,23.4,80.74,17.897917,14.45,21.4,0.102083206,286.75347714,2124.752147173,924.813751289,913.1849187439999,396.09728756198024,-88.22023055325823,-21.123579868722004
2023-07-03,320229499.82,774609458.5009999,676431088.925,1771270047.2459998,203.1663,870.55,695.63,17.5,81.02,18.39375,14.3,22.25,0.0,320.22949982,1771.2700472459999,676.4310889249999,774.609458501,396.19065985117993,-88.79847825469889,12.837318223518992
2023-07-04,371326561.06,815728250.19,502870571.007,1689925382.257,203.4614,870.55,316.52,22.2,81.06,18.627085,12.95,24.7,0.0,371.32656106,1689.925382257,502.870571007,815.72825019,396.2847572814021,-45.58168566211151,20.62348944070942
2023-07-05,316557688.82,773441538.4200001,498451871.603,1588451098.843,203.9934,870.55,540.36,8.4,81.27,18.18125,13.6,22.25,0.0,316.55768882,1588.451098843,498.451871603,773.44153842,396.3795789680301,-81.95610229677628,2.134212148746201
2023-07-06,418060456.65,697774504.78,415825199.07,1531660160.4999998,204.3586,870.55,370.82,5.6,81.42,20.158333,11.0,27.4,0.0,418.06045665,1531.6601604999998,415.82519907,697.7745047799999,396.4751236024146,-97.69440852224892,119.27974156983424
2023-07-07,344752184.15,908207814.11,538250166.664,1791210164.924,204.979,870.55,623.41,3.0,81.67,23.233332,14.75,30.05,0.0,344.75218414999995,1791.210164924,538.2501666640001,908.20781411,396.5713901617496,-90.24058795420075,38.42138194245109
2023-07-08,299488282.25,712133238.748,915701382.797,1927322903.795,205.8815,870.55,916.14,0.3,82.03,24.949999,16.5,31.55,0.0,299.48828225,1927.322903795,915.7013827970001,712.133238748,396.6683779327887,-101.95197007364457,4.771874390855885
2023-07-09,322654188.77,698275090.471,882538489.255,1903467768.496,206.7314,870.55,848.3,5.1,82.36,24.043749,19.2,30.85,0.0,322.65418876999996,1903.467768496,882.538489255,698.275090471,396.7660860228559,-89.91926078441148,15.807363531555552
2023-07-10,436296883.57000005,949519085.35,498700411.509,1884516380.429,207.1539,870.55,423.97,20.3,82.8,23.389587,16.2,29.6,0.0,436.29688357000003,1884.5163804289998,498.700411509,949.5190853500001,396.86451345135873,-110.62921462963965,150.06158474828095
2023-07-11,388665157.05,1270817271.57,456883944.435,2116366373.055,207.5016,870.55,361.52,13.8,82.94,24.722916,21.05,27.6,0.0,388.66515705,2116.366373055,456.883944435,1270.81727157,396.96365937946507,-18.04956377170727,9.75106144224219
2023-07-12,397387733.36,1337674023.69,388803991.05,2123865748.1,207.8737,870.55,391.37,11.6,83.09,20.8875,15.65,25.55,0.0,397.38773336,2123.8657481,388.80399105000004,1337.67402369,397.063522831322,-22.889137998553252,23.21334852723129
2023-07-13,401085508.91,1056259022.49,466495146.89,1923839678.29,208.2805,870.55,410.69,9.1,83.24,20.675003,13.8,25.85,0.0,401.08550891000004,1923.83967829,466.49514689,1056.25902249,397.1641028775958,-35.11616598539618,39.037572017800414
2023-07-14,366139288.5,858979237.45,590879850.915,1815998376.865,208.8425,870.55,570.33,8.3,83.47,26.539583,17.95,34.5,0.0,366.1392885,1815.998376865,590.8798509149999,858.97923745,397.26539893410023,-76.73683689036584,45.61072645626564
2023-07-15,283863658.91999996,1172980276.786,831207946.177,2288051881.883,209.8017,870.55,991.77,4.8,83.85,24.293753,20.6,28.65,0.0,283.86365892,2288.051881883,831.207946177,1172.980276786,397.3674103207288,-96.83854355497436,-16.66520784575448
2023-07-16,308686610.98,1084001070.89,973716340.523,2366404022.3929996,210.8091,870.55,1009.26,5.7,84.25,21.558334,15.45,26.35,0.0,308.68661098,2366.4040223929997,973.716340523,1084.0010708900002,397.470136387347,-104.53853180049529,15.755006393148278
2023-07-17,352108254.90999997,1252360681.97,644000755.655,2248469692.535,211.3989,870.55,622.97,11.8,84.49,19.516666,13.55,24.3,0.0,352.10825490999997,2248.469692535,644.0007556549999,1252.36068197,397.57357686689625,-75.07143753708924,29.606115580192977
2023-07-18,407759413.43,1450073110.06,543345618.489,2401178141.979,211.842,870.55,445.99,4.2,84.67,19.814585,13.3,25.25,0.0,407.75941343,2401.178141979,543.345618489,1450.0731100599999,397.6777312775653,8.587287653523326,1.4943944989113902
2023-07-19,414301560.04,1477603324.65,519670329.303,2411575213.993,212.2197,870.55,406.77,27.3,84.82,17.845833,14.05,22.15,0.15416718,414.30156004,2411.575213993,519.670329303,1477.60332465,397.78259861007837,-1.9609441668522778,18.47990559677396
2023-07-20,412843441.52,1495735795.48,403116387.311,2311695624.311,212.5255,870.55,308.23,18.0,84.9,17.025,11.55,21.05,0.9750004,412.84344152,2311.695624311,403.116387311,1495.73579548,397.8881774586322,-20.516307706874468,35.471571768242256
2023-07-21,411678379.42,1378582128.65,419545454.87,2209805962.94,212.9313,870.55,417.14,9.1,85.06,17.479168,12.95,21.65,0.52083206,411.67837942,2209.80596294,419.54545487,1378.5821286500002,397.9944661440871,-13.00472340126451,26.688636677177442
2023-07-22,286027732.2,977023694.178,927993477.286,2191044903.664,213.8251,870.55,934.14,12.3,85.42,20.614584,15.75,27.75,0.0,286.0277322,2191.0449036640002,927.993477286,977.023694178,398.10146255080474,-43.24421963176411,-68.82951071904063
2023-07-23,269679172.69,962999785.54,1059591049.38,2292270007.61,214.7982,870.55,975.59,2.6,85.81,20.977083,17.3,27.5,0.0,269.67917269,2292.27000761,1059.59104938,962.99978554,398.209164065358,-101.51614589193107,-27.013845483426962
2023-07-24,352915339.98,1255454408.94,592519788.63,2200889537.55,215.3522,870.55,534.8,1.5,86.03,18.30625,14.75,21.85,0.0,352.91533998,2200.88953755,592.51978863,1255.4544089400001,398.3175680497059,-72.05298371775783,26.65075564805187
2023-07-25,369284875.1,998484607.24,433856097.95,1801625580.29,215.8642,870.55,509.74,5.4,86.23,16.331253,12.05,19.85,1.668747,369.2848751,1801.62558029,433.85609795,998.4846072400001,398.4266720354834,-56.33898344526903,27.197186509785638
2023-07-26,323930047.43,903594387.762,441386497.889,1668910933.081,216.4527,870.55,595.17,6.0,86.47,16.106249,11.95,19.95,1.8937511,323.93004743,1668.9109330810002,441.386497889,903.594387762,398.5364733749167,-36.13636380993266,-38.470062134984005
2023-07-27,333470097.83,848303613.085,616539042.932,1798312753.847,217.011,870.55,565.21,4.6,86.69,18.99375,16.3,22.4,0.0,333.47009783,1798.3127538469998,616.539042932,848.303613085,398.6469693825614,-49.64942231912314,-15.52744923343829
2023-07-28,345151133.24,931461774.46,572211643.021,1848824550.721,217.4786,870.55,479.92,8.6,86.88,19.060415,15.45,23.7,0.0,345.15113324000004,1848.824550721,572.211643021,931.46177446,398.7581577199676,-71.65411748809963,18.047093008132094
2023-07-29,267290327.31,754182106.202,1183930473.152,2205402906.664,218.6135,870.55,1160.64,0.3,87.33,18.939583,15.05,23.7,0.0,267.29032731,2205.402906664,1183.9304731519999,754.182106202,398.87003586642066,-110.32207133072895,-21.257637225691724
2023-07-30,261044876.14,734671006.697,1246539464.252,2242255347.089,219.8486,870.55,1240.08,0.3,87.82,17.327084,15.0,20.1,0.6729164,261.04487614,2242.255347089,1246.539464252,734.671006697,398.9826009664052,-121.88870923475412,-16.049015591651084
2023-07-31,282690167.63,761923244.937,824452054.723,1869065467.29,220.8059,870.55,928.25,1.2,88.2,18.143751,16.75,21.1,0.0,282.69016763,1869.06546729,824.4520547230001,761.923244937,399.0958506009883,-107.65953857668053,-8.746144394307748
2023-08-01,293409972.88,1097193342.68,625175661.23,2015778976.79,220.2119,870.55,623.82,1198.5,87.89,18.610418,14.55,22.45,0.0,293.40997288,2015.77897679,625.1756612300001,1097.1933426800001,399.2097824471446,-77.10185336516987,-28.697956201974762
2023-08-02,309939228.08000004,1107347982.04,747605802.495,2164893012.615,220.9876,870.55,777.09,1.4,88.2,19.58125,16.75,23.25,0.0,309.93922808,2164.893012615,747.605802495,1107.34798204,399.32439385474333,-88.62042390799476,-0.7647418667485226
2023-08-03,329582516.02,1394566850.2,745600802.221,2469750168.441,221.5752,870.55,602.16,11.7,88.43,18.55625,16.1,21.55,0.0,329.58251601999996,2469.750168441,745.600802221,1394.5668502,399.4396821298253,-73.62066968282822,3.763503573002879
2023-08-04,370737536.68,1101258085.18,502820473.92,1974816095.78,222.056,870.55,495.22,15.1,88.62,17.729168,13.9,21.05,0.27083206,370.73753668,1974.81609578,502.82047392000004,1101.25808518,399.5556448157923,-76.53678818428375,47.71868004849148
2023-08-05,312921768.51,988270126.21,812467892.848,2113659787.568,222.8331,870.55,789.64,11.5,88.93,15.989582,14.6,17.6,2.010418,312.92176851,2113.659787568,812.467892848,988.2701262100001,399.6722791768452,-99.89341225467845,13.142901587833194
2023-08-06,304226983.27,778012335.77,796024684.2,1878264003.24,223.6539,870.55,822.24,0.4,89.26,15.885417,13.45,19.15,2.114583,304.22698327,1878.26400324,796.0246842,778.0123357699999,399.78958244273946,-116.43916340009568,20.876564227356255
2023-08-07,363591027.88,852622023.461,778589231.43,1994802282.771,224.3646,870.55,725.71,0.9,89.54,15.5041685,12.3,19.75,2.4958315,363.59102788,1994.802282771,778.5892314299999,852.6220234609999,399.9075520013115,-75.1630158963396,38.846491775028085
2023-08-08,356621997.47,755152712.878,675437467.9990001,1787212178.347,225.1007,870.55,711.21,0.8,89.84,15.516667,12.25,19.9,2.4833326,356.62199747000005,1787.212178347,675.4374679990001,755.152712878,400.0261851048036,-68.98521995231036,25.581032317506867
2023-08-09,427507777.26,679169748.952,696250254.163,1802927780.375,225.7798,870.55,679.96,0.9,90.11,15.854165,11.6,20.25,2.145835,427.50777726,1802.927780375,696.250254163,679.1697489520001,400.1454782428059,-82.77456508986896,110.13686410706305
2023-08-10,439515290.77,572019532.571,605050646.55,1616585469.8909998,226.4862,870.55,706.68,0.3,90.39,18.166668,10.5,24.7,0.0,439.51529077,1616.5854698909998,605.0506465499999,572.019532571,400.26542757354235,-107.56647080958153,146.8163340060392
2023-08-11,361773336.2,589095814.845,733545848.969,1684415000.014,227.3221,870.55,837.01,1.1,90.72,21.222916,16.75,26.9,0.0,361.77333619999996,1684.415000014,733.545848969,589.0958148450001,400.3860295841094,-91.35395608150947,52.74126269740003
2023-08-12,306918050.81,882264657.095,912636832.021,2101819539.926,228.4492,870.55,1153.79,0.2,91.17,21.222916,16.7,25.75,0.0,306.91805081,2101.8195399260003,912.636832021,882.2646570950001,400.5072808133409,-90.05051409602065,-3.5387159073202383
2023-08-13,326489339.98,812887689.784,934131986.216,2073509015.98,229.5482,870.55,1100.38,9.3,91.61,22.65,16.3,29.25,0.0,326.48933998,2073.50901598,934.131986216,812.887689784,400.6291774932046,-87.26018096631302,13.120343453108433
2023-08-14,402032429.99,682445191.818,718113355.043,1802590976.851,230.3121,870.55,760.61,1.8,91.85,24.231249,19.15,29.65,0.0,402.03242999,1802.590976851,718.113355043,682.445191818,400.7517160754624,-102.4901963434895,103.77091025802713
2023-08-15,443713389.78,1039966842.18,761671301.83,2245351533.79,230.9889,870.55,670.81,7.5,91.54,22.606249,18.75,26.8,0.0,443.71338977999994,2245.35153379,761.6713018300001,1039.96684218,400.8748935535716,-23.746502071519835,66.58499829794818
2023-08-16,414330503.05,846808499.426,710832898.11,1971971900.586,231.6809,870.55,693.13,0.8,91.79,21.300001,17.6,25.45,0.0,414.33050305,1971.971900586,710.83289811,846.808499426,400.9987073665013,-2.3710460623607066,15.702841745859416
2023-08-17,407956946.74,778270960.1800001,790217095.083,1976445002.003,232.4445,870.55,767.46,1.8,92.1,23.064585,18.35,29.3,0.0,407.95694674000003,1976.4450020030001,790.2170950829999,778.2709601800001,401.12315496743975,-4.54009995811934,11.373891730679645
2023-08-18,390266067.15,908007388.49,741983660.724,2040257116.364,233.1364,870.55,694.02,1.7,92.38,24.722916,18.75,30.9,0.0,390.26606714999997,2040.257116364,741.983660724,908.00738849,401.2482337544306,-23.922586150377064,12.94041954594644
2023-08-19,327360213.14,1065724635.63,948540144.67,2341624993.44,234.0466,870.55,938.42,20.0,92.74,24.345835,20.85,28.85,0.0,327.36021314,2341.6249934400003,948.5401446699999,1065.72463563,401.3739410234966,-52.28642612918698,-21.72730175430968
2023-08-20,352488857.26,1004681512.07,843136101.188,2200306470.5179996,234.8224,870.55,778.77,4.1,93.05,22.756247,19.2,26.8,0.0,352.48885726,2200.3064705179995,843.136101188,1004.68151207,401.50027413377666,-72.00253020391973,22.991113330143037
2023-08-21,463704279.33,926858304.413,405089831.575,1795652415.318,235.2454,870.55,470.5,49.1,93.21,21.368752,17.5,25.65,0.0,463.70427932999996,1795.652415318,405.089831575,926.858304413,401.6272304734847,-90.01443146419072,152.09148032070595
2023-08-22,489595680.01,784526176.771,332839037.866,1606960894.647,235.4951,870.55,277.05,33.8,93.31,21.154167,15.7,26.55,0.0,489.59568000999997,1606.960894647,332.839037866,784.526176771,401.75480730380025,-35.3516616060747,123.19253431227446
2023-08-23,498092821.35,900670207.86,311229408.71500003,1709992437.9250002,235.7082,870.55,217.69,6.5,93.4,22.314585,15.45,28.05,0.0,498.09282135,1709.992437925,311.22940871500003,900.67020786,401.8830016459261,-98.0937251337385,194.30354483781247
2023-08-24,482824351.01,965771519.91,242567748.828,1691163619.748,235.8929,870.55,200.62,15.9,93.47,23.479166,20.15,29.4,0.0,482.82435101,1691.163619748,242.56774882800002,965.7715199099999,402.01181021897605,-107.77445769255961,188.58699848358356
2023-08-25,475422549.81,784198402.6,233083894.146,1492704846.556,236.1212,870.55,229.21,0.8,93.56,21.202082,16.5,25.1,0.0,475.42254981,1492.704846556,233.083894146,784.1984026,402.1412292226253,-117.30166274170757,190.5829833290823
2023-08-26,335579854.68,684189270.33,583504895.868,1603274020.878,236.5554,870.55,461.57,13.5,93.73,17.3,12.7,21.4,0.70000076,335.57985468,1603.274020878,583.5048958680001,684.18927033,402.2712546179949,-60.66558901470526,-6.025810923289612
2023-08-27,329687536.5,618388746.257,548326812.37,1496403095.127,237.0301,870.55,488.95,14.3,93.92,16.579168,12.75,19.25,1.4208317,329.6875365,1496.4030951270001,548.32681237,618.388746257,402.4018826377004,-62.528428068287965,-10.185918069412423
2023-08-28,496785741.39,679998024.14,270309157.703,1447092923.233,237.1061,870.55,157.64,95.2,93.95,15.164584,14.4,16.55,2.8354158,496.78574139,1447.092923233,270.309157703,679.99802414,402.5331099366811,-78.28945503667693,172.54208648999582
2023-08-29,469435810.05,735658943.75,90858715.085,1295953468.885,236.8822,870.55,83.77,308.3,93.86,16.206251,13.25,19.75,1.7937489,469.43581005,1295.953468885,90.858715085,735.65894375,402.66493312147173,-4.6426837785491095,71.41356070707735
2023-08-30,410039566.36,575084989.11,78409028.587,1063533584.057,236.9262,870.55,127.55,83.6,93.88,15.054165,12.8,18.25,2.945835,410.03956636000004,1063.533584057,78.409028587,575.08498911,402.7973483580165,-27.740001387280994,34.982219389264515
2023-08-31,354699222.89,468858706.98,185128906.202,1008686836.072,236.9783,870.55,186.37,90.2,93.81,15.658334,11.1,20.4,2.3416662,354.69922289,1008.686836072,185.128906202,468.85870698,402.9303507724785,-52.51398953035876,4.282861647880225
2023-09-01,368628122.31,668368567.66,345474275.198,1382470965.168,237.6171,870.55,358.27,19.3,93.73,16.827084,10.15,21.8,1.1729164,368.62812231,1382.470965168,345.474275198,668.3685676599999,403.06393457745594,-71.42668164636092,36.99086937890496
2023-09-02,304006421.14,368934214.236,300103842.349,973044477.725,237.9362,870.55,474.69,156.0,93.85,16.870834,13.7,20.5,1.1291656,304.00642114,973.044477725,300.103842349,368.934214236,403.19809320361816,-87.6530458474109,-11.538626216207263
2023-09-03,308488290.77,307003702.68,322834558.054,938326551.504,238.2473,870.55,521.43,210.4,93.98,17.839582,11.55,24.2,0.16041756,308.48829077,938.3265515039999,322.834558054,307.00370268,403.33281991020215,-68.02566173310163,-26.818867407100527
2023-09-04,372504195.18,307463610.53999996,108526314.955,788494120.6750001,238.2944,870.55,195.48,148.4,94.0,20.45833,14.7,26.8,0.0,372.50419518,788.4941206750001,108.526314955,307.46361053999993,403.4681083348651,-139.55852590147515,108.59461274661004
2023-09-05,398531428.63,348786239.14,123146801.359,870464469.129,238.3681,870.55,146.06,76.7,94.02,20.814583,13.0,28.35,0.0,398.53142863,870.4644691289999,123.146801359,348.78623913999996,403.60395277315416,-55.46978310468497,50.39725896153078
2023-09-06,408484161.35,416988119.38,207294751.62,1032767032.35,238.3832,870.55,144.1,130.1,93.99,21.745834,15.45,28.4,0.0,408.48416135,1032.7670323500001,207.29475162,416.98811938,403.7403476916385,-31.555893125859132,36.29970678422069
2023-09-07,382163214.07,456132905.53,180379844.603,1018675964.2029998,238.3769,870.55,148.97,155.4,93.99,22.004166,15.75,28.8,0.0,382.16321407,1018.6759642029998,180.37984460299998,456.13290552999996,403.87728740585413,-43.80331301130011,22.08923967544598
2023-09-08,434258441.48,435209404.66,151552034.47,1021019880.61,238.3274,870.55,160.57,210.8,93.97,22.327085,15.2,30.1,0.0,434.25844148000004,1021.01988061,151.55203447,435.20940466,404.01476650595737,-102.39132393494066,132.63499890898333
2023-09-09,354631110.61,365467945.456,101745307.002,821844363.068,238.4566,870.55,191.25,62.0,94.02,21.891668,13.4,30.15,0.0,354.63111061,821.844363068,101.745307002,365.467945456,404.15277922861407,-51.79891357640651,2.2772449577924476
2023-09-10,355906096.48,371433958.59,148484085.698,875824140.7680001,238.5419,870.55,166.48,81.1,94.05,22.695831,14.15,30.05,0.0,355.90609648000003,875.8241407680001,148.484085698,371.43395859,404.2913192498565,-39.47647270431176,-8.908750065544666
2023-09-11,438254596.56,266661701.485,35348129.523,740264427.5680001,238.52,870.55,112.66,122.9,94.04,22.224998,14.45,29.6,0.0,438.25459656,740.2644275680001,35.348129523000004,266.66170148500004,404.43038016952704,-69.66369045629247,103.48790684676538
2023-09-12,440424446.88,390713073.399,19272246.717,850409766.996,238.5239,870.55,116.83,99.9,94.04,19.85417,16.85,23.75,0.0,440.42444688,850.409766996,19.272246717,390.713073399,404.5699557618636,-70.71544374694464,106.56993486508105
2023-09-13,414985250.06,322580228.19200003,14702168.253,752267646.5050001,238.5312,870.55,68.93,61.4,94.05,16.435417,11.5,20.7,1.5645828,414.98525006,752.2676465050001,14.702168253,322.58022819200005,404.71003977119955,-28.922905769713736,39.19811605851419
2023-09-14,437762335.67,301748118.878,31014586.744000003,770525041.292,238.5726,870.55,93.67,54.7,94.06,16.925001,10.55,22.9,1.0749989,437.76233567,770.5250412920001,31.014586744000002,301.748118878,404.8506258711806,-80.66566640532733,113.57737620414679
2023-09-15,379796036.87,254231257.689,63951192.655,697978487.214,238.72,870.55,147.97,0.6,94.12,18.931253,13.0,25.25,0.0,379.79603687,697.978487214,63.951192655,254.23125768900002,404.9917079375118,-101.93788348774105,76.74221242022924
2023-09-16,337156497.34,532126977.86,242156077.573,1111439552.773,238.9521,870.55,264.52,32.4,94.21,20.120834,13.25,27.1,0.0,337.15649734,1111.439552773,242.156077573,532.12697786,405.1332796094718,-98.09026789606003,30.113485626588215
2023-09-17,324289626.58,545381632.27,312569924.256,1182241183.106,239.2808,870.55,329.15,0.4,94.34,21.677084,17.15,27.75,0.0,324.28962658,1182.2411831059999,312.569924256,545.38163227,405.27533368696277,-82.5327629109864,1.547055804023671
2023-09-18,358444269.09000003,437002769.36,323447835.08,1118894873.53,239.5343,870.55,253.76,0.4,94.44,18.462502,16.3,20.6,0.0,358.44426909000003,1118.89487353,323.44783508,437.00276936,405.41786260985805,-94.05939627022282,47.08580275036479
2023-09-19,354458261.31,526644362.984,384605116.605,1265707740.899,239.8785,870.55,343.67,3.1,94.58,19.33125,15.5,24.6,0.0,354.45826131,1265.7077408989999,384.60511660500003,526.644362984,405.56085868225506,-89.23923834335436,38.136640971099325
2023-09-20,387627591.56,353712157.032,254927466.028,996267214.62,240.1282,870.55,266.95,14.6,94.57,20.770832,14.25,27.85,0.0,387.62759156,996.26721462,254.927466028,353.712157032,405.7043135478786,-31.09444549321091,13.017723505332299
2023-09-21,373482637.14,391731325.59,131914016.162,897127978.892,240.2855,870.55,180.49,24.3,94.64,17.639582,15.35,19.65,0.36041832,373.48263714,897.127978892,131.914016162,391.73132559,405.8482180651654,-61.01149865968118,28.64591773451582
2023-09-22,376923246.1,399924028.157,193378965.834,970226240.091,240.494,870.55,225.34,16.9,94.72,15.139584,12.65,18.25,2.8604164,376.92324610000003,970.2262400909999,193.37896583399998,399.924028157,405.99256288569563,-68.11778801190235,39.04847122620674
2023-09-23,323884528.69,344094952.69,385026770.953,1053006252.333,240.8917,870.55,415.6,17.8,94.82,14.445832,9.9,19.3,3.5541677,323.88452869,1053.006252333,385.026770953,344.09495269,406.1373383508163,-68.05826475377798,-14.194544907038335
2023-09-24,327493858.40999997,277542382.1,497444795.581,1102481036.091,241.3176,870.55,438.02,12.2,94.99,15.129167,9.1,21.45,2.8708334,327.49385841,1102.481036091,497.444795581,277.5423821,406.2825344022773,-63.32000961310454,-15.46866637917276
2023-09-25,399351595.3,265084876.74,324593719.795,989030191.835,241.5618,870.55,294.0,49.8,95.08,17.668749,11.7,24.0,0.33125114,399.3515953,989.030191835,324.593719795,265.08487674,406.4281407606566,-83.34519734710484,76.2686518864482
2023-09-26,409562207.26,262635815.15,187146912.508,859344934.918,241.7789,870.55,237.46,20.3,95.17,19.027082,12.3,25.9,0.0,409.56220726,859.344934918,187.14691250799999,262.63581515,406.57414779191004,-82.08439640714587,85.07245587523585
2023-09-27,392714663.46,505121483.42,267227344.515,1165063491.395,242.0663,870.55,295.93,8.6,95.28,19.841667,14.5,25.7,0.0,392.71466346,1165.063491395,267.22734451499997,505.12148342,406.7205462052601,-55.22416614493455,41.21828339967442
2023-09-28,388037465.38,405903725.136,357726941.277,1151668131.793,242.2787,870.55,331.27,109.1,95.36,18.347918,13.9,23.35,0.0,388.03746538,1151.668131793,357.72694127700004,405.903725136,406.8673262185126,-46.282541037525206,27.45268019901266
2023-09-29,349106913.28,325187569.74,449410037.255,1123704520.275,242.6879,870.55,410.34,0.3,95.5,15.735417,12.2,19.25,2.2645826,349.10691327999996,1123.704520275,449.410037255,325.18756974,407.01447737662284,-61.038286169957935,3.1307220733350505
2023-09-30,331271810.85,478031023.97,829273700.1,1638576534.92,243.2453,870.55,674.34,1.4,95.72,16.035418,12.9,19.9,1.9645824,331.27181085,1638.57653492,829.2737001,478.03102397000004,407.1619884310713,-27.39115019578393,-48.49902738528732
2023-10-01,328911074.95,337207257.10899997,784289920.31,1450408252.369,244.058,870.55,814.1,1.4,96.04,18.364584,13.1,24.6,0.0,328.91107495,1450.408252369,784.28992031,337.20725710899995,407.30984806611747,-59.477974015829915,-18.920799100287525
2023-10-02,376686235.89,546311434.178,530529364.694,1453527034.762,244.6327,870.55,582.38,7.9,96.27,18.008333,13.6,24.35,0.0,376.68623589,1453.527034762,530.529364694,546.311434178,407.4580455625098,-46.608065648395744,15.836255975885877
2023-10-03,345589783.28,714909447.333,602064389.142,1662563619.755,245.43,870.55,803.0,1.1,96.56,14.306248,12.1,17.3,3.6937523,345.58978327999995,1662.5636197550002,602.064389142,714.9094473329999,407.6065709977929,-70.37667864821806,8.359890930425081
2023-10-04,410665428.65,412022703.4,582479636.912,1405167768.962,245.927,870.55,513.23,16.6,96.75,13.879167,12.05,16.25,4.1208334,410.66542864999997,1405.1677689619999,582.4796369119999,412.02270339999995,407.75541495123963,-84.20606217701558,87.11607587577595
2023-10-05,452859037.47,482953037.577,149179578.209,1084991653.256,245.9011,870.55,129.35,155.3,96.74,14.2625,10.85,17.8,3.7375002,452.85903747000003,1084.991653256,149.179578209,482.95303757700003,407.90456864245965,-128.7509064873138,173.70537531485417
2023-10-06,380033354.74,406975201.436,373559114.822,1160567670.998,246.3025,870.55,411.69,5.0,96.87,15.991669,13.2,17.45,2.0083313,380.03335474,1160.5676709979998,373.559114822,406.97520143599996,408.05402412117155,-77.8644197313977,49.84375035022617
2023-10-07,320335210.95,686084942.895,535590516.106,1542010669.951,246.911,870.55,613.11,13.7,97.12,12.160416,9.95,14.25,5.8395844,320.33521095,1542.010669951,535.590516106,686.0849428949999,408.2037739974902,-29.992165500328344,-57.8763975471619
2023-10-08,397284042.77,443904156.933,480233549.113,1321421748.816,247.4053,870.55,529.57,30.1,97.31,10.516667,9.2,12.1,7.4833326,397.28404277,1321.421748816,480.233549113,443.904156933,408.3538108840472,34.230348908879556,-45.30011702292677
2023-10-09,498268134.91,495139866.237,342533310.315,1335941311.462,247.635,870.55,260.54,9.7,97.39,13.766666,10.4,16.8,4.2333336,498.26813491,1335.941311462,342.533310315,495.139866237,408.50412746965554,63.10657962337609,26.65742781696838
2023-10-10,425295830.94,372706475.897,436158928.348,1234161235.185,247.9138,870.55,297.58,15.3,97.35,18.19375,14.0,22.55,0.0,425.29583094,1234.161235185,436.158928348,372.706475897,408.6547166388654,-4.9367485196878,21.57786282082236
2023-10-11,353901564.71000004,458923219.114,605423501.94,1418248285.764,248.4719,870.55,566.55,1.4,97.56,15.366666,12.05,19.15,2.6333342,353.90156471000006,1418.248285764,605.42350194,458.923219114,408.80557103216256,-26.831242680861138,-28.07276364130138
2023-10-12,478292588.88,442868259.435,525581780.937,1446742629.252,248.8354,870.55,389.08,20.0,97.7,16.566668,11.55,20.95,1.4333324,478.29258888,1446.7426292520001,525.581780937,442.868259435,408.9566829515988,-12.588621635032897,81.92452756343408
2023-10-13,363982025.33,342620210.889,697143064.53,1403745300.749,249.5049,870.55,692.5,1.7,97.97,15.139581,9.7,20.2,2.8604193,363.98202533,1403.745300749,697.14306453,342.620210889,409.1080449426271,-37.326369567295174,-7.79965004533193
2023-10-14,348290391.14,536783858.822,652712111.84,1537786361.802,250.1661,870.55,684.33,15.5,98.23,8.597917,7.05,10.65,9.402083,348.29039114,1537.786361802,652.71211184,536.7838588220001,409.259649705151,36.51374431918555,-97.48300288433654
2023-10-15,355281397.85,511329853.788,423713544.922,1290324796.56,250.5728,870.55,431.53,24.8,98.39,6.991667,4.0,10.4,11.008333,355.28139785,1290.3247965599999,423.713544922,511.329853788,409.4114899183015,-21.966927359206856,-32.163164709094644
2023-10-16,465199085.54,529127787.391,118949453.167,1113276326.098,250.6843,870.55,196.34,100.5,98.42,6.2749996,2.85,10.4,11.725,465.19908554,1113.276326098,118.949453167,529.127787391,409.56355808390094,49.21060772977235,6.424919726326721
2023-10-17,477989784.84,384243308.711,41084101.932,903317195.483,250.6743,870.55,86.81,96.9,98.42,5.6854167,0.15,11.7,12.314583,477.98978483999997,903.3171954830001,41.084101931999996,384.243308711,409.71584616589655,11.341497161894459,56.93244151220898
2023-10-18,388994083.34,346950473.253,61650475.356,797595031.949,250.5919,870.55,93.85,177.7,98.39,7.085417,6.3,8.3,10.914583,388.99408334,797.595031949,61.650475356,346.95047325300004,409.8683454668727,-3.3803372642228378,-17.49392486264992
2023-10-19,415390431.09,423358336.27,198996859.863,1037745627.223,250.6218,870.55,131.34,100.0,98.4,6.1124997,5.1,7.2,11.887501,415.39043109,1037.7456272230002,198.996859863,423.35833627,410.0210470197192,-1.9025395481293086,7.271923618410085
2023-10-20,400382752.07,576394440.1240001,176538928.92000002,1153316121.114,250.7146,870.55,201.63,108.8,98.43,10.572916,6.05,17.2,7.427084,400.38275207,1153.316121114,176.53892892000002,576.3944401240001,410.17394144203627,-63.63766236396259,53.846472991926305
2023-10-21,332734303.27,386934375.182,440459361.65,1160128040.1019998,251.2713,870.55,556.84,0.1,98.65,12.335418,7.15,15.85,5.6645823,332.73430327,1160.1280401019997,440.45936164999995,386.934375182,410.3270186816728,-63.40391524505383,-14.18880016661899
2023-10-22,337217421.83,435227075.416,461060138.74,1233504635.986,251.7624,870.55,494.1,3.2,98.85,11.239583,8.15,14.85,6.760417,337.21742183,1233.504635986,461.06013874,435.227075416,410.48026815215826,-51.56607884816859,-21.696767473989667
2023-10-23,513056042.71,539458853.011,110392585.465,1162907481.186,251.8067,870.55,162.41,118.0,98.84,11.504167,9.9,14.15,6.4958334,513.0560427099999,1162.907481186,110.39258546500001,539.4588530110001,410.63367913631475,-35.540972571995496,137.96333614568073
2023-10-24,516145153.52,568694378.013,95621846.453,1180461377.986,251.8821,870.55,119.59,50.8,98.86,10.666666,9.0,13.4,7.333334,516.14515352,1180.4613779860001,95.62184645299999,568.694378013,410.78724118564577,-71.26468280347669,176.62259513783096
2023-10-25,485058840.83,441572432.667,192175191.29,1118806464.787,251.9418,870.55,137.89,89.0,98.89,9.927084,8.35,11.35,8.072916,485.05884083,1118.8064647869999,192.17519129,441.572432667,410.940943895159,-5.961495936957952,80.07939287179892
2023-10-26,504063647.21,319377782.874,286940768.212,1110382198.296,252.0506,870.55,192.76,73.1,98.93,9.404166,8.3,10.9,8.595834,504.06364721,1110.382198296,286.940768212,319.377782874,411.09477689686906,-0.6004481591582027,93.56931847228913
2023-10-27,401274530.22,294681465.454,160017461.1,855973456.774,252.2147,870.55,219.13,54.3,98.99,9.650001,8.5,11.9,8.349999,401.27453022000003,855.973456774,160.0174611,294.681465454,411.2487298601049,-50.11182846090613,40.13762882080124
2023-10-28,336157637.35,418635733.469,557772449.47,1312565820.289,252.7549,870.55,555.01,7.5,99.21,11.866668,8.35,16.15,6.1333323,336.15763735,1312.565820289,557.7724494700001,418.635733469,411.4027924377263,-62.31072694433041,-12.934428143395905
2023-10-29,320721801.3,516821950.018,692658963.02,1530202714.338,253.3396,870.55,584.58,0.0,99.43,12.849998,11.15,15.3,5.1500015,320.72180130000004,1530.202714338,692.65896302,516.821950018,411.5569541492126,-52.86389852731609,-37.971254321896424
2023-10-30,411281734.11,317994349.348,480936988.86,1210213072.3179998,253.5727,870.55,270.24,42.3,99.53,11.35625,9.15,12.8,6.64375,411.28173411,1210.2130723179998,480.93698886000004,317.994349348,411.71120451823936,-29.318817705024518,28.88934729678516
2023-10-31,381487384.93,268836658.267,393929438.848,1044253482.045,253.8773,870.55,330.77,8.0,99.65,9.995832,6.45,14.4,8.004168,381.48738493,1044.253482045,393.929438848,268.836658267,411.86553298473575,-18.280265626665724,-12.097882428070022
2023-11-01,325419606.6,380013922.712,260096416.156,965529945.468,254.2684,870.55,420.31,19.6,99.77,11.204166,8.35,13.95,6.7958336,325.4196066,965.529945468,260.096416156,380.013922712,412.019928758217,-41.05986795520472,-45.5404542030123
2023-11-02,349009763.53999996,299367576.418,354612999.529,1002990339.487,254.611,870.55,371.44,19.0,99.91,9.575,7.85,11.0,8.425,349.00976353999994,1002.990339487,354.612999529,299.367576418,412.17438098300397,-31.731789155768467,-31.432828287235566
2023-11-03,393143817.89,273457923.46500003,168380803.50800002,834982544.863,254.711,870.55,146.49,46.6,99.95,8.837501,6.65,11.1,9.162499,393.14381789,834.982544863,168.380803508,273.457923465,412.32887881696894,22.48632714818884,-41.67138807515778
2023-11-04,328527565.1,285053162.828,293927618.062,907508345.99,254.9407,870.55,246.11,11.1,100.04,9.650001,8.05,12.35,8.349999,328.5275651,907.5083459900001,293.92761806199996,285.053162828,412.4834113469493,-12.57386542213523,-71.3819808248141
2023-11-05,329574909.5,262549199.818,363573521.441,955697630.759,255.1921,870.55,260.62,9.3,100.14,10.389583,8.95,12.55,7.6104174,329.5749095,955.6976307589999,363.57352144099997,262.549199818,412.6379672362535,-65.87817106485501,-17.184886671398488
2023-11-06,386445039.79,369112816.125,67776124.762,823333980.6769999,255.2866,870.55,110.43,15.9,100.12,9.091666,7.2,11.85,8.908334,386.44503979,823.3339806769999,67.776124762,369.112816125,412.7925348365146,-41.23730350145666,14.889808454942056
2023-11-07,406635594.13,444098171.44,25928834.938,876662600.5079999,255.3398,870.55,68.36,15.2,100.14,7.8312497,6.25,10.75,10.168751,406.63559413,876.6626005079999,25.928834938,444.09817144,412.94710259484117,2.253973026901005,-8.565481491742162
2023-11-08,393939353.36,487517281.036,5848115.367,887304749.763,255.2418,870.55,35.96,134.0,100.1,8.9125,5.95,11.6,9.0875,393.93935336000004,887.304749763,5.848115366999999,487.517281036,413.1016589414132,208.62001778839326,-227.7823233698064
2023-11-09,399923090.88,442462217.932,28893020.859,871278329.671,255.2591,870.55,64.23,46.9,100.11,8.154166,5.25,10.75,9.845834,399.92309088,871.278329671,28.893020859,442.462217932,413.25619234172564,145.27202414894697,-158.6051256106726
2023-11-10,429255693.5,265170205.377,45891366.644,740317265.521,255.2331,870.55,74.35,100.4,100.08,5.5416665,3.1,9.05,12.458334,429.2556935,740.3172655210001,45.891366644,265.170205377,413.4106915998262,117.14696471155573,-101.30196281138188
2023-11-11,393829004.18,291435435.288,97477794.975,782742234.443,255.3376,870.55,118.39,13.9,100.13,5.5291667,3.9,7.85,12.470833,393.82900418,782.7422344429999,97.477794975,291.435435288,413.5651454426914,127.65875358976152,-147.39489485245286
2023-11-12,399615923.83,343065138.756,97255409.857,839936472.443,255.409,870.55,82.25,10.9,100.15,5.15,1.65,8.7,12.85,399.61592383,839.936472443,97.25540985699999,343.065138756,413.7195427963274,31.793243718066748,-45.89686268439419
2023-11-13,412334502.04,425778035.24,33516239.426,871628776.706,255.2857,870.55,50.75,174.2,100.11,10.604167,8.85,12.65,7.395833,412.33450204,871.6287767059999,33.516239426,425.77803524,413.8738730121979,-18.079842828137366,16.540471855939472
2023-11-14,392995888.3,433478235.288,136727681.051,963201804.639,255.384,870.55,105.68,8.3,100.14,7.756249,4.65,9.35,10.243752,392.9958883,963.2018046390001,136.727681051,433.478235288,414.0281261640791,8.280632098195799,-29.312869962274874
2023-11-15,457866637.91,457823146.64,6279433.5940000005,921969218.144,255.8407,870.55,40.31,45.7,100.32,6.360416,2.4,8.55,11.639584,457.86663791,921.969218144,6.279433594,457.82314664,414.1822925918054,87.87790934085025,-44.19356402265561
2023-11-16,554045751.1,461751761.491,3720540.033,1019518052.624,255.5072,870.55,11.88,345.4,100.26,3.7583334,1.0,5.7,14.241667,554.0457511000001,1019.518052624,3.720540033,461.751761491,414.33636284631996,124.38173999459678,15.327648259083333
2023-11-17,568009216.64,281581793.5,435188.166,850026198.306,255.1048,870.55,6.81,409.1,100.11,3.9166667,1.75,6.2,14.083333,568.00921664,850.026198306,0.43518816600000004,281.5817935,414.49032794099344,27.717907106760066,125.80098159224644
2023-11-18,400131147.55,344466792.8,11464043.645,756061983.995,255.0834,870.55,98.26,119.7,100.08,7.2166667,3.75,11.5,10.783333,400.13114755000004,756.061983995,11.464043645,344.4667928,414.64417912863007,17.462136918851947,-31.975168497482002
2023-11-19,345812779.4,433159243.26,239036857.94,1018008880.6,255.435,870.55,378.93,27.3,100.22,9.218749,8.2,10.95,8.781251,345.81277939999995,1018.0088806,239.03685794,433.15924326,414.7979080072261,54.54195016585738,-123.52707877308353
2023-11-20,470881319.46,359005295.448,15139933.161,845026548.069,255.5234,870.55,170.77,79.8,100.25,3.8500004,0.3,8.2,14.15,470.88131946,845.026548069,15.139933161,359.005295448,414.9515067530299,70.32071558228161,-14.390902875311497
2023-11-21,539045180.45,360286589.39,2713292.983,902045062.823,255.0494,870.55,15.37,489.3,100.07,-1.183333,-4.15,0.75,19.183332,539.0451804500001,902.045062823,2.713292983,360.28658938999996,415.10496775847344,139.13593666323558,-15.195723971708958
2023-11-22,542460739.38,258837876.549,221300.563,801519916.492,254.16,870.55,16.81,906.7,99.72,7.183334,-0.1,10.75,10.816666,542.46073938,801.519916492,0.221300563,258.837876549,415.2582838920359,163.61547249803297,-36.41301701006893
2023-11-23,514920484.3,241676156.481,45500.272,756642141.053,253.7655,870.55,44.33,438.8,99.55,4.035416,1.0,8.15,13.964584,514.9204843,756.6421410529999,0.045500271999999994,241.676156481,415.41144871011767,113.98025158626076,-14.471215996378419
2023-11-24,494131861.64,271421398.48,14305573.103,779858833.223,253.2954,870.55,22.98,493.0,99.37,0.97499996,-0.6,2.95,17.025,494.13186164,779.858833223,14.305573103,271.42139848,415.56445618388693,80.11873735999323,-1.5513319038801683
2023-11-25,460300567.57,193840045.004,17313491.459000003,671454104.033,252.8296,870.55,20.76,486.6,99.18,-1.4729166,-3.05,0.8,19.472916,460.30056757,671.454104033,17.313491459,193.84004500400002,415.7173004009586,226.07469529734038,-181.491428128299
2023-11-26,497427993.07,176254120.54299998,20054679.307,693736792.92,252.2924,870.55,36.89,574.0,98.96,-0.29166672,-2.6,1.6,18.291666,497.42799307,693.73679292,20.054679307,176.25412054299997,415.86997596287813,217.20219660510205,-135.6441794979802
2023-11-27,576644643.7,163560541.61,202808.277,740407993.587,251.16,870.55,28.15,1158.0,98.51,-1.5229167,-4.5,0.1,19.522917,576.6446437000001,740.407993587,0.202808277,163.56054161,416.0224780398596,157.87792297906702,2.7442426810734446
2023-11-28,623448605.7,266847836.344,7817.163,890304259.207,249.6965,870.55,20.39,1475.6,97.94,-1.1958331,-5.55,0.75,19.195833,623.4486057,890.304259207,0.007817163,266.84783634400003,416.1748023662685,90.61971136723692,116.65409196649455
2023-11-29,688726794.2,190559687.485,2556141.389,881842623.0740001,247.7565,870.55,13.55,1953.5,97.18,-4.15625,-7.45,-0.3,22.15625,688.7267942000001,881.8426230740001,2.556141389,190.559687485,416.3269450814459,149.7911657277636,122.60868339079053
2023-11-30,731360845.0,238937024.252,1952.0,970299821.252,245.5718,870.55,11.27,2229.4,96.32,-5.8270836,-7.95,-2.9,23.827084,731.360845,970.299821252,0.001952,238.93702425200001,416.47890262208654,45.506629890174615,269.3753124877389
2023-12-01,710998891.7,175441744.901,1737.344,886442373.945,244.0109,870.55,32.29,1677.6,95.75,-3.5062501,-4.7,-1.9,21.50625,710.9988917000001,886.4423739450001,0.001737344,175.441744901,416.63067198805584,39.21009869410818,255.15812101783604
2023-12-02,642950834.3,197603682.626,179458.864,840733975.7899998,242.5979,870.55,11.91,1427.2,95.2,-2.875,-5.6,-1.0,20.875,642.9508343,840.7339757899998,0.179458864,197.603682626,416.7822502778496,80.33560495538262,145.83297906676773
2023-12-03,535841539.4,259057395.258,204562.624,795103497.282,241.4745,870.55,15.07,1137.1,94.76,-2.9562502,-5.15,-0.85,20.95625,535.8415394,795.1034972819999,0.204562624,259.057395258,416.9336345763428,139.27671273486453,-20.36880791120734
2023-12-04,633164405.8,446130342.935,427156.877,1079721905.612,239.6087,870.55,18.93,1884.7,94.03,-1.68125,-3.55,-0.7,19.68125,633.1644057999999,1079.721905612,0.427156877,446.130342935,417.08482229995315,200.3372965852754,15.742286914771398
2023-12-05,644054567.4,419109061.557,2788.524,1063166417.481,238.0321,870.55,25.19,1601.8,93.41,0.029166678,-0.75,0.55,17.970833,644.0545674,1063.166417481,0.0027885239999999997,419.10906155699996,417.2358110999514,211.646309125283,15.172447174765637
2023-12-06,698401367.0,369440183.35,17218.0,1067858768.35,236.3013,870.55,15.85,1710.3,92.73,0.09583334,-0.95,1.0,17.904167,698.401367,1067.85876835,0.017218,369.44018335000004,417.38659853855324,233.34781198764128,47.6669564738055
2023-12-07,656277609.4,237735337.28,428.0,894013374.68,235.0558,870.55,20.69,1270.9,92.24,0.2541667,-0.9,1.3,17.745832,656.2776094,894.01337468,0.000428,237.73533728,417.53718180197956,83.48589138164414,155.25453621637627
2023-12-08,572479923.3,252048680.11,866435.531,825395038.941,234.1643,870.55,45.38,932.1,91.89,2.0229166,0.6,4.6,15.977083,572.4799233,825.3950389409999,0.8664355309999999,252.04868011000002,417.6875577811866,108.67895022724652,46.11341529156687
2023-12-09,405611145.6,232383876.444,20520666.242,658515688.286,234.0271,870.55,233.35,357.6,91.84,4.645833,1.15,7.05,13.354167,405.61114560000004,658.515688286,20.520666241999997,232.383876444,417.8377230872463,87.33343357557803,-99.56001106282423
2023-12-10,391813279.47,226843987.926,119475520.076,738132787.472,234.0902,870.55,334.32,271.2,91.86,6.902084,5.2,8.45,11.097916,391.81327947000005,738.132787472,119.47552007600001,226.843987926,417.987674214661,120.36899732746265,-146.5433920721236
2023-12-11,455877887.96,312349382.821,14732585.575,782959856.356,233.7898,870.55,94.93,399.3,91.74,5.4604163,2.95,6.65,12.539583,455.87788795999995,782.9598563559999,14.732585575,312.349382821,418.1374074623002,70.35256586912311,-32.61208537142335
2023-12-12,558752775.4,326197927.228,12756159.754,897706862.382,233.3151,870.55,34.24,509.7,91.57,4.064584,2.8,4.95,13.935416,558.7527754,897.7068623819999,12.756159754,326.19792722799997,418.2869187517703,112.19574351677669,28.270113131453
2023-12-13,544266588.9,352353963.56,23755990.491,920376542.951,232.892,870.55,63.02,481.1,91.4,2.7937498,1.4,3.9,15.20625,544.2665889,920.3765429509999,23.755990491000002,352.35396356,418.43620357226695,174.5074477708774,-48.67706244314439
2023-12-14,605947363.7,333735183.58,7615079.088,947297626.368,232.2634,870.55,30.62,726.5,91.14,2.6416667,-0.3,5.35,15.358334,605.9473637000001,947.297626368,7.615079088000001,333.73518358,418.585257235008,166.78993939616373,20.572167068828378
2023-12-15,493296874.98,304538787.912,11202989.613,809038652.505,231.8333,870.55,69.76,499.8,90.97,6.564583,4.9,7.75,11.435417,493.29687498000004,809.038652505,11.202989613,304.538787912,418.7340748768057,94.14355395359433,-19.580753850400015
2023-12-16,429872726.26,304238850.654,323545406.17,1057656983.084,231.9306,870.55,377.19,290.1,91.01,7.9479165,6.55,9.75,10.052084,429.87272626,1057.656983084,323.54540617000004,304.238850654,418.8826510141193,79.9815846779755,-68.9915094320948
2023-12-17,426439311.34,374517829.422,361886897.91,1162844038.672,231.9204,870.55,385.63,285.9,91.01,6.2104163,5.05,7.05,11.789583,426.43931133999996,1162.844038672,361.88689791,374.517829422,419.0309798361783,39.86136346289797,-32.45303195907627
2023-12-18,481987693.3,345831977.108,50971648.498,878791318.906,231.5337,870.55,65.37,499.0,90.86,6.8229165,5.55,7.3,11.177084,481.9876933,878.791318906,50.971648498,345.831977108,419.1790558226118,65.34565416088446,-2.53701668349629
2023-12-19,453825015.85,510781416.463,10655465.553,975261897.866,230.8307,870.55,71.74,727.6,90.58,5.35,4.0,6.6,12.65,453.82501585,975.261897866,10.655465552999999,510.781416463,419.3268736136302,14.246456887779555,20.25168534859023
2023-12-20,433223575.95,453714511.056,11528316.647,898466403.653,230.2701,870.55,84.71,642.3,90.36,6.7375007,4.35,8.7,11.262499,433.22357595,898.466403653,11.528316647,453.714511056,419.47442779309165,61.533823986800435,-47.78467582989208
2023-12-21,383520482.92,379838487.551,99137031.531,862496002.002,230.1188,870.55,183.82,335.2,90.3,3.0250003,1.85,4.35,14.974999,383.52048292,862.496002002,99.137031531,379.838487551,419.6217124331583,192.53776509030334,-228.6389946034616
2023-12-22,353341594.42,256518788.16,109204909.12,719065291.7,230.0134,870.55,191.55,296.9,90.26,1.775,0.45,3.0,16.225,353.34159442000004,719.0652917000001,109.20490912000001,256.51878816,419.7687213258411,-15.142649640057817,-51.284477265783266
2023-12-23,315825567.95,279749538.199,550477458.338,1146052564.487,230.1785,870.55,458.54,293.6,90.33,6.535417,0.95,10.65,11.464582,315.82556795,1146.052564487,550.477458338,279.749538199,419.9154479717718,-84.3068088134752,-19.783071208296633
2023-12-24,283947686.03,330837117.15999997,777088674.36,1391873477.55,230.5508,870.55,626.08,253.8,90.47,9.358333,7.95,10.65,8.641667,283.94768602999994,1391.87347755,777.08867436,330.83711716,420.0618858112093,-84.66593862132054,-51.44826115988883
2023-12-25,285462300.73,259895791.76,878853636.72,1424211729.21,231.0529,870.55,705.46,203.4,90.67,8.322917,5.1,9.65,9.677083,285.46230073000004,1424.21172921,878.85363672,259.89579176,420.20802841785144,-66.78460956196608,-67.96111812588532
2023-12-26,294356431.5,343867475.04,753470831.85,1391694738.39,231.4218,870.55,608.29,239.4,90.81,3.658333,1.6,5.0,14.341667,294.3564315,1391.69473839,753.47083185,343.86747504000004,420.35386942559734,-62.746809842203255,-63.250628083394076
2023-12-27,321477409.4,300866126.975,373988907.117,996332443.492,231.4941,870.55,351.16,278.8,90.84,7.795833,4.6,10.1,10.204166,321.4774094,996.332443492,373.988907117,300.86612697500004,420.4994023802832,-42.41376327402911,-56.608229706254065
2023-12-28,289746187.75,313815601.77,613487646.87,1217049436.39,231.646,870.55,429.69,277.7,90.9,8.739584,7.35,10.65,9.260416,289.74618775,1217.0494363900002,613.48764687,313.81560177,420.6446208505608,-92.63758100226666,-38.26085209829415
2023-12-29,287542072.69,361044901.05,425719331.954,1074306305.694,231.7399,870.55,384.15,286.8,90.94,6.1291656,4.15,8.4,11.870834,287.54207269,1074.306305694,425.719331954,361.04490105,420.7895186016706,-46.233657099550356,-87.0137888121202
2023-12-30,293230013.14,316497200.477,407698477.89,1017425691.507,231.9051,870.55,399.99,238.4,91.0,5.487499,2.9,7.45,12.512501,293.23001314,1017.425691507,407.69847789,316.497200477,420.93408961575716,-96.885043827922,-30.819032647835172
2023-12-31,269535232.89,233801583.834,299717429.807,803054246.5309999,231.9639,870.55,292.82,230.5,91.03,5.25625,3.4,7.35,12.74375,269.53523289,803.0542465309999,299.717429807,233.80158383399998,421.0783280774017,-115.80532330583661,-35.737771881565095
2024-01-01,299464308.92,188446386.9258,269343851.18299997,757254547.0288,232.0502,903.9,447.11,364.4,91.06,4.3750005,2.45,6.95,13.625,299.46430892,757.2545470288001,269.34385118299997,188.4463869258,421.22222830056774,-91.01492672679976,-30.742992653767942
2024-01-02,341640431.02,273199570.272,144462363.201,759302364.493,231.9955,903.9,300.29,473.9,91.04,8.739583,7.25,10.55,9.260417,341.64043102,759.302364493,144.46236320100002,273.199570272,421.36578449638876,-83.59903809063192,3.8736846142431887
2024-01-03,350472070.13,272870033.08,151931056.603,775273159.813,231.6822,903.9,214.36,530.6,90.92,4.0624995,-2.25,7.25,13.9375,350.47207013,775.273159813,151.93105660299997,272.87003308,421.5089907294361,-49.803826272163725,-21.23309432727234
2024-01-04,451968995.11,264580608.103,125304158.695,841853761.908,231.0731,903.9,66.65,659.9,90.68,0.32083336,-0.7,0.85,17.679167,451.96899511000004,841.853761908,125.304158695,264.580608103,421.6518410268967,57.05215217748963,-26.7349980943863
2024-01-05,435035465.21,245492015.859,48181314.648,728708795.717,230.3468,903.9,64.32,820.6,90.39,-0.38958335,-1.75,0.95,18.389584,435.03546521,728.708795717,48.181314648000004,245.492015859,421.79432976469593,27.2392885757973,-13.998153130493222
2024-01-06,425483471.47,230089064.643,38839216.003,694411752.116,229.6733,903.9,69.97,729.6,90.13,-2.7625,-6.85,-0.4,20.7625,425.48347147000004,694.411752116,38.839216003,230.089064643,421.93645089855653,196.50685136696634,-192.95983079552283
2024-01-07,456793685.79,281896028.969,29054.67,738718769.429,228.5874,903.9,21.37,1125.6,89.7,-6.9562507,-9.2,-3.9,24.956251,456.79368579000004,738.7187694290001,0.029054669999999998,281.896028969,422.0781981174942,173.76915378978205,-139.05366611727624
2024-01-08,604084657.2,518253050.063,43322.004,1122381029.267,226.2327,903.9,18.46,2373.3,88.78,-7.85,-10.55,-4.05,25.85,604.0846572,1122.381029267,0.043322004000000004,518.253050063,422.2195652708729,143.65178996783925,38.21330196128787
2024-01-09,686698218.3,678836512.76,751.056,1365535482.116,223.2449,903.9,16.97,2991.4,87.6,-6.683334,-8.9,-1.85,24.683334,686.6982183,1365.535482116,0.0007510560000000001,678.83651276,422.36054656585213,165.0885376314595,99.24913410268834
2024-01-10,761123050.7,446758894.08,5788.4439999999995,1207887733.224,220.2405,903.9,20.79,3017.1,86.43,-3.0583327,-7.9,-0.25,21.058332,761.1230507,1207.887733224,0.005788443999999999,446.75889408,422.50113624438535,191.9070318835622,146.71488257205243
2024-01-11,754796919.8,490743290.72,256.0,1245540466.52,217.3371,903.9,36.08,2969.2,85.29,-0.66666675,-1.65,0.4,18.666666,754.7969198,1245.5404665199999,0.000256,490.74329072,422.6413285013198,195.5643845981398,136.5912067005404
2024-01-12,711969158.8,326766605.36,390849.0,1039126613.16,215.0235,903.9,15.23,2278.6,84.38,1.4729167,0.5,2.15,16.527082,711.9691588,1039.12661316,0.390849,326.76660536,422.781118181403,236.51964185381078,52.66839876478622
2024-01-13,553964143.23,334313494.068,0.0,888277637.2980001,213.5904,903.9,23.16,1462.5,83.82,1.7208332,0.9,2.85,16.279167,553.96414323,888.2776372980001,0.0,334.313494068,422.9205008543074,150.28501060145604,-19.241368225763495
2024-01-14,534816605.57,269000222.193,0.0,803816827.763,212.2852,903.9,20.4,1367.2,83.3,0.8895834,-2.2,2.2,17.110416,534.81660557,803.816827763,0.0,269.000222193,423.0594724886008,145.39409095833923,-33.63695787694007
2024-01-15,649826074.8199999,298174303.372,608.0,948000986.192,210.2292,903.9,14.29,2084.2,82.5,-1.1645833,-4.25,1.05,19.164583,649.8260748199999,948.000986192,0.000608,298.174303372,423.1980297204974,194.88845602632807,31.739589073174443
2024-01-16,688808033.9,237706967.788,1928.0,926516929.688,207.7596,903.9,9.23,2463.3,81.53,-2.6249998,-4.6,-0.2,20.625,688.8080338999999,926.516929688,0.001928,237.706967788,423.33616959298496,264.8125337146081,0.6593305924068886
2024-01-17,711585093.8,363039693.927,16065.0,1074640852.727,205.3181,903.9,29.66,2484.2,80.57,-2.6250002,-4.9,0.45,20.625,711.5850938,1074.640852727,0.016065,363.039693927,423.4738893111155,249.6717938468903,38.439410641994186
2024-01-18,668569730.6,349780862.564,15390.0,1018365983.164,203.1068,903.9,9.28,2193.8,79.7,-1.5395836,-5.2,1.8,19.539583,668.5697306000001,1018.365983164,0.01539,349.780862564,423.6111861230358,246.36362324118608,-1.4050787642217983
2024-01-19,639635075.9,329328755.78400004,4236.0,968968067.684,200.9177,903.9,8.44,2204.0,78.84,0.58958334,-1.65,3.0,17.410418,639.6350759,968.9680676840001,0.004236,329.32875578400007,423.7480573289289,187.3085187548994,28.578499816171643
2024-01-20,559459723.14,293055617.569,3594.828,852518935.537,199.3578,903.9,28.33,1626.5,78.23,-1.075,-4.85,3.0,19.075,559.4597231399999,852.518935537,0.003594828,293.055617569,423.88450016979414,166.0921424788653,-30.516919508659498
2024-01-21,479153957.37,285730306.051,3842.725,764888106.146,197.9988,903.9,45.44,1397.0,77.7,5.4604163,1.0,8.8,12.539583,479.15395737,764.888106146,0.003842725,285.730306051,424.020511724201,112.48041452032233,-57.34696887452333
2024-01-22,502785817.8,371738335.44,5411467.563,879935620.803,197.0939,903.9,59.44,959.1,77.34,4.4874997,2.45,7.5,13.512501,502.7858178,879.935620803,5.411467563,371.73833544,424.1560893069022,117.74527513812139,-39.11554664502353
2024-01-23,493859680.94,347265141.47,137356.43099999998,841262178.8410001,196.1797,903.9,34.08,953.6,76.98,7.927084,3.85,10.35,10.072916,493.85968094,841.262178841,0.13735643099999997,347.26514147,424.29123071504875,228.189701510172,-158.62125128522075
2024-01-24,477621083.11,415350392.02,35077619.713,928049094.843,195.6241,903.9,84.89,645.5,76.77,6.5562496,5.4,8.3,11.44375,477.62108311000003,928.049094843,35.077619713,415.35039201999996,424.4259341542592,211.14276224977365,-157.9476132940328
2024-01-25,522271482.93,374301090.986,14097545.677,910670119.593,194.9136,903.9,92.08,813.4,76.49,5.18125,2.1,9.05,12.81875,522.27148293,910.6701195930001,14.097545677,374.301090986,424.5601983416104,159.2555528645381,-61.54426827614844
2024-01-26,468798009.92,376410825.717,20856294.534,866065130.1710001,194.3625,903.9,113.4,620.3,76.28,4.195833,1.55,6.7,13.804167,468.79800992,866.0651301710001,20.856294534000003,376.410825717,424.6940219604406,109.84364289194129,-65.73965493238182
2024-01-27,437140726.09,365622242.871,84918.36,802847887.321,193.6722,903.9,35.84,679.9,76.01,1.5166665,-2.3,6.35,16.483334,437.14072609,802.847887321,0.08491836,365.62224287099997,424.82740347531256,235.0226215982695,-222.70929898358207
2024-01-28,415039008.71,382306797.661,9395072.25,806740878.621,192.921,903.9,29.33,750.6,75.71,2.9270837,-0.2,8.2,15.072916,415.03900870999996,806.7408786210001,9.39507225,382.306797661,424.96034128538747,41.04804419952195,-50.96937677490945
2024-01-29,496494200.17,351991806.845,9546911.513,858032918.5280001,192.0414,903.9,48.08,897.6,75.36,4.0833335,0.8,8.25,13.916666,496.49420017,858.0329185280001,9.546911513,351.99180684500004,425.09283408363274,112.66243023768577,-41.26106415131852
2024-01-30,473893301.86,437393436.37,15964356.804,927251095.034,191.1898,903.9,30.05,868.5,75.03,5.2562494,1.55,7.55,12.743751,473.89330186,927.2510950340001,15.964356804,437.39343637,425.2248807890727,152.72495380402222,-104.05653273309491
2024-01-31,474615928.55,460007287.066,19870480.004,954493695.62,190.3428,903.9,28.92,827.2,74.69,5.541666,2.2,7.75,12.458334,474.61592855000004,954.49369562,19.870480004,460.007287066,425.3564802164087,127.09804073768662,-77.83859240409532
2024-02-01,472817210.0,512267867.282,7290671.049,992375748.331,189.5725,903.9,94.83,774.9,74.39,5.535417,3.8,7.65,12.464582,472.81721,992.375748331,7.290671048999999,512.267867282,425.4876308716388,90.85078225071811,-43.52120312235695
2024-02-02,447218805.92,425743097.191,10240009.898,883201913.0090001,188.9886,903.9,93.38,682.0,74.16,8.995833,7.45,10.35,9.004167,447.21880592,883.201913009,10.240009898,425.743097191,425.6183312383534,68.95298089442946,-47.35250621278283
2024-02-03,384133640.06,387411096.233,168690884.261,940235620.554,188.8761,903.9,306.72,419.2,74.12,6.872917,5.25,8.4,11.127083,384.13364006,940.235620554,168.690884261,387.41109623299997,425.74857996003715,140.9189501316975,-182.53389003173464
2024-02-04,363046457.37,358196493.834,241620623.024,962863574.228,188.7048,903.9,270.33,475.4,74.05,8.812499,6.85,9.65,9.187501,363.04645737,962.8635742280001,241.620623024,358.19649383399997,425.87837540757937,77.43714562269685,-140.26906366027623
2024-02-05,443179463.58,512353850.65,86765173.53,1042298487.76,188.2247,903.9,125.04,602.3,73.86,9.1125,8.0,10.3,8.8875,443.17946358,1042.29848776,86.76517353,512.35385065,426.00771575835876,55.33016722464284,-38.158419403001574
2024-02-06,431254645.24,475654769.56,46024914.293,952934329.093,187.7702,903.9,111.65,565.9,73.68,4.797917,0.85,9.3,13.202084,431.25464524,952.9343290930001,46.024914292999995,475.65476956,426.1365999955008,181.4102441292214,-176.29219888472218
2024-02-07,567651651.8199999,331368955.679,12479561.439,911500168.938,186.7163,903.9,40.9,1094.8,73.27,0.88958335,-2.55,4.75,17.110416,567.65165182,911.500168938,12.479561439,331.368955679,426.2650279822181,171.73955402419526,-30.352930186413403
2024-02-08,578231428.3199999,276583022.006,12288434.641,867102884.967,185.4915,903.9,33.56,1264.8,72.79,3.760417,0.9,7.9,14.239583,578.23142832,867.102884967,12.288434641,276.58302200599996,426.39299991534085,133.31239446007163,18.526033944587482
2024-02-09,456066430.47,274960805.084,14915944.717,745943180.271,184.9841,903.9,68.04,602.9,72.59,8.499999,6.4,12.4,9.500001,456.06643047,745.9431802710001,14.915944717,274.960805084,426.5205163236265,82.34695982353706,-52.801045677163586
2024-02-10,417236488.55,384442448.889,122414989.257,924093926.696,184.6706,903.9,187.09,387.8,72.47,7.383333,6.0,10.15,10.616667,417.23648855,924.0939266959999,122.414989257,384.442448889,426.6475777107013,171.34485026190583,-180.75593942260713
2024-02-11,404646046.42,382732745.669,72090566.751,859469358.84,184.2278,903.9,108.94,438.9,72.29,6.674999,4.7,8.75,11.325001,404.64604642,859.46935884,72.090566751,382.73274566900005,426.7741845241947,168.6197054001835,-190.7478435043782
2024-02-12,511063240.31,407275901.641,12325429.947,930664571.898,183.4644,903.9,15.69,691.2,71.99,4.6937494,2.4,8.2,13.306251,511.06324031,930.664571898,12.325429947,407.27590164099996,426.90033719841614,102.22160906138194,-18.058705949798025
2024-02-13,465781576.59,373387802.111,5767506.482,844936885.183,182.536,903.9,53.25,864.1,71.63,5.6770835,1.75,9.35,12.322916,465.78157659,844.936885183,5.767506482,373.387802111,427.02603628966153,61.433053296441265,-22.67751299610279
2024-02-14,444672888.57,424988137.38,4061578.794,873722604.7440001,181.8334,903.9,32.92,735.4,71.35,10.506249,8.4,13.25,7.4937506,444.67288857,873.722604744,4.061578794,424.98813738,427.151282644699,188.82535311168638,-171.30374718638538
2024-02-15,444623033.6,398566006.84,25167414.874,868356455.314,181.6633,903.9,161.02,332.4,71.29,11.318748,7.95,15.55,6.6812515,444.62303360000004,868.356455314,25.167414874000002,398.56600684,427.2760774353052,151.00246078711828,-133.65550462242345
2024-02-16,413365606.47,387583228.561,40198633.571,841147468.602,181.6447,903.9,190.27,208.8,71.28,9.102082,6.2,12.15,8.897918,413.36560647000005,841.147468602,40.198633571,387.583228561,427.40042224373053,11.654410508489219,-25.689226282219693
2024-02-17,445716485.87,360998674.665,105993171.319,912708331.854,181.7792,903.9,285.0,150.5,71.33,5.7604165,0.6,9.35,12.239584,445.71648587,912.708331854,105.99317131900001,360.998674665,427.52431877189866,63.48325120275289,-45.29108410465159
2024-02-18,378838043.44,334066260.252,72756111.537,785660415.2289999,181.8741,903.9,273.43,178.5,71.37,7.6270833,6.7,8.55,10.372917,378.83804344,785.6604152289999,72.756111537,334.06626025199995,427.64776907202696,189.55028728112123,-238.3600129131482
2024-02-19,445616434.71,435168526.74,11491842.867,892276804.317,181.606,903.9,93.92,351.2,71.26,7.3020825,6.45,8.65,10.697918,445.61643470999996,892.276804317,11.491842867,435.16852674,427.7707755908387,67.35730292815427,-49.51164380899303
2024-02-20,479153972.17,353734493.044,14777314.789,847665780.003,181.2582,903.9,89.22,440.5,71.13,7.875,6.3,10.65,10.125,479.15397217000003,847.665780003,14.777314789,353.73449304400003,427.8933409066369,53.55920610111897,-2.2985748377558366
2024-02-21,437413959.67,345551717.819,11289707.911,794255385.4000001,180.7697,903.9,42.85,527.0,70.94,9.5,7.95,11.4,8.5,437.41395967,794.2553854000001,11.289707911,345.55171781900003,428.0154679965788,52.28365725321747,-42.88516557979631
2024-02-22,475708360.93,389916883.53,10062085.84,875687330.3000001,180.2871,903.9,30.21,512.3,70.75,8.01875,4.0,11.1,9.98125,475.70836093,875.6873303000001,10.06208584,389.91688352999995,428.1371602851021,36.307332975933264,11.263867668964679
2024-02-23,525453520.36,321717348.265,13728303.891,860899172.516,179.6704,903.9,43.16,659.5,70.51,5.03125,0.7,10.2,12.96875,525.45352036,860.899172516,13.728303891000001,321.717348265,428.2584218791837,37.97810957225108,59.21698890856521
2024-02-24,430591285.52,299469180.16400003,22476050.278,752536515.962,179.2841,903.9,57.96,444.3,70.35,4.902084,0.65,11.25,13.097916,430.59128552,752.5365159620001,22.476050278000002,299.469180164,428.3792576345876,10.558418950481563,-8.346391065069156
2024-02-25,441929588.27,304615147.47,38217448.772,784762184.512,178.9105,903.9,45.96,419.5,70.21,4.708334,-0.55,10.5,13.291666,441.92958826999995,784.762184512,38.217448772,304.61514747,428.49967319775806,76.96777652563742,-63.53786145339552
2024-02-26,487910862.26,299216909.402,6531909.995,793659681.657,177.9924,903.9,34.97,951.5,69.85,4.847917,2.85,6.95,13.152082,487.91086226,793.659681657,6.531909995,299.216909402,428.61967470519073,53.35627205937296,5.934915495436314
2024-02-27,605384815.1,271796476.918,13992481.666,891173773.684,176.9194,903.9,47.74,1031.6,69.43,3.3395834,-0.35,5.3,14.660417,605.3848151,891.173773684,13.992481666,271.796476918,428.73926804702984,104.16659050219828,72.47895655077184
2024-02-28,574368229.7,335827012.555,18056481.0,928251723.255,175.8057,903.9,63.81,1172.5,68.99,3.5812502,-1.45,9.3,14.41875,574.3682297,928.251723255,18.056481,335.827012555,428.8584588351546,86.00956332927439,59.500207535571064
2024-02-29,479026457.53,197107134.646,33227555.608,709361147.784,175.1646,903.9,106.26,742.2,68.74,6.729166,3.35,12.05,11.270834,479.02645752999996,709.3611477840001,33.227555607999996,197.107134646,428.9772526778633,48.27057357972783,1.778631272408802
2024-03-01,458278311.61,207932781.58,39135123.016,705346216.2060001,174.5628,903.9,90.99,684.2,68.5,8.147917,5.55,11.05,9.852083,458.27831161,705.3462162060001,39.135123016,207.93278158,429.0956550493453,60.41179648277896,-31.22913992212426
2024-03-02,422838559.7,233596006.948,193440287.327,849874853.975,174.5529,903.9,317.01,326.9,68.5,9.51875,6.2,13.3,8.48125,422.83855969999996,849.8748539750001,193.440287327,233.59600694800002,429.2136717741115,40.229796299500755,-46.60490837361232
2024-03-03,407959932.34,256787987.38,299040256.88199997,963788176.602,174.6883,903.9,383.49,259.1,68.55,9.172915,6.05,12.4,8.827085,407.95993233999997,963.788176602,299.040256882,256.78798738,429.33130893916353,39.76408234368273,-61.1354589428463
2024-03-04,509624624.8,474158418.86,37552631.893,1021335675.553,174.2821,903.9,117.81,526.2,68.39,5.208333,1.2,7.95,12.791667,509.6246248,1021.335675553,37.552631893,474.15841886000004,429.4485731878346,63.10081538989201,17.07523622227336
2024-03-05,547851906.9,213512401.548,695255.0,762059563.448,173.2702,903.9,30.37,1042.2,67.99,3.1979167,-1.2,7.1,14.802083,547.8519069,762.059563448,0.695255,213.512401548,429.5654714956373,77.59504966940952,40.6913857349532
2024-03-06,537265700.2,240367338.564,22642005.678,800275044.442,172.4271,903.9,84.29,893.8,67.66,4.0375004,0.35,7.55,13.9625,537.2657002000001,800.2750444420001,22.642005678,240.36733856400002,429.6820110522725,77.73805931490516,29.845629832822397
2024-03-07,495307835.4,240391969.489,18037779.021,753737583.91,171.8012,903.9,55.95,681.8,67.42,2.4916666,-1.7,7.6,15.508333,495.3078354,753.73758391,18.037779021000002,240.391969489,429.7981990183481,67.1382518463189,-1.628615464667007
2024-03-08,446892266.17,273360664.902,1559590.0,721812521.072,171.2055,903.9,48.98,645.1,67.18,4.2833333,-0.2,9.3,13.716667,446.89226617,721.812521072,1.55959,273.360664902,429.9140425761376,11.907056021753958,5.071167572108493
2024-03-09,380645460.65,307223172.822,26846813.2,714715446.672,171.0084,903.9,124.63,321.3,67.11,7.560417,3.1,11.9,10.439583,380.64546064999996,714.7154466720001,26.8468132,307.22317282200004,430.02954909010634,1.2691628456061832,-50.65325128571254
2024-03-10,399425272.77,275991596.542,88428461.69600001,763845331.008,170.9375,903.9,196.85,267.7,67.08,9.733335,6.0,13.6,8.266665,399.42527277,763.845331008,88.42846169600001,275.99159654199997,430.14472558419016,-14.026236628488993,-16.693216185701147
2024-03-11,518140790.2,329312321.467,4532.0,847457643.667,170.23,903.9,39.19,746.8,66.8,7.975,3.6,13.35,10.025,518.1407902,847.4576436670001,0.004532,329.312321467,430.2595788018349,-41.566978507833916,129.44818990599902
2024-03-12,571710459.6,274382993.576,12140716.556,858234169.732,169.457,903.9,57.42,830.1,66.5,7.8875003,1.95,13.35,10.112499,571.7104596,858.2341697319999,12.140716556,274.382993576,430.37411503303764,-44.12645251479349,185.46279708175592
2024-03-13,501909419.8,257498582.571,64327133.0,823735135.371,168.8992,903.9,72.7,630.6,66.28,10.683334,7.6,14.3,7.3166656,501.9094198,823.7351353710001,64.327133,257.498582571,430.4883398650325,33.69154389258096,37.72953604238654
2024-03-14,454777960.39,362946593.908,114173871.0,931898425.298,168.82,903.9,251.73,331.0,66.25,11.204167,7.15,17.15,6.7958326,454.77796039,931.898425298,114.173871,362.946593908,430.6022581774586,57.104145701091646,-32.92844348855027
2024-03-15,393989681.35,385199413.0,306164976.637,1085354070.987,169.0114,903.9,362.14,170.7,66.32,9.325001,5.55,12.3,8.674999,393.98968135,1085.354070987,306.16497663700005,385.199413,430.7158746014734,-19.596439352541722,-17.129753898931654
2024-03-16,384324037.65,300619265.293,251961706.0,936905008.943,169.0318,903.9,234.06,213.7,66.35,5.0312495,1.15,8.2,12.96875,384.32403765,936.905008943,251.961706,300.61926529299996,430.82919396923614,0.7297815558165495,-47.23493787505271
2024-03-17,396323108.19,196032865.845,171854793.408,764210767.443,168.9205,903.9,191.76,303.0,66.3,1.4687499,-2.55,6.0,16.53125,396.32310818999997,764.210767443,171.854793408,196.032865845,430.9422213001772,31.840085271753516,-66.45919838193078
2024-03-18,503822832.0,144563256.017,8503624.466,656889712.4829999,168.5174,903.9,49.57,449.1,66.15,2.739583,-2.55,8.55,15.260417,503.822832,656.8897124829999,8.503624466,144.563256017,431.0549622664284,28.964546733465685,43.803323000105934
2024-03-19,515988478.6,194396313.9,15312683.58,725697476.08,168.126,903.9,41.98,432.5,66.0,7.9729176,1.25,15.9,10.027082,515.9884786,725.69747608,15.31268358,194.3963139,431.1674233433382,68.262185599536,16.558869657125797
2024-03-20,525709517.1,163519629.725,49417858.48,738647005.3050001,167.9661,903.9,66.62,226.3,65.93,10.3375,7.95,14.15,7.6625004,525.7095171,738.6470053050001,49.41785848,163.519629725,431.2796117641958,71.74097455087558,22.688930784928573
2024-03-21,471895007.3,159754774.709,77850999.21700001,709500781.2260001,167.9402,903.9,185.13,210.6,65.92,9.460416,6.55,13.0,8.539584,471.89500730000003,709.5007812260001,77.85099921700001,159.754774709,431.39153480269243,16.960470936108763,23.54300156119882
2024-03-22,445027665.45,201755459.532,93660577.519,740443702.501,167.9048,903.9,154.67,190.1,65.91,6.50625,3.3,9.45,11.49375,445.02766545,740.4437025010001,93.660577519,201.755459532,431.5031995329717,4.551626904654114,8.972839012374209
2024-03-23,379327257.58,127586341.91,44232529.832,551146129.322,167.8591,903.9,123.56,168.7,65.89,4.1500006,1.65,6.35,13.849999,379.32725758,551.146129322,44.232529832000004,127.58634191,431.61461292327914,-7.447699959678232,-44.83965538360093
2024-03-24,399914037.85,205743381.529,27732805.64,633390225.0189999,167.5977,903.9,98.33,368.1,65.79,5.69375,1.9,9.3,12.30625,399.91403785,633.3902250189999,27.732805640000002,205.743381529,431.7257816815717,-30.070676273338407,-1.7410675582332829
2024-03-25,505654731.9,196677207.443,19438600.619,721770539.9619999,166.8088,903.9,33.93,814.2,65.48,6.535416,0.3,12.85,11.464584,505.6547319,721.7705399619999,19.438600619,196.677207443,431.836712068866,-14.876194467031128,88.69421429816515
2024-03-26,447583945.82,283151600.398,159437364.681,890172910.8989999,166.6097,903.9,213.35,359.9,65.4,10.689583,4.95,17.0,7.310417,447.58394582,890.1729108989999,159.437364681,283.151600398,431.94741020299733,-6.694604771529171,22.33114038853182
2024-03-27,486247345.14,222794387.629,95460632.493,804502365.2620001,166.2568,903.9,57.89,410.0,65.26,9.58125,6.6,13.35,8.41875,486.24734514,804.5023652620001,95.460632493,222.794387629,432.05788196940574,26.117549043421075,28.07191412717316
2024-03-28,378257748.84,392731446.816,84468471.494,855457667.15,165.879,903.9,75.7,453.5,65.11,9.345834,5.1,14.45,8.654166,378.25774884,855.45766715,84.468471494,392.73144681599996,432.1681331839587,-10.53483779602651,-43.375546547932174
2024-03-29,363068666.63,538516038.085,160540324.218,1062125028.933,165.8439,903.9,222.29,257.4,65.1,14.066667,7.6,21.7,3.9333334,363.06866663,1062.125028933,160.540324218,538.516038085,432.2781700647485,-41.49542832306429,-27.714075111684224
2024-03-30,369398307.55,554997749.447,206234880.424,1130630937.421,165.4723,903.9,303.51,674.0,64.95,12.908333,6.75,18.95,5.091667,369.39830755,1130.630937421,206.23488042399998,554.997749447,432.3879991889639,-40.588119376755664,-22.401572262208163
2024-03-31,335785237.51,707676951.444,268476841.436,1311939030.39,159.9114,903.9,371.81,132.0,62.78,12.810416,8.45,19.35,5.189584,335.78523751,1311.9390303900002,268.476841436,707.676951444,432.49762759617806,48.60552051021723,-145.31791059639528
2024-04-01,347622283.78,448972124.35,266927065.35,1063521473.48,163.2764,903.9,320.55,289.2,66.41,10.712501,7.9,13.5,7.2874994,347.62228378,1063.52147348,266.92706535,448.97212435,432.6070629984558,-17.845795863512105,-67.13898335494372
2024-04-02,433405488.97,277335691.949,60868045.604,771609226.523,164.1595,903.9,76.73,342.8,66.77,9.504167,8.3,11.45,8.495833,433.40548897,771.609226523,60.868045604,277.335691949,432.71631365982796,4.058466870774367,-3.369291560602278
2024-04-03,507516818.13,242078777.202,42050504.36,791646099.692,164.2961,903.9,70.23,276.4,66.76,11.037499,8.55,14.15,6.9625006,507.51681813,791.646099692,42.05050436,242.078777202,432.82538820310384,15.937418274313739,58.75401165258239
2024-04-04,401552390.25,228714439.329,55121216.216,685388045.795,163.8173,903.9,109.64,175.1,66.56,13.627083,8.95,18.75,4.372917,401.55239025,685.3880457949999,55.121216216,228.714439329,432.9342955444479,-21.520654960913667,-9.861250333534258
2024-04-05,373782782.67,266731797.552,329330611.273,969845191.495,164.1308,903.9,371.55,58.1,66.69,16.03125,11.25,21.8,1.96875,373.78278267,969.845191495,329.330611273,266.731797552,433.04304494916977,-59.539374067184646,0.2791117880149159
2024-04-06,323376371.86,350066274.146,754989519.409,1428432165.415,164.9216,903.9,789.78,18.6,67.01,17.614582,13.25,22.1,0.38541794,323.37637186,1428.4321654149999,754.9895194090001,350.066274146,433.15164610045167,-75.54798217568792,-34.22729206476373
2024-04-07,360470164.76,360014905.737,1056178864.75,1776663935.247,165.8957,903.9,986.39,12.3,67.41,18.24375,13.0,25.5,0.0,360.47016476,1776.663935247,1056.17886475,360.014905737,433.26010917627485,-56.03718622615309,-16.752758190121767
2024-04-08,468750034.08,251485790.479,552145208.59,1272381033.1490002,166.7797,903.9,515.23,67.6,67.77,17.639585,12.35,25.45,0.3604145,468.75003408,1272.3810331490001,552.14520859,251.485790479,433.3684448080167,-34.53251123396897,69.91410050595226
2024-04-09,435628859.84,291833598.905,399903268.317,1127365727.062,167.1618,903.9,425.84,43.8,67.92,11.554166,9.2,13.5,6.445834,435.62885983999996,1127.3657270620001,399.90326831699997,291.833598905,433.47666338450654,-14.402814666713615,16.55501112220702
2024-04-10,492138197.98,237957570.515,295853267.866,1025949036.361,167.3155,903.9,238.6,90.1,67.98,11.177083,5.95,15.7,6.822917,492.13819798000003,1025.949036361,295.853267866,237.957570515,433.58477491594846,26.62993548334962,31.92348758070193
2024-04-11,453229078.64,259787861.665,335050253.869,1048067194.174,167.6004,903.9,344.61,72.5,68.1,15.002084,11.7,19.05,2.9979162,453.22907864,1048.067194174,335.050253869,259.787861665,433.69278933169807,-14.512492194824166,34.04878150312612
2024-04-12,370259412.77,290728939.91400003,614005151.402,1274993504.086,168.2831,903.9,695.3,14.0,68.38,16.46667,11.75,20.95,1.5333309,370.25941277,1274.993504086,614.0051514019999,290.728939914,433.8007167452475,-40.7484783011301,-22.79282567411741
2024-04-13,309138390.24,349757885.11399996,1019698553.87,1678594829.224,169.2384,903.9,980.36,7.3,68.77,14.464583,8.7,17.3,3.5354166,309.13839024000004,1678.594829224,1019.69855387,349.757885114,433.90856733586327,-64.2452718036941,-60.52490529216914
2024-04-14,358498967.19,398496056.154,1078768519.488,1835763542.832,170.1317,903.9,907.5,16.0,69.13,10.212501,7.3,13.2,7.7874994,358.49896719,1835.763542832,1078.7685194879998,398.496056154,434.0163512165787,-34.05759239111656,-41.45979163546218
2024-04-15,388152584.19,299339824.293,579732609.78,1267225018.263,170.4589,903.9,388.53,63.0,69.26,6.745833,4.7,9.45,11.254168,388.15258418999997,1267.225018263,579.73260978,299.339824293,434.1240783027096,-41.50969667467549,-4.461797438034182
2024-04-16,460271082.03,290479391.254,71239762.032,821990235.316,170.1964,903.9,57.54,319.8,69.15,5.9812503,2.35,10.35,12.018749,460.27108202999995,821.9902353159999,71.239762032,290.479391254,434.23175873861186,-5.656072675825567,31.695395967213642
2024-04-17,561411111.7,321124345.943,30232939.94,912768397.5830002,169.6298,903.9,115.69,682.5,68.92,6.0,0.85,10.55,12.0,561.4111117,912.7683975830001,30.23293994,321.12434594300004,434.33940242011823,-23.133693219383915,150.20540249926563
2024-04-18,473653758.73,411768459.185,33324359.998,918746577.913,168.9374,903.9,54.76,747.3,68.64,5.8520827,4.6,7.7,12.147917,473.65375873,918.746577913,33.324359998,411.768459185,434.44701844677303,-42.218075988615404,81.42481627184242
2024-04-19,393804146.18,240042240.224,31493310.768,665339697.172,168.568,903.9,30.75,399.7,68.49,5.49375,1.75,8.15,12.50625,393.80414618000003,665.339697172,31.493310768,240.042240224,434.5546151288422,-54.13433716374601,13.383868214903828
2024-04-20,373403384.94,304710662.952,63075585.356,741189633.2479999,168.4257,903.9,75.16,217.5,68.44,3.4583333,-0.75,8.2,14.541667,373.40338494,741.189633248,63.075585356,304.710662952,434.6621999447165,-51.38310495980946,-9.875710044907066
2024-04-21,408709922.28,299402681.607,28422400.567,736535004.454,168.1667,903.9,47.85,290.6,68.33,2.1333332,-1.45,6.15,15.866667,408.70992227999994,736.535004454,28.422400567,299.402681607,434.76977971891824,-55.81353815044362,29.753680711525305
2024-04-22,620847087.9,670588287.112,31244190.3,1322679565.312,167.2496,903.9,28.83,936.8,67.96,4.102083,-1.05,8.2,13.897917,620.8470879,1322.679565312,31.2441903,670.588287112,434.8773611170717,-44.592010048935734,230.5617368318641
2024-04-23,580350736.4,690323835.786,45648681.332,1316323253.518,166.2311,903.9,37.81,1066.6,67.54,5.852083,2.8,10.45,12.147917,580.3507364,1316.3232535179998,45.648681332,690.323835786,434.9849508022901,-24.996093232200867,170.36187882991078
2024-04-24,621410305.4,765610446.794,30062803.880999997,1417083556.075,165.3904,903.9,23.34,862.0,67.2,4.9604163,1.05,9.1,13.039583,621.4103054,1417.0835560750002,30.062803880999997,765.610446794,435.0925555939253,1.707536047052743,184.61021375902197
2024-04-25,569354890.8,332492815.06299996,30647012.72,932494718.583,164.5988,903.9,17.33,803.9,66.88,7.870834,1.9,13.15,10.129166,569.3548907999999,932.4947185829999,30.64701272,332.49281506299997,435.20018277646744,-12.089369968617786,146.24407799215027
2024-04-26,524834405.28,245797347.84,23920364.528,794552117.648,164.3404,903.9,17.48,274.9,66.78,11.766666,3.0,18.95,6.2333336,524.8344052799999,794.552117648,23.920364528,245.79734784000001,435.3078396869178,-35.46744262810084,124.99400822118292
2024-04-27,377312085.83,469684505.024,289706815.158,1136703406.012,164.6236,903.9,304.89,15.7,66.89,15.562501,9.5,22.5,2.437499,377.31208583,1136.7034060120002,289.706815158,469.684505024,435.4155334056521,-50.15178520797306,-7.951662367679091
2024-04-28,361226282.42,421782315.647,440655015.728,1223663613.795,165.0674,903.9,460.13,14.7,67.07,15.564583,12.4,19.9,2.4354172,361.22628242,1223.6636137950002,440.65501572799997,421.782315647,435.5232709881488,-68.5252067622354,-5.771781805913349
2024-04-29,462461474.08,411883784.069,340579652.181,1214924910.33,165.4178,903.9,330.2,9.7,67.21,18.447918,11.35,26.35,0.0,462.46147407999996,1214.9249103299999,340.579652181,411.883784069,435.63105968135284,-78.5685059558135,105.39892035446059
2024-04-30,400006921.1,416729748.005,614179017.92,1430915687.025,165.97,903.9,524.14,10.2,67.44,19.760418,14.65,24.85,0.0,400.0069211,1430.9156870250001,614.17901792,416.729748005,435.73890676602304,-87.95649351371002,52.22450784768699
2024-05-01,323248863.94,512889131.568,754732365.6,1590870361.108,166.5598,903.9,614.45,2.5,67.66,19.385416,14.9,24.2,0.0,323.24886394,1590.870361108,754.7323656,512.889131568,435.8468188633379,-97.0765144267955,-15.521440496542425
2024-05-02,361332819.06,369029652.116,665998928.803,1396361399.979,167.1665,903.9,620.14,10.5,67.56,17.854168,14.2,22.4,0.14583206,361.33281906,1396.361399979,665.998928803,369.029652116,435.95480190061767,-75.61517450039301,0.9931916597753343
2024-05-03,446312267.97,345651218.28,371487906.241,1163451392.491,167.4038,903.9,336.1,88.7,67.65,15.445832,10.95,19.05,2.5541677,446.31226797000005,1163.451392491,371.487906241,345.65121827999997,436.0628611018437,-69.63018044226858,79.87958731042494
2024-05-04,414908977.67,438613561.334,389854104.75,1243376643.754,167.7682,903.9,406.4,31.9,67.8,15.235416,11.95,19.05,2.7645836,414.90897767,1243.376643754,389.85410475,438.613561334,436.1710006532372,-44.533747810608425,23.27172482737126
2024-05-05,397263107.14,368765195.998,427773489.036,1193801792.174,168.1737,903.9,419.05,12.4,67.97,13.410416,8.35,18.5,4.5895844,397.26310714,1193.801792174,427.773489036,368.765195998,436.2792238445241,-40.284556938612354,1.2684402340882457
2024-05-06,525550702.69,274909189.508,215234488.576,1015694380.774,168.1874,903.9,181.76,161.0,67.97,11.879167,8.3,15.8,6.1208334,525.55070269,1015.694380774,215.23448857600002,274.909189508,436.38753347580587,-72.95660761382616,162.11977682802024
2024-05-07,554034513.84,436844261.75,125452852.8,1116331628.39,168.1565,903.9,127.7,148.5,67.96,12.387501,8.4,17.6,5.612499,554.03451384,1116.33162839,125.4528528,436.84426175,436.4959317214862,-28.5145855751886,146.0531676937024
2024-05-08,515791381.83,361293836.868,73357954.556,950443173.254,168.0225,903.9,99.53,226.5,67.9,12.514583,5.1,18.7,5.4854174,515.79138183,950.4431732539999,73.357954556,361.29383686799997,436.60442048213235,6.448459868297203,72.7385014795704
2024-05-09,416493284.57,279082514.971,490482645.938,1186058445.479,168.4568,903.9,443.72,9.4,68.08,15.714583,9.8,20.9,2.2854166,416.49328457,1186.058445479,490.482645938,279.082514971,436.7130014463657,-41.31438183713881,21.094664960773116
2024-05-10,414553646.32,331496636.598,657591041.241,1403641324.159,169.0457,903.9,601.15,12.2,68.32,14.810416,10.85,19.2,3.1895838,414.55364632,1403.6413241589999,657.5910412410001,331.496636598,436.82167585510496,-60.438155897341474,38.17012636223649
2024-05-11,352647638.13,313793302.43299997,889676801.039,1556117741.602,169.9301,903.9,898.64,4.2,68.68,14.818749,9.3,20.0,3.1812506,352.64763813,1556.117741602,889.676801039,313.79330243299995,436.9304448970863,-87.36631501894949,3.0835082518631793
2024-05-12,321358609.24,329873710.046,986449714.42,1637682033.706,170.8922,903.9,974.71,2.5,69.06,16.489582,10.0,22.7,1.5104179,321.35860924,1637.682033706,986.44971442,329.873710046,437.0393096060683,-95.46853644663136,-20.212163919436875
2024-05-13,403797575.39,314943016.105,812959982.105,1531700573.6,171.678,903.9,808.22,10.3,69.38,18.30625,11.95,24.05,0.0,403.79757538999996,1531.7005735999999,812.959982105,314.943016105,437.14827068641387,-58.02146914516342,24.67077384874949
2024-05-14,397151720.68,365115645.303,878536497.38,1640803863.363,172.475,903.9,798.94,4.3,69.7,19.808332,14.3,25.65,0.0,397.15172068,1640.803863363,878.53649738,365.11564530299995,437.25732868050943,-66.67539582874699,26.56978782823751
2024-05-15,476543836.37,390102561.797,873918268.87,1740564667.0370002,173.2015,903.9,727.13,7.8,70.0,20.208332,14.8,25.45,0.0,476.54383637,1740.5646670370002,873.91826887,390.10256179699996,437.36648346541017,-37.598432222325386,76.77578512691525
2024-05-16,478271422.54,299375169.27,559123780.63,1336770372.44,173.7602,903.9,569.26,6.0,70.22,19.339584,15.65,24.8,0.0,478.27142254,1336.77037244,559.1237806299999,299.37516926999996,437.4757344976058,-55.506219334210584,96.30190737660473
2024-05-17,396195693.09,312501963.321,484015071.599,1192712728.01,174.4018,903.9,638.75,4.1,70.48,16.64375,12.7,20.75,1.3562508,396.19569308999996,1192.71272801,484.01507159899995,312.501963321,437.5850812108683,-80.075203791531,38.68581567066269
2024-05-18,375897346.85,415410612.774,830061998.0699999,1621369957.694,175.1887,903.9,792.56,5.6,70.8,15.810416,10.55,20.65,2.1895838,375.89734685,1621.369957694,830.06199807,415.410612774,437.6945229558745,-28.277519636465183,-33.51965646940931
2024-05-19,349492350.42,485906355.917,861197881.72,1696596588.0570002,175.9402,903.9,754.0,2.5,71.1,15.691663,11.2,19.8,2.3083372,349.49235042000004,1696.5965880570002,861.19788172,485.906355917,437.80405909847923,-74.22745462018156,-14.084254058297631
2024-05-20,344302717.29,508567415.125,626146977.038,1479017109.453,176.5853,903.9,651.4,7.8,71.37,19.704168,12.9,25.45,0.0,344.30271729000003,1479.017109453,626.1469770379999,508.567415125,437.9136888201813,-92.70975955791141,-0.9012119722698344
2024-05-21,462910100.6,196598101.602,268055751.782,927563953.984,176.7683,903.9,291.61,114.0,71.44,19.650002,16.2,25.55,0.0,462.9101006,927.563953984,268.055751782,196.59810160199999,438.0234110203089,-50.78688159672203,75.67357117641313
2024-05-22,441326300.8,357547614.186,506334859.931,1305208774.917,177.1728,903.9,429.68,25.2,71.6,17.977083,15.25,21.65,0.022916794,441.3263008,1305.208774917,506.334859931,357.547614186,438.1332243025498,-36.976004521954096,40.1690810194043
2024-05-23,515567370.44,276354715.718,580470088.143,1372392174.301,177.6716,903.9,521.86,23.0,71.8,18.34375,13.85,23.15,0.0,515.56737044,1372.392174301,580.470088143,276.354715718,438.2431264862015,-51.930517917323165,129.25476187112167
2024-05-24,497421411.01,322636465.856,426575509.856,1246633386.722,177.9267,903.9,279.37,24.2,71.91,18.722916,15.05,22.7,0.0,497.42141101,1246.6333867219998,426.575509856,322.63646585600003,438.35311449161924,-104.83197228019851,163.90026879857925
2024-05-25,402509737.06,413647910.505,609926195.4,1426083842.9650002,178.3194,903.9,413.39,20.7,72.07,18.397917,13.75,23.6,0.0,402.50973706,1426.0838429650003,609.9261954,413.64791050499997,438.46318460778735,-91.3321192522272,55.37867170443985
2024-05-26,364752563.68,353995331.94,640399923.61,1359147819.23,178.7843,903.9,472.46,7.5,72.25,18.672915,15.85,22.55,0.0,364.75256368,1359.14781923,640.39992361,353.99533193999997,438.573332568957,-83.55710599847379,9.73633710951674
2024-05-27,461502315.55,314650688.2,479423342.701,1255576346.451,179.1062,903.9,329.08,7.3,72.38,15.756251,12.0,17.85,2.2437487,461.50231555,1255.576346451,479.42334270099997,314.6506882,438.6835538204805,-118.02881828666808,140.84758001618764
2024-05-28,426281320.36,394973361.789,420508475.612,1241763157.7610002,179.3461,903.9,270.56,30.6,72.48,16.16875,10.4,21.8,1.8312492,426.28132036,1241.7631577610002,420.508475612,394.97336178899997,438.7938436561065,-74.67470808102455,62.162184784918054
2024-05-29,434669311.66,379200893.262,385676480.636,1199546685.5579998,179.5664,903.9,243.78,23.5,72.57,16.904165,13.1,21.0,1.0958347,434.66931166,1199.5466855579998,385.67648063599995,379.200893262,438.90419709845014,-40.135574769512864,35.90068933106272
2024-05-30,425118256.67,428054447.746,408228495.015,1261401199.431,179.7974,903.9,312.1,81.1,72.66,17.497915,13.35,22.3,0.50208473,425.11825667,1261.401199431,408.22849501499996,428.054447746,439.0146090234331,-69.92891525832059,56.03256290488753
2024-05-31,391292853.22,380523081.846,583755810.851,1355571745.9169998,180.2395,903.9,454.51,12.4,72.84,19.947916,15.0,24.55,0.0,391.29285322000004,1355.5717459169998,583.755810851,380.523081846,439.12507451378957,-54.907923045566626,7.075701751777103
2024-06-01,358373247.53,347083136.608,690915074.074,1396371458.212,180.3047,903.9,679.43,2.5,72.87,18.816666,15.65,22.05,0.0,358.37324752999996,1396.3714582119999,690.915074074,347.08313660799996,439.23558859791774,-73.91174733226622,-6.95059373565158
2024-06-02,369622208.68,374914678.337,750544077.621,1495080964.638,180.9119,903.9,608.13,2.2,73.11,15.097917,12.95,17.4,2.9020834,369.62220868,1495.080964638,750.544077621,374.914678337,439.3461459607886,-69.40059103713492,-0.3233462436536456
2024-06-03,540144162.55,293143144.922,420420729.851,1253708037.323,181.0962,903.9,305.68,121.3,73.19,16.258333,13.45,19.05,1.7416668,540.1441625499999,1253.7080373229999,420.42072985100003,293.143144922,439.4567409476427,-110.9413502795705,211.62877188192778
2024-06-04,439751605.26,291076317.831,297673725.005,1028501648.096,181.4858,903.9,419.12,26.1,73.35,16.356249,11.9,20.2,1.6437511,439.75160525999996,1028.501648096,297.673725005,291.076317831,439.5673676301923,-34.596531519732736,34.78076914954045
2024-06-05,444964845.96,365289949.704,535556821.701,1345811617.365,181.9127,903.9,429.59,6.1,73.52,15.585416,11.05,19.35,2.4145842,444.96484596,1345.811617365,535.556821701,365.289949704,439.6780199299871,-109.8852715003545,115.17209753036735
2024-06-06,473363444.42,281647909.497,617009322.095,1372020676.012,182.8526,903.9,522.07,5.6,73.9,16.03333,11.75,19.45,1.9666691,473.36344442,1372.0206760120002,617.009322095,281.647909497,439.78869170500707,-62.83181626317474,96.40656897816768
2024-06-07,425137428.31,330234319.905,726387810.734,1481759558.949,183.42,903.9,572.73,5.3,74.13,17.304167,8.75,23.65,0.6958332,425.13742831,1481.759558949,726.3878107339999,330.23431990499995,439.89937687496166,-84.17277756804332,69.41082900308169
2024-06-08,369921368.63,284143226.456,951807759.01,1605872354.096,184.2366,903.9,825.08,8.5,74.46,15.366669,10.4,20.7,2.6333313,369.92136863,1605.872354096,951.80775901,284.143226456,440.01006932830336,-82.60441663503886,12.51571593673549
2024-06-09,409528128.23,282913980.412,983618460.76,1676060569.402,184.9982,903.9,777.61,17.0,74.77,14.416667,9.4,18.4,3.583333,409.52812823,1676.060569402,983.61846076,282.913980412,440.12076286504634,-98.94739618826011,68.35476155321373
2024-06-10,424919979.61,250058335.538,506510231.111,1181488546.259,185.4547,903.9,474.37,17.9,75.2,13.420835,10.15,16.95,4.5791655,424.91997961000004,1181.488546259,506.510231111,250.058335538,440.2314513146471,-49.3501232485428,34.03865154389575
2024-06-11,410228896.1,310998669.43700004,504672733.29,1225900298.827,185.9298,903.9,491.37,16.2,75.39,13.320832,8.85,16.65,4.6791677,410.22889610000004,1225.900298827,504.67273329,310.99866943700005,440.3421283543858,-62.765879156251444,32.652646901865694
2024-06-12,453643240.78,291621923.79,410438454.288,1155703618.8579998,186.2958,903.9,387.88,17.9,75.54,13.362502,8.1,17.35,4.637498,453.64324078,1155.7036188579998,410.438454288,291.62192379000004,440.452787388262,-75.30276484052378,88.49321823226182
2024-06-13,429146859.12,268616957.283,449851926.375,1147615742.778,186.7669,903.9,479.82,9.2,75.73,14.600001,9.75,18.5,3.3999987,429.14685912,1147.6157427780001,449.851926375,268.616957283,440.56342165340175,-43.70936031956528,32.29279778616353
2024-06-14,375428673.04,324569378.696,701366142.522,1401364194.258,187.5845,903.9,829.8,12.7,76.06,16.862501,12.9,21.7,1.1374989,375.42867304000004,1401.364194258,701.3661425219999,324.569378696,440.67402415414443,-62.65167556929901,-2.5936755448453823
2024-06-15,325001244.49,392586047.01,801914495.766,1519501787.266,188.4699,903.9,902.88,14.1,76.17,17.608334,10.15,23.0,0.3916664,325.00124449000003,1519.501787266,801.9144957660001,392.58604701,440.7845873528929,-100.02402328713335,-15.759319575759548
2024-06-16,342631339.24,323378924.64,919983566.14,1585993830.02,187.1538,903.9,917.15,13.1,75.64,19.183332,14.2,24.0,0.0,342.63133924,1585.99383002,919.98356614,323.37892464,440.89510315238726,-83.23720996374111,-15.026553948646153
2024-06-17,455124068.02,402226191.714,733202680.472,1590552940.206,189.9835,903.9,612.82,5.0,76.78,19.585417,12.65,26.0,0.0,455.12406802,1590.5529402060001,733.202680472,402.226191714,441.0055633114422,-73.81179006649779,87.93029477505559
2024-06-18,447444562.54,322730134.259,645075956.9070001,1415250653.706,190.5281,903.9,558.24,7.2,77.0,16.762499,13.55,19.45,1.2375011,447.44456254000005,1415.250653706,645.0759569070001,322.730134259,441.11595941247947,-48.366951968592716,54.69555509611331
2024-06-19,404478150.92,337658073.93700004,800678750.314,1542814975.171,191.2826,903.9,755.7,8.2,77.31,16.747917,10.1,22.15,1.2520828,404.47815092,1542.814975171,800.678750314,337.65807393700004,441.2262826025724,-59.65047196648735,22.90234028391501
2024-06-20,463689001.95,308500461.706,658548429.069,1430737892.725,191.9881,903.9,715.12,9.6,77.59,20.554167,15.2,27.5,0.0,463.68900195,1430.737892725,658.548429069,308.50046170599995,441.33652369755765,-19.55590306169407,41.90838131413642
2024-06-21,445834528.35,439717372.048,766801983.203,1652353883.6009998,192.6858,903.9,715.43,17.7,77.88,19.079165,16.5,21.85,0.0,445.83452835,1652.3538836009998,766.801983203,439.71737204799996,441.44667393100445,-19.98801461842154,24.37586903741709
2024-06-22,337005628.62,486221691.023,1195515149.95,2018742469.593,193.8415,903.9,1177.92,22.1,78.34,18.2,14.8,21.55,0.0,337.00562862,2018.742469593,1195.51514995,486.221691023,441.5567247535375,-72.59489793230695,-31.956198201230563
2024-06-23,363653944.09,589976860.416,1172301035.44,2125931839.946,194.9288,903.9,1094.51,7.2,78.78,18.587498,12.2,23.4,0.0,363.65394409,2125.9318399460003,1172.30103544,589.976860416,441.66666754209956,-67.74437457824484,-10.268348873854734
2024-06-24,418308134.22,523980343.387,905958980.944,1848247458.551,195.6175,903.9,696.53,7.8,79.06,20.310417,14.2,25.7,0.0,418.30813422000006,1848.2474585510001,905.958980944,523.9803433870001,441.7764935301714,-66.76982123359882,43.30146192342744
2024-06-25,407258654.76,446492509.4,901864964.955,1755616129.115,196.3971,903.9,779.7,6.4,79.38,23.333334,16.9,28.7,0.0,407.25865476,1755.616129115,901.864964955,446.49250939999996,441.88619388508846,-49.16100924448566,14.533470119397236
2024-06-26,435402839.09,440373534.27,999229533.594,1875005906.954,197.2586,903.9,877.34,15.3,79.72,24.15,20.35,28.9,0.0,435.40283909,1875.005906954,999.229533594,440.37353427,441.99575966834504,-39.35357113996832,32.760650561623265
2024-06-27,421230861.18,500121439.38,1028327240.24,1949679540.8,198.1163,903.9,864.12,6.3,80.07,23.074999,17.55,27.45,0.0,421.23086118000003,1949.6795408,1028.32724024,500.12143937999997,442.1051820654885,-53.067062248246316,32.19274136275783
2024-06-28,360991912.8,454941942.346,1169669771.95,1985603627.096,199.0779,903.9,976.69,13.2,80.47,22.260416,14.55,28.8,0.0,360.9919128,1985.6036270959999,1169.66977195,454.941942346,442.2144523119529,-73.28975550859177,-7.932784003361121
2024-06-29,331198788.90999997,440791019.679,1206168684.75,1978158493.339,200.1279,903.9,1058.35,11.5,80.89,22.868746,17.5,27.9,0.0,331.19878890999996,1978.158493339,1206.16868475,440.79101967900004,442.3235614688872,-78.36730482570282,-32.7574677331844
2024-06-30,337396866.53999996,410194002.033,1202517140.25,1950108008.823,201.1689,903.9,1021.67,2.5,81.31,17.643751,14.25,21.15,0.35624886,337.39686653999996,1950.1080088229999,1202.51714025,410.194002033,442.432500553709,-73.60711693335858,-31.428517080350503
2024-07-01,397512904.68,485600366.035,924034829.635,1807148100.35,201.8279,903.9,667.23,7.2,81.58,15.131251,12.2,16.8,2.8687487,397.51290468,1807.1481003499998,924.0348296349999,485.60036603500004,442.54126089087123,-51.00157332788309,5.97321711701187
2024-07-02,378552011.12,510953540.177,941538338.58,1831043889.877,202.5578,903.9,730.36,1.8,81.87,15.091667,12.35,17.5,2.9083328,378.55201112000003,1831.043889877,941.5383385800001,510.953540177,442.6498338852144,-72.64348680894764,8.545664043733325
2024-07-03,400400809.82,511859285.564,938194387.26,1850454482.644,203.2697,903.9,717.26,6.7,82.16,15.531251,12.4,20.1,2.468749,400.40080982,1850.454482644,938.19438726,511.859285564,442.75821090029206,-48.259246602267076,5.901845521975019
2024-07-04,357074301.21,317457423.427,904342718.83,1578874443.467,204.0139,903.9,746.25,1.2,82.46,16.322916,10.75,20.4,1.677084,357.07430121,1578.874443467,904.3427188300001,317.457423427,442.8663833294798,-96.84766280380133,11.055580684321512
2024-07-05,363455864.97,294145999.003,1053000508.2,1710602372.173,204.862,903.9,849.75,1.7,82.8,21.506248,13.05,29.6,0.0,363.45586497000005,1710.602372173,1053.0005082,294.14599900300004,442.9743425243732,-118.11896806258224,38.600490508209134
2024-07-06,320084227.71000004,400467446.692,905060601.473,1625612275.875,205.6212,903.9,762.91,2.7,83.11,18.668749,14.7,22.3,0.0,320.08422771000005,1625.612275875,905.060601473,400.46744669199995,443.08207929149455,-108.01660905969968,-14.981242521794798
2024-07-07,325515345.78,400643473.834,881358959.282,1607517778.896,206.3711,903.9,756.16,6.2,83.41,20.102083,13.25,24.95,0.0,325.51534577999996,1607.517778896,881.358959282,400.643473834,443.189583840431,-106.96016195894755,-10.7140761014835
2024-07-08,421856864.58,350694260.506,981060346.53,1753611471.616,207.1781,903.9,813.29,6.2,83.74,24.31042,18.05,30.55,0.0,421.85686458,1753.611471616,981.06034653,350.694260506,443.29684630114957,-78.69906565006976,57.25908392892018
2024-07-09,348153083.28,513678845.68,1040818554.55,1902650483.51,208.0291,903.9,858.73,6.9,84.08,25.495834,20.85,30.75,0.0,348.15308328,1902.65048351,1040.81855455,513.67884568,443.4038567517403,-95.19604450545528,-0.054728966285040315
2024-07-10,390178638.84,535588889.205,907642601.349,1833410129.394,208.7755,903.9,754.24,7.9,84.34,22.189585,18.5,25.7,0.0,390.17863883999996,1833.410129394,907.642601349,535.588889205,443.5106048143647,-45.829642979247105,-7.502322995117595
2024-07-11,436834145.93,404759772.152,782352406.12,1623946324.202,209.3406,903.9,570.81,5.6,84.57,21.433334,17.2,26.5,0.0,436.83414593000003,1623.946324202,782.35240612,404.759772152,443.61707993418247,-58.917027079898965,52.13409307571652
2024-07-12,388449817.81,347827609.418,768449515.63,1504726942.8579998,209.8356,903.9,504.46,9.5,84.77,18.760416,14.25,23.35,0.0,388.44981781,1504.7269428579998,768.44951563,347.827609418,443.72327139664225,-75.49014981084174,20.216696224199495
2024-07-13,325135126.6,545329299.2720001,797471952.68,1667936378.552,210.453,903.9,630.1,12.7,85.02,19.260416,12.65,24.5,0.0,325.13512660000004,1667.936378552,797.47195268,545.3292992720001,443.82916798891114,-99.58452575236576,-19.109515636545325
2024-07-14,335074536.49,719885100.871,774393978.4,1829353615.761,211.1468,903.9,695.54,1.8,85.3,22.739584,15.95,28.95,0.0,335.07453649,1829.353615761,774.3939783999999,719.8851008710001,443.93475818913055,-109.92182864796854,1.0616069488380049
2024-07-15,395632475.89,790786914.788,756858947.008,1943278337.686,211.7465,903.9,603.6,4.0,85.54,22.639582,19.35,27.1,0.0,395.63247588999997,1943.2783376860002,756.858947008,790.786914788,444.0400301020261,-92.47159972531487,44.06404551328876
2024-07-16,383393737.55,800803961.187,882406223.836,2066603922.573,212.5168,903.9,771.64,4.5,85.85,20.195833,15.65,23.65,0.0,383.39373755,2066.603922573,882.406223836,800.803961187,444.14497137754074,-69.84090262769054,9.08966880014981
2024-07-17,414944785.54,610150485.7639999,831134055.912,1856229327.216,213.1793,903.9,664.45,1.9,86.12,20.535418,14.55,26.0,0.0,414.94478554,1856.229327216,831.1340559119999,610.150485764,444.24956927270244,-30.16264039747589,0.8578566647734647
2024-07-18,436138303.46,573586015.46,789575636.3,1799299955.22,213.7606,903.9,586.67,5.4,86.36,22.972916,15.45,28.35,0.0,436.13830346,1799.2999552200001,789.5756362999999,573.58601546,444.35381091249207,-31.1137383301717,22.898230877679623
2024-07-19,398116685.48,604880178.628,999291805.47,2002288669.578,214.5234,903.9,764.76,2.0,86.67,24.63125,18.45,30.25,0.0,398.11668548,2002.288669578,999.29180547,604.8801786280001,444.4576840663452,-72.95825515351785,26.617256567172603
2024-07-20,323565127.85,622294155.14,1130623765.893,2076483048.883,215.4808,903.9,958.61,1.2,87.05,25.687502,18.7,32.15,0.0,323.56512785,2076.483048883,1130.623765893,622.2941551399999,444.56117726354086,-79.99976145535992,-40.996287958180915
2024-07-21,346511733.07,497910683.622,1167742588.043,2012165004.735,216.3575,903.9,876.67,0.0,87.41,21.964582,18.15,24.65,0.0,346.51173307,2012.165004735,1167.742588043,497.91068362199996,444.66427995350085,-89.93195563108716,-8.220591252413726
2024-07-22,404206950.12,684937182.119,965469837.511,2054613969.75,216.9934,903.9,644.41,8.6,87.66,20.758337,13.15,27.25,0.0,404.20695012,2054.61396975,965.469837511,684.937182119,444.76698272476824,-113.44191381598341,72.88188121121516
2024-07-23,385575457.34,570844456.989,801885860.2,1758305774.529,217.5316,903.9,545.67,7.4,87.88,19.627083,16.2,23.4,0.0,385.57545733999996,1758.305774529,801.8858602,570.8444569889999,444.8692770010709,-75.64262296118973,16.34880330011879
2024-07-24,405721419.94,408051986.996,768292104.999,1582065511.935,218.0241,903.9,506.21,13.7,88.08,18.302084,12.85,22.95,0.0,405.72141994,1582.065511935,768.292104999,408.051986996,444.97115442153284,-48.19367050104715,8.943936019514297
2024-07-25,397073527.83,499748945.471,538595307.951,1435417781.252,218.4581,903.9,447.28,13.3,88.25,20.12708,14.15,25.6,0.0,397.07352783,1435.4177812520002,538.595307951,499.748945471,445.07260697840076,-51.704628054591545,3.7055489061907565
2024-07-26,428467033.95,439063161.774,544941115.039,1412471310.763,218.8626,903.9,413.44,8.9,88.42,20.35,18.15,23.25,0.0,428.46703395,1412.471310763,544.941115039,439.063161774,445.1736273156803,-67.66428385039829,50.957690484718
2024-07-27,370828033.54,525293139.406,708966486.182,1605087659.128,219.4108,903.9,555.53,7.3,88.64,18.922916,15.95,21.85,0.0,370.82803354000004,1605.087659128,708.966486182,525.293139406,445.27420803293546,-95.78252970041878,21.336355207483336
2024-07-28,308644522.08000004,453991142.011,718398790.214,1481034454.305,219.9647,903.9,556.42,2.6,88.86,18.035414,13.1,23.05,0.0,308.64452208000006,1481.034454305,718.398790214,453.99114201099997,445.3743418349628,-124.16372221381843,-12.566097541144359
2024-07-29,365734464.6,432956301.06,629315546.33,1428006311.9900002,220.3742,903.9,417.21,7.7,89.03,19.547918,11.55,26.2,0.0,365.7344646,1428.0063119900003,629.3155463300001,432.95630106,445.4740216456767,-115.42558105638192,35.68602401070524
2024-07-30,396893914.24,441707167.947,649364674.39,1487965756.577,220.7813,903.9,418.39,11.3,89.19,22.36458,15.2,28.35,0.0,396.89391424,1487.9657565769999,649.36467439,441.707167947,445.57324075415306,-99.69550796228941,51.016181448136365
2024-07-31,396353589.27,509684905.784,620574014.54,1526612509.594,221.1985,903.9,423.28,10.9,89.36,21.897917,16.5,26.55,0.0,396.35358927,1526.6125095940001,620.57401454,509.68490578399997,445.6719925126836,-82.15788026425616,32.83947702157258
2024-08-01,437607515.65,730500920.3889999,530711760.97,1698820197.009,221.5525,903.9,352.97,3.3,89.41,19.022917,16.75,21.0,0.0,437.60751565,1698.8201970090001,530.71176097,730.5009203889999,445.7702702109232,-96.54099524748132,88.37824068655812
2024-08-02,409815673.65,496632740.2,553802847.69,1460251261.54,222.0531,903.9,506.88,2.0,89.62,19.670832,13.95,24.4,0.0,409.81567364999995,1460.2512615399999,553.80284769,496.6327402,445.8680671018525,-98.81933615866473,62.76694270681219
2024-08-03,324605926.46,695706907.294,821625602.08,1841938435.834,222.7254,903.9,679.9,2.9,89.89,19.556252,17.1,22.75,0.0,324.60592646,1841.938435834,821.62560208,695.7069072940001,445.9653760356142,-114.74309389396907,-6.616355681645132
2024-08-04,335654251.49,674567920.6110001,814716523.04,1824938695.141,223.4077,903.9,686.73,1.9,90.16,18.372917,14.25,22.1,0.0,335.65425149000004,1824.938695141,814.71652304,674.5679206110001,446.0621897469769,-108.85069940025515,-1.5572388567217104
2024-08-05,444561929.44,485003496.24,655400693.789,1584966119.469,224.0732,903.9,666.95,3.9,90.43,19.858334,12.25,25.0,0.0,444.56192944,1584.9661194690002,655.400693789,485.00349624,446.15850133902666,-118.44132981064607,116.84475791161935
2024-08-06,421028299.81,656030899.41,695824719.846,1772883919.066,224.5208,903.9,498.87,5.0,90.48,22.431252,15.9,28.75,0.0,421.02829981,1772.883919066,695.824719846,656.03089941,446.25430451564176,-61.03522723615421,35.8092225305125
2024-08-07,427778776.77,572259893.5799999,767278624.96,1767317295.31,225.053,903.9,534.85,2.5,90.7,20.470833,16.9,23.35,0.0,427.77877677,1767.31729531,767.27862496,572.2598935799999,446.3495931095897,-65.37782029539603,46.807003955806294
2024-08-08,397796932.73,515807938.45,780154451.87,1693759323.0500002,225.6038,903.9,555.12,4.3,90.92,19.802084,14.55,25.55,0.0,397.79693273000004,1693.7593230500001,780.15445187,515.8079384499999,446.4443609561765,-72.02270866126283,23.375280435086324
2024-08-09,349419651.97,493130289.463,821807686.03,1664357627.463,226.222,903.9,620.18,2.1,91.17,20.616663,15.5,26.15,0.0,349.41965197,1664.357627463,821.80768603,493.130289463,446.5386020720225,-124.41870464341498,27.299754541392474
2024-08-10,310577567.95,552764926.471,922237396.98,1785579891.401,226.9166,903.9,702.59,8.0,91.45,20.75625,17.05,25.05,0.0,310.57756795,1785.579891401,922.23739698,552.764926471,446.6323102148239,-121.22303484737512,-14.831707417448797
2024-08-11,320674171.26,655537006.982,910685705.97,1886896884.212,227.5358,903.9,643.05,23.8,91.7,20.262499,12.75,26.75,0.0,320.67417126,1886.8968842119998,910.6857059700001,655.537006982,446.7254790752426,-85.60498473163629,-40.44632308360633
2024-08-12,378659780.52,456571403.611,863500355.97,1698731540.101,228.1242,903.9,593.53,5.1,91.94,22.668753,15.25,29.85,0.0,378.65978051999997,1698.731540101,863.50035597,456.571403611,446.8181030270504,-60.751697103677074,-7.4066254033733685
2024-08-13,365373940.68,477933402.692,791629806.597,1634937149.969,228.7916,903.9,673.64,4.2,92.17,25.475,18.95,32.9,0.0,365.37394068000003,1634.937149969,791.629806597,477.93340269199996,446.9101770774453,-66.77766412023931,-14.758572277205985
2024-08-14,441406281.64,381307190.26,779192430.361,1601905902.261,229.3439,903.9,560.48,10.2,92.25,23.679169,19.85,27.95,0.0,441.40628164,1601.905902261,779.192430361,381.30719025999997,447.0016964112148,-18.456112315737265,12.860697544522395
2024-08-15,406065994.04,454550125.418,903334721.98,1763950841.438,229.9425,903.9,623.11,4.6,92.45,23.595833,17.05,29.1,0.0,406.06599404,1763.950841438,903.33472198,454.550125418,447.09265621808123,-60.37484933279308,19.348187154711866
2024-08-16,421082483.47,404615900.48,948831301.84,1774529685.79,230.5121,903.9,584.82,4.6,92.68,23.245834,18.75,29.4,0.0,421.08248347000006,1774.52968579,948.83130184,404.61590048,447.18305200053464,-85.59980723082133,59.49923870028675
2024-08-17,356282988.77,438723575.282,962852669.42,1757859233.472,231.2714,903.9,805.45,0.0,92.98,20.679167,16.6,24.55,0.0,356.28298877,1757.859233472,962.85266942,438.723575282,447.2728789746702,-84.50316742080308,-6.486722783867151
2024-08-18,297586008.5,485923236.503,1065548873.954,1849058118.957,232.0581,903.9,812.35,0.0,93.3,19.489584,15.95,22.8,0.0,297.5860085,1849.058118957,1065.548873954,485.923236503,447.3621318278593,-77.44269104981335,-72.33343227804596
2024-08-19,421225924.1,512678625.991,741058015.386,1674962565.4770002,232.5081,903.9,458.82,4.0,93.44,20.689585,13.15,27.2,0.0,421.22592410000004,1674.9625654770002,741.0580153860001,512.678625991,447.4508052800153,-57.14704847084776,30.922167290832533
2024-08-20,368081702.0,498176242.13,698994748.863,1565252692.993,232.9356,903.9,469.79,14.8,93.61,20.14375,15.55,22.95,0.0,368.081702,1565.252692993,698.994748863,498.17624213,447.5388943381469,-80.73002298030504,1.2728306421581124
2024-08-21,347990857.85,524383821.068,823692386.872,1696067065.79,233.4261,903.9,519.24,2.4,93.81,19.033335,14.2,24.7,0.0,347.99085785,1696.06706579,823.6923868719999,524.383821068,447.62639410335,-84.47584361850701,-15.15969263484294
2024-08-22,344764821.99,490509534.304,870822917.78,1706097274.074,233.9234,903.9,537.08,6.5,94.01,22.989584,16.7,30.45,0.0,344.76482199000003,1706.0972740739999,870.82291778,490.509534304,447.71329986388935,-122.3888108220127,19.440332948123398
2024-08-23,336377614.77,461599325.053,834636092.96,1632613032.783,234.4594,903.9,584.92,18.1,94.22,25.102083,17.1,31.75,0.0,336.37761477,1632.6130327829999,834.63609296,461.599325053,447.79960710937775,-130.0072580462518,18.585265706874054
2024-08-24,292268651.03,520763042.26,977344552.66,1790376245.9499998,235.1961,903.9,767.58,2.7,94.21,21.704165,17.3,26.15,0.0,292.26865102999994,1790.3762459499999,977.34455266,520.76304226,447.8853112337367,-136.69099534731743,-18.925664856419303
2024-08-25,345562082.21,480207256.388,983163296.8,1808932635.398,235.9386,903.9,752.61,0.0,94.51,20.260416,15.25,24.95,0.0,345.56208220999997,1808.932635398,983.1632967999999,480.207256388,447.970407248045,-55.06400510828856,-47.344319929756466
2024-08-26,457691386.73,567278835.733,608592810.57,1633563033.033,236.3622,903.9,446.56,12.5,94.68,20.154165,12.75,26.7,0.0,457.69138673000003,1633.563033033,608.5928105700001,567.278835733,448.05489011229224,-45.18171939631768,54.818216014025495
2024-08-27,434952221.75,486518132.106,321103313.59,1242573667.446,236.6617,903.9,314.95,15.4,94.8,23.127083,16.25,30.2,0.0,434.95222175,1242.5736674460002,321.10331358999997,486.518132106,448.13875499864133,-35.69251575704795,22.50598250840659
2024-08-28,428026995.67,410214609.77,606107064.826,1444348670.266,237.0688,903.9,435.48,9.0,94.96,27.36875,20.6,34.1,0.0,428.02699567,1444.348670266,606.1070648259999,410.21460977,448.22199729780925,27.52162318499427,-47.7166248128035
2024-08-29,521581146.65,327941501.652,327378316.666,1176900964.968,237.1841,903.9,203.67,78.5,94.94,23.166672,17.65,27.95,0.0,521.5811466499999,1176.900964968,327.378316666,327.941501652,448.3046128132718,-36.84384345371919,110.12037729044732
2024-08-30,431035198.6,209413343.05,388932850.964,1029381392.614,237.461,903.9,298.06,7.3,95.05,19.089584,15.2,23.55,0.0,431.0351986,1029.3813926139999,388.932850964,209.41334305,448.38659824069816,-95.35284101043374,78.00144136973552
2024-08-31,307357267.39,298813072.39,648737742.432,1254908082.212,237.8993,903.9,464.13,4.4,95.23,18.991667,13.65,24.7,0.0,307.35726739,1254.908082212,648.737742432,298.81307239,448.46795081987796,-113.83323331342633,-27.277450116451632
2024-09-01,355734486.65999997,305985198.19,654983066.097,1316702750.947,238.4016,903.9,522.77,15.9,94.95,19.941666,12.6,26.3,0.0,355.73448665999996,1316.702750947,654.983066097,305.98519819,448.5486680397524,-64.64704330550806,-28.16713807424435
2024-09-02,474249350.37,493476626.8,516076976.731,1483802953.901,238.6172,903.9,250.06,30.4,95.03,24.54792,18.05,32.5,0.0,474.24935037,1483.802953901,516.0769767310001,493.4766268,448.62874773517876,-44.728313531280556,70.34891616610184
2024-09-03,559110905.9300001,642698259.88,219409038.708,1421218204.518,238.6778,903.9,127.95,66.8,95.06,26.7125,19.95,33.65,0.0,559.1109059300001,1421.218204518,219.409038708,642.69825988,448.70818805010936,-141.9553712511678,252.35808913105848
2024-09-04,542365800.08,854481982.46,128893394.522,1525741177.062,238.6823,903.9,86.68,82.0,95.06,25.743746,21.45,30.8,0.0,542.3658000800001,1525.7411770620001,128.893394522,854.48198246,448.7869871525161,-39.79322481453056,133.37203774201453
2024-09-05,420967642.4,918803567.64,316581472.97,1656352683.01,238.9204,903.9,247.74,9.7,95.15,24.391665,19.95,29.05,0.0,420.9676424,1656.35268301,316.58147297000005,918.80356764,448.8651437033811,-21.899619181738757,-5.997882121642363
2024-09-06,410861435.9,396098605.03,485266990.406,1292227031.336,239.2648,903.9,355.12,10.7,95.28,24.020834,16.75,30.85,0.0,410.8614359,1292.227031336,485.266990406,396.09860503,448.9426571098118,-79.30291006792866,41.22168885811686
2024-09-07,334177004.53,306249433.05,426021388.097,1066447825.677,239.5663,903.9,321.45,20.0,95.4,25.804167,20.5,31.45,0.0,334.17700453,1066.447825677,426.021388097,306.24943305,449.0195266675276,-134.25603081311888,19.41350867559123
2024-09-08,334312160.38,309856895.08,485114798.44,1129283853.9,239.8876,903.9,338.52,15.2,95.52,19.139585,15.7,24.7,0.0,334.31216038,1129.2838539000002,485.11479844,309.85689507999996,449.09575160565237,-26.336836327644107,-88.44675489800824
2024-09-09,399372154.29,272427588.15,199978532.847,871778275.2870001,240.0093,903.9,131.1,11.4,95.57,16.479166,14.15,18.95,1.520834,399.37215429,871.778275287,199.978532847,272.42758814999996,449.17133171388554,1.0170103336362808,-50.81618775752179
2024-09-10,360051149.28,254589880.12,568120091.53,1182761120.9299998,240.3585,903.9,366.54,17.3,95.71,15.064582,11.9,16.95,2.9354181,360.05114927999995,1182.7611209299998,568.12009153,254.58988012,449.24626734437584,-38.770760758910896,-50.42435730546498
2024-09-11,382121640.38,198813729.93,266778020.912,847713391.2219999,240.4498,903.9,116.81,24.9,95.75,12.029167,8.7,15.45,5.970833,382.12164038,847.7133912219999,266.778020912,198.81372993,449.3205594329446,-84.06979905088197,16.870879997937323
2024-09-12,474158340.35,181430469.14,114461697.731,770050507.221,240.2416,903.9,41.7,248.5,95.66,11.460416,9.05,15.0,6.539584,474.15834035,770.050507221,114.461697731,181.43046913999999,449.39420961310753,-59.165153104655246,83.92928384154771
2024-09-13,358600160.90999997,209168311.16,45464015.501,613232487.571,240.1075,903.9,25.5,159.5,95.61,13.672919,11.2,17.45,4.3270807,358.60016090999994,613.232487571,45.464015501,209.16831116,449.4672198648628,-126.17446515024731,35.30740619538449
2024-09-14,306543074.87,246113723.44,86039856.091,638696654.4009999,240.0019,903.9,29.08,134.6,95.57,13.527083,9.2,18.05,4.4729166,306.54307487,638.6966544009999,86.039856091,246.11372344,449.5395917181515,-136.79014161867775,-6.2063752294737355
2024-09-15,333512192.35,232420906.35,100765226.256,666698324.9560001,240.1118,903.9,38.19,120.4,95.61,15.21042,12.55,18.9,2.7895803,333.51219235,666.6983249560001,100.76522625599999,232.42090635,449.611326408315,-139.41826262681238,23.319128568497376
2024-09-16,432906933.77,340934821.52,84356535.147,858198290.4369999,239.946,903.9,26.39,192.2,95.55,18.470835,14.0,24.65,0.0,432.90693376999997,858.198290437,84.356535147,340.93482151999996,449.6824254157108,-97.70738790121626,80.93189625550542
2024-09-17,386112295.09,288577413.75,64242346.628,738932055.468,239.9321,903.9,43.86,57.7,95.54,18.885414,13.75,25.3,0.0,386.11229509,738.932055468,64.24234662799999,288.57741375,449.7528902320239,-99.66851970323017,36.02792456120625
2024-09-18,366086803.29,361164354.12,156078939.927,883330097.3369999,240.1225,903.9,198.45,9.9,95.62,18.472918,14.55,23.65,0.0,366.08680329000003,883.3300973369999,156.078939927,361.16435412,449.8227224790131,-105.51366992126216,21.777750732249046
2024-09-19,373895257.08,308599590.31,292892310.387,975387157.777,240.2361,903.9,159.52,44.3,95.66,17.391668,13.4,22.8,0.6083317,373.89525707999996,975.387157777,292.892310387,308.59959031,449.8919242185905,-64.20786247705348,-11.788804661537029
2024-09-20,341506969.46000004,365460661.94,231882275.236,938849906.6360002,240.1842,903.9,111.05,162.8,95.64,16.443748,10.9,22.85,1.5562515,341.50696946000005,938.8499066360001,231.882275236,365.46066194,449.9604981274116,-116.74405210986795,8.29052344245639
2024-09-21,337967027.94,348681933.3,235111699.879,921760661.119,240.3957,903.9,235.83,25.6,95.72,16.631248,10.75,23.9,1.3687515,337.96702794,921.7606611189999,235.111699879,348.6819333,450.0284466601648,-99.96295894250025,-12.098459777664573
2024-09-22,358838554.90999997,336744054.98,289651379.595,985233989.485,240.5033,903.9,185.39,77.8,95.76,16.8,9.4,24.2,1.2000008,358.83855490999997,985.233989485,289.65137959500004,336.74405498000004,450.0957720208581,-60.65044920543331,-30.606767905424817
2024-09-23,462368188.86,388766547.74,125901610.545,977036347.145,240.4637,903.9,93.07,132.7,95.75,14.754167,11.85,17.6,3.2458334,462.36818886000003,977.036347145,125.901610545,388.76654774,450.1624766249314,-15.623563803454244,27.82927603852289
2024-09-24,396598273.32,565920209.39,103423982.296,1065942465.006,240.5732,903.9,137.95,41.5,95.79,15.054165,12.9,19.1,2.945835,396.59827332,1065.942465006,103.423982296,565.92020939,450.2285630731971,-68.52414676795323,14.893857014756065
2024-09-25,392767639.6,457776323.81,143452493.129,993996456.539,240.7519,903.9,231.55,52.9,95.86,16.329168,13.6,19.4,1.6708317,392.7676396,993.9964565390001,143.452493129,457.77632381,450.2940335959544,-55.75047778966063,-1.7759162062937435
2024-09-26,353221732.35,345238533.31,203219987.842,901680253.502,240.9776,903.9,244.47,21.9,95.91,16.160418,14.05,19.35,1.8395824,353.22173235,901.680253502,203.219987842,345.23853331,450.3588906397463,-40.47847466663436,-56.65868362311187
2024-09-27,361099344.43,329690274.65,223877514.189,914667133.269,241.1557,903.9,208.57,30.5,95.98,12.493749,8.75,15.2,5.5062513,361.09934443000003,914.667133269,223.877514189,329.69027465,450.4231370316062,-58.87407760501138,-30.449714996594764
2024-09-28,344025565.37,270007552.40999997,319848587.827,933881705.607,241.2927,903.9,192.21,55.2,96.04,9.641666,5.85,14.2,8.358334,344.02556537,933.881705607,319.848587827,270.00755240999996,450.486776094039,-52.98844505800812,-53.47276566603091
2024-09-29,351920202.51,262441922.29,222040636.805,836402761.605,241.3725,903.9,167.3,87.7,96.07,10.175,6.1,15.05,7.825,351.92020250999997,836.402761605,222.04063680500002,262.44192229,450.549811329863,52.13816655638018,-150.7677753762432
2024-09-30,435126406.81,234482667.48,78447833.241,748056907.5309999,241.194,903.9,113.68,200.9,96.0,10.24375,8.35,13.2,7.7562504,435.12640681,748.0569075309999,78.447833241,234.48266748,450.6122462671594,14.430335702884484,-29.91617516004385
2024-10-01,411196898.44,229895264.71,15028682.659,656120845.809,241.3191,903.9,69.11,148.2,96.09,9.704165,8.25,10.95,8.295835,411.19689844,656.120845809,15.028682659,229.89526471000002,450.6740844646715,26.66585846944837,-66.14304449411992
2024-10-02,405171986.91,189150735.14,11353623.171,605676345.221,241.1102,903.9,71.79,284.2,96.01,11.033333,9.45,14.05,6.966667,405.17198691000004,605.6763452209999,11.353623171,189.15073514,450.7353292641705,-26.888722441861272,-18.674619912309197
2024-10-03,356065532.28,253830237.55,102410515.016,712306284.846,241.2738,903.9,193.31,26.2,96.07,11.383334,8.85,14.45,6.616666,356.06553227999996,712.3062848459999,102.410515016,253.83023755000002,450.7959841240722,-88.33384661409627,-6.3966052299759895
2024-10-04,406376354.32,230477340.76,78601809.983,715455505.063,241.3241,903.9,94.1,43.8,96.09,10.825,7.95,14.4,7.175,406.37635432,715.4555050629999,78.601809983,230.47734076,450.8560527026833,-140.54959055544933,96.069892172766
2024-10-05,350833977.31,252917500.73,138513886.391,742265364.431,241.5019,903.9,198.77,20.9,96.16,9.3375,5.4,12.55,8.6625,350.83397731,742.265364431,138.513886391,252.91750073,450.91553833349917,-94.35718088133686,-5.7243801421623175
2024-10-06,348766896.96,271774758.01,168047787.357,788589442.327,241.7343,903.9,248.1,10.2,96.26,10.868752,6.5,15.95,7.1312485,348.76689696,788.589442327,168.047787357,271.77475800999997,450.9744437700071,17.050339868910385,-119.25788667891749
2024-10-07,415980353.28,270604796.06,159897949.264,846483098.6039999,242.0031,903.9,279.93,17.3,96.36,15.033332,10.85,20.9,2.9666681,415.98035328,846.4830986039999,159.897949264,270.60479606,451.03277171728973,103.90709139696388,-138.95950983425365
2024-10-08,375123669.65,280188541.53999996,455089356.74,1110401567.9299998,242.4812,903.9,493.45,14.7,96.55,16.050001,13.3,19.3,1.9499989,375.12366964999995,1110.4015679299998,455.08935674,280.18854153999996,451.0905252621705,115.657150004115,-191.62400561628556
2024-10-09,371259834.94,420515558.2,566464598.24,1358239991.38,243.0233,903.9,538.0,32.6,96.77,15.543751,10.0,18.55,2.4562492,371.25983494,1358.2399913800002,566.46459824,420.5155582,451.14770798347695,51.49359101621866,-131.3814640596956
2024-10-10,412305033.04,311122329.34000003,547226922.4,1270654284.78,243.4229,903.9,424.47,24.9,96.93,9.033333,5.75,12.55,8.966667,412.30503304,1270.65428478,547.2269223999999,311.12232934,451.2043241099147,-11.76492304355081,-27.13436802636386
2024-10-11,403744192.67,200741457.47,286170238.257,890655888.3970001,243.4738,903.9,152.46,103.5,96.95,8.295835,2.5,13.2,9.704165,403.74419267,890.6558883970001,286.17023825700005,200.74145747,451.260378585235,-32.820204251805585,-14.695981663429393
2024-10-12,329464952.71,217508597.94,350127081.28,897100631.93,243.8222,903.9,361.29,10.9,97.08,10.352084,9.45,11.8,7.647916,329.46495271,897.10063193,350.12708127999997,217.50859794,451.31587636023875,-34.839808619319555,-87.0111150309192
2024-10-13,344102025.49,163380572.55,327445468.032,834928066.072,244.1249,903.9,311.97,9.3,97.2,9.202084,6.5,11.8,8.797916,344.10202549,834.928066072,327.445468032,163.38057255,451.37082213761545,98.18693239807553,-205.45572904569096
2024-10-14,492639478.92,188086764.49,5877966.074,686604209.4840001,243.915,903.9,27.58,238.5,97.08,8.047917,4.9,11.95,9.952083,492.63947892000004,686.6042094840001,5.877966074,188.08676449,451.42522090225964,70.9241733826813,-29.709915364940912
2024-10-15,418809939.99,234609126.67,16893723.085,670312789.7450001,243.9001,903.9,92.59,122.7,97.07,8.774999,4.85,13.7,9.225001,418.80993999000003,670.3127897450001,16.893723085,234.60912667,451.47907783814054,111.38974279540196,-144.05888064354247
2024-10-16,438212326.9500001,194227967.26,173759183.518,806199477.728,244.1226,903.9,243.45,21.0,97.16,11.716667,8.2,16.1,6.283333,438.2123269500001,806.199477728,173.75918351800001,194.22796725999999,451.5323981275847,54.114954874144615,-67.43502605172927
2024-10-17,438582218.4,264678387.38,294306606.006,997567211.786,244.3471,903.9,245.76,22.2,97.25,12.768748,9.2,17.5,5.2312517,438.5822184,997.567211786,294.306606006,264.67838738,451.5851869724433,17.98394090989786,-30.98690948234116
2024-10-18,445579216.07,222738172.1,244245123.257,912562511.427,244.5476,903.9,217.56,17.1,97.32,13.695834,10.05,18.6,4.304166,445.57921607,912.562511427,244.245123257,222.73817209999999,451.6374495936865,-14.288139790577949,8.229906266891419
2024-10-19,364954434.36,241704218.5,394039528.124,1000698180.984,245.0631,903.9,531.04,13.8,97.52,12.939583,10.65,16.55,5.060417,364.95443436,1000.6981809839999,394.039528124,241.7042185,451.68919133803234,-79.79984182280292,-6.934915155229419
2024-10-20,366821502.49,261101373.72,429502215.632,1057425091.842,245.5856,903.9,534.48,12.0,97.73,15.458333,13.7,18.75,2.541667,366.82150249,1057.425091842,429.502215632,261.10137372,451.7404176694736,-78.18300892144376,-6.735906258029786
2024-10-21,457945460.93,246749822.64,272186007.934,976881291.504,245.6938,903.9,149.16,42.7,97.77,13.072917,9.05,17.95,4.927083,457.94546093,976.8812915039999,272.18600793400003,246.74982264,451.79113424598887,-39.02297139484563,45.17729807885678
2024-10-22,434978898.81,255886369.1,39887130.432,730752398.342,245.7159,903.9,65.53,43.4,97.78,9.99375,6.8,14.45,8.00625,434.97889881,730.752398342,39.887130432,255.8863691,451.84134665831925,13.985913315722941,-30.848361164042217
2024-10-23,497494039.63,171425330.93,8693064.778,677612435.3379999,245.6632,903.9,58.46,111.1,97.76,8.839583,4.05,13.8,9.160417,497.49403963,677.612435338,8.693064778,171.42533093,451.89106053002314,-69.91003519028234,115.51301429025915
2024-10-24,431883597.9,175360321.19,12332497.525,619576416.6149999,245.6932,903.9,102.11,72.1,97.77,11.28125,7.7,16.35,6.71875,431.8835979,619.5764166149999,12.332497525,175.36032119,451.9402817503075,-31.311404513838603,11.254720663531089
2024-10-25,487619340.07,235790483.31,49669467.469,773079290.849,245.8228,903.9,156.5,26.9,97.82,10.660417,6.25,16.65,7.3395834,487.61934007,773.079290849,49.669467469,235.79048331,451.9890165472333,-20.652439840102616,56.28276336286933
2024-10-26,389907704.84,181841155.62,187819815.59,759568676.0500001,246.075,903.9,298.35,18.4,97.92,11.604168,8.5,15.65,6.395832,389.90770483999995,759.56867605,187.81981559,181.84115562,452.0372714081492,-58.26980747721767,-3.8597590909315613
2024-10-27,394916868.57,193437936.89,246337986.774,834692792.234,246.3367,903.9,265.03,31.1,98.03,11.602082,6.55,15.8,6.3979177,394.91686857,834.692792234,246.337986774,193.43793688999997,452.08505248263106,-58.31905745084532,1.1508735382142845
2024-10-28,453207570.04,120606803.14,68827177.188,642641550.368,246.4137,903.9,99.06,22.0,98.04,13.095833,11.9,14.45,4.904167,453.20757004,642.641550368,68.827177188,120.60680314,452.1323658906847,-33.81882470558627,34.89402885490159
2024-10-29,562514196.25,136166086.26999998,33909526.253,732589808.773,246.4358,903.9,63.8,41.6,98.04,12.925,11.05,14.8,5.075,562.51419625,732.589808773,33.909526252999996,136.16608627,452.17921764078926,-25.02340961522291,135.35838822443372
2024-10-30,536985539.5,244525459.5,12767116.935,794278115.935,246.4666,903.9,75.45,44.6,98.04,11.614583,9.05,14.3,6.385417,536.9855395,794.278115935,12.767116935,244.5254595,452.2256134163225,2.389552644372366,82.37037343930513
2024-10-31,516820145.53,264792441.33,116286723.269,897899310.129,246.5177,903.9,90.81,37.1,98.06,10.877083,9.1,12.85,7.122917,516.82014553,897.8993101289999,116.28672326899999,264.79244133000003,452.2715591166364,0.4844587301719181,64.06412768319166
2024-11-01,419966006.87,367887294.32,398409766.676,1186263067.8660002,246.8286,903.9,347.0,36.1,98.19,7.9979167,2.05,11.8,10.002083,419.96600687,1186.2630678660003,398.409766676,367.88729431999997,452.31706087429086,-54.64878316848998,22.297729164199097
2024-11-02,468321827.36,174231792.79,286167605.199,928721225.349,247.0247,903.9,220.99,24.9,98.27,4.4562497,0.05,9.95,13.543751,468.32182736,928.721225349,286.167605199,174.23179279,452.36212478018814,-7.901213694925554,23.860916274737406
2024-11-03,460452524.94,120936066.02,177654669.211,759043260.171,247.1427,903.9,160.93,42.9,98.31,8.412499,6.15,10.85,9.587501,460.45252494,759.043260171,177.654669211,120.93606602,452.4067569626912,-20.172714477947782,28.218482455256606
2024-11-04,669987001.0699999,71508484.1,6462208.682,747957693.852,246.734,903.9,9.79,418.5,98.15,7.322916,4.4,10.35,10.677084,669.9870010699999,747.957693852,6.462208682,71.50848409999999,452.45096342840327,-63.95579871406807,281.49183635566476
2024-11-05,719242058.7,100338400.4,34150.987,819614610.087,246.1715,903.9,10.97,573.4,97.93,3.9833329,1.65,6.4,14.016667,719.2420587,819.614610087,0.034150987,100.33840040000001,452.4947499645779,-17.657232417349483,284.4045411527716
2024-11-06,763080464.8,134627011.25,1300119.109,899007595.1589999,245.4823,903.9,22.33,711.6,97.65,5.2875004,4.7,6.35,12.7125,763.0804648,899.007595159,1.300119109,134.62701125,452.5381218035769,74.48731623804636,236.0550267583767
2024-11-07,750232231.8,127794236.74,25074.203,878051542.7429999,244.5461,903.9,14.78,953.9,97.28,4.9125004,3.4,6.6,13.0875,750.2322317999999,878.0515427429999,0.025074203,127.79423673999999,452.58108371964227,237.27061184020192,60.38053624015572
2024-11-08,643151958.8,106178935.15,3202264.235,752533158.185,243.8323,903.9,52.19,766.5,97.0,3.697916,1.1,7.45,14.302084,643.1519588,752.5331581849999,3.202264235,106.17893515,452.62364029173773,175.39105494836485,15.137263559897406
2024-11-09,569606785.9,87795423.76,1290547.59,658692757.25,243.4915,903.9,35.35,364.2,96.86,1.4104166,-0.15,3.5,16.589584,569.6067859,658.69275725,1.29054759,87.79542376,452.66579603583693,110.98673495252422,5.954254911638827
2024-11-10,541885018.7,114135565.28,6974.94,656027558.9200001,243.2077,903.9,43.62,327.5,96.75,4.2312503,1.1,7.65,13.768749,541.8850187,656.02755892,0.00697494,114.13556528,452.70755572147124,131.4633529062293,-42.28588992770045
2024-11-11,690373735.4,80884740.99000001,2882.502,771261358.892,242.628,903.9,23.91,604.7,96.52,3.8750002,2.65,4.8,14.125,690.3737354,771.261358892,0.002882502,80.88474099000001,452.7489241032635,53.970939667411706,183.65387162932478
2024-11-12,748444909.3,96840626.49,3165285.368,848450821.158,241.7588,903.9,23.44,891.9,96.17,5.1020837,3.4,7.8,12.897917,748.4449093,848.4508211579999,3.1652853679999997,96.84062648999999,452.7899059521988,-29.92279530662255,325.5777986544237
2024-11-13,723097707.4,144719219.69,5947791.811,873764718.9009999,240.6343,903.9,19.96,1142.5,95.72,6.224999,2.85,9.35,11.775002,723.0977074,873.7647189009999,5.947791811,144.71921969,452.83050594853,31.54925321057827,238.7179482408917
2024-11-14,675923274.0,122154935.75,8525633.576,806603843.326,239.9139,903.9,25.47,745.9,95.44,6.71875,4.6,9.1,11.28125,675.923274,806.603843326,8.525633575999999,122.15493575,452.87072893860693,86.37671081424612,136.6758342471469
2024-11-15,661697807.5,73034779.97,2162.445,734734749.9150001,239.3574,903.9,25.24,581.7,95.22,6.560417,4.5,8.05,11.439583,661.6978075,734.7347499150001,0.0021624450000000003,73.03477997,452.91058009555275,88.04684714049668,120.74038026395056
2024-11-16,501283598.6,100278493.05,16043525.779,617605617.429,239.2209,903.9,57.78,194.3,95.16,6.0812497,4.25,7.4,11.918751,501.2835986,617.6056174290001,16.043525779,100.27849305,452.9500647384681,49.09145832840512,-0.7579244668731917
2024-11-17,466632764.21,76563119.86,2839803.213,546035687.2830001,239.1,903.9,46.11,166.9,95.11,4.1270833,2.6,6.0,13.872917,466.63276421,546.0356872830001,2.839803213,76.56311986,452.98918795752263,78.94634156549232,-65.30276531301496
2024-11-18,574612515.24,210646971.63,356922.865,785616409.735,238.2268,903.9,21.09,897.3,94.77,3.5249994,1.45,9.4,14.475,574.61251524,785.616409735,0.356922865,210.64697163,453.0279547723593,110.1350081688674,11.449552298773312
2024-11-19,611009263.9,148060626.55,189363.244,759259253.694,237.3505,903.9,22.73,899.5,94.42,1.7270833,0.95,2.85,16.272917,611.0092639,759.259253694,0.18936324400000001,148.06062655000002,453.0663703841506,159.64192189807707,-1.6990283822277092
2024-11-20,533689340.8,261825438.03,2383779.256,797898558.0860001,236.3452,903.9,21.55,1161.6,93.97,0.9916666,-1.0,3.05,17.008333,533.6893408,797.8985580860001,2.383779256,261.82543803,453.1044404281658,252.110669617456,-171.5257692456218
2024-11-21,658520241.1,158706903.94,174.0,817227319.04,234.9692,903.9,21.41,1398.5,93.43,1.3895835,-1.15,2.75,16.610416,658.5202411,817.22731904,0.000174,158.70690394,453.1421709744933,216.41054148896748,-11.032471363460786
2024-11-22,537543493.7,133923449.9,1258342.709,672725286.309,233.505,903.9,21.95,1485.2,92.84,1.9708333,-0.95,4.55,16.029167,537.5434937,672.725286309,1.2583427090000001,133.9234499,453.1795686041987,93.24207503599827,-8.878149940196977
2024-11-23,474390630.52,115409867.31,3195064.675,592995562.5049999,232.6266,903.9,24.86,924.0,92.49,8.11875,3.4,11.95,9.88125,474.39063052,592.9955625049998,3.195064675,115.40986731,453.2166403073938,43.98022970541241,-22.806239492806185
2024-11-24,381667023.37,227269666.61,70514245.09,679450935.07,232.564,903.9,213.0,254.8,92.47,12.445832,11.2,13.9,5.5541677,381.66702337,679.45093507,70.51424509,227.26966661,453.25339344200853,261.4322808578017,-333.01865092981024
2024-11-25,525080919.52,197495751.61,32905535.414,755482206.544,232.3785,903.9,76.79,262.4,92.4,8.783334,6.3,11.4,9.216666,525.08091952,755.4822065440001,32.905535414,197.49575161,453.2898353982741,284.20825350560887,-212.417169383883
2024-11-26,623262731.6,226685923.4,7429933.642,857378588.642,231.9422,903.9,26.74,463.0,92.22,6.0,3.45,7.9,12.0,623.2627316,857.378588642,7.429933642,226.6859234,453.3259735747633,220.1617490632587,-50.224991038021926
2024-11-27,561665094.87,214896821.67,1218951.928,777780868.4679999,231.3015,903.9,22.46,662.5,91.97,6.347917,4.9,8.85,11.652082,561.66509487,777.7808684679999,1.218951928,214.89682166999998,453.36181521054226,117.64173837980778,-9.338458720350047
2024-11-28,621524938.6,126522569.49,13562466.356,761609974.446,230.6715,903.9,15.62,645.9,91.72,4.3145843,2.65,5.85,13.685415,621.5249386,761.609974446,13.562466356,126.52256949,453.3973678728292,141.51460236925166,26.612968357919215
2024-11-29,668521996.2,113065356.59,811134.0,782398486.7900001,229.4786,903.9,18.28,1215.1,91.24,2.9479167,0.95,4.7,15.052083,668.5219962000001,782.3984867900001,0.811134,113.06535659000001,453.4326393301487,30.994641941082612,184.09471492876884
2024-11-30,504780029.4,90851152.48,13479.643,595644661.523,228.6504,903.9,22.11,832.0,90.91,0.27500004,-1.75,3.2,17.725,504.7800294,595.644661523,0.013479643,90.85115248000001,453.46763725166807,39.80556386127527,11.506828287056635
2024-12-01,500098434.05,94843272.0,14785.026999999998,594956491.0769999,227.9519,903.9,16.82,729.7,90.64,2.3479168,-0.65,5.65,15.652083,500.09843405000004,594.9564910769999,0.014785026999999997,94.843272,453.5023690971127,67.47054612921518,-20.874481176327834
2024-12-02,642957004.7,122201824.39,3845262.457,769004091.547,227.0077,903.9,16.22,960.5,90.26,5.2000003,3.1,7.25,12.799999,642.9570047000001,769.004091547,3.845262457,122.20182439,453.5368424529041,199.73153067911386,-10.3113684320179
2024-12-03,722331972.3,212123073.88,7625703.488,942080749.668,225.8407,903.9,27.06,1193.7,89.8,3.6999998,2.3,4.85,14.3,722.3319723,942.080749668,7.625703488,212.12307388,453.57106525340873,292.7596704114861,-23.9987633648949
2024-12-04,731226544.0,234155832.91,2193762.904,967576139.814,224.4885,903.9,21.26,1373.5,89.28,3.339584,2.35,4.2,14.660416,731.226544,967.576139814,2.193762904,234.15583291,453.6050453706088,282.3336266876891,-4.712128058297935
2024-12-05,575623622.8,232872362.17,11453.252,808507438.222,223.4364,903.9,22.59,1058.7,88.86,3.9291668,2.7,6.7,14.070833,575.6236227999999,808.507438222,0.011453252,232.87236216999997,453.6387910159341,261.0233746651979,-139.03854288113206
2024-12-06,511516848.8,226696715.25,7030567.766,745244131.816,222.7869,903.9,30.32,679.9,88.6,5.03125,2.6,5.75,12.96875,511.5168488,745.2441318159999,7.030567766,226.69671525,453.6723105076697,53.061494300352415,4.783043991977877
2024-12-07,434029956.55,261462131.47,2610668.692,698102756.712,222.4295,903.9,39.79,398.0,88.46,4.10625,3.4,4.65,13.89375,434.02995655,698.102756712,2.610668692,261.46213147,453.70561194533883,69.67376736916819,-89.34942276450698
2024-12-08,495731418.22,315532848.09000003,20596871.944,831861138.2540001,222.0232,903.9,52.12,458.5,88.3,3.229167,1.8,4.4,14.770833,495.73141822,831.861138254,20.596871943999997,315.53284809,453.738703151977,42.58338083828007,-0.5906657702570328
2024-12-09,584789636.1,621180875.71,28163.863,1205998675.673,220.9403,903.9,23.43,1106.2,87.87,2.9437494,2.25,3.75,15.056251,584.7896361,1205.9986756730002,0.028163863,621.18087571,453.77159175571995,115.3210316751393,15.697012669140804
2024-12-10,789299615.2,999596301.03,59144.302,1788955060.532,218.9952,903.9,23.89,1968.9,87.1,2.13125,0.6,3.3,15.86875,789.2996152000001,1788.955060532,0.059144302,999.59630103,453.804285172806,75.16284836844198,260.33248165875216
2024-12-11,865973428.9,655535650.28,6202188.592,1527711267.7719998,216.9942,903.9,26.29,2060.4,86.27,1.4020834,0.8,2.85,16.597916,865.9734288999999,1527.711267772,6.202188592000001,655.53565028,453.83679050281927,145.2249646800611,266.9116737171195
2024-12-12,872602128.5,813803672.05,9418.54,1686415219.09,214.8298,903.9,18.48,2145.5,85.41,1.0979166,-1.3,3.15,16.902084,872.6021285,1686.41521909,0.009418540000000001,813.8036720499999,453.8691145711697,218.06061114411966,200.6724027847107
2024-12-13,772213506.9,599743903.27,278.0,1371957688.17,212.9255,903.9,26.0,1940.0,84.66,-0.28124988,-2.25,2.25,18.28125,772.2135069,1371.95768817,0.000278,599.74390327,453.9012639315274,142.47699274690115,175.8352502215714
2024-12-14,516145795.4,156359059.57,47409.803,672552264.773,211.8074,903.9,24.12,1144.1,84.21,4.8104167,2.65,7.75,13.189583,516.1457954,672.552264773,0.047409803,156.35905957,453.93324478702215,58.554079100384186,3.658471512593678
2024-12-15,458633900.73,207616260.8,9421985.66,675672147.1899999,211.0374,903.9,50.26,808.7,83.91,9.625,8.3,10.6,8.375,458.63390073,675.6721471899999,9.42198566,207.61626080000002,453.9650630641398,72.36162903850595,-67.69279137264579
2024-12-16,509544312.48,216286288.71,15545.927,725846147.1170001,210.3604,903.9,25.01,867.0,83.64,8.750001,7.65,9.55,9.249999,509.54431248000003,725.8461471170001,0.015545927,216.28628871,453.9967243505255,36.90920356561217,18.63838456386236
2024-12-17,544798110.3,246336447.98,14204.149,791148762.429,209.7357,903.9,36.9,661.6,83.39,8.008333,4.8,11.3,9.991667,544.7981103,791.148762429,0.014204149,246.33644798,454.0282339695716,124.03916578295984,-33.269289452531495
2024-12-18,463729980.4,272206133.47,2930087.8370000003,738866201.707,209.2371,903.9,47.04,545.6,83.19,10.589583,6.3,13.0,7.4104166,463.7299804,738.8662017070001,2.9300878370000003,272.20613347000005,454.059596832307,7.811716025202154,1.8586675424908208
2024-12-19,466524750.83,256875761.85,9814062.929,733214575.6090001,208.8835,903.9,51.29,405.0,83.05,4.897917,3.1,6.0,13.102083,466.52475082999996,733.2145756090001,9.814062929,256.87576185,454.0908174302289,34.6889438544324,-22.255010454661374
2024-12-20,464204902.07,161512134.79,2912922.908,628629959.768,208.2174,903.9,27.34,693.4,82.79,4.425,2.2,6.35,13.575,464.20490207,628.629959768,2.9129229079999996,161.51213479,454.1219001420637,184.54659024018014,-174.46358831224381
2024-12-21,373832619.43,79836366.6,45335463.17,499004449.2,207.9481,903.9,122.19,391.5,82.68,5.4354167,3.1,6.7,12.564583,373.83261943,499.0044492,45.335463170000004,79.83636659999999,454.15284970178516,-36.50279752625157,-43.81743274553355
2024-12-22,371715587.7,235105491.21,48566260.798,655387339.708,207.7459,903.9,169.81,372.0,82.6,3.1729167,1.3,5.0,14.827084,371.7155877,655.3873397079999,48.566260798,235.10549121,454.1836712708084,-62.20210310624486,-20.26598046456354
2024-12-23,433447094.78,250400485.84,18797345.281,702644925.901,207.2882,903.9,43.44,501.2,82.42,3.3895833,1.0,4.65,14.610416,433.44709478,702.6449259010001,18.797345281,250.40048584000002,454.2143704837107,-55.49096653108772,34.72369082737703
2024-12-24,424667156.89,167447037.66,12031166.983,604145361.533,206.8971,903.9,74.88,465.9,82.26,2.30625,0.15,4.8,15.69375,424.66715689,604.145361533,12.031166982999999,167.44703766,454.24495338356326,-50.562839136020514,20.985042642457245
2024-12-25,412189124.98,156785515.16,25584926.703,594559566.8429999,206.7146,903.9,120.9,303.3,82.19,5.2729163,4.75,6.5,12.727083,412.18912498000003,594.559566843,25.584926703,156.78551516,454.2754262830843,-44.49741446512804,2.411113162043762
2024-12-26,482262035.35,128395979.63,10130845.095,620788860.075,206.3033,903.9,79.89,492.1,82.02,3.6020834,1.35,5.25,14.397917,482.26203535,620.788860075,10.130845095000002,128.39597963,454.3057958800266,-15.614366829327812,43.57060629930123
2024-12-27,580359144.0,166168998.4,1369976.78,747898119.18,205.2508,903.9,23.32,1075.9,81.61,-1.1562501,-2.45,1.15,19.15625,580.359144,747.89811918,1.36997678,166.1689984,454.3360693286838,-51.427378567651694,177.4504532389679
2024-12-28,526872685.55,140696294.49,580270.274,668149250.314,204.0262,903.9,21.59,1246.2,81.12,-0.9791667,-2.7,1.5,18.979166,526.87268555,668.149250314,0.580270274,140.69629449,454.36625354137766,-12.040408950064249,84.54684095868663
2024-12-29,548797255.26,117014650.06,18052.039,665829957.359,202.7517,903.9,28.73,1303.2,80.61,2.49375,1.35,3.45,15.50625,548.79725526,665.829957359,0.018052039000000002,117.01465006000001,454.39635519669804,-45.075771424520454,139.47667148782244
2024-12-30,586933682.05,200788466.99,53977.342,787776126.382,201.4987,903.9,16.17,1269.1,80.11,1.6979166,1.05,2.75,16.302084,586.9336820499999,787.7761263819999,0.053977342,200.78846699000002,454.4263811354142,-55.25271911380116,187.76002002838686
2024-12-31,513107723.27,196104608.78,82471561.15,791683893.1999999,200.6099,903.9,41.52,928.3,79.76,4.5666666,0.65,6.9,13.433333,513.10772327,791.6838931999999,82.47156115,196.10460878,454.45633842493925,-41.874594964431616,100.5259798094923
2025-01-01,374526111.32,736400297.46,6349099.96,1117275508.74,199.8702,903.9,37.56,777.3,79.47,4.258333,1.15,6.7,13.741667,374.52611132,1117.27550874,6.34909996,736.40029746,454.4862344685034,-80.51770319662731,0.5575800481238957
2025-01-02,578646398.13,678332242.36,5256618.274,1262235258.764,198.7062,903.9,18.56,1178.9,79.0,0.87708336,-1.4,2.4,17.122917,578.64639813,1262.235258764,5.256618274,678.33224236,454.51607686824207,-25.222143013467758,149.35246427522566
2025-01-03,548414232.24,801107592.5799999,10779.0,1349532603.82,196.9925,903.9,12.42,1720.3,78.32,-1.1125001,-2.7,0.75,19.1125,548.41423224,1349.5326038199998,0.010779,801.10759258,454.5458736654384,69.45571521234449,24.412643362217125
2025-01-04,515788099.0,753922227.71,0.0,1269710326.71,195.4474,903.9,15.25,1575.4,77.71,-1.1187501,-2.45,0.25,19.11875,515.788099,1269.7103267100001,0.0,753.92222771,454.5756325900356,81.56902475317209,-20.356558343207666
2025-01-05,447314069.17,743373931.1800001,1758.0,1190689758.35,194.1161,903.9,26.8,1344.5,77.18,7.0791664,0.7,11.5,10.920834,447.31406917000004,1190.68975835,0.001758,743.3739311800001,454.6053610542758,255.22785872651224,-262.519150610788
2025-01-06,460479720.49,779138691.23,14579083.0,1254197494.72,193.2497,903.9,32.88,897.3,76.83,5.4187493,1.4,8.5,12.581251,460.47972049000003,1254.1974947200001,14.579083,779.1386912300001,454.635066247165,245.68789826071287,-239.84324401787785
2025-01-07,584060051.25,700882108.19,57745.474,1284999904.914,191.9037,903.9,13.07,1359.0,76.3,1.6000003,0.0,4.15,16.4,584.06005125,1284.9999049140001,0.057745474000000005,700.88210819,454.66475580233265,205.07261056268968,-75.67731511502228
2025-01-08,662649236.89,663356689.09,40321.381,1326046247.361,189.958,903.9,9.1,1961.2,75.53,0.62083334,0.3,1.15,17.379168,662.64923689,1326.046247361,0.040321381,663.35668909,454.694437768031,217.0686393203413,-9.113840198372259
2025-01-09,647862224.6,625557422.65,12585990.0,1286005637.25,187.8467,903.9,32.93,2155.7,74.69,0.57916665,-0.55,1.1,17.420834,647.8622246,1286.00563725,12.58599,625.5574226499999,454.7241202833697,155.22720194687167,37.91090236975862
2025-01-10,623107690.2,614771216.28,0.0,1237878906.48,185.5776,903.9,7.91,2283.4,73.78,0.075,-0.55,0.6,17.925,623.1076902000001,1237.87890648,0.0,614.77121628,454.75381140998064,189.09041554440637,-20.73653675438692
2025-01-11,660557680.49,710663885.6700001,172.47,1371221738.63,183.391,903.9,7.5,2186.3,72.91,-0.87083334,-3.3,1.15,18.870832,660.55768049,1371.2217386300001,0.00017247,710.6638856700001,454.78351924995854,219.22743311233612,-13.453271872294636
2025-01-12,593984170.6,721534822.15,0.0,1315518992.75,181.2865,903.9,12.8,2112.5,72.08,-3.5083332,-6.4,-0.5,21.508333,593.9841706,1315.51899275,0.0,721.53482215,454.81325163128827,172.45934547107294,-33.28842650236123
2025-01-13,743870990.3,920739743.65,20917.125,1664631651.0749998,178.2742,903.9,4.71,3017.5,70.88,-1.4895834,-4.65,1.75,19.489584,743.8709902999999,1664.6316510749998,0.020917125,920.7397436499999,454.8430161354965,154.85601543678058,134.17195872772282
2025-01-14,791827436.4,1343569837.18,2576135.155,2137973408.735,175.146,903.9,19.54,3141.8,69.64,2.6770833,1.9,4.15,15.322917,791.8274364,2137.973408735,2.576135155,1343.5698371800001,454.87282033663945,196.50212896758654,140.45248709577396
2025-01-15,845650515.5,1673363459.46,3304113.0,2522318087.96,172.2368,903.9,152.68,3058.9,68.48,2.079167,0.7,2.8,15.920834,845.6505155,2522.31808796,3.304113,1673.36345946,454.90267166072,394.1050740235194,-3.3572301842394268
2025-01-16,782658690.4000001,1598196173.44,2575667.0,2383430530.84,169.4152,903.9,59.3,2890.8,67.36,-0.38125,-2.65,1.0,18.38125,782.6586904000001,2383.4305308400003,2.575667,1598.1961734400002,454.93257710856307,343.8398642776536,-16.113750986216587
2025-01-17,773935538.1,1230233584.1,6436.0,2004175558.2,166.1178,903.9,56.53,3354.2,66.05,-1.9979167,-3.55,-0.05,19.997917,773.9355381,2004.1755582,0.006436,1230.2335841,454.96254344177726,241.33542817272829,77.63756648549452
2025-01-18,683668532.0,723688686.26,2261.0,1407359479.26,163.3704,903.9,13.5,2772.4,64.95,-0.1645834,-3.7,5.05,18.164583,683.668532,1407.35947926,0.002261,723.6886862599999,454.9925777418566,195.3262691203379,33.34968513780552
2025-01-19,648240324.8199999,685876313.49,0.0,1334116638.31,160.5896,903.9,42.08,2766.0,63.85,1.6145834,-1.45,5.0,16.385416,648.24032482,1334.1166383099999,0.0,685.87631349,455.0226872409673,217.84742361306675,-24.62978603403411
2025-01-20,854691958.3,973839820.11,471163.0,1829002941.41,157.22,903.9,14.59,3390.7,62.51,-1.6875,-2.95,0.65,19.6875,854.6919582999999,1829.0029414100002,0.471163,973.83982011,455.05287890762895,189.90749555570136,209.73158383666953
2025-01-21,830738079.5,1097419278.96,2582243.664,1930739602.124,153.5583,903.9,2.59,3688.2,61.05,-0.38333333,-3.75,3.85,18.383333,830.7380795,1930.7396021240002,2.582243664,1097.41927896,455.08315985661915,166.9542422787272,208.7006773646537
2025-01-22,708424169.9,884534941.77,8008.0,1592967119.67,150.5856,903.9,20.6,2965.9,59.87,1.65,-0.6,3.65,16.35,708.4241698999999,1592.96711967,0.008008,884.5349417699999,455.11353701814676,234.88488672543215,18.42574615642104
2025-01-23,627665655.5799999,699529032.018,15427290.0,1342621977.598,148.9337,903.9,54.81,1706.7,59.21,4.247916,0.4,7.0,13.752084,627.6656555799999,1342.621977598,15.42729,699.529032018,455.14401745077043,188.33716684690793,-15.81552871767849
2025-01-24,538012610.94,687114394.3,32300349.83,1257427355.07,147.7353,903.9,88.35,1285.1,58.74,8.935417,6.0,13.7,9.064583,538.0126109400001,1257.42735507,32.300349829999995,687.1143943,455.1746079798976,129.23290343187696,-46.39490047177446
2025-01-25,474080305.82,647475920.05,35225391.112,1156781616.982,146.98,903.9,79.88,844.0,58.44,6.7395835,4.75,9.85,11.260416,474.08030582,1156.781616982,35.225391112000004,647.4759200499999,455.20531567174845,132.76162816317822,-113.88663801492669
2025-01-26,451240557.8,715063085.53,6964887.638,1173268530.968,146.1566,903.9,53.54,876.9,58.11,7.5229163,3.3,11.0,10.477083,451.24055780000003,1173.2685309679998,6.964887638,715.06308553,455.2361479740822,284.4473174372116,-288.4429076112938
2025-01-27,470849207.9500001,654559377.31,15498065.6,1140906650.86,145.2521,903.9,51.02,955.5,57.75,6.939583,5.45,9.15,11.060417,470.8492079500001,1140.90665086,15.4980656,654.55937731,455.2671121436399,1.561074796334377,14.021021010025834
2025-01-28,489654122.19,641072648.4200001,7697402.368,1138424172.9780002,144.3611,903.9,32.83,923.9,57.4,5.527083,3.75,8.55,12.472918,489.65412219,1138.4241729780001,7.697402368,641.0726484200001,455.2982150514254,186.4321668549312,-152.07625971635662
2025-01-29,491842158.87,662410372.3,11537.664,1154264068.834,143.412,903.9,19.84,967.8,57.02,5.235416,2.8,7.6,12.764584,491.84215887,1154.264068834,0.011537664000000001,662.4103723,455.3294637832167,234.09066182558638,-197.57796673880307
2025-01-30,609055849.48,600634995.38,2603303.0,1212294147.86,141.9359,903.9,5.37,1496.9,56.43,3.9687502,2.25,5.55,14.03125,609.05584948,1212.2941478599998,2.603303,600.63499538,455.3608656567673,163.98074817150675,-10.285764348274085
2025-01-31,608169472.0,606039035.5,13105341.0,1227313848.5,140.447,903.9,4.2,1493.1,55.84,2.2229166,0.4,3.75,15.777083,608.169472,1227.3138485,13.105341,606.0390355,455.39242787169485,126.82709146237389,25.949952665931278
2025-02-01,546461698.0699999,284917189.67,78166.0,831457053.74,138.7991,903.9,3.91,1654.8,55.16,1.5979166,-0.9,3.8,16.402084,546.4616980699999,831.45705374,0.078166,284.91718967,455.42415734287164,87.22420845490329,3.8133322722249545
2025-02-02,585169061.48,271336790.74,16713823.0,873219675.22,136.9634,903.9,18.86,1861.3,54.43,0.33958337,-1.9,3.45,17.660418,585.16906148,873.21967522,16.713823,271.33679074,455.4560608363678,149.9997702410972,-20.286769597464968
2025-02-03,756625466.0,459315530.1,8775.0,1215949771.1,134.2676,903.9,12.75,2715.1,53.36,-0.58125,-3.7,4.05,18.58125,756.625466,1215.9497711,0.008775,459.31553010000005,455.48814451869566,117.33479567080565,183.80252581049865
2025-02-04,716261037.4,353057351.78999996,16307002.0,1085625391.19,131.8079,903.9,14.31,2526.1,52.38,0.40625,-2.6,3.7,17.59375,716.2610374,1085.62539119,16.307002,353.05735179,455.52041407884826,124.23750780434537,136.50311551680636
2025-02-05,761135904.3,300709217.77,9229.0,1061854351.07,129.3157,903.9,10.24,2549.2,51.39,3.1312497,1.75,4.8,14.868751,761.1359043,1061.8543510700001,0.009229,300.70921777,455.5528746013232,247.56881293626705,58.014216762409774
2025-02-06,697437848.7,400174791.57,17537950.0,1115150590.27,127.154,903.9,11.81,2182.3,50.53,1.8604168,-0.1,2.95,16.139584,697.4378487,1115.15059027,17.53795,400.17479156999997,455.58553102641196,225.37377374557812,16.47854392800997
2025-02-07,535660851.34,539720292.71,448140.0,1075829284.0500002,125.2432,903.9,57.34,1957.8,49.77,1.9187502,0.3,5.35,16.08125,535.66085134,1075.8292840500003,0.44814,539.7202927100001,455.6183887866853,159.56257369683183,-79.52011114351706
2025-02-08,500420371.66,424649295.43,18559933.0,943629600.09,123.8567,903.9,11.14,1397.7,49.22,0.06458322,-2.45,4.0,17.935417,500.42037166,943.62960009,18.559933,424.64929543,455.6514533660169,119.10556104532023,-74.33664275133708
2025-02-09,545324242.54,462717712.43,0.0,1008041954.97,122.4374,903.9,12.53,1440.2,48.66,-0.027083352,-2.0,3.3,18.027082,545.32424254,1008.04195497,0.0,462.71771243,455.6847300293316,229.2931339224871,-139.65362141181868
2025-02-10,651375000.03,454117298.28,17123254.0,1122615552.31,120.3318,903.9,11.25,2139.4,47.82,-0.6375001,-3.0,3.15,18.6375,651.37500003,1122.6155523099999,17.123254,454.11729827999994,455.7182240981978,205.33144015291782,-9.67466422111562
2025-02-11,698586252.63,504792469.55,8761.0,1203387483.18,118.176,903.9,56.58,2205.5,46.97,-2.4895833,-4.95,1.95,20.489584,698.58625263,1203.3874831800001,0.008761,504.79246955,455.75194152992395,152.12996238785666,90.70434871221931
2025-02-12,732972500.3,696773892.1700001,17123996.0,1446870388.47,115.6937,903.9,7.86,2500.4,45.98,-1.5020833,-2.65,-0.2,19.502083,732.9725003,1446.87038847,17.123996,696.7738921700001,455.7858890998524,107.28230176987542,169.90430943027218
2025-02-13,790569251.7,670831082.69,2857207.0,1464257541.39,113.0149,903.9,9.91,2702.3,44.91,-0.4979166,-2.0,1.1,18.497917,790.5692517,1464.2575413900001,2.857207,670.83108269,455.82007375582657,222.18142162520184,112.56775631897153
2025-02-14,755117265.5,617560579.77,7179279.0,1379857124.27,110.156,903.9,13.11,2877.2,43.78,-2.0208333,-5.75,-0.25,20.020834,755.1172655,1379.85712427,7.179279,617.56057977,455.85450201728116,192.3701215765439,106.89264190617502
2025-02-15,611758489.9,608072466.9,0.0,1219830956.8,107.796,903.9,6.61,2379.7,42.84,-3.53125,-7.2,-1.05,21.53125,611.7584899,1219.8309568,0.0,608.0724669,455.88917968489886,15.38763124210406,140.4816789729971
2025-02-16,580855576.9,653427571.45,21242093.0,1255525241.35,105.5765,903.9,41.09,2262.8,41.96,-7.3041654,-12.05,-2.2,25.304165,580.8555769,1255.52524135,21.242093,653.4275714500001,455.9241121427904,117.78758813272877,7.143876624480754
2025-02-17,728663263.4,1099252470.02,1680846.0,1829596579.42,102.2776,903.9,32.3,3344.3,40.65,-7.3979163,-11.9,-1.65,25.397917,728.6632634,1829.5965794200001,1.680846,1099.25247002,455.9593049763225,237.68608908914052,35.017869334536954
2025-02-18,637500729.4,1242289848.61,258.0,1879790836.01,98.9848,903.9,8.82,3311.4,39.34,-6.483333,-13.25,0.15,24.483334,637.5007294,1879.79083601,0.000258,1242.2898486099998,455.9947643174078,148.66851569833753,32.837449384254626
2025-02-19,557183375.1,1249403547.4099998,33725037.78,1840311960.2899995,96.2785,903.9,24.73,2756.0,38.23,-3.4291675,-7.15,1.2,21.429167,557.1833751,1840.3119602899994,33.72503778,1249.4035474099999,456.0304966003082,112.40188176476491,-11.249003265073043
2025-02-20,511595687.16,1134772902.79,43438.667,1646412028.617,94.3437,903.9,23.66,1956.9,37.46,2.1374998,-2.4,5.2,15.8625,511.59568716,1646.412028617,0.043438667,1134.77290279,456.06650830391874,57.07231181241863,-1.543132956337388
2025-02-21,436943395.2,855526060.13,26801198.893,1319270654.2229998,93.4109,903.9,79.79,1004.3,37.09,3.8187497,0.2,9.25,14.181251,436.9433952,1319.2706542229998,26.801198893,855.52606013,456.10280594109855,-5.944457967173319,-13.214952773925233
2025-02-22,393357028.45,515183543.93,19971307.893,928511880.273,92.8997,903.9,103.72,623.3,36.89,6.2729163,3.3,11.1,11.727083,393.35702845,928.511880273,19.971307893,515.18354393,456.1393956637451,-24.41167054630686,-38.37069666743827
2025-02-23,407667362.5,556596510.48,36721881.566,1000985754.546,92.5397,903.9,168.15,530.6,36.78,5.8250003,0.0,13.5,12.174999,407.6673625,1000.985754546,36.721881566,556.59651048,456.176283407542,-10.53562904322427,-37.97329186431767
2025-02-24,456906006.94,627609689.78,53321210.946,1137836907.666,91.8557,903.9,93.44,783.4,36.51,8.23125,5.7,11.45,9.76875,456.90600694,1137.836907666,53.321210946,627.6096897799999,456.21347511151845,134.59868298831543,-133.90615115983388
2025-02-25,658849541.04,665817743.74,5352814.0030000005,1330020098.783,90.9077,903.9,33.96,992.0,36.13,5.7520833,3.8,8.9,12.247917,658.84954104,1330.020098783,5.352814003000001,665.81774374,456.25097697824543,64.79933457918031,137.79922948257428
2025-02-26,659981291.5799999,749813425.88,1151899.556,1410946617.016,89.7261,903.9,4.25,1197.5,35.66,5.991667,4.3,9.65,12.008333,659.98129158,1410.9466170160001,1.151899556,749.81342588,456.2887956348457,29.399869044679107,174.2926269004751
2025-02-27,697928455.37,568740487.52,19413.388,1266688356.278,88.4934,903.9,6.46,1250.4,35.17,3.3875,1.8,5.65,14.6125,697.92845537,1266.6883562780001,0.019413388,568.74048752,456.3269375919725,22.529278221593458,219.07223955643406
2025-02-28,661416959.55,523620226.1,5298941.389,1190336127.039,85.178,903.9,8.35,3340.0,33.85,3.3354168,0.9,5.6,14.664583,661.41695955,1190.336127039,5.298941389,523.6202261,456.3654089924484,-28.771905308055132,233.82345586560672
2025-03-01,504292878.36,528539312.57,13842.003,1032846032.933,84.2532,903.9,5.84,930.7,33.61,3.4854164,-0.1,7.15,14.514584,504.29287836000003,1032.846032933,0.013842003,528.53931257,456.4042153938958,-5.313823822702224,53.202486788806425
2025-03-02,440177237.09,572682155.7,10915311.84,1023774704.63,83.4623,903.9,40.39,831.3,33.29,5.435417,2.95,9.05,12.564583,440.17723708999995,1023.77470463,10.91531184,572.6821557000001,456.44336182990355,10.939345085591654,-27.205469825495243
2025-03-03,493309020.46,671016493.9,8328.392,1164333842.752,82.3268,903.9,32.07,1167.6,32.84,4.7291665,0.2,10.5,13.270834,493.30902046,1164.333842752,0.008328392,671.0164939,456.48285353588454,41.31642682995482,-4.490259905839366
2025-03-04,530958435.17,565231945.39,3018938.503,1099209319.063,81.4456,903.9,29.82,916.2,32.49,6.7062507,1.35,14.7,11.293749,530.95843517,1099.209319063,3.018938503,565.23194539,456.52269597178804,55.48120596760761,18.954533230604397
2025-03-05,511092869.99,519955988.65,20074804.561,1051123663.201,80.8709,903.9,66.06,638.2,32.26,7.5687504,1.5,15.5,10.43125,511.09286999,1051.123663201,20.074804561,519.95598865,456.5628948240845,32.947923095857334,21.582052070058182
2025-03-06,485331133.51,515200890.92,72810833.509,1073342857.939,80.4475,903.9,103.11,524.5,32.09,8.412499,1.95,16.8,9.587501,485.33113351,1073.342857939,72.810833509,515.20089092,456.6034560422597,48.9488317423991,-20.22115427465883
2025-03-07,562965526.19,537189287.81,127564383.604,1227719197.604,80.1874,903.9,166.37,426.6,31.99,8.599999,2.9,15.85,9.400001,562.9655261900001,1227.719197604,127.564383604,537.18928781,456.64438553951976,13.967645980539343,92.35349466994097
2025-03-08,410674601.62,533445204.87,216725993.649,1160845800.139,80.3617,903.9,295.99,165.2,32.06,8.26875,3.4,14.65,9.73125,410.67460162000003,1160.845800139,216.725993649,533.44520487,456.685688661728,-43.00361990643802,-3.0074671352899713
2025-03-09,452065893.34,532816414.38,270317888.563,1255200196.283,80.4097,903.9,251.37,203.4,32.08,7.4687495,1.1,14.8,10.53125,452.06589333999995,1255.200196283,270.317888563,532.81641438,456.72737053599195,-7.007610286353635,2.3461330903616044
2025-03-10,602505843.24,488727697.41,54904406.157,1146137946.8070002,79.7998,903.9,57.52,668.1,31.83,4.7770834,0.6,9.85,13.222917,602.50584324,1146.1379468070002,54.904406157,488.72769741,456.76943668734657,-34.723815863219095,180.46022241587252
2025-03-11,641714657.5,459171786.77,32612379.565,1133498823.835,78.8284,903.9,0.65,982.0,31.45,5.197916,3.3,7.6,12.802084,641.7146575,1133.498823835,32.612379565000005,459.17178677,456.81189304592476,-69.85888570515229,254.76165015922754
2025-03-12,680889345.6,452075264.56,14090626.832,1147055236.992,77.6123,903.9,12.45,1229.2,30.96,4.2999997,1.1,7.6,13.700001,680.8893456000001,1147.0552369920001,14.090626832,452.07526456,456.8547457825129,-74.3737304441521,298.40833026163926
2025-03-13,662504555.9,412302020.09,35944285.09,1110750861.08,76.3469,903.9,17.6,1283.3,30.46,4.318751,1.35,7.8,13.68125,662.5045559,1110.7508610799998,35.94428509,412.30202009,456.8980007083008,-13.071311713782913,218.67786690548218
2025-03-14,592069454.9,382174669.36,10988005.0,985232129.26,75.277,903.9,13.1,1194.5,30.03,3.8479168,1.65,7.25,14.152083,592.0694549,985.23212926,10.988005,382.17466936,456.94166325549884,28.372647166023054,106.75514447847809
2025-03-15,435403680.99,454767219.18,11769794.116,901940694.286,74.6542,903.9,54.05,679.3,29.78,3.2979164,-0.45,7.85,14.702084,435.40368099,901.940694286,11.769794116,454.76721918,456.98573855560534,-55.624641894587946,34.04258432898263
2025-03-16,442114873.24,479697857.55,24887253.72,946699984.51,74.1461,903.9,79.05,593.9,29.58,2.4062502,-1.55,5.9,15.59375,442.11487324,946.69998451,24.88725372,479.69785755000004,457.0302315353607,-28.819483575894974,13.904125280534288
2025-03-17,503135888.8,494399657.38,672567.056,998208113.236,73.1663,903.9,47.13,866.9,29.19,1.5604163,-3.25,7.35,16.439583,503.13588880000003,998.2081132359999,0.672567056,494.39965738,457.07514647662424,8.56309426877664,37.49764805459915
2025-03-18,548250823.7,504265280.09,21810180.832,1074326284.622,72.4675,903.9,99.55,801.4,28.91,3.5500002,-3.15,11.25,14.45,548.2508237000001,1074.326284622,21.810180831999997,504.26528009,457.12048731192687,23.648229248506652,67.4821071395665
2025-03-19,577873003.58,515628490.02,76171555.32,1169673048.9199998,72.0356,903.9,132.0,576.2,28.74,6.4812503,-0.15,15.5,11.518749,577.87300358,1169.67304892,76.17155532,515.62849002,457.1662581031881,66.66007494837037,54.04667052844155
2025-03-20,535985446.24,509416303.09,145750109.094,1191151858.424,71.9981,903.9,248.18,286.9,28.72,8.7375,1.65,16.35,9.2625,535.98544624,1191.151858424,145.750109094,509.41630309,457.2124625914579,48.808456591267515,29.96452705727461
2025-03-21,383980740.1,634091971.84,150230105.965,1168302817.905,72.1556,903.9,366.3,219.4,28.78,8.48125,4.4,13.45,9.51875,383.98074010000005,1168.302817905,150.230105965,634.09197184,457.2591042820866,-45.09616844288042,-28.182195739206122
2025-03-22,394861506.31,613909835.4300001,538337035.521,1547108377.2610002,72.6222,903.9,532.68,51.7,28.97,9.477083,6.25,13.3,8.522917,394.86150631,1547.1083772610002,538.3370355210001,613.90983543,457.30618615436896,-47.89613710460937,-14.548542739759625
2025-03-23,445378198.61,617657420.45,430109373.208,1493144992.268,72.9071,903.9,391.12,125.4,29.08,10.127084,7.3,14.0,7.872916,445.37819861,1493.144992268,430.109373208,617.65742045,457.3537107393471,-17.998389378648426,6.022877249301359
2025-03-24,597528829.54,536978068.62,249897800.685,1384404698.8449998,72.7687,903.9,197.04,340.5,29.03,8.729167,5.15,13.65,9.270833,597.52882954,1384.4046988449998,249.897800685,536.97806862,457.4016806893253,-71.62366312103295,211.75081197170755
2025-03-25,492106563.58,515377301.49,130760841.135,1138244706.205,72.5852,903.9,178.0,370.9,28.95,7.839584,6.05,10.55,10.160416,492.10656358,1138.2447062049998,130.760841135,515.37730149,457.4500988409921,-20.801934201182505,55.45839894019042
2025-03-26,563824372.21,520981839.2,94922616.881,1179728828.291,72.2491,903.9,115.04,456.1,28.82,6.289583,2.55,10.2,11.710417,563.8243722100001,1179.728828291,94.922616881,520.9818392,457.4989682444383,-13.022880286158204,119.34828425171997
2025-03-27,463426499.04,513039368.77,157309101.393,1133774969.203,72.023,903.9,150.2,371.4,28.73,7.602083,0.85,14.45,10.397917,463.42649904,1133.774969203,157.30910139300002,513.03936877,457.5482921062994,4.247744845798493,1.6304620879021172
2025-03-28,446645542.77,499176669.63,213547058.222,1159369270.622,72.0281,903.9,221.05,216.0,28.73,8.822917,3.8,15.4,9.177083,446.64554276999996,1159.369270622,213.547058222,499.17666963,457.5980732720967,-53.4961025668735,42.543572064776754
2025-03-29,365525118.41,539350887.38,265536182.134,1170412187.924,72.1661,903.9,287.74,149.7,28.79,5.69375,2.3,8.9,12.30625,365.52511841,1170.4121879240001,265.536182134,539.35088738,457.6483138877589,-88.89255994201392,-3.230635535744966
2025-03-30,370673237.47,520478046.06,271217209.83,1162368493.36,72.2276,903.9,226.24,166.6,28.81,7.158333,5.1,11.4,10.841667,370.67323747,1162.36849336,271.21720983,520.47804606,457.69901535970644,-58.30638998618907,-28.719387903517372
2025-03-31,490873559.32,546029870.3299999,156305746.1,1193209175.7499998,71.9173,903.9,182.06,482.6,28.69,7.9166665,3.9,13.25,10.083334,490.87355931999997,1193.2091757499998,156.3057461,546.0298703299999,457.7501788173364,47.23280285855411,-14.109422355890558
2025-04-01,436785270.87,690547587.4,95243137.552,1222575995.822,72.0222,903.9,371.42,225.5,29.14,8.347917,3.1,15.25,9.652083,436.78527087,1222.575995822,95.24313755200001,690.5475874,457.80180555341127,10.934229750953454,-31.95076443436477
2025-04-02,378460284.41,790725219.9,180635756.45,1349821260.76,72.0403,903.9,181.37,163.3,29.21,10.341667,3.65,17.6,7.658333,378.46028441000004,1349.82126076,180.63575644999997,790.7252199,457.853896963257,-2.46137494216779,-76.93223761108919
2025-04-03,436697029.62,835785021.63,303450986.0,1575933037.25,72.1549,903.9,268.54,153.9,29.26,12.500003,5.2,19.85,5.499997,436.69702962,1575.93303725,303.450986,835.78502163,457.9064547079567,-47.19847111558595,25.989046027629286
2025-04-04,426161989.69,869245583.02,392577016.664,1687984589.374,72.4026,903.9,354.84,103.3,29.36,6.6812496,1.95,10.65,11.31875,426.16198969,1687.984589374,392.577016664,869.24558302,457.959480542,-83.49209802314246,51.69460717114242
2025-04-05,369022659.68,726594684.4200001,608976701.114,1704594045.2140002,72.8137,903.9,475.13,64.0,29.53,3.5520833,0.15,7.75,14.447917,369.02265968,1704.5940452140003,608.976701114,726.59468442,458.01297588971715,-113.47394427729397,24.48362806757683
2025-04-06,426607637.46,727241347.52,303027045.486,1456876030.466,72.9455,903.9,296.53,171.1,29.58,7.231251,2.85,12.05,10.768749,426.60763746,1456.876030466,303.027045486,727.24134752,458.06694193433776,-114.46883789784557,83.00953342350778
2025-04-07,512450702.33,844674247.89,25872301.512,1382997251.732,72.4982,903.9,55.14,509.1,29.4,8.227083,3.6,13.4,9.772917,512.45070233,1382.9972517320002,25.872301512,844.67424789,458.1213794979746,-67.17349004484738,121.50281287687284
2025-04-08,549871047.97,964795968.53,29020027.649,1543687044.149,72.2303,903.9,67.22,344.4,29.29,9.343749,5.15,14.4,8.656251,549.8710479700001,1543.687044149,29.020027649,964.79596853,458.1762890949943,-53.0197672440458,144.71452611905164
2025-04-09,480155624.29,1034875991.27,32265666.83,1547297282.39,72.0293,903.9,78.39,284.4,29.21,8.822916,3.7,13.65,9.177084,480.15562429000005,1547.2972823900002,32.26566683,1034.87599127,458.2316711675831,-18.29440263423493,40.218355756651874
2025-04-10,503982340.61,1099543615.53,44591361.391,1648117317.531,71.8576,903.9,94.12,263.4,29.14,9.745834,6.15,14.3,8.254166,503.98234061,1648.1173175309998,44.591361391,1099.54361553,458.2875260961451,25.286975868790474,20.40783864506443
2025-04-11,485649673.7000001,990769438.67,141620914.632,1618040027.002,71.8817,903.9,206.53,184.5,29.15,12.5625,8.65,17.4,5.4375,485.6496737000001,1618.040027002,141.620914632,990.76943867,458.3438540796862,-56.55031276206964,83.85613238238358
2025-04-12,374314590.46,1140060537.2,623751843.928,2138126971.588,72.4241,903.9,596.9,50.3,29.37,15.074998,8.5,22.3,2.925002,374.31459046,2138.126971588,623.751843928,1140.0605372,458.40065490133327,-62.08693323301487,-21.99913120831843
2025-04-13,368886542.5,1146479742.25,773551097.976,2288917382.726,73.0489,903.9,670.12,47.2,29.62,15.7541685,10.75,20.75,2.2458315,368.8865425,2288.9173827259997,773.5510979759999,1146.47974225,458.4579278195677,-105.69852110462591,16.127135785058215
2025-04-14,440533452.23,1195379773.32,531597268.468,2167510494.018,73.4206,903.9,452.4,93.9,29.77,16.566666,11.7,21.9,1.4333344,440.53345223,2167.510494018,531.597268468,1195.37977332,458.5156720741522,14.76351835112147,-32.745738195273645
2025-04-15,404670644.12,1148577551.75,793261675.31,2346509871.18,74.0006,903.9,637.41,58.4,30.01,18.733332,12.65,25.3,0.0,404.67064412,2346.5098711799997,793.26167531,1148.57755175,458.5738870700209,-15.553700901421681,-38.349542048599176
2025-04-16,432953041.14,1147416980.93,598609055.09,2178979077.1600003,74.3138,903.9,417.88,101.7,30.14,20.154163,15.25,27.3,0.0,432.95304114,2178.9790771600005,598.6090550900001,1147.4169809300001,458.63257194236735,5.050427403076286,-30.729958205443666
2025-04-17,449070472.41,1061040425.4,438524428.664,1948635326.474,74.5088,903.9,333.37,137.3,30.22,12.835418,10.3,16.65,5.1645823,449.07047241000004,1948.635326474,438.52442866399997,1061.0404254,458.6917258281243,-19.073838725955127,9.452585307830873
2025-04-18,367979309.17,1041972975.24,604495597.9070001,2014447882.317,75.0044,903.9,548.19,52.6,30.42,9.20625,8.35,10.15,8.79375,367.97930917,2014.447882317,604.495597907,1041.97297524,458.75134830389925,-68.82878408121789,-21.943255052681366
2025-04-19,354173130.88,982521123.64,920390012.78,2257084267.3,75.6904,903.9,711.9,25.9,30.69,12.379167,5.7,18.7,5.6208334,354.17313088,2257.0842673,920.39001278,982.52112364,458.81143920853987,-89.46040027608713,-15.177908052452779
2025-04-20,331054260.29,916643357.35,1081295898.932,2328993516.572,76.4863,903.9,809.51,13.7,31.02,14.34375,10.15,18.45,3.65625,331.05426029,2328.993516572,1081.295898932,916.64335735,458.8719984643794,-48.12994780667367,-79.6877903677057
2025-04-21,361045182.96,956683364.38,1024369401.425,2342097948.7650003,77.1401,903.9,706.76,53.0,31.28,13.464583,9.1,18.2,4.5354166,361.04518296,2342.097948765,1024.369401425,956.68336438,458.9330259179406,-48.98407663472917,-48.90376632321147
2025-04-22,497038459.83,882574095.181,498236378.708,1877848933.719,77.3529,903.9,331.97,119.1,31.37,12.879167,8.15,17.8,5.1208334,497.03845982999997,1877.8489337190001,498.236378708,882.574095181,458.9945211744924,-37.65057209376376,75.69451074927139
2025-04-23,501315048.58,899808694.515,424687557.364,1825811300.459,77.5732,903.9,290.87,70.6,31.46,12.910417,8.5,17.8,5.0895834,501.31504858,1825.8113004590002,424.68755736400004,899.808694515,459.05648392372797,-31.71672451511727,73.9752891713893
2025-04-24,447460549.8,812267514.051,304522158.441,1564250222.292,77.7045,903.9,209.69,78.4,31.51,11.235416,7.4,16.55,6.7645836,447.4605498,1564.250222292,304.522158441,812.267514051,459.118913859956,-33.83315800145168,22.174793941495693
2025-04-25,425350433.79,817430404.095,570604111.479,1813384949.364,78.0078,903.9,356.54,64.0,31.63,10.208334,5.55,15.1,7.791666,425.35043379,1813.384949364,570.6041114789999,817.4304040950001,459.1818107566002,-68.46430196035452,34.63292499375433
2025-04-26,352966447.6,876929278.452,744173939.191,1974069665.243,78.5919,903.9,658.72,74.6,31.87,11.072917,4.25,17.25,6.927083,352.96644760000004,1974.069665243,744.1739391909999,876.9292784520001,459.2451741750053,-66.02824473697282,-40.250481838032385
2025-04-27,361825147.35,938921833.201,889042820.1570001,2189789800.708,79.2687,903.9,717.57,40.8,32.15,14.141666,5.85,21.65,3.8583336,361.82514735,2189.7898007080003,889.042820157,938.921833201,459.3090031580804,-63.85166997009318,-33.63218583798721
2025-04-28,438981963.73,952715361.749,872245666.81,2263942992.289,79.827,903.9,597.15,39.0,32.38,15.943749,8.6,22.75,2.0562506,438.98196373,2263.942992289,872.24566681,952.715361749,459.3732966951432,-92.55133948566029,72.16000652051713
2025-04-29,428711863.51,954590941.677,963092248.1,2346395053.287,80.4348,903.9,644.74,37.0,32.64,16.837502,9.5,22.6,1.1624985,428.71186351,2346.3950532870003,963.0922481,954.590941677,459.4380538948889,-89.77688678982187,59.05069640493292
2025-04-30,386622897.92,1024847604.021,1038104743.47,2449575245.4110003,81.2538,903.9,808.69,35.2,32.98,18.627085,9.5,25.9,0.0,386.62289792,2449.575245411,1038.1047434700001,1024.847604021,459.50327394476295,-97.83471140753814,24.954335382775184
2025-05-01,339026961.0,1241268467.24,1299977456.615,2880272884.855,82.291,903.9,1057.68,20.5,33.4,20.499998,13.55,27.5,0.0,339.026961,2880.272884855,1299.977456615,1241.26846724,459.5689561836058,-139.7060292400322,19.164034056426374
2025-05-02,334505173.74,1095516309.03,1365744452.914,2795765935.684,83.312,903.9,1041.05,20.0,33.81,15.039581,10.85,19.0,2.9604187,334.50517374000003,2795.765935684,1365.744452914,1095.51630903,459.6351000069942,-123.72162930095341,-1.4082969660407798
2025-05-03,321317456.19,893860756.39,1384128522.284,2599306734.864,84.3448,903.9,1069.49,23.0,34.23,11.414582,8.2,14.65,6.5854177,321.31745619,2599.3067348639997,1384.128522284,893.86075639,459.70170439505347,-117.34533513845618,-21.03891306659733
2025-05-04,334395985.12,823317331.8299999,1197886985.28,2355600302.2299995,85.2411,903.9,932.25,50.1,34.6,9.008332,4.1,13.25,8.991668,334.39598512,2355.6003022299997,1197.8869852799999,823.31733183,459.76876798783337,-57.38288752142648,-67.98989534640691
2025-05-05,396296870.98,992433468.52,642914794.41,2031645133.91,85.6328,903.9,482.48,91.2,34.75,9.349999,1.85,15.9,8.650001,396.29687098,2031.6451339100001,642.91479441,992.43346852,459.8362893355742,-31.982239640755825,-31.55717871481835
2025-05-06,412038277.04,959211378.43,476980098.29,1848229753.76,85.8938,903.9,351.27,89.6,34.73,11.243749,5.6,15.4,6.7562513,412.03827704,1848.22975376,476.98009829,959.21137843,459.90426729866147,-35.51560229813957,-12.350387960521857
2025-05-07,452236057.7,1043637193.68,572081545.821,2067954797.201,86.2159,903.9,433.39,116.4,34.86,11.485416,4.9,15.6,6.5145836,452.2360577,2067.954797201,572.081545821,1043.6371936799999,459.97270108641305,14.972344437067413,-22.70898782348047
2025-05-08,445392066.4,1088849748.67,566274568.337,2100516383.407,86.4176,903.9,347.13,134.8,35.07,13.335418,5.35,18.7,4.6645823,445.3920664,2100.516383407,566.274568337,1088.84974867,460.04158981960995,3.5438343916380575,-18.193357811248006
2025-05-09,403277665.64,1056225286.66,604158994.23,2063661946.53,86.7031,903.9,385.0,99.5,35.19,14.358334,9.8,17.7,3.6416664,403.27766564,2063.66194653,604.1589942300001,1056.22528666,460.1109325980908,-69.08402468048648,12.25075772239569
2025-05-10,330185319.40999997,1065053003.44,936053638.743,2331291961.593,87.4778,903.9,823.47,50.6,35.37,12.412499,6.1,18.05,5.5875006,330.18531941,2331.291961593,936.0536387430001,1065.05300344,460.1807288183878,-97.0379189077442,-32.957490500643644
2025-05-11,317551756.92,1061304802.82,951280274.887,2330136834.627,88.3242,903.9,896.54,53.7,35.71,12.466666,4.85,19.05,5.533334,317.55175692,2330.1368346269996,951.280274887,1061.30480282,460.2509777045421,-102.69038995837859,-40.00883082616349
2025-05-12,389528910.4,1023205937.55,907929120.288,2320663968.238,89.0393,903.9,743.58,47.0,36.01,14.535417,5.85,20.9,3.4645834,389.5289104,2320.663968238,907.929120288,1023.2059375499999,460.321678194911,-90.63979445658462,19.847026661673624
2025-05-13,411339507.96,1014596752.58,685731800.79,2111668061.33,89.4934,903.9,552.74,87.9,36.19,16.69375,11.15,22.1,1.3062496,411.33950796,2111.66806133,685.73180079,1014.59675258,460.3928294120845,-47.386391121904374,-1.6669303301801506
2025-05-14,366060624.58,1027994581.28,781671975.0,2175727180.8599997,90.1748,903.9,737.53,53.8,36.47,11.997917,8.85,14.55,6.002083,366.06062457999997,2175.72718086,781.671975,1027.99458128,460.46443069894707,-67.51513092255185,-26.88867519639524
2025-05-15,359373161.15,1100391076.06,687705741.46,2147469978.67,90.7017,903.9,606.27,66.1,36.68,11.981251,8.1,17.05,6.018749,359.37316115,2147.4699786700003,687.70574146,1100.39107606,460.5364818068319,-53.33400065388474,-47.829320002947156
2025-05-16,358094793.05,985702993.9,608993044.615,1952790831.565,91.1739,903.9,573.41,97.3,36.87,11.083335,8.2,16.3,6.916665,358.09479305,1952.790831565,608.993044615,985.7029939,460.6089825759841,-90.47868968900991,-12.035499836974168
2025-05-17,327153317.56,1129049822.1,964801492.588,2421004632.248,91.9836,903.9,802.5,2.1,37.2,10.404167,6.7,13.9,7.595833,327.15331756,2421.0046322480002,964.8014925880001,1129.0498220999998,460.6819325041843,-97.69424217253206,-35.83437277165223
2025-05-18,340878573.75,1168620940.22,792020468.382,2301519982.352,92.6586,903.9,690.89,14.5,37.47,12.479168,10.2,15.55,5.520832,340.87857375,2301.519982352,792.020468382,1168.62094022,460.75533064537854,-30.433103231408626,-89.44365366396994
2025-05-19,426729213.16,1191702439.81,614195615.315,2232627268.285,93.078,903.9,484.28,83.7,37.64,16.216665,9.3,22.6,1.7833347,426.72921316000003,2232.627268285,614.195615315,1191.70243981,460.8291757076091,-56.121701331323465,22.02173878371434
2025-05-20,410803915.12,1243225157.99,613010469.905,2267039543.0150003,93.5199,903.9,496.33,65.0,37.82,16.981253,12.85,21.35,1.0187473,410.80391512,2267.039543015,613.0104699049999,1243.22515799,460.903466476939,-80.31695963501483,30.217408278075823
2025-05-21,413475275.48,1157487199.61,172925211.771,1743887686.861,93.308,903.9,121.59,333.5,37.73,11.845833,8.55,15.5,6.154167,413.47527548,1743.887686861,172.925211771,1157.4871996099998,460.9782016361345,-49.769430330035675,2.2665041739011826
2025-05-22,428798640.61,1215121177.7,439117785.114,2083037603.424,93.6268,903.9,449.58,123.6,37.86,9.095833,4.95,11.95,8.904167,428.79864061,2083.037603424,439.117785114,1215.1211777,461.05337985686305,-41.15337188885818,8.898632641995164
2025-05-23,374808833.51,1198737823.16,311629053.51,1885175710.18,93.7907,903.9,320.06,160.8,37.93,11.872917,6.1,16.75,6.127083,374.80883351,1885.1757101800001,311.62905351,1198.73782316,461.12900008634335,-85.82497539398868,-0.49519118235468795
2025-05-24,313094141.32,1162117278.65,650081745.075,2125293165.045,94.2632,903.9,482.79,12.8,38.12,14.1125,11.25,16.75,3.8874998,313.09414132,2125.293165045,650.0817450750001,1162.1172786500001,461.2050614318844,-135.80734766024491,-12.303572451639468
2025-05-25,328937034.24,1190160763.73,954587921.83,2473685719.8,95.0725,903.9,834.33,2.4,38.45,15.395833,11.7,19.65,2.604167,328.93703424,2473.6857198000002,954.58792183,1190.16076373,461.28156332190645,-115.64862903046054,-16.695900051445904
2025-05-26,379386471.11,1141761298.57,685890969.005,2207038738.685,95.5799,903.9,532.11,47.3,38.65,15.779167,9.45,20.2,2.2208328,379.38647111,2207.0387386849998,685.890969005,1141.76129857,461.3585055575176,-76.01852194534274,-5.953512502174874
2025-05-27,362768563.98,1200845625.39,690377024.088,2253991213.458,96.0277,903.9,486.58,38.8,38.83,16.199999,13.55,18.6,1.8000011,362.76856398,2253.9912134580004,690.3770240880001,1200.8456253900001,461.43588821259715,-103.77087590312168,5.103551670524553
2025-05-28,376520333.03,1299879324.23,664248372.847,2340648030.107,96.5497,903.9,554.39,20.0,39.04,14.295833,10.3,18.15,3.7041674,376.52033302999996,2340.648030107,664.248372847,1299.87932423,461.51371146411157,-59.11371020027358,-25.879668233838004
2025-05-29,313481408.61,1243976582.33,917353848.84,2474811839.78,97.3378,903.9,807.14,25.1,39.36,18.270834,13.2,23.25,0.0,313.48140861,2474.8118397800004,917.3538488400001,1243.97658233,461.5919756679899,-59.86080636216805,-88.24976069582186
2025-05-30,324757966.01,1270431534.83,989312525.159,2584502025.999,98.2974,903.9,968.93,7.2,39.75,19.729166,14.5,24.3,0.0,324.75796601,2584.502025999,989.3125251590001,1270.43153483,461.6706810758109,-105.54052530543137,-31.372189760379456
2025-05-31,340384693.43,1202774221.83,1351961530.64,2895120445.9,99.5504,903.9,1277.03,28.6,40.26,20.547916,16.25,27.3,0.0,340.38469343,2895.1204459,1351.96153064,1202.77422183,461.7498274866083,-91.9702896443656,-29.394844412242662
2025-06-01,331432156.85,1191991593.12,1362783063.637,2886206813.607,101.7025,903.9,2030.15,27.1,41.12,18.275002,14.0,21.6,0.0,331.43215685,2886.2068136069997,1362.7830636370002,1191.9915931199998,461.8294142945049,-78.65865098063814,-51.738606463866745
2025-06-02,417331510.31,1117530831.5,872621741.175,2407484082.9849997,102.3512,903.9,677.19,30.2,41.38,19.050001,12.45,25.85,0.0,417.33151031,2407.4840829849995,872.6217411749999,1117.5308315,461.9094410186644,-72.16104300496264,27.583112296298225
2025-06-03,353823115.65999997,1061180090.23,697205578.682,2112208784.572,102.9232,903.9,638.93,66.6,41.61,20.702082,15.6,27.7,0.0,353.82311566,2112.2087845720002,697.205578682,1061.1800902300001,461.9899075972216,-125.54499812557712,17.378206188355534
2025-06-04,347447639.94,1100781342.49,799071769.067,2247300751.497,103.7107,903.9,724.54,37.1,41.93,19.33125,15.75,22.25,0.0,347.44763994,2247.3007514970004,799.071769067,1100.78134249,462.07081416182723,-100.2966937231063,-14.326480498720912
2025-06-05,336654725.3,897285312.8199999,653997339.127,1887937377.2469995,104.0763,903.9,418.16,55.3,42.08,18.377085,14.6,21.95,0.0,336.6547253,1887.9373772469994,653.9973391269999,897.28531282,462.1521611438686,-101.01218951636206,-24.48524632750656
2025-06-06,334668154.86,1102657171.22,1057353231.839,2494678557.9189997,104.9758,903.9,914.08,7.2,42.44,17.670834,14.2,22.45,0.3291664,334.66815486,2494.6785579189996,1057.353231839,1102.65717122,462.23394913144966,-117.34341738093498,-10.222376890514681
2025-06-07,308473738.33000004,1153576908.76,1422007964.752,2884058611.842,106.133,903.9,1134.88,3.2,42.91,15.65625,12.0,19.7,2.34375,308.47373833000006,2884.058611842,1422.0079647520001,1153.57690876,462.31617813871145,-118.66987071125713,-35.17256909745424
2025-06-08,296005951.95,1156580893.03,1349161757.547,2801748602.527,107.2085,903.9,1083.88,5.5,43.34,13.752082,10.35,17.75,4.247918,296.00595195,2801.748602527,1349.161757547,1156.58089303,462.3988477198332,-81.46035784115804,-84.93253792867517
2025-06-09,304278676.89,1240005475.79,1192623141.587,2736907294.2669997,108.1419,903.9,928.59,3.9,43.72,14.670834,11.15,17.95,3.3291664,304.27867689,2736.9072942669995,1192.623141587,1240.00547579,462.4819575357968,-131.2062323802847,-26.99704826551215
2025-06-10,328107307.99,1140867748.12,997549007.929,2466524064.039,108.9713,903.9,861.64,15.0,44.06,15.781249,12.25,20.1,2.218751,328.10730799,2466.524064039,997.549007929,1140.86774812,462.5655073260902,-35.48030305836129,-98.97789627772892
2025-06-11,355479761.22,1201287175.47,1030061047.53,2586827984.2200003,109.6807,903.9,736.53,8.7,44.34,16.589584,9.0,22.85,1.4104156,355.47976122,2586.8279842200004,1030.06104753,1201.28717547,462.64949709112847,-73.71168286154074,-33.45805300958773
2025-06-12,352292519.45,1226338358.9099998,1060678628.335,2639309506.6949997,110.3668,903.9,699.39,17.1,44.62,18.670832,11.7,24.9,0.0,352.29251945,2639.3095066949995,1060.678628335,1226.33835891,462.73392706525175,-109.15091010970822,-1.2904975055435557
2025-06-13,344576964.37,1236756628.3400002,943503935.216,2524837527.926,111.049,903.9,835.37,174.0,44.9,22.977083,14.75,30.0,0.0,344.57696437,2524.837527926,943.503935216,1236.7566283400001,462.81879720225874,-107.61254115183259,-10.62929168042615
2025-06-14,326235486.11,1136480030.73,1404186378.427,2866901895.267,112.185,903.9,1144.14,10.5,45.36,24.014582,17.6,32.85,0.0,326.23548611,2866.9018952670003,1404.1863784270001,1136.48003073,462.9041067441445,-106.83675827055465,-29.831862363589835
2025-06-15,318968642.36,1111691927.26,1247297847.108,2677958416.7279997,113.2796,903.9,1099.73,5.5,45.8,18.858334,16.25,22.2,0.0,318.96864236,2677.9584167279995,1247.297847108,1111.69192726,462.98985426356126,-103.67453983632105,-40.346672067240206
2025-06-16,365647652.8,1108701275.854,1096730535.526,2571079464.1800003,113.9349,903.9,671.57,16.2,46.06,20.160416,13.4,25.9,0.0,365.6476528,2571.0794641800003,1096.730535526,1108.7012758540002,463.07603816231494,-71.53006419349782,-25.89832116881712
2025-06-17,380267622.5,1198765229.382,912924117.363,2491956969.245,114.5381,903.9,638.6,35.4,46.31,22.277082,16.3,27.2,0.0,380.2676225,2491.956969245,912.924117363,1198.765229382,463.1626568304159,-59.151419195944044,-23.74361513447184
2025-06-18,359212111.02,1154129261.977,923084466.543,2436425839.54,115.2356,903.9,693.65,5.6,46.59,19.160418,15.25,22.2,0.0,359.21211102,2436.4258395399997,923.084466543,1154.129261977,463.24970863239537,-53.481385015150884,-50.556212597244496
2025-06-19,329365815.81,1188806573.476,1006832240.95,2525004630.236,116.0464,903.9,815.54,4.6,46.92,18.077082,11.15,23.55,0.0,329.36581581,2525.004630236,1006.83224095,1188.806573476,463.33719206055315,-80.26633399746859,-53.705042253084514
2025-06-20,349766918.84000003,1204476116.152,1067681696.431,2621924731.4230003,116.8073,903.9,829.41,8.5,47.23,21.856253,12.5,28.6,0.0,349.76691884,2621.924731423,1067.681696431,1204.476116152,463.4251058925215,-74.44062800676492,-39.21755904575656
2025-06-21,310948486.94,1114595267.054,1471790775.84,2897334529.8339996,117.993,903.9,1186.9,1.2,47.7,27.05208,17.3,34.05,0.0,310.94848694,2897.3345298339996,1471.79077584,1114.5952670539998,463.5134485601719,-76.15688823878739,-76.4080733813845
2025-06-22,291795621.27,1101129316.672,1503045064.52,2895970002.462,119.1683,903.9,1186.8,6.8,48.18,22.977081,16.85,27.45,0.0,291.79562126999997,2895.9700024619997,1503.0450645199999,1101.129316672,463.60221816795195,-73.21224180663826,-98.59435509131373
2025-06-23,365273047.61,1112538931.072,1263332776.265,2741144754.9470005,119.9722,903.9,891.06,27.9,48.5,17.852083,14.1,22.5,0.1479168,365.27304761,2741.1447549470004,1263.3327762650001,1112.538931072,463.69141299404254,-59.46317269201747,-38.95519269202509
2025-06-24,353157227.59000003,1158590833.554,1091897116.036,2603645177.1800003,120.7569,903.9,779.34,6.5,48.82,20.297918,17.35,24.3,0.0,353.15722759000005,2603.6451771800002,1091.897116036,1158.5908335539998,463.7810312388262,-53.56147641702849,-57.06232723179767
2025-06-25,406607837.1,1204705703.28,726397748.612,2337711288.992,121.1504,903.9,480.87,114.5,48.98,21.383333,14.45,30.5,0.0,406.60783710000004,2337.711288992,726.397748612,1204.70570328,463.8710709492523,-52.46988920881138,-4.793344640440921
2025-06-26,343809870.90999997,1276519936.517,781747109.171,2402076916.598,121.288,903.9,589.92,119.5,49.04,18.941666,16.65,21.95,0.0,343.80987091,2402.076916598,781.747109171,1276.519936517,463.96153047884724,-71.77667742738471,-48.37498214146257
2025-06-27,346490195.32,1237540995.583,1069065391.523,2653096582.4259996,122.3229,903.9,803.64,111.4,49.46,21.3,14.2,28.05,0.0,346.49019532,2653.0965824259997,1069.065391523,1237.540995583,464.05240832618045,-96.58539663802712,-20.976816368153322
2025-06-28,304757834.51,1143285893.24,1485383382.32,2933427110.0699997,123.3441,903.9,1080.61,47.8,49.87,23.641668,19.5,28.3,0.0,304.75783451,2933.42711007,1485.38338232,1143.28589324,464.14370269694314,-126.99434091200939,-32.391527274933765
2025-06-29,322650657.06,1082309819.06,1576716142.121,2981676618.241,124.5088,903.9,1211.9,53.2,50.34,20.539583,13.5,26.6,0.0,322.65065706,2981.676618241,1576.716142121,1082.3098190599999,464.2354116901306,-88.42888974705713,-53.15586488307349
2025-06-30,437664926.05,1273382570.86,1152901911.182,2863949408.092,125.3109,903.9,837.04,34.3,50.66,24.38333,14.65,32.8,0.0,437.66492605,2863.949408092,1152.9019111819998,1273.38257086,464.3275336781757,-42.78360144751123,16.120993819335524
2025-07-01,473235772.04,1379587325.23,792928245.307,2645751342.577,125.9974,903.9,712.57,24.4,50.94,29.664581,19.8,37.6,0.0,473.23577204000003,2645.7513425770003,792.928245307,1379.58732523,464.4200670551356,-23.32527616515716,32.14098115002162
2025-07-02,425568063.31,1291689718.76,948486271.474,2665744053.5439997,126.8856,903.9,916.24,2.0,51.3,23.375,19.25,30.4,0.0,425.56806331,2665.7440535439996,948.486271474,1291.68971876,464.5130100649137,-84.78852885905287,45.84358210413916
2025-07-03,432456111.28,1378828803.31,958730688.441,2770015603.031,127.5356,903.9,719.22,69.5,51.56,19.639584,13.35,24.9,0.0,432.45611127999996,2770.015603031,958.730688441,1378.82880331,464.60636107462125,-82.10617141719054,49.95592162256929
2025-07-04,368038758.32,1431019236.28,893025853.824,2692083848.424,128.2912,903.9,771.28,12.1,51.87,22.481249,14.95,28.65,0.0,368.03875832,2692.083848424,893.025853824,1431.0192362799999,464.70011852840236,-134.36414466153727,37.70278445313494
2025-07-05,294844082.51,1388875232.71,1300382944.917,2984102260.137,129.3591,903.9,1086.32,13.6,52.3,23.552084,17.95,29.35,0.0,294.84408250999996,2984.102260137,1300.382944917,1388.87523271,464.7942803000241,-160.7270453885054,-9.223152401518803
2025-07-06,335086423.34000003,1240630028.27,1265152571.514,2840869023.124,130.3086,903.9,983.31,39.9,52.68,20.327084,16.35,24.65,0.0,335.08642334,2840.8690231240003,1265.1525715139999,1240.63002827,464.88884390733074,-138.78368704966257,8.981266482331876
2025-07-07,372960541.76,1288710974.2,1025462156.07,2687133672.03,130.9218,903.9,714.4,17.6,52.93,17.797918,14.35,21.45,0.20208168,372.96054176,2687.13367203,1025.46215607,1288.7109742,464.98380704073014,-123.08982112840121,31.066555847671054
2025-07-08,353107063.11,1460262473.48,1068082398.336,2881451934.926,135.4935,903.9,816.19,0.0,54.78,17.4125,14.7,21.4,0.5874996,353.10706311,2881.451934926,1068.0823983359999,1460.26247348,465.0791675404821,-83.13652618016123,-28.83557825032085
2025-07-09,386327830.19,1436796107.28,1175917552.142,2999041489.612,132.4268,903.9,1108.38,9.0,53.54,17.743752,15.15,22.1,0.25624847,386.32783019,2999.041489612,1175.917552142,1436.79610728,465.1749232450171,-85.18616643660563,6.339073381588491
2025-07-10,383386553.54,1412671160.95,1083654933.197,2879712647.6870003,133.5212,903.9,1071.95,40.7,54.02,17.066666,13.25,21.85,0.93333435,383.38655354,2879.7126476870003,1083.654933197,1412.67116095,465.2710720907669,-73.81122611716738,-8.073292433599477
2025-07-11,336413688.81,1275709383.81,1201638838.358,2813761910.9779997,134.4262,903.9,994.57,11.4,54.37,15.710418,14.4,17.45,2.2895823,336.41368881,2813.761910978,1201.638838358,1275.70938381,465.36761241191897,-120.78297930697752,-8.170944294941421
2025-07-12,314996480.37,1210121810.57,1481793621.046,3006911911.986,135.8089,903.9,1139.31,16.8,54.93,17.89375,14.9,21.55,0.10625076,314.99648037000003,3006.911911986,1481.793621046,1210.12181057,465.46454282195936,-137.54104298866227,-12.927019463297086
2025-07-13,323734785.5,1308601277.28,1450293602.37,3082629665.1499996,136.8975,903.9,1090.85,3.0,55.37,19.560415,15.15,24.1,0.0,323.7347855,3082.6296651499997,1450.29360237,1308.60127728,465.5618618722381,-125.02706675944158,-16.800009612796543
2025-07-14,344228919.19,1321849121.63,945375716.024,2611453756.8440003,137.4921,903.9,718.25,120.7,55.61,18.883333,16.7,22.05,0.0,344.22891919,2611.4537568440005,945.3757160240001,1321.8491216300001,465.6595683944494,-119.27703258889657,-2.153616615552835
2025-07-15,344403493.8,1295110886.1599998,755974279.365,2395488659.325,138.0543,903.9,615.0,52.8,55.84,17.283335,13.35,20.55,0.71666527,344.40349380000004,2395.488659325,755.974279365,1295.1108861599998,465.7576617055982,-95.910837083757,-25.44333082184113
2025-07-16,366227570.97,1282465512.9,803539337.97,2452232421.84,138.6904,903.9,671.66,35.5,56.1,16.656248,13.75,19.15,1.3437519,366.22757097000004,2452.2324218400004,803.53933797,1282.4655129,465.85614151359886,-72.92761145352267,-26.70095909007614
2025-07-17,398578083.37,1280021060.51,623854138.969,2302453282.849,139.1755,903.9,518.75,33.7,56.29,19.368748,16.25,22.9,0.0,398.57808337,2302.453282849,623.854138969,1280.02106051,465.95500789259387,-76.00936313613957,8.63243861354573
2025-07-18,411511766.32,1252196942.31,866118285.1800001,2529826993.81,139.8247,903.9,661.75,12.6,56.55,21.360418,15.75,26.05,0.0,411.51176632,2529.8269938099997,866.11828518,1252.19694231,466.0542613740908,-97.37400394512724,42.831508891036435
2025-07-19,305108896.03999996,1166265122.51,1309953143.85,2781327162.3999996,140.9293,903.9,1130.89,26.4,57.0,23.433334,17.45,28.85,0.0,305.10889603999993,2781.3271623999995,1309.9531438499998,1166.26512251,466.15390238823295,-148.69159542100576,-12.353410927227287
2025-07-20,312048899.01,1107450224.69,1271410058.1,2690909181.8,142.0248,903.9,1112.68,17.8,57.44,20.0375,16.05,22.6,0.0,312.04889901,2690.9091818,1271.4100581,1107.4502246900001,466.2539310109072,-137.82299972824725,-16.3820322726599
2025-07-21,359777916.06,1245832239.75,851089752.618,2456699908.428,142.6596,903.9,675.29,39.2,57.7,18.008333,14.4,21.5,0.0,359.77791606,2456.699908428,851.089752618,1245.83223975,466.35434695838006,-124.33032883880959,17.75389794042951
2025-07-22,315499757.91999996,1334936624.01,886051968.41,2536488350.3399997,143.2904,903.9,671.59,41.6,57.95,17.629168,15.6,19.7,0.37083244,315.49975792,2536.4883503399997,886.05196841,1334.93662401,466.45515005636804,-123.26771541041606,-27.68767672595203
2025-07-23,363424415.69,1325525769.1,833324169.086,2522274353.876,143.9156,903.9,651.44,22.4,58.2,19.456251,16.2,22.4,0.0,363.42441569,2522.274353876,833.324169086,1325.5257691,466.5563403850624,-97.17371884903682,-5.958205846025635
2025-07-24,447563703.88,1254068310.6,582508339.289,2284140353.769,144.3055,903.9,503.68,114.8,58.36,19.858332,17.9,23.55,0.0,447.56370388,2284.140353769,582.508339289,1254.0683106,466.6579183579192,-77.26635358573925,58.1721391078201
2025-07-25,408868054.99,1237101213.56,660184778.93,2306154047.48,144.9117,903.9,639.51,38.7,58.6,18.835417,17.2,20.8,0.0,408.86805499,2306.15404748,660.18477893,1237.10121356,466.7598846070389,-58.35030845061196,0.4584788335731105
2025-07-26,354422857.65,1024553491.47,1085742033.245,2464718382.365,145.899,903.9,996.06,8.8,59.0,19.664583,15.2,23.75,0.0,354.42285764999997,2464.718382365,1085.742033245,1024.55349147,466.8622394017749,-86.22558068017163,-26.213801071603314
2025-07-27,317020182.12,1012458503.75,1180931349.198,2510410035.068,147.0039,903.9,1115.71,10.8,59.45,18.325,15.5,22.3,0.0,317.02018212,2510.4100350679996,1180.931349198,1012.45850375,466.9649824983052,-124.33543477509731,-25.609365603207834
2025-07-28,338397222.42,1099582264.44,1147895695.46,2585875182.32,147.9933,903.9,996.23,13.7,59.85,17.097918,14.1,20.2,0.90208244,338.39722242,2585.87518232,1147.89569546,1099.58226444,467.0681134369051,-138.5718665293961,9.900975512491016
2025-07-29,340888670.98,1057609018.38,1010826809.068,2409324498.428,148.8225,903.9,843.06,15.6,60.18,17.183332,12.95,21.4,0.81666756,340.88867098000003,2409.324498428,1010.826809068,1057.60901838,467.17163163711064,-107.88640957615394,-18.39655108095667
2025-07-30,349809296.59000003,1155386233.38,1079352222.99,2584547752.96,149.7583,903.9,959.58,23.8,60.56,16.447916,14.05,19.4,1.552084,349.80929659000003,2584.5477529600003,1079.35222299,1155.38623338,467.2755366142129,-91.1407357853917,-26.325504238821168
2025-07-31,362130105.56,1237998309.03,930438450.83,2530566865.42,150.3971,903.9,667.36,29.3,60.8,17.156252,14.5,20.8,0.8437481,362.13010556,2530.56686542,930.4384508300001,1237.99830903,467.3798282314376,-88.50428543206411,-16.745437239373473
2025-08-01,343350028.17,965493969.26,1165881938.753,2474725936.183,151.1612,903.9,918.41,38.1,61.02,17.391665,13.9,21.6,0.6083355,343.35002817000003,2474.725936183,1165.881938753,965.49396926,467.48450683166624,-103.59321849705213,-20.541260164614073
2025-08-02,309040468.45,967085342.56,1340126700.769,2616252511.7790003,152.5849,903.9,1185.98,2.3,61.6,16.308332,13.8,18.9,1.6916676,309.04046845,2616.252511779,1340.126700769,967.08534256,467.5895727251243,-124.41970713094133,-34.129397144182974
2025-08-03,300157318.32,993003192.02,1373326513.706,2666487024.046,153.7645,903.9,1200.93,2.7,62.07,17.564583,14.65,22.2,0.43541718,300.15731832,2666.487024046,1373.326513706,993.00319202,467.6950258619315,-157.38726473176223,-10.150442810169295
2025-08-04,343144198.72,1078957224.51,1088687406.86,2510788830.09,154.7213,903.9,957.3,0.5,62.46,17.906248,15.5,19.2,0.09375191,343.14419872,2510.7888300900004,1088.6874068599998,1078.95722451,467.8008664650497,-119.32154525635274,-5.335122488696925
2025-08-05,337775396.34000003,1009191303.16,1277251743.237,2624218442.737,155.8115,903.9,1115.09,8.1,62.9,16.2375,12.0,20.35,1.7625008,337.77539634000004,2624.218442737,1277.251743237,1009.19130316,467.9070947891215,-120.40883568218771,-9.722862766933758
2025-08-06,378692517.96,1032072221.78,1232985845.567,2643750585.307,156.7114,903.9,916.66,1.1,63.26,18.418749,12.65,24.1,0.0,378.69251796,2643.750585307,1232.9858455669998,1032.07222178,468.0137108478691,-50.050443299539786,-39.27074958832935
2025-08-07,358506983.27,1047933071.27,1168388792.47,2574828847.01,157.5353,903.9,867.95,41.5,63.59,20.7125,15.45,26.8,0.0,358.50698327,2574.82884701,1168.38879247,1047.93307127,468.12071489544024,-64.21459710099856,-45.399134524441706
2025-08-08,386395462.6,1033523356.34,1204752196.54,2624671015.48,158.3778,903.9,893.38,46.1,63.93,21.760416,14.85,28.5,0.0,386.39546260000003,2624.67101548,1204.7521965399999,1033.52335634,468.2281075662298,-61.77986353412652,-20.052781432103302
2025-08-09,306913165.82,977871367.38,1456710429.319,2741494962.519,159.413,903.9,1098.11,56.9,64.22,19.847918,16.2,23.5,0.0,306.91316582,2741.494962519,1456.710429319,977.87136738,468.33588934921045,-141.41281101009844,-20.009912519111992
2025-08-10,307402316.97,987645370.35,1355981774.8,2651029462.12,160.5504,903.9,1141.44,4.0,64.68,19.152082,12.1,25.15,0.0,307.40231697,2651.02946212,1355.9817748,987.64537035,468.44406043692913,-155.83316571036823,-5.208577756560885
2025-08-11,409225206.46,1004815731.82,1208697914.85,2622738853.13,161.4407,903.9,897.35,7.1,65.04,21.804167,14.05,28.8,0.0,409.22520646,2622.7388531300003,1208.69791485,1004.81573182,468.5748913504938,-81.77716415413808,22.427479263644273
2025-08-12,432499103.13,1062140955.19,1044964302.101,2539604360.421,162.1392,903.9,729.6,31.1,65.18,23.793749,16.7,31.5,0.0,432.49910313,2539.604360421,1044.964302101,1062.14095519,468.70600085560864,-35.292851608529325,-0.9140461170793515
2025-08-13,442692895.35,1127777590.38,873714327.94,2444184813.67,162.763,903.9,637.2,13.5,65.43,25.46875,17.75,32.75,0.0,442.69289535,2444.18481367,873.7143279400001,1127.7775903800002,468.83738411513986,-31.343452130085062,5.1989633649452
2025-08-14,423346237.54,1083177642.3,1070569067.341,2577092947.181,163.5007,903.9,765.82,22.0,65.73,26.383333,20.2,32.95,0.0,423.34623754,2577.0929471810005,1070.569067341,1083.1776423,468.969035642053,-19.69312546752392,-25.929672634529027
2025-08-15,328240931.79,1020116868.35,1133136794.43,2481494594.57,164.4735,903.9,978.17,3.2,66.12,20.841667,17.35,24.7,0.0,328.24093179000005,2481.49459457,1133.13679443,1020.11686835,469.10094943916766,-121.94101717168978,-18.919000477477823
2025-08-16,266449932.06,1087666874.51,1192197421.091,2546314227.6610003,165.3805,903.9,930.18,25.4,66.47,17.891666,12.2,23.4,0.10833359,266.44993206,2546.314227661,1192.197421091,1087.66687451,469.2331191556637,-169.71527961690995,-33.06790747875374
2025-08-17,320857842.35,1028699787.57,1291777079.89,2641334709.8100004,166.3086,903.9,931.98,1.8,66.85,18.420835,11.6,24.05,0.0,320.85784235,2641.3347098100003,1291.77707989,1028.6997875700001,469.36553819355055,-146.92208210917005,-1.5856137343805017
2025-08-18,399114371.63,1199508507.79,1016728062.461,2615350941.881,166.9644,903.9,671.95,16.2,67.11,20.808332,13.95,26.6,0.0,399.11437163,2615.350941881,1016.7280624609999,1199.50850779,469.4981997992572,-103.36167300471956,32.97784483546235
2025-08-19,395731658.99,1199995470.9,1078357674.919,2674084804.809,167.7072,903.9,746.29,3.5,67.41,19.512499,14.75,23.95,0.0,395.73165899,2674.084804809,1078.357674919,1199.9954709,469.63109709094016,-44.44039251199549,-29.45904558894466
2025-08-20,393231058.85,1274312160.56,919996876.873,2587540096.283,168.3259,903.9,638.08,19.4,67.66,17.65,11.45,23.55,0.35000038,393.23105885,2587.540096283,919.996876873,1274.31216056,469.7642230924393,-72.78382463844702,-3.7493396039922686
2025-08-21,343756144.13,1178068609.0,956154615.05,2477979368.1800003,169.0267,903.9,715.98,17.6,67.94,15.585416,11.1,19.6,2.4145842,343.75614413,2477.97936818,956.15461505,1178.068609,469.8975708581798,-133.6101239225901,7.468697194410311
2025-08-22,300718620.99,1191122213.12,949945266.18,2441786100.29,169.6457,903.9,656.37,37.3,68.19,14.160416,11.9,17.45,3.8395844,300.71862099000003,2441.78610029,949.94526618,1191.12221312,470.031133505593,-153.0499575291927,-16.26255498640029
2025-08-23,297715448.27,1118972351.05,1265255688.483,2681943487.803,170.5564,903.9,915.04,4.4,68.56,13.831249,8.4,18.25,4.168751,297.71544826999997,2681.943487803,1265.255688483,1118.97235105,470.1649042418966,-157.63124014225232,-14.81821582964426
2025-08-24,320891451.09000003,1107061181.94,1229139067.632,2657091700.662,171.4373,903.9,884.69,3.7,68.91,14.589584,9.95,18.65,3.4104156,320.89145109000003,2657.091700662,1229.139067632,1107.06118194,470.29887642996573,-158.29151360301896,8.884088263053286
2025-08-25,442946065.72,1225320008.73,999904077.632,2668170152.082,172.083,903.9,660.93,15.2,69.17,15.502083,8.95,21.0,2.4979172,442.94606572000004,2668.1701520819997,999.9040776319999,1225.32000873,470.4330436151811,-50.59141854920959,23.104440654028565
2025-08-26,416802571.61,1192280920.76,872153285.811,2481236778.181,172.7102,903.9,639.29,12.2,69.42,20.187498,13.3,27.9,0.0,416.80257161000003,2481.2367781810003,872.153285811,1192.28092076,470.5673995106851,-27.158820849976983,-26.606007050708115
2025-08-27,464888773.69,1225684771.55,767635175.851,2458208721.091,173.1505,903.9,457.09,16.7,69.6,19.55208,17.55,21.65,0.0,464.88877369,2458.208721091,767.635175851,1225.68477155,470.7019380075065,8.606459230814815,-14.41962354832134
2025-08-28,534679500.0,1060811184.11,966169715.614,2561660399.724,173.8767,903.9,730.86,2.1,69.92,18.470833,16.75,20.45,0.0,534.6795,2561.660399724,966.169715614,1060.81118411,470.8366532462535,54.26940670549145,9.573440048255009
2025-08-29,404167946.4,1165863690.24,1111772829.393,2681804466.033,174.7041,903.9,857.52,15.3,70.26,18.414583,14.75,22.35,0.0,404.16794639999995,2681.804466033,1111.772829393,1165.86369024,470.9715396197571,-46.14562725748766,-20.657965962269486
2025-08-30,299383447.14,1124289057.42,1291160054.091,2714832558.651,175.6844,903.9,996.14,0.9,70.65,18.9625,12.65,24.65,0.0,299.38344714,2714.832558651,1291.1600540910001,1124.28905742,471.1065917535312,-139.99346034372897,-31.72968426980225
2025-08-31,314312629.05,1112129120.47,1305519586.962,2731961336.482,176.6675,903.9,981.13,6.3,71.05,20.310417,14.75,26.5,0.0,314.31262905,2731.9613364819998,1305.519586962,1112.12912047,471.24180454367195,-160.47008904571499,3.540913552043037
2025-09-01,453640935.1,1132251696.48,832863149.97,2418755781.55,180.3845,903.9,3753.0,30.0,72.54,17.397915,15.75,20.4,0.6020851,453.64093510000004,2418.7557815500004,832.86314997,1132.25169648,471.37717316706573,-39.20423563494913,21.467997567883458
2025-09-02,436548157.85,1063204260.63,362474058.245,1862226476.725,180.6084,903.9,328.14,16.1,72.54,18.645832,13.95,23.35,0.0,436.54815785,1862.2264767249999,362.474058245,1063.20426063,471.51269303501033,-17.85778830434338,-17.106746880666947
2025-09-03,324201485.08,1091261386.69,693645965.739,2109108837.509,181.2279,903.9,636.07,2.7,72.74,20.797918,15.85,26.4,0.0,324.20148508,2109.108837509,693.645965739,1091.26138669,471.6483597711408,-144.06237580998734,-3.3844988811534904
2025-09-04,434949203.2,1058434732.85,882048901.55,2375432837.6,182.0805,903.9,715.45,3.3,73.08,17.877083,15.95,19.95,0.122917175,434.9492032,2375.4328376,882.04890155,1058.43473285,471.7841692460799,-23.79795996899683,-13.03700607708305
2025-09-05,451100479.6,1128418573.144,787541386.143,2367060438.887,182.6921,903.9,564.22,4.2,73.33,16.685417,12.95,20.35,1.3145828,451.1004796,2367.060438887,787.541386143,1128.418573144,471.9201175694866,-14.302820473908225,-6.516817495578323
2025-09-06,315518359.23,1123467661.09,1213572439.71,2652558460.0299997,183.5947,903.9,906.27,3.1,73.69,16.425,11.85,21.3,1.5750008,315.51835923000004,2652.55846003,1213.57243971,1123.4676610899999,472.0562010888045,-117.19307609305464,-39.344765765749855
2025-09-07,292312422.18,1139917572.38,1373928580.682,2806158575.242,184.553,903.9,984.27,18.8,74.08,16.918749,11.85,21.85,1.0812511,292.31242218,2806.158575242,1373.9285806819998,1139.9175723800001,472.19241638439405,-165.73014697588823,-14.149847228505791
2025-09-08,489796600.3,997980535.34,841369557.9779999,2329146693.618,184.9099,903.9,415.3,56.0,74.22,18.383333,12.6,24.15,0.0,489.7966003,2329.146693618,841.3695579779999,997.9805353400001,472.3287602847499,-0.4039795063346816,17.871819521584825
2025-09-09,550193199.55,1001173946.55,566621834.244,2117988980.344,185.1596,903.9,297.34,46.1,74.23,18.56875,15.1,22.1,0.0,550.1931995499999,2117.988980344,566.621834244,1001.17394655,472.46522983226174,47.32395216704463,30.40401755069354
2025-09-10,482015551.63,1051728854.53,660858362.488,2194602768.648,185.5896,903.9,463.04,16.3,74.41,17.087502,13.6,22.05,0.9124985,482.01555163,2194.6027686479997,660.858362488,1051.72885453,472.6018222284532,-10.385693126197129,19.7994225277439
2025-09-11,352072050.32,1022830132.29,628771245.667,2003673428.277,186.0495,903.9,486.56,26.7,74.59,15.379167,12.45,19.0,2.6208334,352.07205032,2003.6734282769999,628.771245667,1022.8301322899999,472.73853480836243,-101.37691717641887,-19.28956731194353
2025-09-12,343469158.32,1012667348.0,776371468.46,2132507974.78,186.6666,903.9,621.38,7.7,74.84,14.752084,10.25,21.0,3.2479162,343.46915832,2132.50797478,776.3714684600001,1012.667348,472.87536505170607,-89.16824071392713,-40.23796601777889
2025-09-13,274777451.3,933052142.58,1039893995.41,2247723589.29,187.3813,903.9,726.36,2.8,75.13,15.233335,12.85,18.0,2.7666655,274.7774513,2247.72358929,1039.89399541,933.05214258,473.0123106248227,-171.66679203503048,-26.568067289792225
2025-09-14,293432342.35,1038189053.92,1036314875.82,2367936272.09,188.0571,903.9,688.68,4.1,75.4,16.058332,11.45,21.25,1.9416676,293.43234235,2367.9362720900003,1036.31487582,1038.1890539199999,473.14936939479657,-173.61924882811053,-6.097778216686038
2025-09-15,263666426.26,1099849287.22,759335571.8510001,2122851285.331,188.6193,903.9,573.26,3.5,75.62,15.5979185,13.15,17.8,2.4020815,263.66642626,2122.851285331,759.335571851,1099.84928722,473.286539408575,-183.2182509322199,-26.401862216355084
2025-09-16,339108158.41999996,1002246473.35,478369627.869,1819724259.639,188.9555,903.9,347.03,10.8,75.76,14.21875,11.35,17.8,3.78125,339.10815841999994,1819.724259639,478.369627869,1002.24647335,473.42381886542205,-111.69482148433276,-22.620838961089362
2025-09-17,318729212.88,1014265077.4,343034972.924,1676029263.204,189.2121,903.9,271.85,8.7,75.86,16.90625,13.0,19.35,1.09375,318.72921288,1676.029263204,343.03497292400004,1014.2650774,473.5612061221748,-108.73623466976176,-46.09575857241305
2025-09-18,315612387.8,1137573053.18,414473713.655,1867659154.635,189.5304,903.9,338.35,8.1,75.99,19.160418,15.75,22.9,0.0,315.6123878,1867.659154635,414.473713655,1137.57305318,473.6986996893086,-126.59141201740039,-31.494899871908217
2025-09-19,372761500.45,1108698044.06,537143302.826,2018602847.336,189.866,903.9,351.38,5.8,76.12,20.381248,15.15,27.15,0.0,372.76150044999997,2018.602847336,537.143302826,1108.69804406,473.83629823390777,-100.7396728244536,-0.3351249594542196
2025-09-20,276399582.36,1192847349.95,930926059.969,2400172992.279,190.498,903.9,652.85,12.6,76.38,19.927082,15.05,25.4,0.0,276.39958236,2400.172992279,930.926059969,1192.84734995,473.9740005588151,-179.09316507817314,-18.481253120641895
2025-09-21,331618668.9,1140236185.5,949134460.16,2420989314.56,191.1308,903.9,651.57,18.8,76.63,12.854167,10.5,15.05,5.145833,331.6186689,2420.98931456,949.13446016,1140.2361855,474.11180556767613,-136.63989503467099,-5.853241633005155
2025-09-22,439782885.17,1052224265.0,304646911.995,1796654062.165,191.1885,903.9,162.54,105.0,76.65,10.887501,6.2,15.6,7.112499,439.78288517000004,1796.654062165,304.646911995,1052.224265,474.2497122659882,-53.7824742818636,19.315647185875434
2025-09-23,495118193.25,1029860489.39,86167002.131,1611145684.771,191.1177,903.9,72.54,143.1,76.45,10.806251,6.4,15.5,7.1937494,495.11819325,1611.1456847709999,86.167002131,1029.8604893899999,474.3877197400794,34.22479346524806,-13.494319955327455
2025-09-24,396624065.73,856800397.9200001,51184835.804,1304609299.454,191.0942,903.9,65.63,90.7,76.44,11.131251,7.65,14.25,6.8687487,396.62406573000004,1304.609299454,51.184835803999995,856.80039792,474.52582713141425,-56.08060903510555,-21.821152366308638
2025-09-25,434750837.25,893534290.11,144816208.509,1473101335.8690002,191.1453,903.9,129.91,58.6,76.46,12.102081,10.25,15.1,5.8979187,434.75083725,1473.1013358690002,144.816208509,893.53429011,474.66403365980153,-31.355130028896347,-8.558066380905188
2025-09-26,458404214.74,960264999.65,142869227.881,1561538442.271,191.2342,903.9,140.11,51.3,76.5,13.081249,9.5,17.75,4.918751,458.40421474,1561.538442271,142.869227881,960.2649996499999,474.80233863003684,-29.19748314877726,12.799359258740424
2025-09-27,406745712.87,986946426.75,388536695.893,1782228835.513,191.5459,903.9,317.31,5.6,76.62,12.162501,7.55,17.7,5.8374987,406.74571287,1782.228835513,388.536695893,986.94642675,474.94074141054597,-75.18824414553582,6.993215604989814
2025-09-28,448430895.66,869081445.13,360543434.518,1678055775.308,191.8201,903.9,304.92,30.6,76.73,11.218751,6.95,16.05,6.781249,448.43089566000003,1678.0557753080002,360.543434518,869.08144513,475.07924140620884,-47.5098857575002,20.861540011291424
2025-09-29,618623029.3299999,967119710.12,118097014.818,1703839754.268,191.8158,903.9,72.89,75.7,76.73,9.354167,5.5,13.0,8.645833,618.6230293299999,1703.839754268,118.097014818,967.11971012,475.2178380520656,130.98589782989444,12.419293448039866
2025-09-30,594483377.69,990457306.92,107335353.213,1692276037.8230002,191.6921,903.9,56.39,74.3,76.68,8.708334,5.25,12.4,9.291666,594.4833776900001,1692.2760378230003,107.335353213,990.45730692,475.35653080097916,93.29927883331307,25.8275680557079
2025-10-01,597113461.72,824455240.81,39150551.903,1460719254.433,191.4178,903.9,28.76,293.3,76.31,8.589583,3.9,14.25,9.410417,597.11346172,1460.719254433,39.150551903,824.45524081,475.4953191225654,100.38600014662885,21.23214245080584
2025-10-02,501574694.11,785066237.3199999,40716498.046,1327357429.4759998,191.1469,903.9,36.31,313.1,76.21,8.220833,2.5,13.9,9.779167,501.57469411,1327.3574294759999,40.716498046,785.0662373199999,475.63420249256876,17.13997449475525,8.800517122675956
2025-10-03,378219279.23,964268391.66,53380903.99,1395868574.88,191.1414,903.9,70.51,77.6,76.2,9.352082,6.5,12.95,8.647918,378.21927923000004,1395.86857488,53.38090399,964.26839166,475.7731803944824,-93.56222326221042,-3.991677902271931
2025-10-04,313879094.1,1053566070.82,312654158.191,1680099323.111,191.4762,903.9,337.99,10.4,76.34,11.210415,8.9,13.9,6.789585,313.87909410000003,1680.099323111,312.65415819099996,1053.56607082,475.91225233207985,-148.7892130631526,-13.243945168927212
2025-10-05,354484412.53999996,949246454.84,374455397.496,1678186264.8760002,191.6228,903.9,290.81,147.2,76.4,11.995833,10.15,14.9,6.0041666,354.48441253999994,1678.1862648760002,374.455397496,949.2464548400001,476.0514178434122,-113.70500496747609,-7.862000335936159
2025-10-06,563258505.41,793962530.74,112518207.239,1469739243.3890002,191.1466,903.9,94.39,576.6,76.19,11.745834,8.55,14.85,6.2541656,563.25850541,1469.7392433890002,112.51820723899999,793.96253074,476.1906765077806,70.08184496756132,16.985983934658066
2025-10-07,666124346.14,732092933.27,54185432.24,1452402711.65,190.8762,903.9,57.95,320.9,76.08,14.020833,12.65,15.8,3.979167,666.12434614,1452.4027116500001,54.185432240000004,732.09293327,476.33002793462504,178.9205223174705,10.873795887904407
2025-10-08,629986949.62,868797586.76,77305154.751,1576089691.131,190.7023,903.9,102.7,294.4,76.01,12.9375,11.6,14.7,5.0625,629.98694962,1576.089691131,77.305154751,868.79758676,476.46947173963025,163.18377409509077,-9.666296214721001
2025-10-09,578427225.0799999,881305395.1,63850647.462,1523583267.6419995,190.703,903.9,117.91,105.7,76.01,13.360415,11.6,14.7,4.6395845,578.42722508,1523.5832676419996,63.850647462,881.3053951,476.60900754740703,108.07207017869798,-6.253852646105031
2025-10-10,502893444.81,929204849.72,83504496.469,1515602790.999,190.7396,903.9,108.58,55.2,76.03,14.133334,12.4,16.3,3.8666658,502.89344481,1515.602790999,83.504496469,929.2048497200001,476.7486350082424,4.105145170910824,22.0396646308468
2025-10-11,417167234.53,1012875202.53,173541505.342,1603583942.402,190.865,903.9,225.47,74.1,76.08,12.629167,11.45,13.9,5.3708334,417.16723453,1603.583942402,173.541505342,1012.87520253,476.8883537916338,-57.048129584504615,-2.6729896771291806
2025-10-12,466840646.68,910806330.76,159288382.49400002,1536935359.934,190.9141,903.9,134.71,85.7,76.1,11.089583,8.05,14.0,6.9104166,466.84064668,1536.935359934,159.28838249400002,910.80633076,477.0281635656759,-29.535621131837168,19.348104246161256
2025-10-13,641413357.3,863521637.95,45643587.342,1550578582.592,190.4641,903.9,39.66,504.8,75.92,9.777083,6.75,12.65,8.222917,641.4133572999999,1550.578582592,45.643587342000004,863.52163795,477.1680640059253,158.37719489165232,5.868098402422277
2025-10-14,679132070.0,917322216.8,25695021.798,1622149308.598,190.2227,903.9,40.5,289.8,75.82,11.14375,8.95,13.65,6.85625,679.13207,1622.149308598,25.695021798,917.3222168,477.3080547840654,171.90718268311298,29.916832532821616
2025-10-15,646439175.87,877647794.94,23864653.076,1547951623.886,189.8502,903.9,28.64,391.0,75.67,11.310417,9.7,13.2,6.689583,646.43917587,1547.9516238859999,23.864653076,877.64779494,477.448135569055,172.25886392266366,-3.2678236217186623
2025-10-16,581715793.58,938597902.24,27960064.898,1548273760.7180002,189.3715,903.9,30.69,517.2,75.48,10.510417,8.45,12.5,7.489583,581.7157935800001,1548.2737607180002,27.960064898,938.59790224,477.5883060180776,93.15640575409236,10.971081807830103
2025-10-17,539173868.0899999,879916777.47,45020713.612,1464111359.172,189.2445,903.9,75.85,201.9,75.43,6.758333,3.2,10.25,11.241667,539.1738680899999,1464.111359172,45.020713612,879.91677747,477.72856579377753,39.53126903967288,21.914033256549487
2025-10-18,434453000.56,877655592.7,72631902.19500001,1384740495.455,189.2667,903.9,99.19,78.5,75.44,4.8250003,0.35,10.5,13.174999,434.45300056,1384.740495455,72.63190219500001,877.6555927,477.86891455607866,-30.96344112163124,-12.45247287444738
2025-10-19,366959660.92,891495568.44,139802897.665,1398258127.025,189.3327,903.9,136.1,55.0,75.47,7.75625,3.25,12.85,10.24375,366.95966092000003,1398.258127025,139.802897665,891.49556844,478.0093519576169,-100.71952203604704,-10.330169001569857
2025-10-20,388300903.62,793219347.5799999,59112581.667,1240632832.867,189.2633,903.9,66.89,135.4,75.44,11.639584,8.55,15.55,6.3604164,388.30090362,1240.6328328670002,59.112581667,793.21934758,478.1498776673043,-94.20998321489188,4.361009167587554
2025-10-21,432324986.42,841731783.51,64490773.645,1338547543.575,189.1924,903.9,75.58,149.9,75.41,12.179169,9.75,16.05,5.8208313,432.32498642,1338.547543575,64.490773645,841.73178351,478.29049137116647,-25.24785987591803,-20.717645075248413
2025-10-22,566022569.02,786760434.9300001,50941653.299,1403724657.249,189.0758,903.9,33.16,149.8,75.37,12.522919,9.85,16.05,5.4770813,566.02256902,1403.724657249,50.941653299,786.7604349300001,478.4311927640538,66.92639087522497,20.664985380721248
2025-10-23,407352875.84,774986566.8,92457772.77,1274797215.4099998,189.1277,903.9,88.5,36.6,75.39,10.756249,8.45,12.0,7.2437506,407.35287583999997,1274.7972154099998,92.45777276999999,774.9865668,478.5719815570086,-67.6345023147619,-3.584603402246728
2025-10-24,398956780.96,815928401.56,16361848.237,1231247030.757,189.0014,903.9,33.99,159.8,75.34,9.066666,6.8,11.95,8.933334,398.95678096,1231.247030757,16.361848237,815.92840156,478.71285745507515,-59.54696957094864,-20.209106924126502
2025-10-25,395173439.34,967451550.58,72959871.352,1435584861.272,189.0073,903.9,81.44,75.6,75.34,7.7958336,4.75,9.25,10.204166,395.17343933999996,1435.5848612720001,72.959871352,967.45155058,478.853820170313,-39.701852256189554,-43.97852857412346
2025-10-26,400932047.53,918075253.24,74519430.788,1393526731.558,188.9945,903.9,65.67,78.4,75.33,7.012501,5.35,9.35,10.987499,400.93204753,1393.5267315580002,74.51943078800001,918.07525324,478.99486944007595,-68.93117058365053,-9.131651326425413
2025-10-27,428347442.48,800823745.14,13057026.287,1242228213.9069998,188.5358,903.9,21.18,481.7,75.15,8.424999,6.95,10.0,9.575001,428.34744248000004,1242.2282139069998,13.057026287000001,800.82374514,479.1360050347845,-52.66715222834159,1.8785896735571441
2025-10-28,456005471.23,709023940.4,35572572.733,1200601984.3630002,188.5342,903.9,67.66,69.3,75.15,10.164582,7.35,13.6,7.8354177,456.00547123,1200.6019843630002,35.572572733,709.0239404,479.2772267385751,-11.618821589596394,-11.652933918978704
2025-10-29,449416748.07,958411822.63,36440545.624,1444269116.324,188.2818,903.9,37.21,287.3,75.05,10.264583,8.5,11.7,7.7354174,449.41674807,1444.269116324,36.440545623999995,958.41182263,479.41853433828817,-20.614836747807704,-9.38694952048047
2025-10-30,483717324.35,904281944.96,82447093.371,1470446362.681,188.3028,903.9,105.7,84.6,74.97,7.920833,4.05,11.95,10.079166,483.71732435,1470.446362681,82.44709337100001,904.28194496,479.5599276304145,24.2656623598867,-20.10826564030117
2025-10-31,513306374.46,920616543.33,52921450.846,1486844368.636,188.2252,903.9,116.14,193.8,74.94,10.372918,6.2,15.1,7.627082,513.30637446,1486.844368636,52.921450846,920.61654333,479.70140642302965,47.383047788888945,-13.77807975191854
2025-11-01,401807974.08,1018647557.96,368154819.142,1788610351.182,188.6759,903.9,453.15,2.4,75.13,10.954165,9.3,12.65,7.0458345,401.80797408,1788.610351182,368.154819142,1018.6475579600001,479.8429705406946,-72.10127213923978,-5.933724321454804
2025-11-02,440985941.57,1017001122.44,245549373.443,1703536437.453,188.9352,903.9,286.89,34.8,75.23,9.60625,8.15,12.0,8.39375,440.98594156999997,1703.536437453,245.54937344299998,1017.00112244,479.9846198199269,-32.594912921933904,-6.403765327993028
2025-11-03,450219425.62,874512619.7,25333462.712,1350065508.032,188.9506,903.9,93.99,80.3,75.24,10.464585,7.9,14.1,7.5354147,450.21942562,1350.065508032,25.333462712000003,874.5126197000001,480.1263541022404,-23.22340533253176,-6.6835231497086625
2025-11-04,427290205.88,854750319.1700001,128266023.158,1410306548.2080002,189.1247,903.9,186.57,10.3,75.31,9.493751,6.3,14.8,8.506249,427.29020588,1410.306548208,128.266023158,854.7503191700001,480.2681732327651,-59.83925655501167,6.861289202246553
2025-11-05,482811694.31,884365761.13,61187144.868,1428364600.308,189.1609,903.9,51.29,14.2,75.32,8.358334,5.35,13.65,9.641666,482.81169431,1428.364600308,61.187144868,884.36576113,480.41007705781607,6.36546158491648,-3.963844332732549
2025-11-06,632061313.3,871222554.69,18180538.015,1521464406.005,188.747,903.9,32.05,447.4,75.15,7.4791665,5.1,11.85,10.520834,632.0613132999999,1521.4644060050002,18.180538015,871.22255469,480.5520654172526,147.61461640975924,3.894631472988067
2025-11-07,712180098.9,887574525.41,16638.974000000002,1599771263.284,188.2576,903.9,3.82,499.3,74.96,4.583333,1.45,8.3,13.416667,712.1800989,1599.7712632839998,0.016638974,887.57452541,480.6941381482705,261.1234170621785,-29.63745631044901
2025-11-08,671217319.9,862090751.59,23631940.378,1556940011.868,188.0595,903.9,73.65,271.8,74.88,4.5875,1.25,7.6,13.4125,671.2173199,1556.940011868,23.631940378,862.0907515900001,480.8362950869938,202.0024251437349,-11.621400330728704
2025-11-09,589377571.04,848066747.1,11233672.052,1448677990.192,187.9335,903.9,66.02,192.0,74.83,7.7312503,6.05,10.3,10.268749,589.3775710399999,1448.677990192,11.233672052,848.0667471,480.9785360849841,108.96238703262468,-0.5633520776088972
2025-11-10,644886183.1,887415810.95,16871756.443,1549173750.4930005,187.4961,903.9,91.22,527.9,74.66,6.5375,3.9,9.8,11.4625,644.8861831,1549.1737504930004,16.871756443,887.41581095,481.120861001671,140.5871403560211,23.178181742307913
2025-11-11,574662801.7,873240429.61,57002254.41,1504905485.72,187.5203,903.9,181.12,146.8,74.67,7.6375003,4.25,11.35,10.362499,574.6628017,1504.9054857200001,57.00225441,873.24042961,481.263269690482,81.82071481246493,11.578817197053127
2025-11-12,435443406.8,914380147.86,7687384.872,1357510939.532,187.6351,903.9,172.05,57.3,74.71,10.804166,7.75,14.85,7.195834,435.4434068,1357.510939532,7.687384872000001,914.38014786,481.40576198416534,-41.41998204198417,-4.542373142181191
2025-11-13,543814051.21,904129769.13,101352709.745,1549296530.085,187.6527,903.9,106.92,89.2,74.72,9.812499,7.4,11.25,8.187501,543.81405121,1549.296530085,101.352709745,904.12976913,481.5483377011341,54.472618577786356,7.793094931079565
2025-11-14,582794896.3,895003157.13,23276241.747,1501074295.1769998,187.5467,903.9,107.73,213.8,74.68,5.2541666,4.55,6.95,12.745833,582.7948963,1501.0742951769998,23.276241747,895.00315713,481.6909966559137,90.28860261982139,10.815297024264908
2025-11-15,522713380.6,865590258.09,20884328.279,1409187966.969,187.5111,903.9,97.59,133.2,74.66,6.2354164,4.9,9.15,11.764584,522.7133806,1409.1879669690002,20.884328278999998,865.59025809,481.8337386533579,48.404692900083816,-7.525050953441678
2025-11-16,556696495.7,831442210.6800001,10027947.434,1398166653.814,187.3973,903.9,41.85,164.9,74.62,3.2708337,0.8,5.5,14.729166,556.6964957,1398.1666538139998,10.027947434,831.44221068,481.97656348797784,73.36041554783264,1.3595166641895275
2025-11-17,667203533.6,825308080.9200001,40890043.908,1533401658.428,186.5933,903.9,17.11,823.4,74.3,2.8833334,0.4,5.7,15.116667,667.2035336,1533.401658428,40.890043908,825.3080809200001,482.1194709539002,141.40747532830576,43.67658731779409
2025-11-18,644606589.5,900707501.86,15012407.094,1560326498.4540002,185.0321,903.9,12.92,1244.1,73.68,2.9416666,1.15,5.0,15.058333,644.6065895,1560.3264984540003,15.012407094,900.70750186,482.26246083693843,168.8005663945685,-6.456437731506867
2025-11-19,741137069.2,905529867.63,18639238.245,1665306175.0749998,183.7444,903.9,15.97,1333.2,73.16,1.9166666,-0.25,3.75,16.083334,741.1370692,1665.3061750749998,18.639238245,905.52986763,482.4055328993118,253.83295995583083,4.8985763448574176
2025-11-20,855096602.5,895991905.9300001,2629401.469,1753717909.8990002,182.0119,903.9,11.38,1743.7,72.47,-1.30625,-3.55,1.55,19.30625,855.0966025,1753.7179098990002,2.629401469,895.99190593,482.5486868987609,366.3170237599895,6.2308918412496155
2025-11-21,776155695.0,932356085.6,53254.673,1708565035.273,180.0399,903.9,3.32,1972.2,71.69,-2.0729167,-5.35,1.65,20.072916,776.155695,1708.565035273,0.053254673,932.3560856,482.6919225877048,278.7114626124315,14.752309799863724
2025-11-22,567323440.8,935925103.49,0.0,1503248544.29,178.6885,903.9,1.08,1375.3,71.15,-2.9291666,-5.2,0.25,20.929167,567.3234408,1503.24854429,0.0,935.92510349,482.83523970957816,76.61502717422923,7.87317391619257
2025-11-23,507699859.9,895077902.74,21563.0,1402799325.64,177.4075,903.9,20.82,1292.1,70.64,-0.13541667,-4.2,2.8,18.135416,507.6998599,1402.79932564,0.021563,895.07790274,482.97863799492984,11.317248794877528,13.403973110192624
2025-11-24,779439775.7,950567623.87,777.0,1730008176.5700002,175.7549,903.9,12.06,1670.9,69.98,1.4083333,0.05,3.3,16.591667,779.4397757,1730.0081765700002,0.000777,950.56762387,483.12211716376584,296.6812129750597,-0.36355443882547434
2025-11-25,834013940.5,966557773.12,114755.469,1800686469.089,173.9516,903.9,18.55,1853.5,69.26,1.3208333,-0.95,4.6,16.679167,834.0139405,1800.686469089,0.114755469,966.55777312,483.26567692571024,351.1089717351388,-0.36070816084907165
2025-11-26,791811713.3,1207737283.11,4253.082,1999553249.492,171.9039,903.9,14.97,2058.4,68.45,2.0958333,-0.3,3.9,15.904167,791.8117133,1999.553249492,0.004253082,1207.73728311,483.40931698763427,285.5616482636974,22.840748048668274
2025-11-27,632973174.6,1216155152.21,560.422,1849128887.232,170.326,903.9,22.14,1571.8,67.82,4.785417,3.65,5.8,13.214582,632.9731746,1849.1288872320001,0.000560422,1216.15515221,483.55303705249224,144.91566616868482,4.504471378822927
2025-11-28,598739367.0,1132123588.36,8373.0,1730871328.36,169.2775,903.9,6.45,1020.0,67.4,6.1562505,5.1,7.5,11.84375,598.739367,1730.87132836,0.008373,1132.12358836,483.6968368090773,133.86277434512496,-18.82024415420227
2025-11-29,496987735.2,1026707246.3,4921304.927,1528616286.427,168.923,903.9,50.58,405.1,67.26,6.004167,4.45,7.9,11.995832,496.9877352,1528.616286427,4.921304927,1026.7072463,483.84071594255056,14.909637323307201,-1.7626180658577937
2025-11-30,512508130.4,902717426.59,11182529.188,1426408086.178,168.6038,903.9,43.84,363.1,67.13,3.5083332,1.35,6.1,14.491667,512.5081304,1426.408086178,11.182529187999998,902.7174265900001,483.98467414780924,37.651706327007616,-9.128250074816833
2025-12-01,553011436.8,1125587517.7,3793055.595,1682392010.095,167.6205,903.9,30.02,1020.8,66.74,0.9375,-0.75,4.2,17.0625,553.0114368,1682.392010095,3.7930555950000002,1125.5875177,484.1287111240628,55.29167206891488,13.591053607022275
2025-12-02,759799755.0999999,1060549512.94,17048.057,1820366316.097,166.5336,903.9,14.28,1102.5,66.31,1.8854166,-0.75,3.85,16.114584,759.7997550999999,1820.366316097,0.017048057000000002,1060.54951294,484.2728265733211,263.08336061175777,12.443567914921005
2025-12-03,880691106.8,1223673956.47,6839974.444,2111205037.714,164.7716,903.9,12.8,1776.2,65.61,1.6687503,-0.35,4.1,16.33125,880.6911068,2111.205037714,6.839974444,1223.6739564700001,484.41702018868847,386.373797795112,9.900288816199463
2025-12-04,833168362.6,1106657256.64,7940429.359,1947766048.5989995,163.3268,903.9,13.02,1454.2,65.03,3.2458327,2.05,4.35,14.754168,833.1683626,1947.7660485989995,7.940429359,1106.65725664,484.5612916524388,351.85277023031654,-3.245699282755311
2025-12-05,762398089.8,1082975079.22,69168.41500000001,1845442337.435,162.0745,903.9,26.85,1318.7,64.53,2.2020833,-0.15,4.35,15.797916,762.3980898,1845.442337435,0.06916841500000001,1082.97507922,484.70564063974,288.88797673680523,-11.19552757654526
2025-12-06,503368993.6,948317176.94,23636709.941,1475322880.481,161.6846,903.9,47.61,427.9,64.38,5.7208343,3.65,9.05,12.279165,503.3689936,1475.3228804809999,23.636709941,948.3171769400001,484.8500668277059,22.87639034799457,-4.3574635757004785
2025-12-07,515063055.13,909794772.95,141854118.255,1566711946.335,161.6329,903.9,180.79,224.2,64.36,9.781251,5.6,12.7,8.218749,515.06305513,1566.711946335,141.854118255,909.79477295,484.99456990060276,27.16305617456948,2.905429054827721
2025-12-08,488391972.9,868510040.73,205794575.438,1562696589.068,161.6139,903.9,189.77,214.7,64.35,10.939584,10.05,11.7,7.060416,488.3919729,1562.696589068,205.79457543799998,868.51004073,485.1391495459993,-0.8600706641272398,4.112894018127918
2025-12-09,588369395.6,1043381596.609,98495080.28,1730246072.489,161.4942,903.9,38.38,152.1,64.3,10.052084,8.5,11.45,7.947916,588.3693956000001,1730.246072489,98.49508028,1043.3815966089999,485.2838054495548,112.59599165890582,-9.510401508460518
2025-12-10,572116042.0,1151916078.312,18430077.408,1742462197.72,161.2433,903.9,39.62,290.5,64.2,8.637501,6.1,10.25,9.362499,572.116042,1742.46219772,18.430077408,1151.916078312,485.4285372953067,79.47877724918678,7.208727455506505
2025-12-11,648916094.3,1095602684.07,37842205.804,1782360984.1739998,160.5947,903.9,48.23,720.7,63.95,4.479167,2.7,6.15,13.520833,648.9160942999999,1782.360984174,37.842205803999995,1095.60268407,485.5733447707208,173.24669014714382,-9.903940617864635
2025-12-12,757155991.5,978477669.87,33681506.117,1769315167.487,159.493,903.9,38.44,1136.8,63.51,5.554167,3.15,7.9,12.445833,757.1559915,1769.315167487,33.681506117,978.47766987,485.71822756170985,260.85733351555376,10.580430422736413
2025-12-13,594488080.4,943834084.61,36118859.764,1574441024.774,158.8221,903.9,46.14,643.7,63.24,4.6958327,3.4,6.8,13.304167,594.4880804,1574.441024774,36.118859764,943.83408461,485.86318535692817,117.8386365503036,-9.213741507231816
2025-12-14,507154008.9,908555914.87,6186051.84,1421895975.61,158.3657,903.9,28.91,489.6,63.06,4.235417,2.85,6.4,13.764584,507.15400889999995,1421.8959756099998,6.18605184,908.55591487,486.00821784169653,22.045430424865977,-0.8996393665625533
2025-12-15,593938585.2,1056754451.05,5613816.604,1656306852.854,157.3343,903.9,29.44,1064.4,62.65,2.5416667,0.8,5.1,15.458333,593.9385852,1656.306852854,5.613816604,1056.75445105,486.1533247048387,64.75318935273654,43.0320711424248
2025-12-16,757479145.5,1012955118.82,5089.097,1770439353.4169998,155.8745,903.9,19.57,1471.5,62.07,0.6145833,-2.05,4.05,17.385416,757.4791455,1770.439353417,0.005089097,1012.95511882,486.29850563219435,43.48043194352919,227.7002079242764
2025-12-17,695304239.3,973530184.96,19657432.738,1688491856.998,154.7253,903.9,7.66,1156.9,61.61,5.183333,2.1,8.7,12.816668,695.3042393,1688.491856998,19.657432738,973.53018496,486.44376029175095,187.05442372410832,21.806055284140655
2025-12-18,475453600.87,966195938.29,16957183.645,1458606722.8049998,154.4399,903.9,78.31,349.2,61.49,6.7291665,4.65,9.15,11.270834,475.45360087,1458.606722805,16.957183645,966.19593829,486.58908834466683,-1.037386191020407,-10.098101283646429
2025-12-19,532439055.9,1006322027.73,13553149.446,1552314233.0760002,154.1121,903.9,23.58,351.4,61.36,6.2625003,4.0,7.9,11.737499,532.4390559,1552.3142330760002,13.553149446,1006.3220277300001,486.7344894430626,20.90981026988018,24.794756187057203
2025-12-20,663116784.5,918583771.16,14865.89,1581715421.55,153.6632,903.9,14.45,463.3,61.19,6.095833,4.9,7.05,11.904167,663.1167845,1581.71542155,0.01486589,918.58377116,486.8799632393486,176.52559554572198,-0.2887742850706445
2025-12-21,485372813.3,938260344.7,19218.558,1423652376.558,153.4518,903.9,25.74,237.2,61.1,3.1291666,1.4,4.8,14.870833,485.3728133,1423.652376558,0.019218558,938.2603447,487.0255093760169,-42.626160729208664,40.973464653191854
2025-12-22,472868186.93,926427246.17,5542.832,1399300975.9320002,152.8778,903.9,9.31,631.3,60.87,1.8166666,1.05,2.6,16.183334,472.86818693,1399.3009759320003,0.005542832,926.42724617,487.17112748943214,-34.27854259917641,19.975602039744274
2025-12-23,459113274.28,909232659.69,6262.777,1368352196.747,152.2448,903.9,22.09,703.1,60.62,-2.6020834,-6.0,1.15,20.602083,459.11327428,1368.3521967469999,0.006262777,909.2326596900001,487.31681719754766,-19.551939996758477,-8.65160292078923
2025-12-24,459162724.69,929381571.89,29.0,1388544325.58,151.4402,903.9,24.48,839.6,60.3,-7.0354176,-9.15,-4.3,25.035418,459.16272469,1388.5443255799998,2.9e-05,929.38157189,487.4625781069373,-25.69043830905199,-2.6094151078852974
2025-12-25,480832753.94,929894855.7,9981.0,1410737590.64,150.122,903.9,10.4,1360.3,59.78,-4.6291666,-8.6,-0.85,22.629166,480.83275394,1410.73759064,0.009981,929.8948557,487.6084098284168,-15.33270785328597,8.557051964869117
2025-12-26,494671812.2,871914368.12,11700.0,1366597880.32,148.5261,903.9,10.1,1616.9,59.14,0.32083338,-1.45,3.45,17.679167,494.6718122,1366.5978803199998,0.0117,871.91436812,487.75431197600005,18.338927228170846,-11.421427004170937
2025-12-27,492194893.8,884075612.37,5281080.569,1381551586.739,147.4637,903.9,31.26,1087.1,58.72,-0.5958333,-2.15,1.75,18.595833,492.1948938,1381.5515867390002,5.281080569,884.07561237,487.9002841629379,-8.244785341724086,12.539394978786163
2025-12-28,512106472.3,922323800.47,0.0,1434430272.77,146.3856,903.9,11.88,1085.4,58.29,1.7229167,-2.0,3.8,16.277082,512.1064723000001,1434.4302727699999,0.0,922.32380047,488.04632600741843,29.536902822683242,-5.476756530101625
2025-12-29,507773226.7,919679720.3,527.0,1427453474.0,144.8559,903.9,17.4,1553.9,57.68,-0.27708337,-1.75,2.2,18.277082,507.7732267,1427.453474,0.000527,919.6797203,488.19243712527555,8.647738171322924,10.933051403401521
2025-12-30,507099452.7,924232467.13,1122.221,1431333042.051,143.446,903.9,18.95,1457.2,57.12,-0.11458343,-3.7,2.75,18.114584,507.0994527,1431.3330420510001,0.001122221,924.23246713,488.3386171340413,6.771298760315225,11.989536805643468
2025-12-31,498660655.8,981698930.21,317.0,1480359903.01,142.1116,903.9,18.0,1340.1,56.59,2.2395833,1.5,2.95,15.760417,498.66065580000003,1480.35990301,0.000317,981.6989302100001,488.48486564685334,11.116789892390644,-0.9409997392439777
2026-01-01,407707973.19,843760632.52,19219742.0,1270688347.71,141.1181,903.9,28.63,1018.8,56.19,1.3145834,0.1,2.5,16.685417,407.70797319,1270.68834771,19.219742,843.76063252,488.6311822716427,-77.65095688602777,-3.2722521956148967
2026-01-02,496672012.0,862664648.55,32160.784,1359368821.334,139.8108,903.9,7.95,1330.4,55.67,-0.55833334,-1.75,0.85,18.558332,496.672012,1359.3688213340001,0.032160784,862.6646485499999,488.7775666178496,0.10209292033990547,7.7923524618105375
2026-01-03,563578687.3,911445647.7,9227092.0,1484251427.0,138.1909,903.9,6.55,1622.4,55.02,-2.7437499,-5.15,-0.4,20.74375,563.5786873,1484.251427,9.227092,911.4456477,488.9240182977751,84.33163708216226,-9.67696807993741
2026-01-04,648905466.8,913506466.8,9356.0,1562421289.6,136.1138,903.9,2.88,2089.1,54.2,-3.3041666,-6.35,-0.2,21.304167,648.9054668,1562.4212896,0.009356,913.5064668,489.07053692352804,141.80827357021997,18.026656306251994
2026-01-05,802935012.0,1060113449.84,19020.227,1863067482.067,133.1356,903.9,12.03,3106.4,53.01,-5.477083,-8.8,-2.6,23.477083,802.935012,1863.067482067,0.019020227,1060.11344984,489.21712211092205,313.9596052272909,-0.24171533821294133
2026-01-06,806744735.2,1160098100.74,3862.0,1966846697.94,130.054,903.9,0.0,3187.4,51.78,-6.18125,-8.9,-3.2,24.18125,806.7447352,1966.84669794,0.003862,1160.09810074,489.36377347045624,317.61970459618425,-0.2387428666404503
2026-01-07,761779934.2,1393718245.3,3769.0,2155501948.5,126.7709,903.9,9.41,3425.8,50.48,-7.6125007,-11.2,-4.1,25.612501,761.7799342000001,2155.5019485,0.003769,1393.7182453,489.51049061279934,261.4158601436652,10.853583443535513
2026-01-08,752278034.9,1474052490.82,39362.0,2226369887.72,123.5749,903.9,11.23,3256.3,49.2,-7.037501,-9.45,-4.55,25.0375,752.2780349,2226.36988772,0.039362,1474.05249082,489.6572731496185,263.642612429153,-1.0218506787715569
2026-01-09,578203423.4,1428119478.8400002,1595629.0,2007918531.24,121.2975,903.9,30.64,2261.3,48.3,-5.3979173,-7.75,-1.15,23.397917,578.2034234,2007.91853124,1.595629,1428.11947884,489.8041206896897,112.69225743720057,-24.29295472689023
2026-01-10,688663479.3,1129842693.62,15557437.0,1834063609.92,118.8577,903.9,28.76,2455.4,47.33,-6.464584,-9.1,-3.45,24.464584,688.6634793,1834.06360992,15.557437,1129.8426936199999,489.95103284599656,186.30463956656223,12.407806887441154
2026-01-11,678266210.6,1093911715.99,19989303.0,1792167229.5900002,116.3947,903.9,32.27,2498.7,46.35,-7.0937486,-12.85,-1.15,25.093748,678.2662106,1792.1672295900003,19.989303,1093.91171599,490.0980092433803,192.20552109704118,-4.037319740421481
2026-01-12,718240536.3,1300737587.08,16192.0,2018994315.38,113.784,903.9,46.34,2657.4,45.31,0.6520833,-2.3,2.55,17.347918,718.2405362999999,2018.9943153800002,0.016192,1300.73758708,490.24504950599083,203.05703592102375,24.938450872985356
2026-01-13,668384978.6,1340565298.72,31394068.0,2040344345.32,112.0725,903.9,35.12,1699.3,44.62,2.9499996,0.2,5.6,15.05,668.3849786000001,2040.34434532,31.394068,1340.56529872,490.3921532576951,168.99124856260119,9.001576779703782
2026-01-14,672703315.0,1307928370.6599998,19834305.239,2000465990.899,110.5026,903.9,95.79,1634.4,44.0,2.1708333,-0.5,5.6,15.829166,672.703315,2000.465990899,19.834305239,1307.92837066,490.5393201126468,192.78393674509184,-10.619941857738695
2026-01-15,588586041.6,1249004123.72,22758103.953,1860348269.273,109.3779,903.9,39.19,1233.1,43.55,3.1666667,0.5,6.9,14.833333,588.5860416,1860.348269273,22.758103953000003,1249.00412372,490.68654968143403,522.1483623623276,-424.2488704437616
2026-01-16,712071789.7,1168338640.4,36102979.061,1916513409.1610005,108.4229,903.9,105.19,1099.8,43.17,1.1937499,-0.3,3.0,16.80625,712.0717897000001,1916.5134091610005,36.102979061,1168.3386404,490.83384158095913,434.6162557332543,-213.37830761421338
2026-01-17,702042585.2,1057590216.89,27447988.0,1787080790.0900002,107.3905,903.9,69.99,1093.0,42.76,0.93749994,-0.85,3.65,17.0625,702.0425852000001,1787.0807900900002,27.447988,1057.59021689,490.9811954316344,234.63332944864214,-23.571939680276444
2026-01-18,653490109.4,991041503.02,30894669.0,1675426281.42,106.1946,903.9,38.1,1245.9,42.28,0.0895833,-2.55,4.3,17.910418,653.4901093999999,1675.4262814200001,30.894669,991.0415030199999,491.12861085870276,199.78206460381423,-37.420566062517025
2026-01-19,784655577.7,1155443781.9,12156038.0,1952255397.6,104.1152,903.9,1.84,2105.4,41.46,-1.7687498,-3.8,1.1,19.76875,784.6555777000001,1952.2553976,12.156038,1155.4437819000002,491.2760875038001,270.9788910889093,22.40059910729076
2026-01-20,775364105.8,1195507424.8400002,56125133.0,2026996663.64,101.7587,903.9,7.35,2379.6,40.52,-3.2874992,-6.45,0.85,21.287498,775.3641058,2026.9966636400002,56.125133,1195.50742484,491.423625025521,269.3667976664264,14.573683108052535
2026-01-21,721008976.7,1218331982.09,5779389.352,1945120348.142,99.762,903.9,13.19,2037.9,39.72,-4.0166664,-6.7,-0.95,22.016666,721.0089767000001,1945.120348142,5.779389352,1218.3319820899999,491.57122307604743,216.96136233987258,12.476391284080023
2026-01-22,716020646.9,1149780615.69,5241.6900000000005,1865806504.28,97.5774,903.9,20.04,2250.1,38.85,-5.8249993,-7.6,-4.3,23.824999,716.0206469,1865.80650428,0.00524169,1149.78061569,491.718881298564,239.76381791001438,-15.462052308578393
2026-01-23,665278349.7,1033013838.59,1250802.321,1699542990.611,95.6605,903.9,28.37,2006.2,38.09,-3.3479166,-4.6,-1.95,21.347916,665.2783497,1699.542990611,1.250802321,1033.01383859,491.86659933245596,164.7441074289441,8.667642938600011
2026-01-24,634317896.9,621258068.92,0.0,1255575965.82,94.1099,903.9,15.65,1561.8,37.47,-2.43125,-3.4,-1.2,20.43125,634.3178968999999,1255.57596582,0.0,621.2580689199999,492.01437682373245,102.2764346551206,40.027085421146865
2026-01-25,671765203.0,586897211.81,7129.0,1258669543.81,92.3618,903.9,17.09,1776.8,36.78,-0.7375,-2.0,0.75,18.7375,671.765203,1258.66954381,0.007129,586.8972118099999,492.1622134141064,161.17151979271833,18.431469793175324
2026-01-26,824969189.9,836620403.73,161.0,1661589754.63,90.286,903.9,265.55,2395.0,35.95,-0.8125,-1.85,0.9,18.8125,824.9691899,1661.58975463,0.000161,836.62040373,492.3101087288152,334.0927478664171,-1.4336666952323185
2026-01-27,780286590.5,885275413.23,23926084.0,1689488087.73,88.2297,903.9,5.81,2169.7,35.13,-0.47291663,-1.6,0.95,18.472918,780.2865905,1689.48808773,23.926084,885.27541323,492.4580623834004,-34.33661525868701,322.1651433752867
2026-01-28,763062368.3,868114751.89,23929047.0,1655106167.19,86.3654,903.9,10.42,1881.9,34.39,-1.3395833,-3.45,-0.55,19.339582,763.0623683,1655.10616719,23.929047,868.11475189,492.60607399443643,259.8214918067783,10.634802498785291
2026-01-29,810911570.3,703142967.47,38871576.788,1552926114.558,84.2583,903.9,10.95,2104.2,33.55,-2.7145834,-4.0,-1.3,20.714584,810.9115703,1552.926114558,38.871576788000006,703.14296747,492.7541431798305,314.63092952638857,3.5264975937809027
2026-01-30,714237568.0,646273549.27,0.0,1360511117.27,82.6109,903.9,39.41,1678.1,32.89,-4.3374996,-6.35,-1.9,22.3375,714.237568,1360.5111172699999,0.0,646.27354927,492.90226955454233,204.34749131094418,16.987807134513503
2026-01-31,654948351.7,736342141.31,470.611,1391290963.621,81.3507,903.9,24.06,1300.3,32.39,-7.152084,-8.05,-6.3,25.152084,654.9483517000001,1391.290963621,0.000470611,736.34214131,493.0504527311807,167.39428590462612,-5.496386935806754
2026-02-01,612238162.5,765504100.05,43610.74,1377785873.29,80.1146,903.9,36.95,1197.8,31.9,-8.697917,-9.95,-7.4,26.697918,612.2381625,1377.78587329,0.043610739999999995,765.5041000499999,493.19869231738767,110.49438838146439,8.545081801148001
2026-02-02,668361799.0,1208547624.68,31785266.884,1908694690.564,78.0274,903.9,11.73,2132.4,31.07,-7.0479164,-8.85,-5.25,25.047916,668.361799,1908.694690564,31.785266884,1208.5476246800001,493.34698792306324,162.75624936719018,12.258561709746573
2026-02-03,653769043.7,1171924291.18,67290805.728,1892984140.608,75.4561,903.9,17.16,2613.1,30.04,-5.8020835,-7.45,-4.65,23.802084,653.7690437,1892.984140608,67.290805728,1171.92429118,493.4953391559394,157.80610970302428,2.467594841036316
2026-02-04,699197204.1,1228324659.1,23245478.446,1950767341.646,73.0249,903.9,24.43,2432.2,29.08,-3.4666672,-5.75,-1.65,21.466667,699.1972041,1950.767341646,23.245478446,1228.3246591,493.64374561945175,193.56197208044242,11.991486400105885
2026-02-05,772016806.4,1046544225.94,5970752.0,1824531784.34,71.0544,903.9,32.82,2082.0,28.29,0.24166663,-1.5,1.75,17.758333,772.0168064,1824.5317843399998,5.970752,1046.5442259400002,493.79220691578405,308.43908429590533,-30.21448481168943
2026-02-06,769237568.1,785086025.34,1863.0,1554325456.44,69.2167,903.9,22.78,1842.1,27.56,1.2166666,0.35,2.9,16.783333,769.2375681,1554.3254564400002,0.001863,785.08602534,493.9407226472026,280.4320284644514,-5.135183011654021
2026-02-07,689318679.5,829118006.71,77344080.44,1595780766.65,68.4577,903.9,151.14,929.4,27.26,0.37291667,-0.4,1.05,17.627083,689.3186795,1595.78076665,77.34408044,829.11800671,494.0892924304357,182.49316337590844,12.736223693655859
2026-02-08,692160528.3,925676846.91,6284545.226,1624121920.436,67.5018,903.9,52.91,1026.6,26.88,0.15416665,-0.7,1.55,17.845833,692.1605282999999,1624.1219204360002,6.284545226,925.67684691,494.23791588879936,157.68663147991663,40.235980931283905
2026-02-09,784349284.1,838565773.28,133732.734,1623048790.114,65.8149,903.9,24.09,1722.9,26.21,1.4145833,-0.1,4.4,16.585417,784.3492841,1623.048790114,0.133732734,838.5657732799999,494.38659263907505,287.5928917107987,2.3697997501262194
2026-02-10,743834624.0,717018323.09,120.79,1460853067.88,64.2552,903.9,9.61,1577.8,25.59,4.122917,1.85,8.2,13.877083,743.834624,1460.85306788,0.00012079,717.0183230900001,494.5353222838158,243.82942026867357,5.469881447510602
2026-02-11,688391499.2,963745706.36,3285467.889,1655422673.449,63.1521,903.9,17.3,1084.3,25.15,5.2000003,2.95,7.9,12.799999,688.3914992,1655.4226734489998,3.285467889,963.74570636,494.684104422794,204.6649581593893,-10.95756338218331
2026-02-12,657581298.1,776122546.9200001,15746886.36,1449450731.38,62.2999,903.9,40.1,915.7,24.81,0.9958334,0.25,2.85,17.004166,657.5812981,1449.4507313800002,15.74688636,776.1225469200001,494.83293865707094,156.47390180266268,6.274457640266405
2026-02-13,745788120.3,714998933.28,47362205.0,1508149258.58,61.1993,903.9,49.56,1229.0,24.37,-0.010416667,-1.55,1.05,18.010416,745.7881203,1508.14925858,47.362205,714.99893328,494.9818245940955,257.1375876554265,-6.33129194952204
2026-02-14,724299642.0,659187899.54,38853564.0,1422341105.54,60.1149,903.9,14.55,1158.5,23.94,-2.3083332,-3.85,0.05,20.308332,724.299642,1422.34110554,38.853564,659.18789954,495.13076184314343,236.214842914806,-7.045962757949496
2026-02-15,523645531.3,588182287.77,66912489.222,1178740308.2919998,59.0423,903.9,20.65,1037.8,23.51,-3.8062496,-5.0,-2.05,21.80625,523.6455313,1178.7403082919998,66.912489222,588.18228777,495.2797500191842,19.577334241279026,8.788447039536834
2026-02-16,682421726.6,801899737.34,99440966.889,1583762430.829,57.6404,903.9,33.85,1448.0,22.95,-2.460417,-4.1,-0.85,20.460417,682.4217266,1583.762430829,99.440966889,801.89973734,495.42878874278097,180.95508632908323,6.037851528135889
2026-02-17,753065472.1,840452710.26,91262045.0,1684780227.36,56.0421,903.9,26.33,1594.7,22.31,-2.2125,-4.9,-0.35,20.2125,753.0654721000001,1684.7802273599998,91.262045,840.45271026,495.57787763312604,280.1809210195023,-22.693326552628264
2026-02-18,724111365.8,784327374.11,64620852.0,1573059591.9099998,54.3075,903.9,29.29,1747.4,21.62,-4.316666,-7.75,0.15,22.316666,724.1113657999999,1573.0595919099999,64.620852,784.32737411,495.72701631070396,236.08079948001898,-7.696449990723011
2026-02-19,676913700.4,893768803.45,23953596.0,1594636099.85,52.88,903.9,17.15,1446.7,21.06,-3.741666,-7.95,0.55,21.741667,676.9137003999999,1594.63609985,23.953596,893.7688034500001,495.8762044086627,172.97331666919803,8.064179322139182
2026-02-20,568468431.4,835644307.52,11083861.68,1415196600.6,51.8271,903.9,34.18,1088.9,20.64,3.8895838,-1.8,8.4,14.110416,568.4684314,1415.1966006,11.08386168,835.64430752,496.02544156766487,63.62978056661453,8.813209265720616
2026-02-21,447170448.48,1038409814.3,14559655.901,1500139918.681,51.52,903.9,152.96,469.8,20.51,7.285417,3.8,10.2,10.714582,447.17044848,1500.139918681,14.559655901000001,1038.4098142999999,496.17472742690217,-50.92173677790885,1.9174578310066863
2026-02-22,412531486.91,1085589579.23,74436327.086,1572557393.2259998,52.0604,903.9,734.91,209.4,20.73,7.0208325,3.8,10.6,10.979168,412.53148691,1572.557393226,74.43632708599999,1085.58957923,496.3240616227382,-91.18371830232218,7.391143589583976
2026-02-23,490670929.3,1013546241.91,5503045.687,1509720216.897,51.916,903.9,142.07,300.8,20.67,5.7312503,3.25,8.2,12.268749,490.6709293,1509.720216897,5.503045687,1013.5462419099999,496.4734437912222,-30.815538211546144,25.01302372032393
2026-02-24,708356715.9,983665018.93,10725702.689,1702747437.5189998,51.538,903.9,30.68,467.6,20.52,4.6270833,0.1,9.2,13.372917,708.3567158999999,1702.7474375189997,10.725702688999998,983.66501893,496.62287356452833,196.9836305450842,14.750211790387368
2026-02-25,573131687.7,1043358110.12,29888439.431,1646378237.2510002,51.3861,903.9,73.45,267.3,20.46,7.0645843,1.95,13.6,10.935415,573.1316877,1646.3782372510002,29.888439431000002,1043.35811012,496.7723505640362,77.09375895337286,-0.734421817408986
2026-02-26,441815834.78,1032303898.81,187773595.498,1661893329.0879998,51.465,903.9,238.65,196.2,20.49,10.889584,5.8,17.5,7.1104164,441.81583478,1661.8933290879997,187.773595498,1032.30389881,496.92187440448845,-46.28510499812888,-8.820934626359588
2026-02-27,440486885.66,1067219785.03,174935697.616,1682642368.306,51.6794,903.9,296.38,124.0,20.58,12.183333,8.0,17.7,5.8166666,440.48688566000004,1682.642368306,174.935697616,1067.21978503,497.07144470301506,-40.94089785911655,-15.643661183898473
2026-02-28,390050650.34,1085887372.76,577704549.56,2053642572.66,52.0646,903.9,495.77,123.8,20.73,8.027083,5.1,10.9,9.972917,390.05065033999995,2053.64257266,577.7045495599999,1085.88737276,497.221061085323,-105.69401138212382,-1.4763993631992776
2026-03-01,412042138.83,832016536.21,554441647.067,1798500322.107,52.2888,903.9,382.97,154.6,20.82,6.922917,1.95,13.8,11.077084,412.04213883,1798.500322107,554.4416470670001,832.01653621,497.3707231879456,-67.90931325405168,-17.419271103893948
2026-03-02,511235517.7,814839081.54,309958283.572,1636032882.812,52.4635,903.9,372.83,222.1,20.89,7.195833,1.35,14.8,10.804167,511.2355177,1636.032882812,309.958283572,814.8390815399999,497.52043065430695,-15.78361974946351,29.49870679515658
2026-03-03,563045582.0699999,884699723.35,151736204.739,1599481510.1590002,52.3389,903.9,306.96,430.0,20.84,5.872917,2.25,10.5,12.127083,563.0455820699999,1599.4815101590002,151.736204739,884.69972335,497.6701831351372,49.84379519697182,15.531603737890919
2026-03-04,523429007.79,597492228.09,157751702.195,1278672938.075,52.1866,903.9,243.86,405.7,20.78,4.4687495,-0.85,11.55,13.53125,523.42900779,1278.672938075,157.75170219499998,597.49222809,497.81998027136717,46.061593972406456,-20.452566453773613
2026-03-05,449132415.56,865113929.26,293001731.946,1607248076.7659998,52.4582,903.9,545.34,337.4,20.89,6.5062504,0.35,14.5,11.49375,449.13241556,1607.2480767659997,293.001731946,865.11392926,497.9698216985507,-17.718190355402488,-31.11921578314815
2026-03-06,523113144.62,804220501.86,459437612.56,1786771259.04,52.6736,903.9,546.24,327.9,20.97,8.177083,1.75,16.3,9.822917,523.11314462,1786.77125904,459.43761256,804.22050186,498.119707065303,19.873051385802274,5.120386168894697
2026-03-07,441763043.38,665005605.96,665292759.11,1772061408.4500003,53.1401,903.9,721.76,237.3,21.16,8.391666,3.9,14.45,9.608334,441.76304338,1772.0614084500003,665.29275911,665.00560596,498.26963603714836,-38.31969870718482,-18.18689394996352
2026-03-08,395232575.43,698954157.54,789260163.207,1883446896.177,53.7002,903.9,776.85,216.8,21.38,8.525,3.05,14.9,9.475,395.23257543,1883.446896177,789.260163207,698.95415754,498.41960828468297,-100.28381039925456,-2.90322245542842
2026-03-09,494005505.76,719343686.38,578850911.934,1792200104.074,54.0224,903.9,621.27,318.6,21.51,8.78125,2.85,15.25,9.21875,494.00550576,1792.200104074,578.850911934,719.34368638,498.5696234885798,-12.623660399148186,8.059542670568419
2026-03-10,446617692.04,693922948.44,558639405.806,1699180046.286,54.3369,903.9,626.19,308.0,21.64,10.958333,7.1,16.0,7.041667,446.61769204,1699.180046286,558.639405806,693.92294844,498.719681334068,-55.611138354096404,3.509149060028392
2026-03-11,400134800.72,831569300.01,725749085.24,1957453185.97,54.8073,903.9,655.56,195.2,21.82,9.502083,5.85,12.95,8.497917,400.13480072000004,1957.45318597,725.74908524,831.56930001,498.86978150459544,-97.92337526843177,-0.8116055161636382
2026-03-12,393735790.26,845057843.45,359561973.31,1598355607.02,55.0692,903.9,392.22,130.3,21.93,9.795833,4.8,15.2,8.204167,393.73579026,1598.35560702,359.56197331,845.0578434500001,499.01992368321305,-104.38108242534476,-0.9030509978683199
2026-03-13,430207576.8,799866098.54,351960632.03999996,1582034307.38,55.206,903.9,376.34,231.5,21.98,9.529166,5.3,13.95,8.470834,430.2075768,1582.0343073800002,351.96063203999995,799.8660985399999,499.1701075551255,-59.449360970499015,-9.513169784626484
2026-03-14,503717680.2,749700865.1,72423023.986,1325841569.286,55.1183,903.9,120.08,223.7,21.95,5.6812496,4.4,7.25,12.31875,503.71768019999996,1325.841569286,72.423023986,749.7008651,499.3203328092549,1.7205755102804978,2.676771880464514
2026-03-15,393575741.01,694615442.35,181509606.504,1269700789.864,55.1939,903.9,256.84,165.4,21.98,4.889583,3.05,8.1,13.110416,393.57574101,1269.7007898640002,181.509606504,694.6154423500001,499.47059914077954,-89.80496839547608,-16.089889735303473
2026-03-16,451682200.1,768949663.53,136982703.04799998,1357614566.678,55.0917,903.9,194.24,309.4,21.94,5.11875,-0.05,10.35,12.88125,451.68220010000005,1357.614566678,136.982703048,768.94966353,499.62090624855216,-49.63310997664556,1.6944038280934137
2026-03-17,479735117.4,835052261.21,15618314.01,1330405692.62,54.838,903.9,101.96,291.4,21.84,6.285416,0.4,12.75,11.714584,479.7351174,1330.4056926199999,15.61831401,835.05226121,499.77125384023293,-9.003098141720818,-11.03303829851211
2026-03-18,462792444.7,947138570.68,41105030.888,1451036046.268,54.8664,903.9,178.83,215.8,21.85,7.525,1.25,13.85,10.475,462.7924447,1451.0360462679998,41.105030887999995,947.1385706799999,499.9216416277226,17.6220617739621,-54.75125870168472
2026-03-19,521850013.8,976788565.16,54112716.33,1552751295.29,54.9159,903.9,233.26,182.1,21.87,7.3854165,4.8,11.05,10.614584,521.8500138,1552.75129529,54.11271633,976.78856516,500.07206933399914,63.42753714275294,-41.649592676752036
2026-03-20,495027517.4,949481530.21,64007617.263,1508516664.873,54.9678,903.9,251.08,183.2,21.89,6.5083337,4.05,10.15,11.491667,495.02751739999997,1508.5166648729999,64.007617263,949.4815302100001,500.2225367063453,22.06063461926545,-27.255653925610773
2026-03-21,399325232.05,902486324.48,545759772.77,1847571329.3,55.1997,903.9,461.01,190.0,21.98,7.2125,1.75,12.95,10.7875,399.32523205,1847.5713293,545.7597727699999,902.48632448,500.3730435165867,-110.06633110750674,9.01851964092009
2026-03-22,406674222.38,872257797.86,599189437.1,1878121457.34,55.5311,903.9,496.2,174.6,22.11,8.552083,3.15,14.8,9.447917,406.67422238,1878.12145734,599.1894371000001,872.25779786,500.52358955264305,-99.75881764922434,5.9094504765812985
2026-03-23,487674390.64,851010577.79,363076834.057,1701761802.487,55.6748,903.9,272.37,172.1,22.17,9.98125,4.5,15.35,8.01875,487.67439064,1701.761802487,363.076834057,851.01057779,500.6741746016965,-20.110570046650135,7.110786084953645
2026-03-24,387463064.49,894153015.12,616111662.74,1897727742.35,55.9951,903.9,590.56,271.3,22.3,9.885417,5.5,12.25,8.114583,387.46306449,1897.72774235,616.11166274,894.15301512,500.8247984474834,-113.14792471954806,-0.21380923793532247
2026-03-25,432354440.99,794502192.53,651754925.8330001,1878611559.353,56.1911,903.9,432.77,236.7,22.37,4.4062505,1.65,7.3,13.59375,432.35444099,1878.6115593529998,651.754925833,794.50219253,500.9754608710535,-26.348874601893858,-42.272145279159645
2026-03-26,474000866.17,748067980.11,244467968.051,1466536814.331,55.958,903.9,174.74,407.8,22.28,3.4187498,-1.2,7.6,14.58125,474.00086617,1466.5368143310002,244.46796805099999,748.06798011,501.1261616580067,-18.737408099767013,-8.387887388239676
2026-03-27,473115767.94,814263697.14,323853623.528,1611233088.6079998,55.7851,903.9,183.04,356.0,22.22,4.822917,0.65,10.35,13.177083,473.11576794,1611.233088608,323.853623528,814.26369714,501.27690061217464,-18.891035614271413,-9.270097057903229
2026-03-28,397934174.03,748856045.77,227390967.224,1374181187.024,55.7559,903.9,182.09,211.2,22.21,5.5729165,2.15,8.75,12.427084,397.93417402999995,1374.1811870239999,227.390967224,748.85604577,501.4276775475916,-91.66406441980114,-11.829439097790498
2026-03-29,382511117.03,771735098.34,254264442.585,1408510657.955,55.8165,903.9,259.77,187.2,22.23,5.2062497,3.25,7.7,12.793751,382.51111703,1408.510657955,254.264442585,771.73509834,501.5784922862382,-129.7009613260007,10.633586069762487
2026-03-30,459951060.48,755312377.37,23434073.096,1238697510.946,55.6495,903.9,48.15,215.2,22.17,5.035416,2.0,9.45,12.964584,459.95106048,1238.6975109460002,23.434073096000002,755.31237737,501.7293446565337,-69.17846105904118,27.40017688250748
2026-03-31,559115640.75,846572814.35,33222847.885,1438911302.985,54.3234,903.9,17.4,513.1,22.21,5.3770833,-0.75,11.15,12.622917,559.11564075,1438.9113029849998,33.222847885,846.57281435,501.88023448129775,48.57152197552618,8.663884293176068
2026-04-01,585664359.1,936804761.55,113581300.067,1636050420.717,54.5355,903.9,31.97,596.4,21.83,6.160416,0.2,11.65,11.839584,585.6643591000001,1636.050420717,113.581300067,936.80476155,502.0311615700892,45.58199086933321,38.051206660577634
2026-04-02,514030171.7000001,1098460015.6,75880064.72,1688370252.02,54.0703,903.9,27.92,546.7,21.81,7.120834,4.65,9.45,10.879166,514.0301717000001,1688.37025202,75.88006472,1098.4600156,502.1821257226711,-10.708161021520533,22.55620699884946
2026-04-03,349818687.7,982896004.42,405868192.972,1738582885.092,54.272,903.9,383.42,147.8,21.89,10.979168,7.65,14.3,7.020832,349.8186877,1738.582885092,405.86819297200003,982.8960044199999,502.33312672119496,-115.70463238623589,-36.809806634959045
2026-04-04,327828218.02,982410570.72,918971954.861,2229210743.601,54.9926,903.9,778.07,28.9,22.18,11.741666,7.6,17.45,6.258334,327.82821802,2229.2107436009996,918.971954861,982.41057072,502.48416433887394,-146.7509100057248,-27.90503631314914
2026-04-05,315336469.91999996,964185317.31,943900047.004,2223421834.234,55.7854,903.9,765.87,31.9,22.5,8.691667,5.4,12.55,9.308333,315.33646991999996,2223.421834234,943.9000470039999,964.18531731,502.63523836595317,-168.5093491043754,-18.789419341577798
2026-04-06,342536646.8,943432713.19,660062295.088,1946031655.078,56.3116,903.9,548.02,41.0,22.71,7.0125003,1.6,12.85,10.987499,342.5366468,1946.031655078,660.062295088,943.4327131900001,502.7863486122378,-149.93670053638724,-10.313001275850525
2026-04-07,430838095.12,862753816.275,514950262.009,1808542173.404,56.5491,903.9,289.06,80.0,22.81,6.720833,-0.5,13.1,11.279167,430.83809512,1808.542173404,514.950262009,862.753816275,502.93749490183006,-77.51453812357795,5.415138341747877
2026-04-08,422005302.26,870735112.9779999,556509583.154,1849249998.392,56.9333,903.9,462.56,38.5,22.97,5.75625,0.25,10.95,12.24375,422.00530226,1849.249998392,556.5095831540001,870.735112978,503.08867706642377,-70.65007906611126,-10.433295740312474
2026-04-09,449377660.55,788557306.722,546878972.176,1784813939.448,57.1967,903.9,311.14,90.5,23.07,4.702083,0.9,9.1,13.297916,449.37766055000003,1784.813939448,546.878972176,788.557306722,503.2398949386658,-23.651947214834212,-30.210287173831603
2026-04-10,502055427.72,942062813.469,249475736.381,1693593977.5700002,57.2454,903.9,153.67,104.9,23.09,7.18125,0.05,13.6,10.81875,502.05542772,1693.59397757,249.47573638100002,942.0628134689999,503.3911483599454,21.873791904386874,-23.209512544332256
2026-04-11,367950364.85,850386590.483,701215316.034,1919552271.367,57.6338,903.9,436.09,40.3,23.25,8.318749,6.5,9.65,9.681251,367.95036485,1919.552271367,701.215316034,850.3865904830001,503.54243718985254,-97.85096955027242,-37.741102789580054
2026-04-12,444909646.08,915807134.552,670940851.175,2031657631.807,57.953,903.9,352.45,40.7,23.38,10.366668,7.6,14.35,7.6333323,444.90964607999996,2031.657631807,670.9408511749999,915.8071345520001,503.6937613066745,-80.63661470648489,21.85249947981032
2026-04-13,622976335.94,853338851.095,184634127.155,1660949314.19,57.4939,903.9,113.6,572.7,23.19,11.008334,8.65,13.8,6.991666,622.97633594,1660.94931419,184.634127155,853.338851095,503.8451206049627,-142.55911795330098,261.6903332883383
2026-04-14,607050294.2,940431247.504,109239596.609,1656721138.313,57.1421,903.9,16.26,367.5,23.05,10.35,3.3,16.6,7.6499996,607.0502942,1656.721138313,109.239596609,940.431247504,503.99651497359145,67.32165276174231,35.73212646466624
2026-04-15,538700508.39,967856871.844,60887121.0,1567444501.234,56.9898,903.9,32.15,184.8,22.99,13.802083,7.65,19.8,4.197917,538.70050839,1567.444501234,60.887121,967.856871844,504.14794429589443,10.78842700571753,23.764137088388054
2026-04-16,523186059.38,1070326414.322,125013191.255,1718525664.9570005,57.1597,903.9,229.84,59.9,23.06,14.225001,7.3,20.25,3.7749987,523.18605938,1718.5256649570006,125.013191255,1070.3264143220001,504.2994084381615,11.84387090534493,7.042780036493525
2026-04-17,481517675.52,1061160427.065,658267920.882,2200946023.467,57.6111,903.9,472.66,21.3,23.24,15.229165,7.8,21.6,2.770835,481.51767551999995,2200.946023467,658.267920882,1061.160427065,504.4509072519381,-15.276050194575255,-7.657181537362874
2026-04-18,411543501.93,1085090161.31,1142948112.172,2639581775.4119997,58.3523,903.9,803.25,25.0,23.54,11.277083,4.55,16.9,6.7229166,411.54350193,2639.581775412,1142.948112172,1085.09016131,504.6024405844779,-97.39653550606087,4.33759685158293
2026-04-19,382747839.01,1030208011.92,859622770.88,2272578621.81,58.9853,903.9,666.51,39.1,23.79,7.1687512,3.65,11.6,10.831249,382.74783901,2272.5786218099997,859.62277088,1030.20801192,504.7540082864099,-126.19297351766765,4.186804241257789
2026-04-20,485555725.5499999,937267936.22,287967266.714,1710790928.484,59.112,903.9,174.16,79.0,23.84,7.6979165,2.05,13.0,10.302084,485.5557255499999,1710.790928484,287.967266714,937.26793622,504.90561020758116,-45.641570763096446,26.29168610551517
2026-04-21,477421470.21,1003916021.91,52447729.234,1533785221.354,59.0397,903.9,80.57,146.5,23.82,9.277082,1.45,16.4,8.722918,477.42147021,1533.785221354,52.447729234,1003.9160219099999,505.0572461932217,-43.8772369502547,16.241460967032992
2026-04-22,454235950.97,993198837.89,142038447.454,1589473236.314,59.0987,903.9,140.65,83.7,23.84,10.064582,4.55,14.8,7.935418,454.23595097000003,1589.473236314,142.038447454,993.1988378899999,505.2089160750097,-26.780961341249306,-24.192003763760397
2026-04-23,443347816.73,978363326.91,156318282.378,1578029426.018,59.1907,903.9,159.8,67.9,23.88,10.039584,4.6,15.6,7.960416,443.34781673000003,1578.0294260179999,156.318282378,978.36332691,505.3606196776248,-35.34552438788534,-26.66727855973943
2026-04-24,422364894.88,931603731.84,591503122.895,1945471749.615,59.6817,903.9,512.91,30.1,24.09,9.656249,4.7,15.15,8.343751,422.36489488,1945.471749615,591.5031228949999,931.60373184,505.51235683930287,-68.44865347526883,-14.698808484034032
2026-04-25,360684552.65,971338273.87,847810123.623,2179832950.143,60.4016,903.9,754.96,29.8,24.38,9.041667,3.9,13.45,8.958333,360.68455265,2179.8329501430003,847.810123623,971.33827387,505.6641274162839,-123.41986643068259,-21.55970833560133
2026-04-26,432053167.6,1050846419.65,916933170.045,2399832757.295,61.105,903.9,736.49,28.5,24.67,10.366668,3.3,16.3,7.6333323,432.05316760000005,2399.832757295,916.933170045,1050.84641965,505.81593127877403,-97.4136744220687,23.650910743294673
2026-04-27,451671556.86,957539492.2,585829206.2820001,1995040255.342,61.541,903.9,494.74,58.0,24.84,9.975,4.4,15.05,8.025,451.67155686,1995.040255342,585.8292062820001,957.5394922,505.9677683071427,-76.95177654099973,22.655565093857035
2026-04-28,369191300.12,980500950.98,938265615.664,2287957866.764,62.2792,903.9,750.58,26.0,25.14,9.431251,3.6,14.35,8.568749,369.19130012,2287.957866764,938.265615664,980.50095098,506.11963837138546,-114.27407183433128,-22.654266417054203
2026-04-29,372976385.87,1013813646.9,999531064.491,2386321097.261,63.0015,903.9,752.71,30.3,25.43,12.162501,3.15,19.65,5.8374987,372.97638587,2386.321097261,999.531064491,1013.8136469,506.2715413314061,-98.54642269511112,-34.74873276629501
2026-04-30,365439904.66,995178694.7,960060338.771,2320678938.131,63.6946,903.9,741.96,23.9,25.71,16.064585,6.05,23.45,1.9354153,365.43990466,2320.678938131,960.060338771,995.1786947,506.4234770600569,-110.42162990696607,-30.561942493090783
2026-05-01,316065589.26,1044682653.49,1236857957.708,2597606200.458,64.7072,903.9,1013.61,5.1,26.12,19.6875,9.95,26.45,0.0,316.06558925999997,2597.6062004580003,1236.857957708,1044.6826534900001,506.5754454524419,-181.3533173343974,-9.156538858044541
2026-05-02,334977222.81,1044614556.33,1365371335.627,2744963114.767,65.6998,903.9,1010.05,10.4,26.52,22.21875,13.45,29.2,0.0,334.97722281,2744.963114767,1365.371335627,1044.6145563300001,506.72744642336494,-171.57021550454078,-0.18000810882415408
2026-05-03,345305401.27,1010288530.36,1345818905.02,2701412836.65,66.6615,903.9,969.87,8.2,26.91,20.012499,16.85,23.05,0.0,345.30540127,2701.41283665,1345.8189050199999,1010.28853036,506.87947989662365,-166.22180063401996,4.6477220073963394
2026-05-04,455375122.92,1030589304.16,1078684754.437,2564649181.517,67.2853,903.9,599.42,12.6,27.16,15.566667,12.6,19.0,2.4333334,455.37512292,2564.649181517,1078.684754437,1030.58930416,507.03154579731233,-71.00091640302307,19.34449352571073
2026-05-05,507369159.18,970749202.84,639820589.783,2117938951.803,67.3844,903.9,483.65,134.6,27.2,11.2541685,9.95,12.65,6.7458315,507.36915918,2117.938951803,639.820589783,970.7492028400001,507.18364404645774,-19.18703813455804,19.37255326810032
2026-05-06,520241146.86,1061564678.2,267358476.346,1849164301.406,67.5065,903.9,182.43,60.3,27.25,8.679168,6.4,10.55,9.320832,520.24114686,1849.1643014059998,267.358476346,1061.5646782000001,507.33577455326133,3.5082724940230916,9.39709981271551
2026-05-07,582786388.49,954121091.9,126354460.536,1663261940.926,67.4451,903.9,90.52,151.9,27.22,9.939583,6.05,13.35,8.060417,582.78638849,1663.261940926,126.354460536,954.1210919,507.4879372144019,59.489307972700146,15.809143302898065
2026-05-08,507383617.06,1064774886.56,283500208.426,1855658712.046,67.6808,903.9,252.23,16.5,27.32,11.608333,6.0,15.45,6.3916674,507.38361706,1855.658712046,283.500208426,1064.77488656,507.6401319181701,-2.1204795682462567,1.863964710076175
2026-05-09,392757102.53,937615584.24,844952712.166,2175325398.936,68.3625,903.9,726.11,18.6,27.59,13.741666,7.1,19.4,4.258334,392.75710253,2175.325398936,844.952712166,937.61558424,507.7923585442391,-98.76957344563253,-16.265682568606564
2026-05-10,378104878.81,942254922.41,900845135.604,2221204936.824,69.1419,903.9,800.37,13.1,27.91,12.40625,8.5,17.95,5.59375,378.10487881,2221.204936824,900.845135604,942.25492241,507.9446169722899,-137.28897481521838,7.449236652928505
2026-05-11,413090024.25,888840193.546,445577378.207,1747507596.003,69.5819,903.9,433.1,18.2,28.09,7.9625,5.4,11.65,10.0375,413.09002425,1747.5075960030001,445.57737820700004,888.840193546,508.09690708998056,-117.60135228149917,22.594469441518584
2026-05-12,420162817.77,864627138.269,70455056.817,1355245012.856,69.5477,903.9,85.76,128.8,28.07,8.816667,5.55,12.95,9.183333,420.16281777,1355.245012856,70.455056817,864.627138269,508.24922878124534,-82.03340870348129,-6.053002307764075
2026-05-13,463802703.88,946321345.747,53401029.42,1463525079.047,69.4305,903.9,87.66,204.8,28.02,8.975,6.55,12.3,9.025,463.80270387999997,1463.525079047,53.40102942,946.321345747,508.40158191955067,-38.122211549690014,-6.4766664898606905
2026-05-14,444838957.74,974747924.055,67146448.312,1486733330.107,69.506,903.9,121.25,45.7,28.06,10.125,4.8,14.8,7.875,444.83895774,1486.733330107,67.146448312,974.747924055,508.5539663805168,-70.97717442583071,7.262165785313925
2026-05-15,451132001.98,1009342203.834,221728080.831,1682202286.6450002,69.6479,903.9,192.74,50.8,28.11,10.437501,5.95,13.6,7.562499,451.13200198000004,1682.2022866450002,221.728080831,1009.342203834,508.70638204402667,-71.66652232957955,14.092142265552866
2026-05-16,385410341.74,902986488.68,266032862.444,1554429692.864,69.9345,903.9,341.2,14.8,28.23,11.935416,5.15,16.95,6.064584,385.41034174000004,1554.4296928640001,266.032862444,902.98648868,508.8588287860846,-125.9698228653665,2.521335819281944
2026-05-17,404918620.45,996946154.83,349278687.498,1751143462.778,70.3718,903.9,455.72,12.6,28.4,13.633332,7.5,19.05,4.3666677,404.91862045,1751.1434627780002,349.278687498,996.9461548300001,509.0113064749433,-115.98704833439473,11.894362309451424
2026-05-18,514147926.48,850963676.609,206883021.889,1571994624.978,70.5197,903.9,171.75,69.8,28.46,14.874999,9.35,19.9,3.125001,514.14792648,1571.9946249779998,206.883021889,850.963676609,509.1638149751528,-24.435767873783096,29.419879378630355
2026-05-19,465561402.44,950166679.078,171970018.172,1587698099.69,70.6091,903.9,262.62,137.2,28.5,16.904165,13.0,21.55,1.0958347,465.56140244,1587.6980996900002,171.97001817199998,950.1666790779999,509.31635414211746,-34.76800400873119,-8.986947693386298
2026-05-20,422866906.08,1004358610.07,19343205.584,1446568721.7340002,70.5616,903.9,99.05,182.6,28.48,16.483334,11.55,20.75,1.5166664,422.86690608,1446.5687217340003,19.343205584,1004.35861007,509.46892381784846,-67.36618265877676,-19.235835079071705
2026-05-21,445096214.48,1114609609.12,259872208.803,1819578032.403,70.8824,903.9,374.22,32.0,28.61,18.33125,12.75,22.55,0.0,445.09621448,1819.5780324030002,259.872208803,1114.60960912,509.6215238492282,-51.508450905725134,-13.01685846350307
2026-05-22,444650254.01,1103699188.88,678315504.892,2226664947.782,71.5024,903.9,655.42,21.2,28.86,21.204166,13.45,27.65,0.0,444.65025400999997,2226.664947782,678.3155048919999,1103.69918888,509.7741540970937,-47.79134451717216,-17.332555569921567
2026-05-23,387876645.32,1057278932.01,1511492253.69,2956647831.02,72.6752,903.9,1204.49,24.0,29.33,22.558334,17.15,27.55,0.0,387.87664531999997,2956.64783102,1511.49225369,1057.27893201,509.9268144350212,-120.70876083049006,-1.3414082845311555
2026-05-24,348134012.81,990609028.75,1487020801.067,2825763842.627,73.9207,903.9,1262.41,18.2,29.84,19.841665,12.85,25.35,0.0,348.13401281,2825.763842627,1487.0208010669999,990.60902875,510.0795047485826,-168.18799918923165,6.242507250649055
2026-05-25,364687080.86,1046643978.82,1483880840.85,2895211900.5299997,74.9854,903.9,1116.74,42.8,30.27,22.702085,15.0,28.65,0.0,364.68708086000004,2895.2119005299996,1483.88084085,1046.64397882,510.23222492644925,-143.46961060851936,-2.0755334579298506
2026-05-26,442411022.87,970031242.68,1183115747.265,2595558012.8150005,75.9172,903.9,949.81,24.0,30.64,19.23125,14.85,22.6,0.0,442.41102287,2595.5580128150004,1183.1157472650002,970.03124268,510.38497485529376,-68.63585015895728,0.6618981736635305
2026-05-27,421032998.71,1037343749.52,1261587933.499,2719964681.729,76.8096,903.9,887.34,8.9,31.0,16.09375,10.3,20.9,1.90625,421.03299870999996,2719.964681729,1261.587933499,1037.34374952,510.5377544229958,-87.50247889041444,-2.0022768225813934
2026-05-28,471348387.84,1019810404.92,1098431366.648,2589590159.408,77.5937,903.9,788.13,15.0,31.32,19.625,11.2,26.5,0.0,471.34838784,2589.590159408,1098.431366648,1019.81040492,510.6905635185591,-45.03522797862308,5.693052300063982
2026-05-29,435941898.79,1067155510.86,1212662528.128,2715759937.778,78.6005,903.9,1018.43,11.7,31.73,20.05625,17.85,22.15,0.0,435.94189879000004,2715.7599377779998,1212.662528128,1067.15551086,510.84340203215504,-82.0747290361358,7.173225793980805
2026-05-30,373949928.02,1031726837.46,1157803614.43,2563480379.91,79.5102,903.9,934.73,12.3,32.09,17.835417,13.15,22.4,0.1645832,373.94992801999996,2563.48037991,1157.8036144300002,1031.72683746,510.9962698511391,-143.8532162148622,6.806874383723084
2026-05-31,394660803.92,1075504145.92,1307804984.39,2777969934.2300005,80.557,903.9,1027.16,4.1,32.52,17.741665,12.9,22.4,0.2583351,394.66080392000003,2777.9699342300005,1307.80498439,1075.5041459200002,511.1491668581004,-130.4803551106886,13.991992172588255
2026-06-01,459773685.99,962695465.62,793052267.3199999,2215521418.9300003,80.9866,903.9,657.35,8.9,32.69,21.066668,14.25,27.15,0.0,459.77368599,2215.5214189300004,793.0522673199999,962.69546562,511.3020929299789,-82.55360670224242,31.02519976226347
2026-06-02,420519999.68,888095083.2,798587684.0550001,2107202766.935,81.75,903.9,755.11,8.4,33.0,18.110415,15.6,20.9,0.0,420.51999968,2107.202766935,798.5876840550001,888.0950832000001,511.45504793237984,-73.89761693498754,-17.037431317392304
2026-06-03,357845596.67,1059616188.74,882623488.44,2300085273.8500004,82.359,903.9,621.45,12.2,33.24,18.66875,14.25,24.05,0.0,357.84559667,2300.0852738500002,882.6234884400001,1059.61618874,511.60803171692334,-140.69553988737437,-13.066895159548949
2026-06-04,343828761.26,1092317140.63,996083239.591,2432229141.481,83.3196,903.9,967.44,6.8,33.63,17.093748,14.1,20.65,0.9062519,343.82876125999996,2432.229141481,996.0832395909999,1092.31714063,511.761044143615,-168.49045931731618,0.5581764337011919
2026-06-05,429624238.45,1025945388.01,909050827.16,2364620453.62,84.0399,903.9,721.63,12.4,33.92,18.324999,11.5,24.05,0.0,429.62423845,2364.62045362,909.0508271599999,1025.94538801,511.9140850828869,-92.79183648280816,10.501989849921301
2026-06-06,334302220.75,1086463393.09,1122373595.744,2543139209.5839996,85.024,903.9,1004.89,0.3,34.32,18.470833,16.0,21.6,0.0,334.30222075,2543.1392095839997,1122.3735957439999,1086.46339309,512.0671544062665,-175.99346927281627,-1.7714643834501658
2026-06-07,365565830.07,1031596720.11,1067278805.623,2464441355.803,85.9904,903.9,961.12,0.0,34.71,19.518747,13.1,25.1,0.0,365.56583007,2464.441355803,1067.278805623,1031.59672011,512.2202519806401,-155.80407701197194,9.14965510133186
2026-06-08,446749929.2,998853300.02,898349813.046,2343953042.266,86.7014,903.9,727.63,8.5,35.0,18.514582,14.8,20.75,0.0,446.7499292,2343.953042266,898.349813046,998.85330002,512.3733776722191,-81.65076838111989,16.027319908900722
2026-06-09,351055637.39,1001992053.66,827100693.124,2180148384.174,87.3989,903.9,698.24,7.0,35.28,15.581252,11.05,19.75,2.418748,351.05563738999996,2180.1483841739996,827.1006931239999,1001.99205366,512.5265313411431,-166.36061115170776,4.8897172005646325
2026-06-10,490604208.98,977294122.23,673630474.337,2141528805.547,87.9046,903.9,499.47,7.3,35.48,15.056249,11.4,19.3,2.9437513,490.60420898,2141.528805547,673.630474337,977.29412223,512.679712837904,-23.56488388022,1.4893800223159133
2026-06-11,432555756.19,897763428.0,620193511.231,1950512695.421,88.2634,903.9,398.96,32.7,35.63,14.816667,10.75,18.9,3.1833334,432.55575619,1950.512695421,620.193511231,897.763428,512.8329220088472,-88.68482749662597,8.407661677778833
2026-06-12,359277232.77,1034095896.21,832419850.742,2225792979.722,88.8577,903.9,700.29,6.0,35.87,16.033335,13.2,20.25,1.9666653,359.27723276999996,2225.792979722,832.419850742,1034.09589621,512.9861586987488,-145.49606282525028,-8.212863103498535
2026-06-13,333398244.85,997177142.6,1412468827.034,2743044214.484,89.9469,903.9,1106.65,10.2,36.45,13.772916,11.65,17.0,4.227084,333.39824485,2743.0442144840003,1412.468827034,997.1771426,513.1394227497321,-175.59795963208822,-4.143218267643874
2026-06-14,377339464.02,1032955758.71,1272458031.634,2682753254.3640003,90.86,903.9,950.36,37.2,36.82,14.383332,11.35,18.25,3.6166677,377.33946402,2682.7532543640004,1272.458031634,1032.95575871,513.2927140091405,-152.4077630569766,16.454513067836047
2026-06-15,434489181.95,920950789.56,966123374.49,2321563346.0,91.4603,903.9,664.85,55.9,37.06,15.439582,9.6,20.5,2.5604181,434.48918195,2321.563346,966.1233744900001,920.95078956,513.4460323267662,-105.70647447256762,26.749624095801437
2026-06-16,474434795.53,903911123.72,903041760.788,2281387680.038,91.9222,903.9,515.83,56.9,37.25,17.877083,10.25,23.6,0.122917175,474.43479553,2281.3876800380003,903.041760788,903.91112372,513.599377541354,-59.21667854862368,20.052096537269676
2026-06-17,472039774.0,960663693.73,761429265.549,2194132733.2790003,92.4687,903.9,570.94,7.6,37.47,23.491667,18.8,28.0,0.0,472.039774,2194.132733279,761.429265549,960.66369373,513.752749473567,-47.37340388962268,5.660428416055765
2026-06-18,457494617.1,958733271.3,819356455.5,2235584343.9,93.0712,903.9,605.11,9.7,37.71,25.670832,19.6,34.5,0.0,457.4946171,2235.5843439,819.3564555,958.7332713,513.9061479297671,-66.72045098165492,10.308920151887833
2026-06-19,429274069.4,956408851.09,1036600494.711,2422283415.201,93.8411,903.9,781.4,5.4,38.02,24.433329,20.2,30.8,0.0,429.2740694,2422.283415201,1036.600494711,956.40885109,514.0595727100797,-102.54779430007727,17.76229098999761
2026-06-20,389166334.9,989221193.32,1306130298.317,2684517826.5369997,94.7005,903.9,880.11,24.7,38.37,23.74375,20.05,27.5,0.0,389.1663349,2684.5178265369996,1306.1302983169999,989.22119332,514.2130236065923,-134.09731877780283,9.050630071210549
2026-06-21,392365556.6,977836785.33,1413182631.94,2783384973.87,95.5936,903.9,924.57,22.6,38.73,21.622917,16.75,25.95,0.0,392.36555660000005,2783.38497387,1413.18263194,977.83678533,514.3665003999256,-135.54196112463976,13.541017324714176
2026-06-22,463799429.97,1058287050.64,1125627967.942,2647714448.552,96.2153,903.9,652.48,48.7,38.99,21.518751,15.25,27.15,0.0,463.79942997,2647.7144485520002,1125.627967942,1058.28705064,514.5200028622685,-74.55441180088569,23.833838908617167
2026-06-23,494397556.76,1154368258.78,879483077.595,2528248893.135,96.8269,903.9,548.99,17.7,39.23,25.05625,16.25,31.7,0.0,494.39755676,2528.2488931350003,879.483077595,1154.36825878,514.6735307548287,-49.049125737317425,28.77315174248872
2026-06-24,484611513.65,949250021.83,927967990.528,2361829526.008,97.5494,903.9,732.79,0.6,39.53,28.585417,21.7,34.2,0.0,484.61151364999995,2361.829526008,927.967990528,949.25002183,514.8270838213041,-43.778006998091946,13.562436826787803
2026-06-25,453904970.42,959654217.46,1109486022.314,2523045210.194,98.4748,903.9,935.53,0.0,39.9,27.635416,18.6,34.9,0.0,453.90497042000004,2523.045210194,1109.486022314,959.65421746,514.9806617862262,-57.97432620917911,-3.1013651570469847
2026-06-26,422540502.27,1111181155.5,1165247167.427,2698968825.197,99.3729,903.9,901.57,0.1,40.27,31.747915,23.75,39.55,0.0,422.54050227,2698.968825197,1165.247167427,1111.1811555,515.1342643643444,-107.074249166444,14.48048707209955
2026-06-27,373030978.99,979792706.48,1462981428.23,2815805113.7,100.5787,903.9,1207.66,1.2,40.75,32.87083,27.5,39.75,0.0,373.03097899,2815.8051136999998,1462.9814282300001,979.79270648,515.2878912697214,-145.95967715802036,3.7027648782989218
2026-06-28,356688357.55,982772923.84,1353720218.855,2693181500.245,101.6988,903.9,1137.93,18.0,41.21,24.543747,20.85,29.25,0.0,356.68835755000003,2693.181500245,1353.720218855,982.7729238400001,515.4415422094294,-179.27427457627124,20.521089916841902
2026-06-29,463143687.48,1131697529.73,1040765392.432,2635606609.642,102.4446,903.9,778.67,32.8,41.51,23.508331,17.6,30.75,0.0,463.14368748000004,2635.6066096420004,1040.765392432,1131.69752973,515.5952168848452,-96.9771946319515,44.5256652271064
2026-06-30,508175689.77,1099100965.3,684525785.877,2291802440.947,102.9307,903.9,575.32,0.5,41.71,21.860415,19.2,26.0,0.0,508.17568976999996,2291.802440947,684.525785877,1099.1009652999999,515.7489149814842,-6.827014437798214,-0.7462107736860162
2026-07-01,497258158.15,1270644672.85,300519742.651,2068422573.651,103.6008,903.9,793.53,113.0,41.98,21.36458,15.45,28.0,0.0,497.25815815,2068.422573651,300.519742651,1270.64467285,515.9026361628357,4.183303474014676,-22.827781486850427
2026-07-02,383917482.45,1230070640.52,521077863.832,2135065986.802,104.0406,903.9,446.79,6.3,42.16,18.666666,14.9,22.2,0.0,383.91748244999997,2135.065986802,521.077863832,1230.0706405199999,516.0563800926127,-98.69332387573796,-33.44557376687476
2026-07-03,364449126.84,1117518873.37,696116854.246,2178084854.4560003,104.5077,903.9,471.73,7.6,42.35,16.320833,13.2,19.65,1.6791668,364.44912683999996,2178.0848544560004,696.116854246,1117.51887337,516.21014645386,-117.8489546124018,-33.912065001458245
2026-07-04,312988408.1,1044209674.83,940597892.723,2297795975.653,105.1798,903.9,692.51,2.7,42.62,18.74375,14.95,22.6,0.0,312.9884081,2297.795975653,940.5978927230001,1044.20967483,516.3639349567532,-173.44965141884833,-29.92587543790478
2026-07-05,300177830.6,1000067179.81,886546040.524,2186791050.934,105.8202,903.9,644.84,9.8,42.88,16.985418,14.15,19.1,1.0145817,300.17783060000005,2186.791050934,886.5460405240001,1000.06717981,516.5177453395854,-211.92954942857847,-4.410365311006899
2026-07-06,342047077.29999995,1059110696.12,793525216.876,2194682990.296,106.3564,903.9,537.97,4.2,43.1,19.352085,16.7,23.2,0.0,342.04707729999996,2194.682990296,793.5252168760001,1059.11069612,516.6715773637868,-170.42106781101128,-4.203432252775542
2026-07-07,360234708.92,1110787469.81,752104956.778,2223127135.508,106.8998,903.9,538.33,6.4,43.32,17.04792,11.6,21.75,0.9520798,360.23470892,2223.127135508,752.104956778,1110.78746981,516.825430799874,-139.03740778645366,-17.55331409342034
2026-07-08,429453747.9,1108151985.31,551450908.737,2089056641.947,107.2219,903.9,356.65,26.7,43.45,18.283335,12.75,23.1,0.0,429.4537479,2089.056641947,551.450908737,1108.1519853099999,516.979305425567,-91.79831684463792,4.2727593190709285
2026-07-09,435543888.21,1138778219.22,589309968.722,2163632076.152,107.5047,903.9,289.78,19.3,43.56,21.2125,14.6,27.3,0.0,435.54388821,2163.632076152,589.309968722,1138.77821922,517.1332010306658,-76.66821574426942,-4.921097076396336
2026-07-10,422095292.57,1158674484.3400002,339064437.029,1919834213.939,107.7322,903.9,232.21,9.5,43.65,21.977081,15.35,28.3,0.0,422.09529256999997,1919.834213939,339.064437029,1158.6744843400002,517.2871174071641,-101.64474319849654,6.4529183613323085
2026-07-11,321500703.28,973423550.61,1183128150.33,2478052404.22,108.4502,903.9,730.16,4.2,43.94,24.472916,17.85,31.0,0.0,321.50070328,2478.05240422,1183.12815033,973.42355061,517.4410543498299,-187.7840677473592,-8.1562833224707
2026-07-12,313894224.09000003,1055363004.78,1223473451.308,2592730680.178,109.2223,903.9,774.39,2.4,44.26,23.370832,17.7,28.8,0.0,313.89422409,2592.730680178,1223.473451308,1055.36300478,517.595011652972,-203.68109103379737,-0.01969652917455278
2026-07-13,381987010.11,1182340872.7,917178449.11,2481506331.92,109.7855,903.9,552.65,3.1,44.48,20.941668,17.5,24.75,0.0,381.98701011,2481.50633192,917.17844911,1182.3408727,517.7489891164092,-150.2195610548882,14.457582048479026
2026-07-14,390964999.52,1243932349.85,493452147.185,2128349496.555,110.1996,903.9,438.57,14.9,44.65,21.08333,15.95,25.3,0.0,390.96499952,2128.349496555,493.452147185,1243.9323498499998,517.9029865404885,-128.06601085724742,1.1280238367588709
2026-07-15,418109259.67,1155382185.81,455806927.138,2029298372.618,110.5837,903.9,389.14,5.1,44.86,23.314583,16.8,29.45,0.0,418.10925967000003,2029.298372618,455.806927138,1155.38218581,518.0570037179606,-103.32312843659511,3.3753843886345294
2026-07-16,451849892.59,1160396027.88,311249507.286,1923495427.7560005,110.6923,903.9,229.87,120.9,44.91,23.19375,19.85,29.35,0.0,451.84989258999997,1923.4954277560005,311.24950728600004,1160.39602788,518.2110404396071,-78.08952349273027,11.728375643123059
2026-07-17,388680353.73,1221565580.65,485048793.078,2095294727.458,110.9575,903.9,315.12,49.9,45.02,20.35625,17.5,24.05,0.0,388.68035373000004,2095.294727458,485.048793078,1221.5655806500001,518.3650964934864,-122.41095492900725,-7.273787834479094
2026-07-18,310905380.18,1191281474.97,657268703.594,2159455558.744,111.4418,903.9,504.27,6.3,45.21,16.939585,13.9,20.55,1.0604153,310.90538018,2159.455558744,657.2687035939999,1191.28147497,518.5191716624811,-167.17847193172057,-40.43531955076048
2026-07-19,287882990.36,1105527956.8400002,816855410.35,2210266357.55,111.9758,903.9,538.48,7.8,45.43,15.377082,13.1,18.45,2.6229181,287.88299036,2210.26635755,816.85541035,1105.5279568400001,518.6732657390187,-228.93574338042478,-1.8545319985938704
2026-07-20,345843713.38,1256237123.08,427339608.926,2029420445.386,112.2197,903.9,274.85,39.9,45.53,17.414583,12.45,22.05,0.5854168,345.84371338,2029.420445386,427.339608926,1256.23712308,518.8273785394186,-193.5490662713048,20.565401111886217
2026-07-21,355162518.03,1097025316.8,183159947.228,1635347782.0579998,112.2205,903.9,188.15,187.4,45.53,16.00625,12.5,19.85,1.9937496,355.16251802999994,1635.347782058,183.159947228,1097.0253168,518.9815098847835,-155.9525982738643,-7.86639358091918
2026-07-22,391366558.58,1053678156.9,356099430.71,1801144146.19,112.458,903.9,265.05,18.6,45.62,16.15,13.2,20.05,1.8500004,391.36655858,1801.1441461900001,356.09943071,1053.6781569,519.1356595865951,-134.95523932375278,7.186138317157656
2026-07-23,394211006.51,1005841078.99,519866360.336,1919918445.836,112.6447,903.9,224.82,30.8,45.7,16.525,11.7,20.7,1.4750004,394.21100651,1919.918445836,519.8663603360001,1005.84107899,519.2898274586313,-121.85801917991436,-3.2208017687169104
2026-07-24,373719957.37,1051862607.38,426029795.076,1851612359.826,112.8844,903.9,277.39,40.5,45.8,20.333334,12.25,27.5,0.0,373.71995737000003,1851.6123598259999,426.02979507599997,1051.86260738,519.4440133132124,-108.60192045044313,-37.122135492769246
