date,temperature_2m_mean,temperature_2m_min,temperature_2m_max,hdd,demand_gwh,stl_trend,stl_seasonal,stl_resid,day_of_week,month,is_weekend,day_of_year,hdd_lag1,hdd_ma7,storage_pct_full_lag1,storage_twh_lag1,withdrawal_gwh_lag1,injection_gwh_lag1,agsi_consumption_gwh_lag1,resid_lag1,resid_lag7,resid_ma7,resid_ma30
2021-08-26,13.375,11.7,16.1,4.625,385.97719765,484.1948965480144,-72.135638242777,-26.0820606552374,3,8,0,238,3.5812492,2.0363095124285713,57.49,142.1785,12.9,843.18,905.0,-16.11363731920386,0.0913688545128366,-36.75389768127333,-33.48477663948782
2021-08-27,14.966668,11.4,18.7,3.0333319,364.73896043999997,483.952550818163,-121.68690905651538,2.4733186783523706,4,8,0,239,4.625,2.412797383857143,57.86,143.0925,38.7,883.45,905.0,-26.0820606552374,11.98739057672293,-40.49295903980908,-33.86535219900709
2021-08-28,15.208335,13.6,19.0,2.791665,344.55264712999997,483.710198003637,-157.69701480749725,18.53946393386019,5,8,1,240,3.0333319,2.8065470185714285,58.26,144.0851,52.8,1041.37,905.0,2.4733186783523706,-13.473826997195886,-41.852112168147734,-32.83749924866289
2021-08-29,14.991668,12.65,17.05,3.0083323,343.1612234,483.4678384322613,-103.04349921957325,-37.26311581268811,6,8,1,241,2.791665,3.1276779142857145,58.68,145.1242,26.9,1054.19,905.0,18.53946393386019,-216.11024533693944,-37.27878489228258,-31.39436109772083
2021-08-30,15.947917,12.25,19.7,2.052083,366.08654533,483.2254724275932,-93.33180886613552,-23.807118231457707,0,8,0,242,3.0083323,3.1729160000000003,59.09,146.1388,28.4,1031.84,905.0,-37.26311581268811,-15.509670172913786,-11.729194960246673,-33.023932581217124
2021-08-31,16.37292,11.6,21.25,1.6270809,399.76898126,482.983100335197,-50.953343717665724,-32.26077535753126,1,8,0,243,2.052083,2.9598203285714284,59.46,147.0509,32.8,934.66,905.0,-23.807118231457707,-8.148663373896113,-12.914544682895805,-34.046085001549976
2021-09-01,16.052084,12.2,20.85,1.947916,439.4313232,482.74072252561103,-16.978712100498875,-26.33068722511217,2,9,0,244,1.6270809,2.726487014285714,59.69,147.6275,213.7,773.59,905.0,-32.26077535753126,-16.11363731920386,-16.359132109129398,-34.30427543208178
2021-09-02,16.041666,10.8,22.6,1.958334,419.20452815,482.49833939603946,-83.29567636821776,20.001865122178287,3,9,0,245,1.947916,2.3455347285714288,59.9,148.3165,30.9,708.43,905.0,-26.33068722511217,-26.0820606552374,-17.8187106671163,-35.139269189452975
2021-09-03,14.502084,9.9,18.3,3.4979162,399.91448794999997,482.2559513622152,-99.78057347731203,17.43911006509677,4,9,0,246,1.958334,2.411903914285714,60.1,148.8083,211.3,691.67,905.0,20.001865122178287,2.4733186783523706,-11.235292698914057,-34.2895677350997
2021-09-04,16.61875,12.25,21.5,1.3812504,344.44150741,482.0135588319542,-140.19091031531292,2.61885889335872,5,9,1,247,3.4979162,2.210416114285714,60.33,149.3901,44.6,615.15,905.0,17.43911006509677,18.53946393386019,-9.097322500807715,-33.0539029247095
2021-09-05,16.885416,12.6,21.95,1.114584,349.67495828,481.7711622021604,-131.01418711697292,-1.082016805187493,6,9,1,248,1.3812504,1.939880642857143,60.66,150.2073,31.0,836.44,905.0,2.61885889335872,-37.26311581268811,-11.371694649450783,-32.96559357965383
2021-09-06,17.36875,13.45,21.35,0.6312504,435.20096622000005,481.52876186822226,-55.47855188102729,9.150756232805065,0,9,0,249,1.114584,1.7369045571428572,61.0,151.0545,30.8,865.91,905.0,-1.082016805187493,-23.807118231457707,-6.202966219807836,-33.23151869807555
2021-09-07,17.595833,10.8,23.85,0.40416718,445.93342737,481.2863582268774,-27.927470506600915,-7.425460350276467,1,9,0,250,0.6312504,1.562202597142857,61.24,151.6169,25.0,577.22,905.0,9.150756232805065,-32.26077535753126,-1.4946984391988687,-33.163342909670135
2021-09-08,18.949999,12.7,25.8,0.0,432.74128307,481.04395167313186,-50.45467262629207,2.1520040231602025,2,9,0,251,0.40416718,1.283928882857143,61.43,152.0939,60.9,527.76,905.0,-7.425460350276467,-26.33068722511217,2.053203704694673,-33.19226943745062
2021-09-09,20.031252,15.75,24.95,0.0,462.65265265,480.8015426071533,-40.97566447393173,22.826774516778414,3,9,0,252,0.0,1.0041668828571428,61.73,152.8415,16.3,753.34,905.0,2.1520040231602025,20.001865122178287,6.1221595973050125,-33.05476508280113
2021-09-10,18.902082,16.1,22.6,0.0,459.77939148,480.5591314282199,-43.98812761237048,23.208387664150564,4,9,0,253,0.0,0.5044645685714285,62.05,153.6401,29.7,774.95,905.0,22.826774516778414,17.43911006509677,6.525718082247887,-32.06586047550238
2021-09-11,18.197916,15.75,21.5,0.0,370.70280687,480.3167185218329,-108.8110053205299,-0.8029063313030065,5,9,1,254,0.0,0.3071430828571428,62.33,154.3346,22.2,703.53,905.0,23.208387664150564,2.61885889335872,7.349900596398429,-30.467591197946074
2021-09-12,16.36875,12.85,19.3,1.6312504,344.67427799,480.07430426006243,-101.03621071193494,-34.3638155581275,6,9,1,255,0.0,0.3809525685714286,62.69,155.2103,16.7,877.65,905.0,-0.8029063313030065,-1.082016805187493,6.861076992875326,-30.312471236451575
2021-09-13,16.110416,11.45,21.5,1.8895836,453.81893642999995,479.8318890189524,-30.820612535975016,4.807659947022614,0,9,0,256,1.6312504,0.5607144542857143,63.06,156.1378,10.0,923.42,905.0,-34.3638155581275,9.150756232805065,2.106534313883896,-31.600809270128693
2021-09-14,18.527082,14.5,24.65,0.0,444.69130154000004,479.58947319370134,-27.53219242481024,-7.365979228891035,1,9,0,257,1.8895836,0.5029762857142858,63.3,156.7205,47.6,619.96,905.0,4.807659947022614,-7.425460350276467,1.486091987343546,-31.829385734731442
2021-09-15,17.475,16.4,18.45,0.5249996,456.85296644,479.3470571845247,-33.52669627195717,11.032605527432452,2,9,0,258,0.0,0.5779762285714286,63.48,157.1805,64.9,514.8,905.0,-7.365979228891035,2.1520040231602025,1.4945892903986078,-30.672487061361593
2021-09-16,14.887501,12.2,17.0,3.1124992,449.46770242,479.1046413960763,-39.57004130632787,9.933102330251586,3,9,0,259,0.5249996,1.0226189714285714,63.62,157.5257,55.9,406.6,905.0,11.032605527432452,22.826774516778414,2.763246648151786,-23.931875660409787
2021-09-17,14.495833,12.1,17.85,3.5041666,435.30599965,478.86222622878097,-60.81184066306105,17.25561408428007,4,9,0,260,3.1124992,1.5232142,63.76,157.8575,91.7,412.73,905.0,9.933102330251586,23.208387664150564,0.9212934786479536,-16.80860136922197
2021-09-18,12.724999,9.7,15.7,5.2750006,319.94851253999997,478.6198120758132,-149.0117858081516,-9.65951372766159,5,9,1,261,3.5041666,2.2767857142857144,63.94,158.2991,40.0,471.15,905.0,17.25561408428007,-0.8029063313030065,0.0708972529521686,-9.754056610199939
2021-09-19,11.645832,7.2,15.15,6.354168,328.00071406,478.37739932310006,-124.52701194049003,-25.849673322610045,6,9,1,262,5.2750006,2.9514882285714283,64.25,159.0743,13.6,776.37,905.0,-9.65951372766159,-34.3638155581275,-1.1943323750990575,-10.079086029605753
2021-09-20,12.2625,9.35,15.45,5.7375,448.64616745,478.1349883654901,1.1777832272009312,-30.66660414269097,0,9,0,263,6.354168,3.501190571428572,64.56,159.8474,18.0,780.25,905.0,-25.849673322610045,4.807659947022614,0.021973658546292945,-11.340321492916852
2021-09-21,13.908334,11.0,16.6,4.091666,400.62628925999996,477.89257961924653,-24.595324726849064,-52.6709656323975,1,9,0,264,5.7375,4.085714285714286,64.69,160.1637,87.8,394.47,905.0,-30.66660414269097,-7.365979228891035,-5.045778354269934,-11.913414064433356
2021-09-22,14.783334,10.85,19.05,3.2166662,395.51612425,477.6501735273947,-50.417366596167376,-31.716682681227326,2,9,0,265,4.091666,4.470238085714286,64.86,160.5751,57.4,459.67,905.0,-52.6709656323975,11.032605527432452,-11.517919269056572,-6.465438074281957
2021-09-23,14.595833,11.65,17.2,3.4041672,367.06092023,477.4077705642821,-84.26899475516173,-26.077855579120353,3,9,0,266,3.2166662,4.511904942857142,64.98,160.8813,59.6,355.89,905.0,-31.716682681227326,9.933102330251586,-17.624960441722255,-7.005671824559075
2021-09-24,17.449999,15.1,20.95,0.55000114,357.17112897000004,477.16537123150124,-143.12609672841285,23.131854466911648,4,9,0,267,3.4041672,4.089881305714285,65.25,161.7167,21.1,845.76,905.0,-26.077855579120353,17.25561408428007,-22.76938300020396,-7.603311564733216
2021-09-25,18.047916,13.05,23.8,0.0,348.29367318,476.9229760479012,-136.10315332179587,7.47385045389467,5,9,1,268,0.55000114,3.336309791428571,65.58,162.5391,127.1,938.84,905.0,23.131854466911648,-9.65951372766159,-21.92992008839945,-6.295128505196033
2021-09-26,17.79375,15.45,21.35,0.20624924,330.42452454,476.6805855251755,-148.11053124018756,1.8544702550120746,6,9,1,269,0.0,2.458035682857143,66.13,163.9019,12.4,1363.69,905.0,7.47385045389467,-25.849673322610045,-19.482296633891412,-5.176598134891631
2021-09-27,15.454165,12.15,17.15,2.5458345,373.98994526,476.43820017021534,-90.68221836986744,-11.766036540347898,0,9,0,270,0.20624924,2.0020834685714286,66.74,165.3915,10.9,1488.62,905.0,1.8544702550120746,-30.66660414269097,-15.524561837088251,-5.197226415669641
2021-09-28,13.806251,11.5,16.35,4.1937494,401.40386248000004,476.1958204921594,-47.41423098690984,-27.3777270252495,1,9,0,271,2.5458345,2.0166668114285717,67.17,166.5296,10.3,1139.02,905.0,-11.766036540347898,-52.6709656323975,-12.824480751039241,-6.20740976480991
2021-09-29,11.510415,9.3,14.6,6.489585,354.95340553999995,475.95344701261706,-88.02747624996924,-32.97256522264786,2,9,0,272,4.1937494,2.4842266399999997,67.48,167.5232,34.4,1019.14,905.0,-27.3777270252495,-31.716682681227326,-9.211160950018098,-5.877896805228622
2021-09-30,12.212502,7.65,17.6,5.7874985,370.82628465,475.71108027558455,-119.39267376563241,14.507878140047865,3,9,0,273,6.489585,2.82470254,67.87,168.4872,36.7,1008.63,905.0,-32.97256522264786,-26.077855579120353,-9.390572741649603,-6.183411704934961
2021-10-01,14.081249,9.2,19.5,3.9187508,371.44113737,475.46872084549153,-135.96884034526673,31.941256869775145,4,10,0,274,5.7874985,3.3059524914285716,68.06,169.6129,38.8,1138.58,905.0,14.507878140047865,23.131854466911648,-3.5926107817684283,-4.62445658834899
2021-10-02,17.481249,14.45,21.8,0.51875114,350.5062595,475.2263692818712,-143.603505195884,18.883395414012796,5,10,1,275,3.9187508,3.380059797142857,68.4,170.439,28.4,1357.33,905.0,31.941256869775145,7.47385045389467,-2.3341247242165,-2.6820584518527464
2021-10-03,14.654166,11.6,17.4,3.3458338,354.82488284000004,474.9840261269744,-133.99540598397158,13.83626269699721,6,10,1,276,0.51875114,3.828571877142857,68.85,171.5661,12.2,1369.31,905.0,18.883395414012796,1.8544702550120746,-0.7041897299139107,-2.719340775458263
2021-10-04,12.85625,11.0,15.7,5.14375,412.78268654000004,474.7416919100223,-73.37470104834135,11.415695678319082,0,10,0,277,3.3458338,4.199702662857143,69.46,173.0712,4.3,1451.68,905.0,13.83626269699721,-11.766036540347898,1.0074949046553943,-2.839435687728248
2021-10-05,12.391666,8.45,16.0,5.6083336,373.8827815,474.4993671514184,-112.58035880321802,11.963773151799614,1,10,0,278,5.14375,4.40178612,69.78,173.8907,58.5,829.94,905.0,11.415695678319082,-27.3777270252495,4.319170935893534,-2.546207794896236
2021-10-06,11.095833,5.35,17.05,6.904167,430.68266747,474.25705236457117,-52.449021027396846,8.874636132825685,2,10,0,279,5.6083336,4.46101212,70.29,175.1537,85.6,844.01,905.0,11.963773151799614,-32.97256522264786,9.939385246900551,-2.1113481296633325
2021-10-07,11.787501,7.95,15.75,6.2124987,484.21190564,474.0147480563132,-16.18868635260874,26.385843936295544,3,10,0,280,6.904167,4.521726434285714,70.5,175.6877,117.7,650.15,905.0,8.874636132825685,14.507878140047865,15.917556869111056,-2.1205521329959782
2021-10-08,8.729166,4.9,14.3,9.270834,441.90823402999996,473.77245472641397,-40.37729110185825,8.513070405444239,4,10,0,281,6.2124987,5.286309748571428,70.47,175.612,498.7,483.51,905.0,26.385843936295544,31.941256869775145,17.614409125717867,-0.9935086567769115
2021-10-09,7.456249,2.25,13.35,10.543751,362.68102031,473.5301728618746,-98.82615529437162,-12.022997257502936,5,10,1,282,9.270834,6.718452585714286,70.67,176.1077,79.2,579.43,905.0,8.513070405444239,18.883395414012796,14.267525345099168,-0.7814731107007769
2021-10-10,8.343749,2.45,13.6,9.656251,366.98840928,473.2879029459829,-119.31578490149266,13.016291235509755,6,10,1,283,10.543751,7.619940757142857,71.04,177.0311,59.9,705.91,905.0,-12.022997257502936,13.83626269699721,9.85232639202549,-1.9431321698434885
2021-10-11,8.4875,5.65,11.75,9.5125,406.47394269,473.04564546809655,-46.08007655744161,-20.49162622065495,0,10,0,284,9.656251,8.2440479,71.27,177.5947,118.7,663.7,905.0,13.016291235509755,11.415695678319082,9.735187611812998,-2.282868717464849
2021-10-12,7.4166665,4.1,11.65,10.583334,441.15074574,472.80340091740584,-6.76844583879174,-24.884209338614085,1,10,0,285,9.5125,8.954762242857143,71.24,177.5226,44.2,459.32,905.0,-20.49162622065495,11.963773151799614,5.176998769102421,-2.939159380443247
2021-10-13,10.237499,7.95,12.75,7.762501,472.469594,472.5611697975296,-0.5507885553197345,0.4592127577901124,2,10,0,286,10.583334,9.077381385714286,71.5,178.1653,58.2,324.87,905.0,-24.884209338614085,8.874636132825685,-0.08699872952810697,-2.6231725064594666
2021-10-14,10.662499,7.35,13.7,7.3375006,422.7063212,472.31895262967896,-54.32106302387108,4.70843159419212,3,10,0,287,7.762501,9.238095942857143,71.36,177.8347,321.7,136.61,905.0,0.4592127577901124,26.385843936295544,-1.2892020688189032,-2.76812074610055
2021-10-15,8.216666,5.35,11.1,9.783334,395.65844074,472.0767499399071,-117.08062003160578,40.662310831698676,4,10,0,288,7.3375006,9.311310228571429,71.46,178.0728,119.3,381.12,905.0,4.70843159419212,8.513070405444239,-4.385975260547964,-2.3656403853311114
2021-10-16,9.11875,5.7,11.85,8.88125,379.40793404000004,471.834562249905,-89.2258876493447,-3.2007405605602344,5,10,1,289,9.783334,9.073810085714285,71.57,178.353,143.4,412.53,905.0,40.662310831698676,-12.022997257502936,0.20677337177409885,-1.3779835418555706
2021-10-17,11.052082,8.9,15.4,6.947918,378.07816095,471.5923900661787,-82.52235316160807,-10.991875954570673,6,10,1,290,8.88125,8.68690537142857,71.69,178.6552,231.1,569.95,905.0,-3.2007405605602344,13.016291235509755,1.4670957570516276,-1.8157783048826313
2021-10-18,11.720834,7.35,15.8,6.279166,423.66332886000004,471.35023389649973,-32.25809992102728,-15.428805115472414,0,10,0,291,6.947918,8.225000514285714,71.83,178.9853,235.0,583.22,905.0,-10.991875954570673,-20.49162622065495,-1.962642412959862,-2.757361306177656
2021-10-19,15.483331,12.85,18.8,2.5166693,401.41206518,471.1080942593472,-31.391896631912545,-38.3041324474346,1,10,0,292,6.279166,7.072619842857143,71.9,179.1687,240.8,410.93,905.0,-15.428805115472414,-24.884209338614085,-1.2393822550766427,-2.9496710191046835
2021-10-20,13.233335,7.2,16.4,4.7666655,363.84039812000003,470.8659716893949,-79.54362380374766,-27.481949765647187,2,10,0,293,2.5166693,6.644643342857143,72.02,179.4747,172.3,516.32,905.0,-38.3041324474346,0.4592127577901124,-3.1565141277652873,-3.364819656598835
2021-10-21,7.379167,5.75,10.2,10.620832,388.32228422000003,470.623866746059,-54.38296895404109,-27.918613572017875,3,10,0,294,4.7666655,7.113690685714286,72.27,180.0994,99.0,743.46,905.0,-27.481949765647187,4.70843159419212,-7.148108773970615,-3.258664510697376
2021-10-22,6.993749,3.65,10.85,11.00625,378.32982753,470.38178001226726,-92.85339283465257,0.8014403523853275,4,10,0,295,10.620832,7.2883929714285705,72.21,179.9444,690.8,481.99,905.0,-27.918613572017875,40.662310831698676,-11.809115226286329,-2.4335861086847217
2021-10-23,6.145834,1.25,11.9,11.854166,416.24538992000004,470.13971209030194,-79.07696325123828,25.182641080936378,5,10,1,296,11.00625,7.713095257142858,72.21,179.9403,224.9,219.49,905.0,0.8014403523853275,-3.2007405605602344,-17.503525294759665,-1.3496486742309666
2021-10-24,6.3312497,2.5,11.3,11.668751,388.0147001,469.8976635851934,-80.8418922973589,-1.0410711878345182,6,10,1,297,11.854166,8.387499971428571,72.17,179.8493,223.4,162.65,905.0,25.182641080936378,-10.991875954570673,-13.448756488831577,0.3590345477709244
2021-10-25,9.166667,4.2,13.55,8.833333,463.66018933,469.65563509263006,4.601848246057938,-10.597294008688039,0,10,0,298,11.668751,8.75238097142857,72.17,179.8416,195.8,203.36,905.0,-1.0410711878345182,-15.428805115472414,-12.027212950726412,-0.44672964072061444
2021-10-26,11.897916,8.85,14.8,6.102084,454.78059168,469.4136272099744,-15.542269781205565,0.9092342512311689,1,10,0,299,8.833333,9.264583071428572,72.01,179.4466,536.2,135.96,905.0,-10.597294008688039,-38.3041324474346,-11.336997078328645,-1.0491011228067046
2021-10-27,10.295833,6.8,15.2,7.7041674,418.65610914,469.1716405428638,-51.419277724931554,0.9037463220677182,2,10,0,300,6.102084,9.6842262,71.99,179.3939,196.8,167.9,905.0,0.9092342512311689,-27.481949765647187,-5.735087549947821,-1.0806089895994015
2021-10-28,8.724999,4.95,14.0,9.275001,430.6188478,468.9296757005322,-50.825455707931276,12.514627807399108,3,10,0,301,7.7041674,9.491964628571427,72.34,180.2761,78.5,975.73,905.0,0.9037463220677182,-27.918613572017875,-1.6799881088456914,-0.6582828941855478
2021-10-29,9.372917,5.1,14.6,8.627083,411.71087826999997,468.6877332928602,-75.0056047890637,18.028749766203475,4,10,0,302,9.275001,9.152083628571429,72.36,180.318,207.1,255.0,905.0,12.514627807399108,0.8014403523853275,4.096189231071021,0.6714622669027392
2021-10-30,12.577085,9.6,16.85,5.4229155,403.29495307,468.44581392380314,-66.47338553461186,1.3225246808087263,5,10,1,303,8.627083,8.233333557142856,72.36,180.3375,178.1,271.62,905.0,18.028749766203475,25.182641080936378,6.557233433045042,2.37150609986445
2021-10-31,10.245833,8.55,12.2,7.7541666,364.0648388,468.2039181893359,-95.34352645850609,-8.795552930829786,6,10,1,304,5.4229155,7.674107214285714,72.51,180.6906,341.5,543.76,905.0,1.3225246808087263,-1.0410711878345182,3.1486453758839485,1.9319943178898125
2021-11-01,8.291667,4.1,10.95,9.708333,415.85224298,467.96204668634215,-88.06015924655543,35.95035554021331,0,11,0,305,7.7541666,7.799107214285714,72.59,180.9105,231.0,601.45,905.0,-8.795552930829786,-10.597294008688039,2.0408622697417678,0.574100657869648
2021-11-02,6.339584,3.5,10.4,11.660416,555.4271683,467.7202000148183,56.143661719278406,31.563306565903247,1,11,0,306,9.708333,8.593154642857144,72.73,181.2387,284.9,581.37,905.0,35.95035554021331,0.9092342512311689,8.690526491013388,1.1429993287429985
2021-11-03,6.9708347,4.7,8.6,11.029165,585.4352922,467.4783787593519,107.52383820755897,10.433075233089141,2,11,0,307,11.660416,9.0681543,72.49,180.6502,684.7,93.15,905.0,31.563306565903247,0.9037463220677182,13.069679678823686,1.7339007910398663
2021-11-04,7.7479167,6.8,9.65,10.252083,530.1225034700001,467.236583487666,34.80624232541391,28.079677656920182,3,11,0,308,11.029165,9.207737442857143,72.14,179.7879,936.1,75.01,905.0,10.433075233089141,12.514627807399108,14.431012380398174,1.7011467761988683
2021-11-05,8.75625,7.05,11.25,9.24375,493.45435656,466.99481475792004,-1.5462072787841685,28.00574908086412,4,11,0,309,10.252083,9.295832728571428,71.88,179.1349,752.1,90.08,905.0,28.079677656920182,18.028749766203475,16.654590930329757,2.2383435930362205
2021-11-06,8.616667,7.05,10.1,9.383333,405.33347213999997,466.7530731131557,-77.57118440389111,16.151583430735343,5,11,1,310,9.24375,9.861606657142858,71.67,178.6215,665.2,149.35,905.0,28.00574908086412,1.3225246808087263,18.079876546709848,2.876047357970835
2021-11-07,8.2625,7.0,10.2,9.7375,392.06649548,466.51135908057125,-96.38903675457708,21.944173154005853,6,11,1,311,9.383333,10.14494,71.74,178.7729,362.9,551.25,905.0,16.151583430735343,-8.795552930829786,20.19831351098508,2.5349053411188285
2021-11-08,8.06875,5.35,10.75,9.93125,565.40458772,466.26967317578845,104.70755143770964,-5.5726368934981,0,11,0,312,9.7375,10.176785285714287,71.8,178.932,393.5,551.33,905.0,21.944173154005853,35.95035554021331,24.589702951675886,2.982608766070882
2021-11-09,4.3250003,1.2,8.3,13.674999,529.6728463000001,466.0280159047929,67.53136858453446,-3.8865381893272684,1,11,0,313,9.93125,10.464582857142858,71.51,178.1888,935.2,131.05,905.0,-5.5726368934981,31.563306565903247,18.657846889717113,3.1976207782043766
2021-11-10,4.4562497,0.35,7.6,13.543751,607.9687015,465.7863877763189,140.24999692172247,1.9323168019585637,2,11,0,314,13.674999,10.823809428571428,71.3,177.6696,588.1,99.23,905.0,-3.8865381893272684,10.433075233089141,13.59358335325561,2.6341931307098094
2021-11-11,6.5625,3.45,8.25,11.4375,616.7394387,465.54478930360875,151.6864649730399,-0.4918155766486052,3,11,0,315,13.543751,10.993154714285714,71.06,177.0766,682.2,97.16,905.0,1.9323168019585637,28.079677656920182,12.379189291665528,3.3816578981302596
2021-11-12,4.635417,2.3,8.35,13.364583,537.171718,465.30322100157736,59.90201373266674,11.966483265755983,4,11,0,316,11.4375,11.581845142857143,70.75,176.3105,872.3,111.57,905.0,-0.4918155766486052,28.00574908086412,8.2975474011557,4.194737690195776
2021-11-13,4.797916,2.35,6.45,13.202084,491.91203075,465.061683385738,12.771102967525291,14.079244396736726,5,11,1,317,13.364583,12.127381,70.39,175.3961,1003.3,123.15,905.0,11.966483265755983,16.151583430735343,6.00622371328311,4.578313373794638
2021-11-14,5.3854175,4.05,6.4,12.614582,457.57245062,464.8201769661386,-7.45768635004156,0.20996000390294967,6,11,1,318,13.202084,12.538392714285715,70.4,175.4286,280.0,327.89,905.0,14.079244396736726,21.944173154005853,5.710175279854736,4.890673800546125
2021-11-15,5.1020837,2.0,8.15,12.897917,627.3341705,464.5787022464374,154.41165561289645,8.343812640666215,0,11,0,319,12.614582,12.962202285714286,70.48,175.638,226.7,444.19,905.0,0.20996000390294967,-5.5726368934981,2.605287686982893,3.5422621062862674
2021-11-16,5.6708336,4.75,7.25,12.329166,612.030843,464.33725972939544,156.56352411469615,-8.869940844091616,1,11,0,320,12.897917,12.769940428571429,70.28,175.1361,603.4,59.26,905.0,8.343812640666215,-3.8865381893272684,4.593351906149223,3.927080546327149
2021-11-17,7.4708333,5.45,9.6,10.529167,500.54661931,464.0958499166413,13.645525485486205,22.805243907872466,2,11,0,321,12.329166,12.339285571428572,69.96,174.3464,881.8,113.21,905.0,-8.869940844091616,1.9323168019585637,3.881437241182888,3.997811716676451
2021-11-18,10.672917,8.85,12.0,7.3270826,444.62540751999995,463.8544733123874,-29.565968993836623,10.33690320144916,3,11,0,322,10.529167,11.752083085714286,69.82,173.9991,516.7,171.75,905.0,22.805243907872466,-0.4918155766486052,6.86328397059916,5.272280017454614
2021-11-19,10.424999,9.15,11.3,7.575001,446.47247101,463.61313041195746,-37.01818595796866,19.87752655601122,4,11,0,323,7.3270826,10.924999942857143,69.77,173.8592,316.4,199.78,905.0,10.33690320144916,11.966483265755983,8.410243796041698,6.8936478724174055
2021-11-20,7.710417,4.8,9.05,10.289583,421.99451182,463.371821702427,-65.51871702167291,24.141407139245928,5,11,1,324,7.575001,10.50892837142857,69.9,174.1858,202.9,556.61,905.0,19.87752655601122,14.079244396736726,9.540392837506731,8.472297083139352
2021-11-21,2.9479167,-0.55,5.65,15.052083,460.51751952,463.1305476592679,-28.048310991207156,25.435282851939235,6,11,1,325,10.289583,10.8571428,70.01,174.4739,190.4,491.2,905.0,24.141407139245928,0.20996000390294967,10.97784465786519,10.207631106848146
2021-11-22,4.4979167,-0.1,7.05,13.502083,575.5118193,462.88930874330447,104.4812094432541,8.141301113441386,0,11,0,326,15.052083,10.943452228571429,70.06,174.5815,232.7,343.29,905.0,25.435282851939235,8.343812640666215,14.581462207584659,11.028759190166609
2021-11-23,6.3750005,5.65,7.5,11.625,640.5884513,462.6481054015222,176.07975078074972,1.86059511772811,1,11,0,327,13.502083,10.842857085714286,69.74,173.7936,898.0,68.36,905.0,8.141301113441386,-8.869940844091616,14.552531989409683,10.460714524583443
2021-11-24,4.052084,0.9,5.65,13.947916,646.713143,462.4069380752023,179.37723072837713,4.9289741964205405,2,11,0,328,11.625,11.331249799999998,69.2,172.4518,1381.7,34.74,905.0,1.86059511772811,22.805243907872466,16.085465698241073,10.557436734768864
2021-11-25,2.7083337,0.5,5.5,15.291666,612.5915322999999,462.16580720447115,153.19220053347678,-2.7664754379480314,3,11,0,329,13.947916,12.469047428571429,68.61,170.9824,1488.0,32.0,905.0,4.9289741964205405,10.33690320144916,13.531712882319368,11.074979008272484
2021-11-26,1.3562499,-0.65,3.2,16.64375,540.1745662000001,461.9247132284836,81.01631978950739,-2.7664668179909313,4,11,0,330,15.291666,13.764583,68.01,169.4907,1508.6,45.16,905.0,-2.7664754379480314,19.87752655601122,11.65980164811977,10.95245535196651
2021-11-27,0.78333336,-1.15,3.2,17.216667,520.89616459,461.6836565887774,61.457375086670346,-2.2448670854477655,5,11,1,331,16.64375,14.754166428571429,67.45,168.0999,1400.4,34.15,905.0,-2.7664668179909313,24.141407139245928,8.424945451833748,10.830114913964556
2021-11-28,0.7354166,-2.3,2.95,17.264584,514.87385692,461.4426377301649,47.68147459019075,5.749744599644316,6,11,1,332,17.216667,15.070238,67.0,166.9747,1172.7,63.57,905.0,-2.2448670854477655,25.435282851939235,4.655477705448935,10.338131750869659
2021-11-29,3.1166668,0.3,5.65,14.883333,603.5699019,461.20165709949805,143.9660134580985,-1.5977686575965322,0,11,0,333,17.264584,15.26755942857143,66.54,165.8341,1238.8,121.17,905.0,5.749744599644316,8.141301113441386,1.8432579551210893,9.928831578651021
2021-11-30,5.1083336,0.75,8.3,12.891666,500.1013126,460.96071514258796,52.089946096233945,-12.949348638821846,1,11,0,334,14.883333,15.448511714285713,65.83,164.0487,1826.0,17.09,905.0,-1.5977686575965322,1.86059511772811,0.45196227354424373,9.831488467370844
2021-12-01,2.0708332,-2.05,6.3,15.929167,480.7816867999999,460.71981230811826,23.71129339624018,-3.6494189043585834,2,12,0,335,12.891666,15.731547571428573,65.24,162.5705,1492.8,22.8,905.0,-12.949348638821846,4.9289741964205405,-1.6637439773914642,9.693028610437777
2021-12-02,0.25416663,-2.7,3.0,17.745832,605.1162642,460.47894905277786,133.8857626512435,10.751552495978672,3,12,0,336,15.929167,16.082142714285713,64.85,161.6042,1241.8,92.88,905.0,-3.6494189043585834,-2.7664754379480314,-2.889228706074196,8.373036128952046
2021-12-03,1.7854167,1.25,2.6,16.214582,533.5941512,460.23812583658685,56.03571498212048,17.320310381292757,4,12,0,337,17.745832,16.020833,64.26,160.1345,1561.0,84.4,905.0,10.751552495978672,-2.7664668179909313,-0.9580818583703815,7.679310993287895
2021-12-04,1.0124999,0.7,1.65,16.9875,510.4668382,459.9973431141333,39.064567918001856,11.404927167864855,5,12,1,338,16.214582,15.988094857142856,63.67,158.6762,1530.4,70.84,905.0,17.320310381292757,-2.2448670854477655,1.9114577415272882,7.908885498228015
2021-12-05,-0.04791665,-2.1,2.15,18.047916,519.7575969,459.7566013305001,61.34161004977282,-1.3406144802729614,6,12,1,339,16.9875,16.09999942857143,63.3,157.7408,1068.9,169.09,905.0,11.404927167864855,5.749744599644316,3.861428349143377,7.35306048192617
2021-12-06,-0.84791654,-2.5,0.95,18.847916,621.7195917,459.51590092460054,152.80765246311555,9.396038312283906,0,12,0,340,18.047916,16.666368428571428,62.94,156.8368,1062.9,164.05,905.0,-1.3406144802729614,-1.5977686575965322,2.8485199091551943,6.374848363221601
2021-12-07,-1.0479168,-2.1,0.45,19.047916,599.2137406,459.27524233459434,140.1590019206659,-0.22050365526018822,1,12,0,341,18.847916,17.545832714285716,62.27,155.1616,1863.9,156.71,905.0,9.396038312283906,-12.949348638821846,4.419063761995257,6.149663525939887
2021-12-08,-1.7875,-2.45,-0.7,19.7875,585.2879489,459.0346259953581,149.9224783833699,-23.6691554787281,2,12,0,342,19.047916,18.097023142857143,61.66,153.6577,1584.3,107.44,905.0,-0.22050365526018822,-3.6494189043585834,6.237470188218351,5.410840965631019
2021-12-09,-1.2479166,-4.8,0.3,19.247917,649.4049114,458.79405234440435,188.55691013137255,2.05394892422305,3,12,0,343,19.7875,18.311606714285716,61.06,152.1711,1563.2,109.43,905.0,-23.6691554787281,10.751552495978672,3.377507820451277,4.807623679456685
2021-12-10,-2.1562502,-5.6,0.35,20.15625,622.5426434,458.5535218306608,143.32563473147516,20.663486837864014,4,12,0,344,19.247917,18.874702142857142,60.36,150.4231,1831.0,75.59,905.0,2.05394892422305,17.320310381292757,2.1349930244861883,5.00563991657503
2021-12-11,0.65208334,-1.2,2.4,17.347918,519.04773637,458.3130349034378,73.15317517500154,-12.418473708439308,5,12,1,345,20.15625,18.92619042857143,59.77,148.9385,1586.2,124.24,905.0,20.663486837864014,11.404927167864855,2.612589661139225,5.630012251105211
2021-12-12,5.2354164,2.7,7.4,12.764584,431.90581235,458.0725920048644,-13.692302764910472,-12.474476889953905,6,12,1,346,17.347918,18.171428714285717,59.41,148.0506,1091.0,203.94,905.0,-12.418473708439308,-1.3406144802729614,-0.7907533211899411,5.232456980045521
2021-12-13,6.6895843,5.9,7.55,11.310415,575.5144037599999,457.83219358299505,122.20123037145375,-4.519020194448842,0,12,0,347,12.764584,17.09464285714286,59.23,147.5912,626.8,226.16,905.0,-12.474476889953905,9.396038312283906,-2.3813050940015046,4.4177583081885246
2021-12-14,7.608334,6.4,8.8,10.391666,600.1451766,457.59184009476985,161.36735362949787,-18.814017124267707,1,12,0,348,11.310415,15.858035714285716,58.87,146.6955,1072.4,159.54,905.0,-4.519020194448842,-0.22050365526018822,-4.369170594963326,3.7978161551490057
2021-12-15,7.0083337,3.7,8.65,10.991667,571.8396874199999,457.35153200397417,141.07461257536445,-26.586457159338693,2,12,0,349,10.391666,14.601488142857145,58.48,145.7307,989.3,48.83,905.0,-18.814017124267707,-23.6691554787281,-7.025386804821543,3.1636835842099837
2021-12-16,4.775,3.45,6.2,13.225,584.21777556,457.1112697875869,143.2321617541713,-16.125655981758257,3,12,0,350,10.991667,13.741071428571429,58.16,144.9352,834.0,64.13,905.0,-26.586457159338693,2.05394892422305,-7.442144187765913,1.9993412575431535
2021-12-17,5.6354165,4.75,7.0,12.364584,576.5070726399999,456.87105393947735,92.50565852121363,27.13036017930898,4,12,0,351,13.225,12.627976285714286,57.88,144.2456,989.4,295.1,905.0,-16.125655981758257,20.663486837864014,-10.0392306029061,1.7574840862875987
2021-12-18,5.9083333,2.4,6.8,12.091667,487.99494088,456.6308849623109,6.100313707635299,25.263742210053806,5,12,1,352,12.364584,11.877083285714287,57.5,143.2904,1085.2,106.65,905.0,27.13036017930898,-12.418473708439308,-9.115391554128248,1.9016546286688158
2021-12-19,0.42083335,-3.65,3.75,17.579166,440.48034554000003,456.3907633473807,-2.781749489634514,-13.128668317746133,6,12,1,353,12.091667,12.564880714285717,57.28,142.737,586.8,79.72,905.0,25.263742210053806,-12.474476889953905,-3.732217851486374,2.399215928955637
2021-12-20,-0.77500004,-4.0,0.5,18.775,646.6073182,456.1506895746556,179.88570809005435,10.5709205352901,0,12,0,354,17.579166,13.63125,57.05,142.1591,665.4,89.93,905.0,-13.128668317746133,-4.519020194448842,-3.8256737697424064,1.2990094331637256
2021-12-21,-1.5958332,-3.55,-0.25,19.595833,659.3559391,455.91066412733056,206.21120570619956,-2.7659307335301264,1,12,0,355,18.775,14.946131,56.34,140.3927,1792.3,12.59,905.0,10.5709205352901,-18.814017124267707,-1.6699679512082721,0.8466598796985314
2021-12-22,-1.6208334,-3.8,0.4,19.620834,581.8329024,455.67068748664457,114.73198703355557,11.430227879799816,2,12,0,356,19.595833,16.178869142857142,55.4,138.0526,2349.0,20.97,905.0,-2.7659307335301264,-26.586457159338693,0.6226158188970966,-0.09338057315044732
2021-12-23,1.5437502,-4.2,3.5,16.45625,426.6321537,455.43076013364555,-62.21186104571051,33.413254612064975,3,12,0,357,19.620834,16.640476285714286,54.5,135.8248,2229.0,24.65,905.0,11.430227879799816,-16.125655981758257,6.053570824488312,0.016250319061500325
2021-12-24,-5.5770836,-7.9,-2.95,23.577084,396.33939623000003,455.1908825419625,-96.47758394083876,37.62609762887632,4,12,0,358,16.45625,18.242262,53.9,134.3072,1601.2,96.21,905.0,33.413254612064975,27.13036017930898,13.130558052177346,1.0680056355393959
2021-12-25,-7.5499997,-10.85,-3.55,25.55,409.98348855,454.95105516728336,-61.24920767544644,16.281641058163075,5,12,1,359,23.577084,20.164881,53.61,133.5835,1044.9,365.68,905.0,37.62609762887632,25.263742210053806,14.629949116401251,2.1579097499545887
2021-12-26,-3.3604167,-7.25,-0.5,21.360416,417.58161735000004,454.71127844583424,-50.58684589635749,13.457184800523294,6,12,1,360,25.55,20.70505957142857,53.44,133.1688,885.9,501.81,905.0,16.281641058163075,-13.128668317746133,13.34679180898829,2.7928469664916253
2021-12-27,-0.76875013,-3.85,2.0,18.76875,422.63533217,454.47155280163213,-58.38695499578698,26.55073436415489,0,12,0,361,21.360416,20.704166714285716,53.21,132.6065,948.3,390.76,905.0,13.457184800523294,10.5709205352901,17.14477082588392,3.333635353775433
2021-12-28,1.7687502,-0.1,3.2,16.23125,408.72822917,454.2318786480942,-80.85955314983394,35.35590367173978,1,12,0,362,18.76875,20.223512,53.08,132.282,816.3,499.33,905.0,26.55073436415489,-2.7659307335301264,19.427601372864608,4.293488735428855
2021-12-29,7.8145843,3.5,11.6,10.185415,402.67480058999996,453.99225638223214,-74.13258324898482,22.815127456752634,2,12,0,363,16.23125,18.875595,53.0,132.0676,818.8,615.47,905.0,35.35590367173978,11.430227879799816,24.873577716474593,5.280360704498704
2021-12-30,11.870833,11.0,13.0,6.1291666,371.00001053,453.75268638130404,-115.46472264918074,32.71204679787667,3,12,0,364,10.185415,17.40029737142857,53.15,132.4561,663.7,910.0,905.0,22.815127456752634,33.413254612064975,26.499991941753567,6.094123908310342
2021-12-31,10.970834,9.1,12.05,7.029166,335.3774254,453.51316900530605,-150.0445998449191,31.908856239613044,4,12,0,365,6.1291666,15.036309085714285,53.35,132.9517,657.1,1167.75,905.0,32.71204679787667,37.62609762887632,26.399819396869525,7.6161704228669596
2022-01-01,9.474999,7.65,11.65,8.525001,348.97505284000005,453.2737045942804,-135.99799911771126,31.69934736343089,5,1,1,1,7.029166,12.604166371428573,53.77,133.9981,274.4,1293.37,905.0,31.908856239613044,16.281641058163075,25.58307062697477,8.801446260999347
2022-01-02,8.285418,6.3,10.05,9.714582,360.74103604000004,453.03429346738625,-93.3253906273035,1.0321331999172685,6,1,1,2,8.525001,10.940475800000002,54.18,135.0393,321.2,1204.24,891.25,31.69934736343089,13.457184800523294,27.785600099155886,9.49970608991442
2022-01-03,6.066666,5.15,7.2,11.933334,430.16113452999997,452.79493592599147,-42.95708123686368,20.323279840872203,0,1,0,3,9.714582,9.9639878,54.47,135.74,350.0,1016.46,891.25,1.0321331999172685,26.55073436415489,26.010592727640738,8.956766850535239
2022-01-04,3.5854166,2.4,4.6,14.414583,493.0031557999999,452.5556322640771,37.04221069626904,3.4053128396537886,1,1,0,4,11.933334,9.704463942857142,54.55,135.9501,598.4,735.07,891.25,20.323279840872203,35.35590367173978,25.120956367171782,9.254045272968817
2022-01-05,0.1833333,-3.0,3.6,17.816668,461.64892097,452.31638276449377,-19.994926495190157,29.327464700696396,2,1,0,5,14.414583,10.794642942857141,54.42,135.6439,837.9,527.68,891.25,3.4053128396537886,22.815127456752634,20.556586248302356,9.412242850299709
2022-01-06,0.31875,-2.0,2.5,17.68125,526.0095417000001,452.07718770147613,76.69767652129461,-2.7653225227706457,3,1,0,6,17.816668,12.444940571428573,53.92,134.3962,1357.9,101.4,891.25,29.327464700696396,32.71204679787667,21.486920140294323,10.076623729913457
2022-01-07,0.54583335,-1.1,2.7,17.454166,476.6344128,451.83804733494765,27.561640136059594,-2.765274671007205,4,1,0,7,17.68125,13.934226285714287,53.37,133.013,1430.2,50.44,891.25,-2.7653225227706457,31.908856239613044,16.41872452305899,9.991796434329776
2022-01-08,0.45624998,-1.65,2.25,17.54375,442.37906263,451.5989619214402,3.29714419806608,-12.51704348950625,5,1,1,8,17.454166,15.222619,52.8,131.5951,1490.2,90.89,891.25,-2.765274671007205,31.69934736343089,11.465277250113243,10.688592461253807
2022-01-09,2.64375,-0.45,4.2,15.35625,484.44289787,451.35993171863447,41.68516880807145,-8.602202656705913,6,1,1,9,17.54375,16.028571571428568,52.39,130.5812,1068.4,76.39,891.25,-12.51704348950625,1.0321331999172685,5.148649985407936,10.202892714129495
2022-01-10,-2.354167,-4.9,-0.6,20.354168,675.2793016,451.1209569894523,229.21122526988248,-5.052880659334676,0,1,0,10,15.35625,17.231547857142857,51.99,129.5809,1099.7,109.26,891.25,-8.602202656705913,20.323279840872203,3.772316291604625,9.227369730977165
2022-01-11,-0.049999963,-2.55,2.1,18.05,673.0353325,450.88203800101695,223.65734535409834,-1.5040508551152811,1,1,0,11,20.354168,17.750893142857144,51.04,127.2707,2398.7,61.14,891.25,-5.052880659334676,3.4053128396537886,0.147150505860785,9.472889499280653
2022-01-12,3.6395836,1.9,5.4,14.360416,660.9479189,450.6431750221596,226.40205382734797,-16.097309949507576,2,1,0,12,18.05,17.257142857142856,50.03,124.7762,2532.7,51.35,891.25,-1.5040508551152811,29.327464700696396,-0.5541871648205107,9.838570367108607
2022-01-13,4.8354163,1.6,6.85,13.164583,610.1550635,450.4043683229654,154.99355870127596,4.757136475758614,3,1,0,13,14.360416,16.611904714285714,49.07,122.4049,2389.2,38.61,891.25,-16.097309949507576,-2.7653225227706457,-7.043440686278221,9.452627375273316
2022-01-14,0.3708333,-1.25,2.9,17.629168,635.2141972999999,450.16561817868967,178.66256390359482,6.386015217715453,4,1,0,14,13.164583,16.636905000000002,48.21,120.2449,2207.6,50.67,891.25,4.757136475758614,-2.765274671007205,-5.968803686488327,10.238332495274193
2022-01-15,1.0520834,-1.65,3.8,16.947916,563.5860091000001,449.9269248615181,126.95358275983425,-13.294498521352295,5,1,1,15,17.629168,16.551785857142857,47.35,118.0908,2196.2,40.66,891.25,6.386015217715453,-12.51704348950625,-4.661476559527947,11.337414907842664
2022-01-16,3.8333337,-0.85,5.8,14.166666,446.51371383,449.6882886396017,0.48277172981033356,-3.6573465394120603,6,1,1,16,16.947916,16.381845285714284,46.78,116.6933,1520.6,124.8,891.25,-13.294498521352295,-8.602202656705913,-4.772541564077382,11.43178682318953
2022-01-17,2.15625,-1.35,5.55,15.84375,525.9359891,449.44970978497645,65.69275399028899,10.79352532473456,0,1,0,17,14.166666,15.737499857142856,46.37,115.6657,1202.9,202.87,891.25,-3.6573465394120603,-5.052880659334676,-4.066133547321117,10.405529932565495
2022-01-18,3.2541666,1.1,4.45,14.745833,671.5655095,449.21118856969895,221.92399276678475,0.4303281635162648,1,1,0,18,15.84375,15.265475999999998,45.73,114.019,1767.4,110.0,891.25,10.79352532473456,-1.5040508551152811,-1.8023612638826552,9.92318936972152
2022-01-19,1.2562501,-1.5,4.5,16.74375,528.0930676,448.9727252590321,100.94893414422023,-21.828591803252266,2,1,0,19,14.745833,15.605952285714284,44.89,111.9327,2139.0,58.03,891.25,0.4303281635162648,-16.097309949507576,-1.5260214040781486,10.375155919096933
2022-01-20,-0.8062501,-3.45,1.8,18.80625,514.3867732,448.73432011703244,79.98274206298193,-14.330288980014359,3,1,0,20,16.74375,16.411904714285715,44.21,110.2151,1954.9,45.18,891.25,-21.828591803252266,4.757136475758614,-2.3447759546131044,9.295172174478855
2022-01-21,2.4395833,0.9,3.7,15.560417,555.0557683999999,448.4959734171259,65.89429073211366,40.665504250760364,4,1,0,21,18.80625,16.116368857142856,43.41,108.242,2019.2,39.65,891.25,-14.330288980014359,6.386015217715453,-5.071551019723529,8.909693566262714
2022-01-22,4.754166,2.4,6.15,13.245834,575.8014376,448.257685435918,100.60381025570928,26.939941908372703,5,1,1,22,15.560417,15.5875,42.51,105.9773,2288.2,43.79,891.25,40.665504250760364,-13.294498521352295,-0.1744811578599703,9.884202778628065
2022-01-23,4.808333,4.3,5.5,13.191668,592.2035575,448.01945643069166,170.76415270770795,-26.580051638399596,6,1,1,23,13.245834,15.44821457142857,41.89,104.4464,1646.1,125.51,891.25,26.939941908372703,-3.6573465394120603,5.573296046386458,9.668425688504989
2022-01-24,3.8479166,3.3,4.65,14.152083,694.8680005,447.7812866432905,257.066461038336,-9.979747181626522,0,1,0,24,13.191668,15.206547857142855,41.33,103.0538,1536.2,145.83,891.25,-26.580051638399596,10.79352532473456,2.2986238893882387,7.528220712929126
2022-01-25,3.0625,2.05,4.05,14.9375,691.1784432000001,447.5431763229141,258.6496450235953,-15.014378146509387,1,1,0,25,14.152083,15.233928857142857,40.42,100.761,2349.5,63.73,891.25,-9.979747181626522,0.4303281635162648,-0.6689864686633443,6.652841104936139
2022-01-26,3.958333,2.95,5.9,14.041667,593.4178037,447.3051257257195,138.8671557294502,7.24552224483034,2,1,0,26,14.9375,14.847916999999999,39.46,98.369,2422.9,44.59,891.25,-15.014378146509387,-21.828591803252266,-2.8753730843812946,5.703789006701716
2022-01-27,3.908333,1.65,6.2,14.091667,543.8074474,447.0671351128153,112.33318532790449,-15.592873040719837,3,1,0,27,14.041667,14.174405142857141,38.62,96.289,2180.5,63.53,891.25,7.24552224483034,-14.330288980014359,1.2780717796305063,5.060281936057565
2022-01-28,5.1958337,2.05,8.55,12.804167,548.0879267,446.8292047429807,115.41684624277275,-14.158124285753445,4,1,0,28,14.091667,13.780655142857142,38.02,94.7854,1582.0,113.49,891.25,-15.592873040719837,40.665504250760364,1.0977026281011522,3.3619893789755775
2022-01-29,5.166667,2.4,7.05,12.833333,456.76222438,446.59133488069983,7.863573733714961,2.3073157655852015,5,1,1,29,12.804167,13.72172642857143,37.34,93.0908,1747.3,57.81,891.25,-14.158124285753445,26.939941908372703,-6.734244305686535,2.129547654225375
2022-01-30,1.6729168,-1.5,3.35,16.327084,440.48051052,446.3535257963745,-0.8319258046994049,-5.04108947167515,6,1,1,30,12.833333,14.169642999999999,37.1,92.4956,782.5,191.0,891.25,2.3073157655852015,-26.580051638399596,-10.25319089751332,1.1160566198156592
2022-01-31,2.13125,-1.45,5.7,15.86875,557.3150684,446.1157777592326,96.25078705227483,14.948503588492486,0,1,0,31,16.327084,14.414881142857142,36.85,91.8712,804.9,177.44,891.25,-5.04108947167515,-9.979747181626522,-7.1761963022669715,-0.1156082372272806
2022-02-01,4.2458334,0.8,6.2,13.754167,527.4759126,445.8780910364862,52.77043027645881,28.827391287055036,1,2,0,32,15.86875,14.245833571428573,36.27,90.4295,1536.0,96.78,891.25,14.948503588492486,-15.014378146509387,-3.6150176208213987,-0.6739696963918941
2022-02-02,3.5166667,0.05,6.25,14.483334,554.3009302,445.64046588310265,80.65808156390435,28.002382752993014,2,2,0,33,13.754167,14.308928857142858,35.89,89.4666,1097.7,99.28,891.25,28.827391287055036,7.24552224483034,2.648092298259233,0.2525389065126982
2022-02-03,6.3541665,5.1,8.05,11.645834,581.4351176,445.402902533514,137.55214145313306,-1.5199263866470574,3,2,0,34,14.483334,13.959524142857143,35.48,88.4446,1113.2,98.85,891.25,28.002382752993014,-15.592873040719837,5.613358085139615,0.5085090035833919
2022-02-04,3.8208332,2.15,6.0,14.179167,507.81925989999996,445.16540120339346,39.45955471998235,23.194303976624155,4,2,0,35,11.645834,14.155952714285714,35.18,87.698,894.0,149.34,891.25,-1.5199263866470574,-14.158124285753445,7.623779035721441,0.3443343627066971
2022-02-05,5.1145835,3.9,7.45,12.885416,455.58145743,444.9279620998708,-10.627141077545776,21.28063640767499,5,2,1,36,14.179167,14.163393142857142,34.96,87.1455,677.3,150.84,891.25,23.194303976624155,2.3073157655852015,12.959840216061098,0.13989567190428906
2022-02-06,3.377083,1.5,5.9,14.622917,434.1295212,444.69058541331617,-2.429367005186509,-8.131697208129651,6,2,1,37,12.885416,13.919940714285714,34.85,86.8718,383.4,108.43,891.25,21.28063640767499,-5.04108947167515,15.670314593502496,0.9414276362524769
2022-02-07,5.729166,1.75,8.35,12.270834,495.2136198,444.453271318362,58.01987907668636,-7.259530595048375,0,2,0,38,14.622917,13.405952714285716,34.74,86.6036,391.7,119.71,891.25,-8.131697208129651,14.948503588492486,15.228799202580424,0.7625468850150621
2022-02-08,8.410416,6.75,9.35,9.589584,475.9206628,444.2160199878143,60.24388167352776,-28.539238861342085,1,2,0,39,12.270834,12.811012285714286,34.36,85.6501,964.1,35.03,891.25,-7.259530595048375,28.827391287055036,12.056222890646016,0.9377973148303246
2022-02-09,6.962501,4.95,9.4,11.037498,491.7349139,443.9788315980585,60.99448478744424,-13.238402485502775,2,2,0,40,9.589584,12.318749999999998,34.09,84.9808,717.3,60.89,891.25,-28.539238861342085,28.002382752993014,3.8609900123035703,0.27322944134245214
2022-02-10,3.6937501,0.8,5.35,14.30625,561.6992548,443.7417063367747,95.54224240176353,22.415306061461706,3,2,0,41,11.037498,12.698809428571428,33.86,84.4088,871.7,202.55,891.25,-13.238402485502775,-1.5199263866470574,-2.030550736052971,0.0003787138035155143
2022-02-11,0.2145833,-3.35,4.8,17.785418,541.8326853,443.5046443947528,100.51544044234541,-2.1873995370982016,4,2,0,42,14.30625,13.213988142857144,33.4,83.2759,1319.4,191.49,891.25,22.415306061461706,23.194303976624155,1.3887681851054237,0.7976906110227484
2022-02-12,2.5708334,-1.15,7.35,15.429167,461.88691499000004,443.2676459500005,6.70251571435996,11.916753325639604,5,2,1,43,17.785418,13.577381142857144,32.96,82.1784,1306.9,184.93,891.25,-2.1873995370982016,21.28063640767499,-2.237189459712056,1.2613542914363942
2022-02-13,6.866667,3.35,12.35,11.133333,452.15391609,443.0307111731948,5.50967703998225,3.613527876822957,6,2,1,44,15.429167,13.078869142857144,32.66,81.4088,942.4,215.32,891.25,11.916753325639604,-8.131697208129651,-3.574887042859968,1.5000081864324273
2022-02-14,6.3645835,4.35,8.7,11.635416,506.24564275,442.793840224423,82.79458997120561,-19.342787445628574,0,2,0,45,11.133333,12.988095142857143,32.49,81.0026,775.7,375.56,891.25,3.613527876822957,-7.259530595048375,-1.8969977450095956,1.4075919417360108
2022-02-15,6.847917,4.35,9.95,11.152082,507.19656582,442.55703325812834,60.315374570212306,4.32415799165932,1,2,0,46,11.635416,13.211309142857143,32.27,80.4396,893.1,313.35,891.25,-19.342787445628574,-28.539238861342085,-3.623177295092481,1.2059823109268015
2022-02-16,7.641667,5.0,11.85,10.358334,515.0125677,442.32029043246945,57.01244266541159,15.679834602118945,2,2,0,47,11.152082,13.114285714285712,31.99,79.7591,778.7,127.29,891.25,4.32415799165932,-13.238402485502775,1.0715936839077196,1.472032461962514
2022-02-17,6.1041665,3.0,10.25,11.895834,494.61232175,442.08361189910295,17.951068138588198,34.57764171230883,3,2,0,48,10.358334,12.769940571428572,31.73,79.1058,806.1,149.8,891.25,15.679834602118945,22.415306061461706,5.202770410710822,1.6349094378753268
2022-02-18,5.2729163,3.25,7.45,12.727083,496.2930252,441.84699779258193,59.35981508857528,-4.913787681157203,4,2,0,49,11.895834,12.047321285714284,31.53,78.6081,631.8,142.56,891.25,34.57764171230883,-2.1873995370982016,6.940246932260412,2.773153222835079
2022-02-19,5.1541667,3.05,8.0,12.845833,429.94376693,441.6104482256185,-50.77442678856056,39.10774549294206,5,2,1,50,12.727083,11.678273571428573,31.31,78.0532,642.7,87.71,891.25,-4.913787681157203,11.916753325639604,6.550762911680555,3.336980026904915
2022-02-20,5.6749997,2.45,8.95,12.325001,418.28652287,441.3739632997904,-38.40681040946394,15.319369979673581,6,2,1,51,12.845833,11.848511857142858,31.06,77.4313,792.4,165.07,891.25,39.10774549294206,3.613527876822957,10.435190364152334,5.1182478426701286
2022-02-21,5.035417,2.5,7.15,12.964582,478.27452862,441.1375430926342,49.310611762988266,-12.173626235622464,0,2,0,52,12.325001,12.038392714285715,30.91,77.0602,589.9,218.83,891.25,15.319369979673581,-19.342787445628574,12.107453521702423,4.273376700300569
2022-02-22,6.0,2.6,8.95,12.0,500.2526782000001,440.9011876647785,89.21413395049822,-29.86264341527658,1,2,0,53,12.964582,12.159523857142858,30.58,76.225,907.1,60.92,891.25,-12.173626235622464,4.32415799165932,13.131619408846152,2.9695910955007303
2022-02-23,5.679167,1.15,10.35,12.320833,540.1953802200001,440.6648970779151,129.87303385247236,-30.3425507103874,2,2,0,54,12.0,12.439880857142857,30.19,75.2673,1021.4,72.03,891.25,-29.86264341527658,15.679834602118945,8.247790636426739,2.8601713696048305
2022-02-24,3.5562503,1.1,6.3,14.443749,524.51582061,440.42867140627175,83.68290622788903,0.4042429758392245,3,2,0,55,12.320833,12.803868714285715,29.92,74.5762,781.5,90.72,891.25,-30.3425507103874,34.57764171230883,1.6731641632115466,2.181411251979468
2022-02-25,3.3979166,-0.3,6.5,14.602083,550.6911462,440.1925107354646,73.6914001248737,36.80723533966176,4,2,0,56,14.443749,13.071725857142857,29.77,74.2126,527.2,173.03,891.25,0.4042429758392245,-4.913787681157203,-3.2087499419983976,2.6953652893910887
2022-02-26,0.82500005,-2.85,5.95,17.175,510.21603139999996,439.9564151442043,52.651914263455325,17.60770199234031,5,2,1,57,14.602083,13.690178285714284,29.43,73.3547,895.7,43.77,891.25,36.80723533966176,39.10774549294206,2.7513962038328827,3.680755725885469
2022-02-27,0.32916656,-2.9,4.9,17.670834,473.07806555,439.72038468620536,177.2383031528992,-143.88062228910456,6,2,1,58,17.175,14.453868714285713,29.18,72.7341,764.3,135.25,891.25,17.60770199234031,15.319369979673581,-0.320038581967367,4.787441560320807
2022-02-28,0.4708333,-3.4,6.65,17.529167,509.8738531,439.48441939714303,109.46340936241404,-39.07397565955705,0,2,0,59,17.670834,15.105952285714286,28.98,72.2538,705.5,236.36,891.25,-143.88062228910456,-12.173626235622464,-23.062894620364244,0.4633582935424367
2022-03-01,0.7166667,-3.7,6.45,17.283333,631.7427173,439.24851931602143,195.12592740293084,-2.631729418952318,1,3,0,60,17.529167,15.860714142857145,28.53,71.1292,1289.4,178.86,891.25,-39.07397565955705,-29.86264341527658,-26.905801680926327,-0.9160180872956384
2022-03-02,-0.9791667,-5.1,3.0,18.979166,648.81056,439.0126844945696,195.25174697059816,14.546128534832235,2,3,0,61,17.283333,16.81190457142857,27.9,69.5571,1655.4,140.31,891.25,-2.631729418952318,-30.3425507103874,-23.01567111002286,-0.8357060855382107
2022-03-03,1.1749998,-2.55,4.4,16.825,576.1807049,438.7769149814353,139.04708810207174,-1.6432981835069995,3,3,0,62,18.979166,17.152083285714287,27.37,68.241,1479.4,170.87,891.25,14.546128534832235,0.4042429758392245,-16.60300264642006,-0.8491185873268857
2022-03-04,0.09791664,-3.5,4.4,17.902082,583.6057572999999,438.54121081103585,105.0807843770564,39.98376211190771,4,3,0,63,16.825,17.623511714285716,26.92,67.118,1245.0,163.55,891.25,-1.6432981835069995,36.80723533966176,-16.895508526326662,-1.8648082363456202
2022-03-05,-0.18541665,-4.6,2.15,18.185417,475.3874013,438.30557200488715,43.992048460593246,-6.910219165480385,5,3,1,64,17.902082,17.767857,26.49,66.0369,1245.1,173.22,891.25,39.98376211190771,17.60770199234031,-16.44171898743438,-1.465428924381797
2022-03-06,1.9020834,-2.7,7.85,16.097916,476.8540496,438.0699985599912,81.87087862066038,-43.08682758065157,6,3,1,65,18.185417,17.543154428571427,26.22,65.3604,982.6,313.76,891.25,-6.910219165480385,-143.88062228910456,-19.94427915283734,-1.645105350342908
2022-03-07,1.9250001,-3.75,8.5,16.075,600.752531,437.8344904691372,149.41332570523136,13.504714825631368,0,3,0,66,16.097916,17.335416285714285,25.94,64.6661,1003.6,314.7,891.25,-43.08682758065157,-39.07397565955705,-5.54516562305834,-3.8544764022520988
2022-03-08,2.9166663,-3.35,10.3,15.083334,547.2382504,437.59904773488864,124.74731244119863,-15.108109776087304,1,3,0,67,16.075,17.021130714285714,25.35,63.2014,1647.3,200.36,891.25,13.504714825631368,-2.631729418952318,1.9660758748257194,-4.113673788320219
2022-03-09,2.0395834,-2.0,7.65,15.960417,497.6272705,437.3636703511893,88.26588518045293,-28.002285031642202,2,3,0,68,15.083334,16.589880857142855,24.86,61.9827,1370.6,167.63,891.25,-15.108109776087304,14.546128534832235,0.1837358238064358,-4.346220873918808
2022-03-10,1.30625,-2.9,6.8,16.69375,473.5887035,437.1283583137749,36.63044005195735,-0.17009486573226695,3,3,0,69,15.960417,16.571130857142858,24.55,61.1885,1127.7,341.73,891.25,-28.002285031642202,-1.6432981835069995,-5.894608971404198,-5.037646021805269
2022-03-11,3.1104164,-1.45,9.55,14.889584,451.9207935,436.893111626761,26.514701716474327,-11.487019843235373,4,3,0,70,16.69375,16.140774,24.66,61.4645,844.9,1133.68,891.25,-0.17009486573226695,39.98376211190771,-5.684151354579236,-4.092007888618275
2022-03-12,4.191667,-1.15,11.05,13.808332,425.67218204,436.6579302916784,-0.4883107415454555,-10.497437510132954,5,3,1,71,14.889584,15.515476142857143,24.63,61.3973,576.2,516.91,891.25,-11.487019843235373,-6.910219165480385,-13.037120205313963,-4.033628467209362
2022-03-13,5.9874997,0.75,12.0,12.012501,424.19353445,436.4228143100961,-0.7566830487890752,-11.472596811307028,6,3,1,72,13.808332,14.931845428571426,24.74,61.6831,332.0,673.4,891.25,-10.497437510132954,-43.08682758065157,-13.549579968835758,-5.13071991959585
2022-03-14,7.7041664,3.55,11.85,10.295834,555.3002754,436.18776368490575,108.50656984385269,10.605941871241612,0,3,0,73,12.012501,14.106250285714285,24.92,62.1273,316.9,784.82,891.25,-11.472596811307028,13.504714825631368,-9.033261287500823,-5.440226495402811
2022-03-15,7.03125,2.6,11.0,10.96875,610.1744193999999,435.95277841767984,156.58714911628385,17.634491866036228,1,3,0,74,10.295834,13.51845257142857,24.84,61.9273,553.1,331.97,891.25,10.605941871241612,-15.108109776087304,-9.447371709556503,-5.483920210549411
2022-03-16,7.416666,2.9,12.25,10.583334,497.74233199,435.7178584952036,50.92446679301282,11.100006701783627,2,3,0,75,10.96875,12.750297857142858,24.7,61.585,626.2,305.79,891.25,17.634491866036228,-28.002285031642202,-4.76985718925314,-5.016554744242302
2022-03-17,7.597917,4.15,12.0,10.402082,571.31341121,435.48300388296497,110.99312134662168,24.837285980413355,3,3,0,76,10.583334,11.851488142857141,24.65,61.4519,781.3,653.73,891.25,11.100006701783627,-0.17009486573226695,0.8161844869505492,-4.001794939328562
2022-03-18,5.358333,0.65,9.6,12.641666,534.19172097,435.2482145254118,91.74595220821628,7.1975542363719,4,3,0,77,10.402082,11.530356999999999,24.55,61.2035,977.3,734.03,891.25,24.837285980413355,-11.487019843235373,4.388667464971353,-3.318024006370094
2022-03-19,5.5125003,0.95,10.95,12.487499,415.55153692,435.0134903415411,-26.158105556409215,6.6961521348681,5,3,1,78,12.641666,11.341666571428572,24.46,60.978,1089.0,867.63,891.25,7.1975542363719,-10.497437510132954,7.057892333486677,-3.600766685228329
2022-03-20,5.875,0.55,12.6,12.125,418.27799014,434.77883123183335,0.19056149671053735,-16.691402588543895,6,3,1,79,12.487499,11.357737857142856,24.68,61.5358,522.8,1083.66,891.25,6.6961521348681,-11.472596811307028,9.514119425629685,-4.53014967114302
2022-03-21,6.366667,-0.5,15.35,11.633333,527.93955263,434.544237083819,87.46379000616842,5.931525540012558,0,3,0,80,12.125,11.548809142857143,24.86,61.9608,574.1,1003.68,891.25,-16.691402588543895,10.605941871241612,8.768575743167276,-4.922736834722576
2022-03-22,7.460417,-0.5,16.85,10.539583,553.2070972,434.30970778230517,128.66042630359613,-9.763036885901272,1,3,0,81,11.633333,11.487499571428572,24.8,61.8308,879.2,751.44,891.25,5.931525540012558,17.634491866036228,8.100801981563125,-6.02861083315356
2022-03-23,5.8145833,-1.9,14.7,12.185417,553.6020169,434.07524320183984,117.56316448162538,1.963609216534735,2,3,0,82,10.539583,11.716368571428571,24.87,61.998,530.0,727.69,891.25,-9.763036885901272,11.100006701783627,4.186869302714911,-6.864691062006055
2022-03-24,7.766667,-0.8,15.8,10.233334,553.3587617999999,433.8408432108723,79.6581048498715,39.85981373925608,3,3,0,83,12.185417,11.692261714285715,25.0,62.3111,448.6,761.7,891.25,1.963609216534735,24.837285980413355,2.881669661965069,-6.3934498802674815
2022-03-25,7.9458337,3.75,12.55,10.054167,480.63031716,433.60650766225245,49.75422327719697,-2.7304137794494068,4,3,0,84,10.233334,11.322619000000001,25.38,63.269,438.5,971.32,891.25,39.85981373925608,7.1975542363719,5.027745056085458,-4.069367975116393
2022-03-26,7.2104163,0.2,14.55,10.789583,395.25097594,433.37223637766544,-47.87354625754891,9.752285819883468,5,3,1,85,10.054167,11.080059571428572,25.54,63.6678,373.7,1160.69,891.25,-2.7304137794494068,6.6961521348681,3.609463910968129,-3.1489634107517928
2022-03-27,8.483333,3.5,15.05,9.516667,426.40713652999995,433.13802916188865,-12.498591779005164,5.767699147116446,6,3,1,86,10.789583,10.707440571428572,25.96,64.7241,199.4,1248.75,891.25,9.752285819883468,-16.691402588543895,4.046054437398896,-2.8373619826169847
2022-03-28,7.3541665,4.25,11.75,10.645834,502.13828975,432.90388580070476,61.02828816349958,8.206115785795646,0,3,0,87,9.516667,10.566369285714286,26.33,65.6294,283.1,1181.38,891.25,5.767699147116446,5.931525540012558,7.2544975424932305,-3.872013189035162
2022-03-29,4.66875,0.45,8.15,13.33125,568.8368627000001,432.66980606053687,105.05720022701765,31.109856412445595,1,3,0,88,10.645834,10.965178857142858,26.54,66.1691,426.6,962.58,891.25,8.206115785795646,-9.763036885901272,7.579439006176528,-4.185399395919984
2022-03-30,3.3083332,-1.3,6.4,14.691667,582.3873212000001,432.4357896839555,113.91703497455589,36.03449654148869,2,3,0,89,13.33125,11.32321457142857,26.76,66.7109,345.3,887.98,891.25,31.109856412445595,1.963609216534735,13.418423763083224,1.6476165607983546
2022-03-31,3.3395827,0.6,7.0,14.660418,541.0967357999999,432.2018363756971,73.28959399187664,35.60530543242618,3,3,0,90,14.691667,11.955655142857143,26.88,66.9996,503.5,789.65,891.25,36.03449654148869,39.85981373925608,18.28569338093379,4.151232300833213
2022-04-01,1.9062501,-0.95,4.95,16.09375,491.07561044,431.96794579652817,60.95246250488497,-1.8447978614131557,4,4,0,91,14.660418,12.818452714285714,26.64,66.4242,599.2,582.63,891.25,35.60530543242618,-2.7304137794494068,17.67790647995809,5.4258001292124955
2022-04-02,1.6958336,-3.45,6.8,16.304167,476.50708716,431.7341175667403,11.308680094289233,33.464289498970516,5,4,1,92,16.09375,13.606250428571428,26.93,66.5326,558.5,392.55,891.25,-1.8447978614131557,9.752285819883468,17.804423039677552,4.879435916004316
2022-04-03,3.2250001,0.45,7.75,14.775,445.17011767,431.50035128093526,30.62195883886159,-16.952192449796826,6,4,1,93,16.304167,14.357440857142858,26.97,66.5353,402.0,410.17,891.25,33.464289498970516,5.767699147116446,21.191852136689988,6.049688838753567
2022-04-04,6.43125,4.6,8.6,11.56875,451.59802899,431.26664649973713,56.47351039693382,-36.142127906670964,0,4,0,94,14.775,14.489286000000002,26.96,66.4928,476.3,440.89,891.25,-16.952192449796826,8.206115785795646,17.946153337130948,4.151823686696749
2022-04-05,9.797916,7.05,11.8,8.202084,447.10087572000003,431.0330027762195,42.407869606318776,-26.339996662538283,1,4,0,95,11.56875,13.756548,26.9,66.3489,580.2,443.25,891.25,-36.142127906670964,31.109856412445595,11.610689952492862,3.1774267286570628
2022-04-06,9.9875,7.9,14.4,8.0125,431.99119645999997,430.7994196719822,13.95674484144267,-12.764968053424923,2,4,0,96,8.202084,12.802381285714286,26.86,66.2546,407.9,498.73,891.25,-26.339996662538283,36.03449654148869,3.4035680846380223,3.735654425927506
2022-04-07,6.46875,3.8,8.85,11.53125,460.34069082,430.5658967538453,15.231333715150235,14.543460351004455,3,4,0,97,8.0125,12.355357285714286,27.16,67.0083,165.8,921.33,891.25,-12.764968053424923,35.60530543242618,-3.567784000349637,2.859998329958963
2022-04-08,5.2124996,2.0,9.35,12.7875,451.98785777999996,430.33243358079557,6.710663935978692,14.944760263225703,4,4,0,98,11.53125,11.883035857142858,27.48,67.7771,78.6,849.53,891.25,14.543460351004455,-1.8447978614131557,-6.576619011981312,3.8483840008620214
2022-04-09,4.291667,1.4,8.25,13.708333,417.0272842,430.09902968364264,-22.24507726373923,9.17333178009659,5,4,1,99,12.7875,11.512202428571428,27.86,68.4353,163.1,824.24,891.25,14.944760263225703,33.464289498970516,-4.178110708461475,5.279952177357618
2022-04-10,5.9312496,0.85,10.95,12.06875,413.3582995,429.8656845603379,-29.744187907990877,13.236802847652939,6,4,1,100,13.708333,11.125595285714285,28.16,69.1671,99.9,875.13,891.25,9.17333178009659,-16.952192449796826,-7.648247525443464,5.59139973221858
2022-04-11,8.102084,-0.25,15.35,9.897916,447.3991587,429.63239767806994,7.323531076863764,10.443229945066264,0,4,0,101,12.06875,10.886904714285716,28.48,69.9624,101.1,873.32,891.25,13.236802847652939,-36.142127906670964,-3.3355339115220692,6.41552715524819
2022-04-12,12.329166,5.45,20.5,5.6708336,421.05857311,429.3991684711274,-3.3303399585206352,-5.010255402606731,1,4,0,102,9.897916,10.525297514285713,28.67,70.4176,159.4,614.55,891.25,10.443229945066264,-26.339996662538283,3.319517210154678,7.113549403754831
2022-04-13,11.450001,6.95,16.85,6.549999,484.54111608,429.16599634385045,43.88432719149781,11.490792544651754,2,4,0,103,5.6708336,10.316368800000001,28.97,71.1686,122.5,874.06,891.25,-5.010255402606731,-12.764968053424923,6.366623104430614,7.328960784044841
2022-04-14,8.227083,5.15,10.25,9.772917,442.02418952,428.9328806782922,21.628892752214174,-8.537583910506385,3,4,0,104,6.549999,10.065178371428573,29.34,72.0739,124.6,1019.14,891.25,11.490792544651754,14.543460351004455,9.83173176129871,7.358455806491846
2022-04-15,6.3416657,1.75,11.8,11.658335,376.94723124,428.6998208283208,-67.2108970470126,15.458307458691763,4,4,0,105,9.772917,9.903869085714286,29.76,73.1114,60.5,1104.67,891.25,-8.537583910506385,14.944760263225703,6.534439723940019,6.486053280607092
2022-04-16,7.116667,-0.45,13.95,10.883333,357.73779951999995,428.46681612601463,-68.18070935351317,-2.548307252501502,5,4,1,106,11.658335,9.500297657142855,30.15,74.0646,88.4,1055.93,891.25,15.458307458691763,9.17333178009659,6.6078036090065995,6.63132997250403
2022-04-17,7.8645835,0.7,14.6,10.135416,332.50542718,428.23386587090084,-61.679568794414294,-34.04886989648651,6,4,1,107,10.883333,9.224107085714286,30.63,75.2307,44.3,1212.1,891.25,-2.548307252501502,13.236802847652939,4.933283747206872,5.718476864740201
2022-04-18,7.8958335,3.0,13.4,10.104166,368.77119839,428.0009693426282,-49.46239103090237,-9.76737992172582,0,4,0,108,10.135416,9.253571371428572,31.12,76.4412,54.6,1279.92,891.25,-34.04886989648651,10.443229945066264,-1.8218123590987634,4.3435960603115875
2022-04-19,8.585416,4.4,14.0,9.414584,430.41575408,427.76812582014617,5.231003855000081,-2.583375595146265,1,4,0,109,10.104166,9.788392857142856,31.55,77.4958,56.2,1270.12,891.25,-9.76737992172582,-5.010255402606731,-4.709042340069061,3.794811658425124
2022-04-20,9.529166,5.25,12.95,8.470834,421.54497126,427.53533457107534,5.34301113888675,-11.333374449962093,2,4,0,110,9.414584,10.062797857142856,31.94,78.4548,189.7,949.11,891.25,-2.583375595146265,11.490792544651754,-4.362345224717566,4.2650792248717115
2022-04-21,9.562499,4.25,13.15,8.437501,412.32435122000004,427.30259484431025,-15.32986127909125,0.35161765478102325,3,4,0,111,8.470834,9.872024142857143,32.16,78.9982,248.6,799.31,891.25,-11.333374449962093,-8.537583910506385,-7.622940509662401,3.689582558539223
2022-04-22,10.943748,3.95,16.75,7.0562515,366.50986919,427.0699058727238,-59.43821919034891,-1.1218174923748734,4,4,0,112,8.437501,9.214583642857141,32.43,79.6704,159.2,827.41,891.25,0.35161765478102325,15.458307458691763,-6.3530545717642,4.0267377098953
2022-04-23,11.341667,6.45,16.65,6.658333,326.24339609000003,426.8372668661413,-98.18791686102243,-2.4059539151188574,5,4,1,113,7.0562515,8.611012214285713,32.77,80.4962,139.0,971.64,891.25,-1.1218174923748734,-2.548307252501502,-8.721643850488006,3.923890152931646
2022-04-24,8.96875,3.9,13.65,9.03125,337.75851355000003,426.6046770100843,-71.5768947090331,-17.269268751051186,6,4,1,114,6.658333,8.453274214285713,33.24,81.6494,48.0,1232.83,891.25,-2.4059539151188574,-34.04886989648651,-8.701307659433342,2.515031231119148
2022-04-25,9.89375,1.95,16.15,8.10625,484.9338007,426.3721354693767,57.50669707371694,1.054968156906341,0,4,0,115,9.03125,8.167857642857141,33.72,82.821,90.2,1247.62,891.25,-17.269268751051186,-9.76737992172582,-6.30422178151401,2.030402732065755
2022-04-26,11.575001,5.7,16.35,6.424999,503.03574727999995,426.139641395857,76.39167792359721,0.5044279605457405,1,4,0,116,8.10625,7.740774071428571,33.87,83.2049,350.6,708.12,891.25,1.054968156906341,-2.583375595146265,-4.75817205599513,1.740492143299851
2022-04-27,11.022916,5.2,16.45,6.977084,485.97435374,425.90719391731216,57.31151225983835,2.7556475628495036,2,4,0,117,6.424999,7.527381214285714,33.99,83.4879,361.9,644.16,891.25,0.5044279605457405,-11.333374449962093,-4.317057262324844,1.5650497704141608
2022-04-28,11.910416,2.85,18.35,6.0895844,422.24135394,425.67479213352664,0.46942388460705065,-3.902862078133694,3,4,0,118,6.977084,7.191964557142856,34.08,83.726,289.8,519.38,891.25,2.7556475628495036,0.35161765478102325,-2.304339831923187,1.3833674963159561
2022-04-29,13.439584,6.9,18.55,4.560416,411.76045751,425.44243511538787,-30.096397255120507,16.414419649732622,4,4,0,119,6.0895844,6.835416628571429,34.39,84.4765,125.7,887.75,891.25,-3.902862078133694,-1.1218174923748734,-2.912122650911004,0.2162768799633132
2022-04-30,11.802083,7.85,16.35,6.197917,333.97979915999997,425.2101219052624,-96.75052208527147,5.520199340009071,5,4,1,120,4.560416,6.769642914285713,34.66,85.1453,131.7,793.63,891.25,16.414419649732622,-2.4059539151188574,-0.4069459163242186,-0.4377256830952225
2022-05-01,12.941666,6.2,18.7,5.0583344,323.83096349,424.97785150371385,-106.137338892999,4.990450879285163,6,5,1,121,6.197917,6.2020835428571415,35.19,85.9281,52.7,1128.15,891.25,5.520199340009071,-17.269268751051186,0.7253616915511998,-1.4405625528424593
2022-05-02,12.335418,6.6,18.45,5.6645823,407.01757044,424.74562287306816,-17.736822168374758,0.008769735306600523,0,5,0,122,5.0583344,5.853273871428571,35.81,87.4313,7.7,1304.75,891.25,4.990450879285163,1.054968156906341,3.9053216387421066,-1.2127209281525153
2022-05-03,13.5625,7.0,19.15,4.4375,448.75188262,424.5134349401963,22.109077430895372,2.1293702489083444,1,5,0,123,5.6645823,5.569345442857142,36.19,88.3804,57.0,977.61,891.25,0.008769735306600523,0.5044279605457405,3.7558647213707155,-2.327904920274646
2022-05-04,13.931251,9.85,18.3,4.0687494,464.68502498000004,424.2812865996712,31.98899964966992,8.41473873065894,2,5,0,124,4.4375,5.153869071428572,36.58,89.3166,67.1,1003.62,891.25,2.1293702489083444,2.7556475628495036,3.9879993339939444,-1.6918528303178069
2022-05-05,14.0,6.0,19.3,4.0,451.22296322000005,424.0491767111596,14.97029134137512,12.203495167465348,3,5,0,125,4.0687494,4.8553570142857145,37.02,90.4132,98.9,1227.04,891.25,8.41473873065894,-3.902862078133694,4.796440929395293,-0.2066239424068101
2022-05-06,15.84375,8.6,21.95,2.15625,423.82977821,423.81710409221074,-13.30051789084282,13.31319200863203,4,5,0,126,4.0,4.511904728571428,37.47,91.504,52.8,1136.75,891.25,12.203495167465348,16.414419649732622,7.097349107338013,1.078159118593311
2022-05-07,14.697917,10.85,19.25,3.302083,317.77283274,423.5850675126302,-120.95302629091478,15.140791518284573,5,5,1,127,2.15625,4.098214157142857,37.79,92.28,526.8,1302.77,891.25,13.31319200863203,5.520199340009071,6.6543165871807854,1.947431120661876
2022-05-08,14.152083,6.2,21.1,3.8479166,352.41643830000004,423.3530656913186,-83.64744736204399,12.710819970725424,6,5,1,128,3.302083,3.9252973285714283,38.31,93.5464,146.4,1371.36,891.25,15.140791518284573,4.990450879285163,8.028686898363,1.9673421595712133
2022-05-09,18.614584,9.7,25.95,0.0,434.57591594999997,423.1210972938368,8.721902136781232,2.732916519381945,0,5,0,129,3.8479166,3.1160712857142854,38.8,94.7483,164.1,1365.91,891.25,12.710819970725424,0.008769735306600523,9.131596768568752,1.8928774831545374
2022-05-10,21.016668,14.95,27.35,0.0,400.58851775,422.8891609349925,-15.96510331685004,-6.335539868142462,1,5,0,130,0.0,2.482142714285714,39.15,95.609,325.2,1185.82,891.25,2.732916519381945,2.1293702489083444,9.520760594865228,1.6781969744640493
2022-05-11,16.84375,14.1,19.2,1.15625,380.79793426,422.65725518916156,-15.35264398516352,-26.50667694399806,2,5,0,131,0.0,2.0660713714285714,39.4,96.22,560.4,1171.29,891.25,-6.335539868142462,8.41473873065894,8.311487721000828,1.0257855506042024
2022-05-12,14.7375,9.4,18.5,3.2624998,399.63927026,422.4253786043587,-27.184674254512228,4.398565910153536,3,5,0,132,1.15625,1.9607142000000002,39.76,97.0848,348.2,1209.14,891.25,-26.50667694399806,12.203495167465348,3.3227140531926858,-0.2058780123646083
2022-05-13,15.664582,11.25,19.8,2.3354177,376.68830225,422.19352971452656,-74.55177929190165,29.046551827375083,4,5,0,133,3.2624998,1.9863095857142858,39.98,97.6211,445.6,978.52,891.25,4.398565910153536,13.31319200863203,2.207724159290998,0.10774936472740061
2022-05-14,14.575001,6.7,20.7,3.4249992,332.38793968,421.9617070128007,-91.30661229106688,1.7328449582661847,5,5,1,134,2.3354177,2.0038690428571426,40.64,98.7852,28.4,1193.21,891.25,29.046551827375083,15.140791518284573,4.455346990540006,0.6929413408181783
2022-05-15,17.662498,9.55,24.5,0.33750153,319.19968008,421.72990892975236,-83.67186718009977,-18.858361669652595,6,5,1,135,3.4249992,1.5023811757142858,41.25,100.2794,15.9,1492.63,891.25,1.7328449582661847,12.710819970725424,2.5399260533945216,1.0352889697772638
2022-05-16,17.033335,13.85,21.15,0.96666527,415.17443877,421.49813385485334,-2.3574769724730236,-3.966218112380318,0,5,0,136,0.33750153,1.6404762142857143,41.91,101.8886,18.6,1627.7,891.25,-18.858361669652595,2.732916519381945,-1.9699570380880524,-0.10860000116754805
2022-05-17,18.05625,11.55,24.2,0.0,446.49822656,421.26638015781054,19.01667884752611,6.21516755466331,1,5,0,137,0.96666527,1.6404762142857143,42.36,102.9852,141.7,1223.79,891.25,-3.966218112380318,-6.335539868142462,-2.926976271196947,-0.15586369649684192
2022-05-18,21.708334,13.5,28.5,0.0,407.33071697,421.03464617821606,-26.087096710008037,12.383167501792002,2,5,0,138,0.0,1.475297642857143,42.79,104.0346,96.4,1125.56,891.25,6.21516755466331,-26.50667694399806,-1.1340180679389797,1.186270885208152
2022-05-19,20.941668,17.8,24.35,0.0,489.43013119,420.8029302112928,60.1263996899812,8.500801288725995,3,5,0,139,0.0,1.0092262428571428,43.26,105.1661,91.6,1268.04,891.25,12.383167501792002,4.398565910153536,4.421673995745315,1.9246224659920794
2022-05-20,15.849999,12.45,18.35,2.1500006,362.73047068,420.57123050044294,-85.17303002263895,27.332270202196014,4,5,0,140,0.0,0.9827380857142857,43.69,106.1964,53.5,1017.44,891.25,8.500801288725995,29.046551827375083,5.007707621255666,2.2940950287878215
2022-05-21,14.414585,9.45,18.75,3.585415,300.10119998000005,420.3395452351737,-129.17631660621245,8.937971351038811,5,5,1,141,2.1500006,1.0056546285714285,44.11,107.2315,77.6,1137.46,891.25,27.332270202196014,1.7328449582661847,4.762810246230084,3.582949850526425
2022-05-22,16.324999,9.15,22.0,1.6750011,322.92735139,420.1078725393292,-86.72251116124842,-10.45800998808079,6,5,1,142,3.585415,1.1967259957142855,44.86,109.0497,30.8,1849.81,891.25,8.937971351038811,-18.858361669652595,5.792114016626174,3.8691616404016846
2022-05-23,17.90417,13.95,21.85,0.09583092,360.90506609,419.8762104875825,-57.951631344412135,-1.0195130531703853,0,5,0,143,1.6750011,1.0723210885714285,45.54,110.698,29.9,1666.97,891.25,-10.45800998808079,-3.966218112380318,6.992164256850718,3.557955223878154
2022-05-24,15.345834,9.4,19.8,2.6541662,401.38557256,419.64455712735673,-1.880809832698541,-16.37817473465816,1,5,0,144,0.09583092,1.4514876885714283,46.1,112.0657,26.0,1389.73,891.25,-1.0195130531703853,6.21516755466331,7.413122122452137,3.6041699192764365
2022-05-25,17.020834,13.25,20.35,0.97916603,344.5973445,419.4129104796687,-55.26759779607753,-19.547968183591138,2,5,0,145,2.6541662,1.59136855,46.49,113.0288,103.1,1088.1,891.25,-16.37817473465816,12.383167501792002,4.185501795406212,3.633873053156204
2022-05-26,14.902084,11.45,17.8,3.0979156,327.83642878999996,419.1812685549429,-73.63164934904835,-17.713190415894587,3,5,0,146,0.97916603,2.0339279214285715,46.96,114.16,137.1,1153.88,891.25,-19.547968183591138,8.500801288725995,-0.3760890167913788,2.947108508472955
2022-05-27,11.935416,8.55,15.1,6.064584,325.83730988,418.9496293623957,-96.90124811898669,3.788928636591038,4,5,0,147,3.0979156,2.5931541214285714,47.45,115.3627,78.5,1258.23,891.25,-17.713190415894587,27.332270202196014,-4.120944974594319,2.3398545625916105
2022-05-28,11.716666,9.5,14.75,6.283334,305.90204966,418.71799090700233,-130.14672799074728,17.330786743744966,5,5,1,148,6.064584,2.9785711214285717,48.01,116.7153,28.3,1376.22,891.25,3.788928636591038,8.937971351038811,-7.484279483966459,2.3742972650496617
2022-05-29,11.849999,7.7,15.7,6.1500006,329.40563275,418.4863511665126,-98.77946274374004,9.698744327227473,6,5,1,149,6.283334,3.6178567642857145,48.5,117.901,42.6,1223.44,891.25,17.330786743744966,-10.45800998808079,-6.285305856437008,3.0820855591122838
2022-05-30,13.633334,7.75,18.2,4.366666,401.99858922000004,418.2547080762025,-9.377764813096215,-6.878354043106242,0,5,0,150,6.1500006,4.2279760614285715,48.97,119.0419,51.2,1173.14,891.25,9.698744327227473,-1.0195130531703853,-3.405769525678685,2.8582297150287785
2022-05-31,14.241668,8.6,18.95,3.7583323,402.1224579,418.0230595399555,-8.953380383558939,-6.947221256396574,1,5,0,151,4.366666,4.385714075714286,49.17,119.5547,299.7,792.87,891.25,-6.878354043106242,-16.37817473465816,-4.242746809955236,2.444944602258268
2022-06-01,13.977084,9.2,18.45,4.022916,409.96937746,417.7914034538045,11.974673106967792,-19.796699100772287,2,6,0,152,3.7583323,4.8205355,49.35,119.9754,217.7,723.84,891.25,-6.947221256396574,-19.547968183591138,-2.895467741632152,2.0470221977355436
2022-06-02,17.229166,9.15,23.95,0.77083397,406.06064971,417.55973771862017,-18.233032241477407,6.7339442328572545,3,6,0,153,4.022916,4.488095267142858,49.7,120.8351,86.8,936.14,891.25,-19.796699100772287,-17.713190415894587,-2.9310007298008878,1.3868399031995806
2022-06-03,18.379166,13.7,22.5,0.0,370.47641183999997,417.3280602520456,-64.07806900031134,17.22642058826574,4,6,0,154,0.77083397,3.621726124285715,50.13,121.8835,27.3,1092.36,891.25,6.7339442328572545,3.788928636591038,0.5614470771636613,1.5403257026645443
2022-06-04,19.110415,9.0,27.3,0.0,290.28858289,417.0963689658564,-111.66484948267592,-15.14293659318048,5,6,1,155,0.0,2.7241069814285717,50.66,123.1733,21.3,1273.11,891.25,17.22642058826574,17.330786743744966,2.4810887845457614,1.8340484312514378
2022-06-05,20.816666,15.8,25.1,0.0,272.57623317,416.8646617616917,81.21750686568572,-225.5059354573774,6,6,1,156,0.0,1.8455354671428574,51.36,124.8599,14.2,1691.23,891.25,-15.14293659318048,9.698744327227473,-2.1580145493007308,0.9225007058965767
2022-06-06,18.860418,12.95,23.45,0.0,285.96223650999997,416.63293656671624,-125.31034983429187,-5.360350222424415,0,6,0,157,0.0,1.2217260385714286,52.04,126.5183,17.6,1664.09,891.25,-225.5059354573774,-6.878354043106242,-35.75868308995857,-7.038136876303738
2022-06-07,19.818748,13.5,24.8,0.0,383.02915907,416.401191334962,3.311789876499223,-36.683822141461235,1,6,0,158,0.0,0.6848214242857144,52.71,128.1611,20.1,1644.67,891.25,-5.360350222424415,-6.947221256396574,-35.541825401289735,-7.721508267660704
2022-06-08,18.535416,15.85,21.0,0.0,388.59310271,416.1694240655602,-21.23484250357977,-6.341478851980412,2,6,0,159,0.0,0.11011913857142856,53.15,129.2283,67.0,1125.46,891.25,-36.683822141461235,-19.796699100772287,-39.78991124201326,-9.367996338066925
2022-06-09,19.239584,13.05,24.9,0.0,361.2934537,415.9376328380225,-59.01891582500669,4.374736686984136,3,6,0,160,0.0,0.0,53.41,129.8595,328.9,950.19,891.25,-6.341478851980412,6.7339442328572545,-37.86773692075728,-9.670476183779005
2022-06-10,21.824999,16.55,26.35,0.0,355.09484012,415.70581579853405,-49.943065031122536,-10.667910647411475,4,6,0,161,0.0,0.0,53.65,130.4405,365.4,937.72,891.25,4.374736686984136,17.22642058826574,-38.20476657016773,-9.313466965274785
2022-06-11,20.208334,14.5,25.6,0.0,306.47640264,415.47397115537945,-99.32377886650353,-9.673789648875925,5,6,1,162,0.0,0.0,54.03,131.3695,156.7,1076.25,891.25,-10.667910647411475,-15.14293659318048,-42.189671032407325,-8.7855080887219
2022-06-12,16.514585,13.0,20.7,1.4854145,304.20284040999996,415.2420972061697,-75.51356531681317,-35.52569147935657,6,6,1,163,0.0,0.21220207142857145,54.69,132.9774,13.6,1611.05,891.25,-9.673789648875925,-225.5059354573774,-41.40836432607811,-9.254586607356213
2022-06-13,14.789581,9.85,19.3,3.2104187,362.01298294,415.0101923619367,-38.241908438071896,-14.7553009838648,0,6,0,164,1.4854145,0.6708333142857142,55.38,134.6469,13.4,1672.88,891.25,-35.52569147935657,-5.360350222424415,-14.268329472075127,-11.406994717580602
2022-06-14,17.737501,8.4,24.65,0.26249886,422.6245467,414.7782551841843,39.602082781205226,-31.75579126538952,1,6,0,165,3.2104187,0.7083331514285715,55.71,135.4628,35.4,923.25,891.25,-14.7553009838648,-36.683822141461235,-15.61046529513804,-11.956599582318301
2022-06-15,18.68125,13.4,23.9,0.0,393.84830726999996,414.5462843932094,10.397714275372575,-31.095691398582005,2,6,0,166,0.26249886,0.7083331514285715,56.1,136.4037,185.4,895.06,891.25,-31.75579126538952,-6.341478851980412,-14.906460884270652,-12.3865139021762
2022-06-16,19.527084,12.15,24.9,0.0,315.5211228,414.3142788995409,-80.0305698502867,-18.76258624925424,3,6,0,167,0.0,0.7083331514285715,56.44,137.241,140.5,967.74,891.25,-31.095691398582005,4.374736686984136,-18.442776962356593,-13.290829678382922
2022-06-17,25.935417,17.15,34.0,0.0,308.34932914,414.08223782545383,-93.43119811199179,-12.30171057346206,4,6,0,168,0.0,0.7083331514285715,56.83,138.1849,98.5,1042.56,891.25,-18.76258624925424,-10.667910647411475,-21.748108810390647,-14.123421471846841
2022-06-18,25.416666,16.6,35.55,0.0,273.58029913999997,413.85016051200796,-122.0293827812476,-18.240478590760404,5,6,1,169,0.0,0.7083331514285715,57.16,139.1905,57.0,1085.84,891.25,-12.30171057346206,-9.673789648875925,-21.981508799826447,-14.946250741021975
2022-06-19,15.083332,12.95,17.1,2.916668,297.22340149,413.61804653239506,-84.95355291985432,-31.441092122540738,6,6,1,170,0.0,0.9127979371428572,57.7,140.5033,17.3,1359.61,891.25,-18.240478590760404,-35.52569147935657,-23.20532150580994,-15.837626737004856
2022-06-20,17.535418,11.25,23.55,0.46458244,384.69452297000004,413.385895724412,-18.690620084403157,-10.000752670008808,0,6,0,171,2.916668,0.5205356142857143,58.23,141.7791,23.0,1300.43,891.25,-31.441092122540738,-14.7553009838648,-22.621807311979108,-17.796738814496084
2022-06-21,20.262499,11.55,26.7,0.0,420.58811025,413.15370822502723,49.41159588275661,-41.977193857783845,1,6,0,172,0.46458244,0.48303577714285717,58.56,142.5711,60.6,860.91,891.25,-10.000752670008808,-31.75579126538952,-21.942586124285395,-18.42802961519767
2022-06-22,22.191666,13.4,29.55,0.0,467.24247575,412.92148448531447,77.24539688964063,-22.924405624955114,2,6,0,173,0.0,0.48303577714285717,58.88,143.3437,154.1,914.55,891.25,-41.977193857783845,-31.095691398582005,-23.402786494627442,-19.4786690775211
2022-06-23,25.056252,18.95,31.75,0.0,409.84568482,412.6892253220483,-9.05432371822429,6.210783216175969,3,6,0,174,0.0,0.48303577714285717,59.17,143.988,132.9,787.02,891.25,-22.924405624955114,-18.76258624925424,-22.235459955537888,-20.208832163247266
2022-06-24,22.320833,18.5,27.4,0.0,392.18795799000003,412.4569319290457,-34.02079851137034,13.751824572324665,4,6,0,175,0.0,0.48303577714285717,59.48,144.7443,77.1,854.07,891.25,6.210783216175969,-12.30171057346206,-18.667835746190715,-19.455866898219462
2022-06-25,23.877083,17.6,29.8,0.0,288.55714515999995,412.2246058595927,-106.09015842385868,-17.577302275734098,5,6,1,176,0.0,0.48303577714285717,59.74,145.3877,96.7,831.04,891.25,13.751824572324665,-18.240478590760404,-14.945902153935467,-18.3458738063556
2022-06-26,27.047918,20.6,34.4,0.0,323.42714845,411.99224904525687,-69.61376441926201,-18.951336175994868,6,6,1,177,0.0,0.06636892,60.12,146.3153,52.6,997.15,891.25,-17.577302275734098,-31.441092122540738,-14.85116268036028,-18.341344201683583
2022-06-27,21.370834,17.0,24.75,0.0,411.46247317,411.7598638681667,16.217238599992537,-16.514629298159207,0,6,0,178,0.0,0.0,60.46,147.1295,35.9,851.33,891.25,-18.951336175994868,-10.000752670008808,-13.066911830853728,-19.099353028769777
2022-06-28,20.90625,15.6,25.0,0.0,400.63601213,411.52745320490646,4.041521714220591,-14.932962789127089,1,6,0,179,0.0,0.0,60.66,147.6182,248.5,739.72,891.25,-16.514629298159207,-41.977193857783845,-13.997465634875214,-20.227533563499914
2022-06-29,22.052084,17.65,27.15,0.0,437.74988006,411.2950204549981,41.21724239293494,-14.762382787933063,2,6,0,180,0.0,0.0,60.83,148.0246,306.4,726.33,891.25,-14.932962789127089,-22.924405624955114,-10.134004053638535,-21.048590467378403
2022-06-30,20.487501,16.6,26.05,0.0,414.43953664,411.06256956904144,1.8931900383405385,1.4837770326179793,3,6,0,181,0.0,0.0,60.97,148.3596,303.1,654.6,891.25,-14.762382787933063,6.210783216175969,-8.968000791206814,-21.311391425539295
2022-07-01,19.602083,12.0,25.55,0.0,353.95991209000005,410.83010507189914,-91.1830581680168,34.312865186117676,4,7,0,182,0.0,0.0,61.16,148.8111,135.2,655.21,891.25,1.4837770326179793,13.751824572324665,-9.643287388857955,-21.03035814923881
2022-07-02,22.808334,15.25,28.8,0.0,287.93475725999997,410.5976320543837,-127.8996348681486,5.236760073764856,5,7,1,183,0.0,0.0,61.42,149.5624,125.9,821.42,891.25,34.312865186117676,-17.577302275734098,-6.70599587260181,-19.22670600634248
2022-07-03,21.510416,17.15,24.7,0.0,281.68529529,410.36515615543476,-109.71090697128115,-18.96895389415363,6,7,1,184,0.0,0.0,61.8,150.487,139.3,1072.27,891.25,5.236760073764856,-18.951336175994868,-3.4468441083876735,-19.27661214497889
2022-07-04,20.295832,14.55,24.75,0.0,338.5744388,410.1326836194141,-47.900752636273474,-23.65749218314062,0,7,0,185,0.0,0.0,62.21,151.4968,99.3,1111.58,891.25,-18.96895389415363,-16.514629298159207,-3.4493609252674964,-20.483124627726202
2022-07-05,17.65,14.65,20.15,0.35000038,326.82205142,409.9002213643836,-71.14942253559968,-11.92874740878392,1,7,0,186,0.0,0.05000005428571429,62.52,152.2711,91.8,874.79,891.25,-23.65749218314062,-14.932962789127089,-4.46976990883627,-20.766943147391544
2022-07-06,16.358334,13.7,20.9,1.6416664,316.10324526,409.6677770099968,-77.09174175536431,-16.472789994632535,2,7,0,187,0.35000038,0.28452382571428575,62.82,153.0061,69.7,818.18,891.25,-11.92874740878392,-14.762382787933063,-4.04059628307296,-13.647703545771758
2022-07-07,16.841667,12.75,19.7,1.1583328,312.60492959000004,409.4353588742424,-72.54267441049136,-24.287754873751,3,7,0,188,1.6416664,0.44999994000000004,63.09,153.6503,207.0,864.43,891.25,-16.472789994632535,1.4837770326179793,-4.284940169744313,-14.018118204845363
2022-07-08,16.375002,12.0,19.85,1.6249981,304.31290163,409.2029759826662,-98.3359430744338,-6.554131278232376,4,7,0,189,1.1583328,0.6821425257142858,63.34,154.2703,258.6,892.09,891.25,-24.287754873751,34.312865186117676,-7.966587584939881,-13.604915962588356
2022-07-09,16.1,12.9,19.6,1.8999996,276.06031969,408.9706380709624,-104.37341376465636,-28.53690461630606,5,7,1,190,1.6249981,0.9535710399999999,63.6,154.8952,150.7,786.89,891.25,-6.554131278232376,5.236760073764856,-13.804729936989888,-13.612004376796754
2022-07-10,17.339582,12.1,22.6,0.66041756,278.22976578,408.73835555531474,-126.66738227356699,-3.8412075017477605,6,7,1,191,1.8999996,1.0479164057142858,64.02,155.9081,59.2,1089.4,891.25,-28.53690461630606,-18.96895389415363,-18.62953917842859,-14.709059086906427
2022-07-11,19.75,11.35,27.1,0.0,409.54854175,408.54819243272163,9.906010402185371,-8.905661084906967,0,7,0,192,0.66041756,1.0479164057142858,64.46,157.0016,53.2,1162.67,891.25,-3.8412075017477605,-23.65749218314062,-16.468432550942037,-14.481502315384303
2022-07-12,21.981249,14.5,30.45,0.0,380.34621673000004,408.35886033933457,9.241478661895368,-37.2541222712299,1,7,0,193,0.0,0.9979163514285714,64.55,157.2084,298.6,515.93,891.25,-8.905661084906967,-11.92874740878392,-14.361028108337232,-14.455898029918671
2022-07-13,20.02083,15.35,24.8,0.0,371.25211718,408.1703635550299,3.1523489124524415,-40.07059528748232,2,7,0,194,0.0,0.7633925799999999,64.49,157.063,889.2,750.23,891.25,-37.2541222712299,-16.472789994632535,-17.978938802972372,-14.513512389647783
2022-07-14,16.777084,12.25,20.15,1.2229156,332.33717134000005,407.9827064329315,-52.33397035248993,-23.311564740441497,3,7,0,195,0.0,0.7726186942857142,64.49,157.0818,645.5,676.69,891.25,-40.07059528748232,-24.287754873751,-21.350053844808055,-15.3573555331017
2022-07-15,17.368752,14.05,21.65,0.6312485,329.47465676999997,407.79589368054076,-84.23923567882058,5.917998768279801,4,7,0,196,1.2229156,0.6306544657142856,64.54,157.2631,588.0,769.29,891.25,-23.311564740441497,-6.554131278232376,-21.210598111478127,-15.075881315603432
2022-07-16,17.164581,10.7,22.9,0.8354187,260.08262086,407.6099300610532,-119.82035888229755,-27.706950318755617,5,7,1,197,0.6312485,0.47857148,64.58,157.3704,658.5,774.46,891.25,5.917998768279801,-28.53690461630606,-19.428865247690673,-13.842091643374706
2022-07-17,21.831251,13.3,28.25,0.0,299.27192560000003,407.4248195600597,-81.18049705846738,-26.972396901592276,6,7,1,198,0.8354187,0.3842261142857143,64.78,157.8427,475.2,943.79,891.25,-27.706950318755617,-3.8412075017477605,-19.31030034804061,-14.140237112358085
2022-07-18,26.491663,16.0,34.9,0.0,446.26720715,407.2405657916288,45.96351129871822,-6.936869940347037,0,7,0,199,0.0,0.3842261142857143,65.03,158.449,362.0,971.54,891.25,-26.972396901592276,-8.905661084906967,-22.614755976589827,-14.629259989962426
2022-07-19,29.891668,21.0,37.65,0.0,399.53204836000003,407.0571723322881,20.622872020549593,-28.14799599283765,1,7,0,200,0.0,0.3842261142857143,65.02,158.4361,705.6,684.42,891.25,-6.936869940347037,-37.2541222712299,-22.33350009879555,-14.252473034948647
2022-07-20,24.756247,20.05,28.75,0.0,395.11281166000003,406.87464213931855,29.2176466750368,-40.97947715435532,2,7,0,201,0.0,0.3842261142857143,65.07,158.5677,663.7,795.62,891.25,-28.14799599283765,-40.07059528748232,-21.032624916168086,-14.142703163958544
2022-07-21,21.8125,19.2,24.35,0.0,453.51299352,406.6929779619171,56.87814710504054,-10.058131546957611,3,7,0,202,0.0,0.20952388571428568,65.2,158.8623,621.2,914.12,891.25,-40.97947715435532,-23.311564740441497,-21.162465182864228,-15.17532731343676
2022-07-22,19.362501,15.55,23.95,0.0,432.46986295,406.5121829204624,1.850835625655515,24.106844403882064,4,7,0,203,0.0,0.11934552857142856,65.28,159.0731,558.4,762.0,891.25,-10.058131546957611,5.917998768279801,-19.2691175837951,-14.111358569742553
2022-07-23,20.035418,11.55,27.25,0.0,317.09093273,406.33226055384483,-92.00363827650511,2.7623104526603015,5,7,1,204,0.0,0.0,65.49,159.5808,340.3,837.85,891.25,24.106844403882064,-27.706950318755617,-16.67071106442335,-12.54365023544798
2022-07-24,25.910416,18.3,35.05,0.0,305.64877996,406.1532143541193,-70.81442749354554,-29.690006900573735,6,7,1,205,0.0,0.0,65.86,160.4924,102.6,1000.38,891.25,2.7623104526603015,-26.972396901592276,-12.317959525649647,-12.658599327565168
2022-07-25,20.310415,17.65,24.35,0.0,305.63975722000004,405.9750472678084,-70.91706786266397,-29.41822218514443,0,7,0,206,0.0,0.0,66.33,161.6264,26.4,1147.88,891.25,-29.690006900573735,-6.936869940347037,-12.706189525504142,-14.106660376661782
2022-07-26,16.925,12.3,20.4,1.0750008,404.23135052,405.7977624773399,-15.608144450647474,14.041732493307563,1,7,0,207,0.0,0.15357154285714286,66.73,162.6168,52.0,1032.47,891.25,-29.41822218514443,-28.14799599283765,-15.917811274760911,-14.50135770697546
2022-07-27,16.945833,10.1,22.45,1.0541668,372.33641124,405.6213634008322,-51.11432210147301,17.829369940640845,2,7,0,208,1.0750008,0.30416679999999996,67.13,163.5893,69.1,1029.58,891.25,14.041732493307563,-40.97947715435532,-9.890707205311596,-13.401588751332046
2022-07-28,21.027082,14.3,27.7,0.0,350.55751754000005,405.445853499318,-75.6820494955122,20.793713536194275,3,7,0,209,1.0541668,0.30416679999999996,67.43,164.3193,230.1,951.04,891.25,17.829369940640845,-10.058131546957611,-1.4894433345978573,-12.256788776705378
2022-07-29,21.489584,17.6,26.1,0.0,360.58663989999997,405.27123565386296,-101.82453353824414,57.13993778438112,4,7,0,210,0.0,0.30416679999999996,67.77,165.1445,102.5,922.57,891.25,20.793713536194275,24.106844403882064,2.917963105852412,-11.065899565861333
2022-07-30,22.375,14.7,27.75,0.0,255.17214515999999,405.09751283458564,-129.26285107707233,-20.66251659751333,5,7,1,211,0.0,0.30416679999999996,68.1,165.9531,106.5,905.7,891.25,57.13993778438112,2.7623104526603015,7.636976445923706,-8.669155546784193
2022-07-31,21.427084,18.05,24.4,0.0,263.01803152,404.9246882430725,-124.46507929908721,-17.44157742398528,6,7,1,212,0.0,0.30416679999999996,68.53,166.9994,52.3,1085.9,891.25,-20.66251659751333,-29.690006900573735,4.290572581613186,-9.407365334455237
2022-08-01,21.202084,14.9,27.1,0.0,362.63360692000003,404.75276550301805,-90.59171766818186,48.47255908516382,0,8,0,213,0.0,0.30416679999999996,69.02,168.2027,22.8,1264.04,891.25,-17.44157742398528,-29.41822218514443,6.040348221125823,-11.132513421458668
2022-08-02,25.795835,17.15,33.0,0.0,301.56203993,404.5817485423947,-95.14869193960263,-7.8710166727919955,1,8,0,214,0.0,0.15059525714285713,69.42,169.153,108.3,1080.54,891.25,48.47255908516382,14.041732493307563,17.167602688312716,-9.691320121078702
2022-08-03,29.485415,20.2,37.1,0.0,329.37150816999997,404.41164115060246,-70.48891941135352,-4.551213569248944,2,8,0,215,0.0,0.0,69.91,170.3644,42.8,1246.77,891.25,-7.8710166727919955,17.829369940640845,14.037209950298493,-9.321388880366648
2022-08-04,24.312502,18.2,28.75,0.0,351.19156824000004,404.2424473586949,-56.31417761493161,3.2632984962367573,3,8,0,216,0.0,0.0,70.38,171.5055,58.2,1204.67,891.25,-4.551213569248944,20.793713536194275,10.839983734599953,-8.684512926570259
2022-08-05,17.954165,13.45,22.3,0.045835495,295.65842426999995,404.0741715847176,-94.27157457292678,-14.14417274179084,4,8,0,217,0.0,0.006547927857142857,70.83,172.5281,100.0,1133.2,891.25,3.2632984962367573,57.13993778438112,8.335638728891736,-8.178111396402903
2022-08-06,18.218748,11.15,23.55,0.0,252.24989127,403.9068183569958,-121.08576169001566,-30.571165396980177,5,8,1,218,0.045835495,0.006547927857142857,71.33,173.7554,180.7,1420.68,891.25,-14.14417274179084,-20.66251659751333,-1.8478056319899727,-8.10049082130818
2022-08-07,20.76875,13.65,26.65,0.0,250.7152661,403.7403924329231,-107.53767762721073,-45.48744870571238,6,8,1,219,0.0,0.006547927857142857,71.99,175.3546,29.1,1635.34,891.25,-30.571165396980177,-17.44157742398528,-3.263326889056665,-8.309937838749153
2022-08-08,21.637503,17.0,27.25,0.0,291.32316728999996,403.57489890260877,-100.31945706249118,-11.932274550117654,0,8,0,220,0.0,0.006547927857142857,72.64,176.9472,35.7,1640.04,891.25,-45.48744870571238,48.47255908516382,-7.269879929303394,-9.607715086331819
2022-08-09,21.927086,14.4,28.65,0.0,288.76800999,403.4103429386297,-104.67589137972996,-9.966441568899768,1,8,0,221,0.0,0.006547927857142857,73.18,178.2591,123.9,1439.75,891.25,-11.932274550117654,-7.8710166727919955,-15.899141877200748,-9.054227417458872
2022-08-10,23.5625,16.3,29.6,0.0,300.33639523,403.24672881463187,-103.76538928623428,0.8550557016023959,2,8,0,222,0.0,0.006547927857142857,73.76,179.6708,72.2,1495.36,891.25,-9.966441568899768,-4.551213569248944,-16.19848829093043,-9.25840188636394
2022-08-11,23.610415,15.65,29.65,0.0,333.28027355,403.08406021628275,-79.57744052615962,9.773653859876845,3,8,0,223,0.0,0.006547927857142857,74.39,181.193,56.5,1560.14,891.25,0.8550557016023959,3.2632984962367573,-15.426164109380238,-8.93304466014696
2022-08-12,22.62708,18.7,28.8,0.0,323.11273572000005,402.92234104043985,-84.18313507184304,4.373529751403225,4,8,0,224,0.0,0.0,74.93,182.5045,122.0,1438.23,891.25,9.773653859876845,-14.14417274179084,-14.49611334314594,-7.365452122443402
2022-08-13,25.454168,19.1,32.1,0.0,269.61978626999996,402.7615753685486,-112.67712904043265,-20.46466005811601,5,8,1,225,0.0,0.0,75.43,183.8896,82.8,1483.67,891.25,4.373529751403225,-30.571165396980177,-11.850727272689644,-5.883981287813884
2022-08-14,24.093752,19.6,29.5,0.0,241.11084942,402.6017666210166,-129.2308945427089,-32.26002265830772,6,8,1,226,0.0,0.0,76.11,185.5633,10.7,1695.51,891.25,-20.46466005811601,-45.48744870571238,-10.40694079570905,-5.789084465069702
2022-08-15,24.239584,17.7,29.25,0.0,362.70476566,402.44291781158506,-65.11808497820333,25.3799328266183,0,8,0,227,0.0,0.0,76.8,187.2277,14.2,1704.12,891.25,-32.26002265830772,-11.932274550117654,-8.517308503222669,-7.061685179289285
2022-08-16,25.82292,17.3,32.1,0.0,428.00925133,402.2850318647635,41.61873003127933,-15.894510566042811,1,8,0,228,0.0,0.0,77.31,188.6643,33.1,1480.78,891.25,25.3799328266183,-9.966441568899768,-3.1869931636889612,-5.292122407776821
2022-08-17,26.575003,21.2,32.4,0.0,438.20897247000005,402.1281112521444,52.385456579130555,-16.30459536127489,2,8,0,229,0.0,0.0,77.78,189.8245,114.1,1281.3,891.25,-15.894510566042811,0.8550557016023959,-4.033860163280825,-4.922859529925173
2022-08-18,22.012497,19.0,24.8,0.0,424.49361346,401.97215823262286,33.2320739240823,-10.710618696705183,3,8,0,230,0.0,0.0,78.19,190.8131,253.7,1253.33,891.25,-16.30459536127489,9.773653859876845,-6.485238886549008,-5.235117043956101
2022-08-19,19.841665,18.6,21.6,0.0,402.98859366000005,401.817174949095,-2.951771761912127,4.123190472817214,4,8,0,231,0.0,0.0,78.45,191.9972,205.7,1401.05,891.25,-10.710618696705183,4.373529751403225,-9.411563537489299,-4.653871134085019
2022-08-20,19.283335,15.7,23.35,0.0,252.78901455000002,401.66316319930365,-96.83198533681964,-52.04216331248398,5,8,1,232,0.0,0.0,78.91,193.1181,105.0,1236.45,891.25,4.123190472817214,-20.46466005811601,-9.447326291573015,-3.1504488798459342
2022-08-21,18.881248,14.3,22.75,0.0,307.04510551,401.51012472666343,-107.24303627916373,12.778017062500282,6,8,1,233,0.0,0.0,79.53,194.6458,59.5,1595.43,891.25,-52.04216331248398,-32.26002265830772,-13.958398185054152,-4.54991660536348
2022-08-22,20.045834,16.7,25.1,0.0,417.83485967,401.3580614743659,17.732885133779092,-1.2560869381449606,0,8,0,234,0.0,0.0,80.13,196.1198,68.5,1551.7,891.25,12.778017062500282,25.3799328266183,-7.524392510653009,-4.927544183409539
2022-08-23,20.983334,15.35,26.6,0.0,406.95342926999996,401.2069756293908,-95.01045691105868,100.75691055166783,1,8,0,235,0.0,0.0,80.65,197.3751,82.1,1328.14,891.25,-1.2560869381449606,-15.894510566042811,-11.329538191333475,-5.061490763103048
2022-08-24,22.577082,18.05,27.25,0.0,414.47068986,401.05686962287837,-99.99343657850866,113.40725681563026,2,8,0,236,0.0,0.0,81.07,198.4628,80.5,1159.2,891.25,100.75691055166783,-16.30459536127489,5.334950539768045,-0.7132601813616627
2022-08-25,22.049997,19.15,26.9,0.0,391.57092017,400.90774624792977,-104.63464037704848,95.29781429911873,3,8,0,237,0.0,0.0,81.28,199.4655,121.1,1119.32,891.25,113.40725681563026,-10.710618696705183,23.86521513646878,4.047589118664161
2022-08-26,20.360416,18.45,22.95,0.0,404.99591186000004,400.75960870893306,-67.69278252529732,71.92908567636431,4,8,0,238,0.0,0.0,81.78,200.69,81.7,1292.59,891.25,95.29781429911873,4.123190472817214,39.00927699301506,6.756125178857866
2022-08-27,18.849998,15.85,21.9,0.0,299.02575671000005,400.61246022554474,-91.52474083537112,-10.061962680173565,5,8,1,239,0.0,0.0,82.21,201.7372,62.1,1110.33,891.25,71.92908567636431,-52.04216331248398,48.69583345066464,8.559449036715314
2022-08-28,17.370832,12.8,21.65,0.62916756,240.03752806999998,400.466303047761,-116.95360943672274,-43.47516554103828,6,8,1,240,0.0,0.08988107999999999,82.75,203.0734,18.1,1354.23,891.25,-10.061962680173565,12.778017062500282,54.693004969566125,7.53092649616972
2022-08-29,17.018751,13.1,20.9,0.98124886,375.59419287000003,400.3211386047207,-52.737624382544745,28.01067864782408,0,8,0,241,0.62916756,0.23005948857142858,83.27,204.3458,23.0,1300.77,891.25,-43.47516554103828,-1.2560869381449606,46.65683602620347,4.17708971865574
2022-08-30,16.822916,12.35,21.3,1.177084,357.15311103999994,400.17696842023497,-54.618915925265895,11.595058545030838,1,8,0,242,0.98124886,0.39821434571428566,83.67,205.3014,68.7,1022.05,891.25,28.01067864782408,100.75691055166783,50.837802538484766,5.799529560166987
2022-08-31,15.993751,11.35,20.3,2.0062494,386.50770926999996,400.03379412323665,-48.404714369718945,34.87862951648225,2,8,0,243,1.177084,0.6848214028571429,84.04,206.198,155.6,1044.39,891.25,11.595058545030838,113.40725681563026,38.100395108965195,6.767417425800858
2022-09-01,16.002083,11.9,20.65,1.9979172,372.07855284,399.891617419018,-43.072113858688795,15.259049279670762,3,9,0,244,2.0062494,0.9702381457142858,84.27,206.7632,357.6,964.79,891.25,34.87862951648225,95.29781429911873,26.88201978051548,6.3142864401781384
2022-09-02,16.550001,11.7,21.3,1.4499989,281.84691053999995,399.75043964601673,-86.96226888493425,-30.94126022108253,4,9,0,245,1.9979172,1.1773808457142858,84.54,207.5135,329.9,909.87,891.25,15.259049279670762,71.92908567636431,15.447910492022913,7.085288638593564
2022-09-03,17.966665,13.55,23.25,0.033334732,221.58738397,399.61026213236823,-83.7176048591362,-94.30527330323207,5,9,1,246,1.4499989,1.1821429502857144,85.03,208.7187,38.7,1236.26,891.25,-30.94126022108253,-10.061962680173565,0.7521467923876506,6.205620416865778
2022-09-04,18.643747,14.35,23.9,0.0,243.95724156999998,399.47108636398053,-139.17477864684537,-16.339066147135156,6,9,1,247,0.033334732,1.0922618702857143,85.57,210.0365,20.8,1333.23,891.25,-94.30527330323207,-43.47516554103828,-11.282611868049278,2.9533346902168165
2022-09-05,18.141668,14.35,21.8,0.0,286.0470504,399.3329138936559,-89.29512350012266,-23.990739993533282,0,9,0,248,0.0,0.9520834617142857,86.11,211.3824,20.4,1350.02,891.25,-16.339066147135156,28.01067864782408,-7.406026240348832,2.8801715767053393
2022-09-06,19.041666,13.85,25.5,0.0,312.91138827,399.1957461496399,-42.35327793086079,-43.93107994877914,1,9,0,249,0.0,0.7839286045714287,86.51,212.3688,94.1,1074.0,891.25,-23.990739993533282,11.595058545030838,-14.834800331971312,3.0995190901535694
2022-09-07,17.093752,15.1,19.45,0.9062481,356.08242558,399.059584193201,-33.597781207635215,-9.379377405565776,2,9,0,250,0.0,0.6267855617142857,86.86,213.2099,157.0,988.15,891.25,-43.93107994877914,34.87862951648225,-22.767105831087026,3.1513980487180104
2022-09-08,16.695833,13.1,20.9,1.3041668,311.12069929,398.9244289679837,-75.92265415164256,-11.881075526341135,3,9,0,251,0.9062481,0.5276783617142857,86.96,213.4725,408.7,654.83,891.25,-9.379377405565776,15.259049279670762,-29.089678248522457,3.2364946202030733
2022-09-09,16.116667,11.85,21.25,1.8833332,294.14293675,398.7902807068285,-48.621801023458254,-56.025542933370275,4,9,0,252,1.3041668,0.5895832617142858,87.24,214.1617,98.3,777.46,891.25,-11.881075526341135,-30.94126022108253,-32.96683893509559,3.172673488288361
2022-09-10,15.420836,11.9,19.55,2.5791636,273.56191359,398.6571387678075,-42.845082557164986,-82.25014262064252,5,9,1,253,1.8833332,0.9532731,87.57,214.968,40.2,808.01,891.25,-56.025542933370275,-94.30527330323207,-36.55030789399383,1.276653533789272
2022-09-11,15.054166,9.65,20.2,2.9458342,299.80098402,398.5250016735306,-89.86890829188292,-8.855109361647692,6,9,1,254,2.5791636,1.3741065571428572,87.96,215.9161,17.5,952.2,891.25,-82.25014262064252,-16.339066147135156,-34.82814636790961,-1.790806348894707
2022-09-12,15.512501,12.15,19.8,2.4874992,348.18786687,398.3938670608348,-85.43730800185305,35.23130781101827,0,9,0,255,2.9458342,1.7294635857142855,88.33,216.8346,44.3,949.52,891.25,-8.855109361647692,-23.990739993533282,-33.75900968426855,-2.231760985996404
2022-09-13,14.868751,11.5,18.65,3.1312494,333.79021235000005,398.2637317305637,-26.311817627331134,-38.16170175323248,1,9,0,256,2.4874992,2.1767849285714287,88.5,217.2327,73.0,460.6,891.25,35.23130781101827,-43.93107994877914,-25.29871714076118,-0.3752287236919282
2022-09-14,14.35625,11.25,17.8,3.6437502,343.67028265,398.13459224218394,-52.854447876506086,-1.60986171567788,2,9,0,257,3.1312494,2.5678566571428574,88.73,217.6308,87.9,483.64,891.25,-38.16170175323248,-9.379377405565776,-24.474520255683085,-0.5719513601894202
2022-09-15,13.145833,9.45,16.5,4.854167,273.16554377,398.0064451914685,-66.26032582809718,-58.58057559337135,3,9,0,258,3.6437502,3.074999542857143,88.88,217.9985,96.3,446.56,891.25,-1.60986171567788,-11.881075526341135,-23.364589442841957,-1.4716111782659596
2022-09-16,12.035416,10.05,15.1,5.9645844,282.02703222,397.8792869299785,-67.12452709032554,-48.72772761965291,4,9,0,259,4.854167,3.6580354285714285,89.09,218.5197,13.2,521.65,891.25,-58.58057559337135,-56.025542933370275,-30.035946595274847,-2.894480012510244
2022-09-17,10.837501,8.65,14.35,7.1624994,254.31815106,397.7531142537897,-70.7888624317225,-72.64610076206719,5,9,1,260,5.9645844,4.312797685714286,89.4,219.264,25.8,765.31,891.25,-48.72772761965291,-82.25014262064252,-28.99340155045808,-3.9752510877895113
2022-09-18,10.681251,7.15,15.45,7.3187494,266.52206483000003,397.6279247249091,-118.59679334168476,-12.50906655322433,6,9,1,261,7.1624994,4.937499857142858,89.76,220.1675,10.6,908.01,891.25,-72.64610076206719,-8.855109361647692,-27.621395570661605,-6.039767156634912
2022-09-19,10.464583,7.2,14.8,7.5354166,303.64218118,397.50371651652506,-104.4317579337355,10.570222597210432,0,9,0,262,7.3187494,5.658630914285714,90.09,220.9553,23.9,812.36,891.25,-12.50906655322433,35.23130781101827,-28.143389455172553,-6.59417572416963
2022-09-20,10.466666,5.6,16.2,7.533334,412.85142825,397.38048838632534,-14.421579189305168,29.89251905297988,1,9,0,263,7.5354166,6.287500142857143,90.32,221.5249,42.3,605.17,891.25,10.570222597210432,-38.16170175323248,-31.666401628573674,-4.507096193846483
2022-09-21,10.708333,5.0,15.85,7.291667,394.88214867999994,397.2582392159135,-41.154227810608894,38.77813727469538,2,9,0,264,7.533334,6.808631114285715,90.44,221.8195,38.8,328.17,891.25,29.89251905297988,-1.60986171567788,-21.94437008482905,-3.9366127941638296
2022-09-22,10.437498,3.6,16.2,7.562502,358.80842176,397.1369676847269,-57.85760459327655,19.529058668549624,3,9,0,265,7.291667,7.195536114285714,90.56,222.1263,72.8,372.92,891.25,38.77813727469538,-58.58057559337135,-16.174655943347155,-2.6021386537358184
2022-09-23,12.114583,9.4,15.75,5.885417,372.97124439,397.016672174356,-77.40804680954982,53.362619025193794,4,9,0,266,7.562502,7.1842264857142855,90.67,222.4861,63.7,421.96,891.25,19.529058668549624,-48.72772761965291,-5.016136763072731,-5.309733716506425
2022-09-24,13.262498,10.55,17.25,4.737502,251.95665373,396.89735138022735,-103.42466858656333,-41.51602906366401,5,9,1,267,5.885417,6.837798285714285,90.81,222.8436,41.0,404.74,891.25,53.362619025193794,-72.64610076206719,9.56819847190537,-7.311221642854307
2022-09-25,12.497917,8.05,16.5,5.502083,245.06500483000002,396.77900454550553,-107.87964673844749,-43.83435297705802,6,9,1,268,4.737502,6.578274514285714,91.06,223.4604,55.7,705.78,891.25,-41.51602906366401,-12.50906655322433,14.015351571677254,-11.871683088280399
2022-09-26,10.966667,7.65,12.75,7.033333,258.34887847,396.6616311439692,-113.96358599967711,-24.34916667429212,0,9,0,269,5.502083,6.506548285714286,91.36,224.1891,55.6,800.07,891.25,-43.83435297705802,10.570222597210432,9.540310653986726,-15.73046437672781
2022-09-27,8.2875,6.45,12.05,9.7125,321.33322701,396.5452301694849,-72.06433771269792,-3.147665446787016,1,9,0,270,7.033333,6.817857714285714,91.47,224.4621,151.0,450.16,891.25,-24.34916667429212,29.89251905297988,4.551826472343505,-16.206704509865094
2022-09-28,8.831251,4.9,13.8,9.168749,370.40484599,396.42980069854565,-46.03248833358107,20.00753362503542,2,9,0,271,9.7125,7.086012285714285,91.54,224.6412,196.5,375.61,891.25,-3.147665446787016,38.77813727469538,-0.16819988476605172,-14.862454506723386
2022-09-29,9.414583,3.45,16.0,8.585417,374.17082926,396.3153418792311,-75.04328520197976,52.89877258274868,3,9,0,272,9.168749,7.232143000000001,91.32,224.7756,381.2,510.03,891.25,20.00753362503542,19.529058668549624,-2.8497146918603318,-15.129226007483007
2022-09-30,10.404167,7.55,13.4,7.595833,303.97126517000004,396.2018526143796,-79.38114694617937,-12.849440498200238,4,9,0,273,8.585417,7.476488142857143,91.4,224.9656,280.7,473.45,891.25,52.89877258274868,53.362619025193794,1.91738729588239,-13.75243553955908
2022-10-01,12.483334,10.05,16.05,5.5166664,246.91132962,396.08933148146775,-99.43843985748173,-49.73956200398601,5,10,1,274,7.595833,7.587797342857143,91.52,225.2683,106.6,471.68,891.25,-12.849440498200238,-41.51602906366401,-7.5414783503167575,-15.343371206715164
2022-10-02,12.475001,10.0,15.2,5.5249987,240.98782284,395.97777724966124,-95.9617719155381,-59.02818249412314,6,10,1,275,5.5166664,7.591071014285715,91.83,226.0237,29.4,802.19,891.25,-49.73956200398601,-43.83435297705802,-8.716268770362758,-17.509991582837056
2022-10-03,12.760417,10.7,17.1,5.239583,259.51840906,395.8671883809222,-102.42295751559647,-33.92582180532571,0,10,0,276,5.5249987,7.334821014285715,92.22,226.9994,3.7,947.99,891.25,-59.02818249412314,-24.34916667429212,-10.886815844229204,-18.44622232527174
2022-10-04,13.806251,9.3,18.95,4.1937494,272.69819405,395.75756332724495,-77.65151459931633,-45.40785467792864,1,10,0,277,5.239583,6.546428071428571,92.61,227.9614,4.0,873.66,891.25,-33.92582180532571,-3.147665446787016,-12.25490943437686,-16.4335739420082
2022-10-05,14.570834,9.65,17.45,3.4291658,246.31222275,395.6489008435508,-120.27685785238482,-29.059820241165994,2,10,0,278,4.1937494,5.726487614285714,92.83,228.4958,74.9,614.21,891.25,-45.40785467792864,20.00753362503542,-18.292079324539948,-17.402533559701315
2022-10-06,10.606249,5.25,17.2,7.393751,264.31764753,395.5411999017242,-63.64210338452117,-67.58144898720303,3,10,0,279,3.4291658,5.556249614285714,93.11,229.1729,25.1,711.54,891.25,-29.059820241165994,52.89877258274868,-25.301701305425865,-17.57150290128907
2022-10-07,11.15625,8.25,15.8,6.84375,267.8182562,395.43446000480213,-27.837114097624596,-99.77908970717755,4,10,0,280,7.393751,5.448809185714286,93.38,229.8419,90.6,771.06,891.25,-67.58144898720303,-12.849440498200238,-42.51316152970468,-18.3598485359032
2022-10-08,9.922916,5.1,15.4,8.077084,250.74124206,395.32868132773785,-6.060482795214727,-138.52695647252312,5,10,1,281,6.84375,5.814583128571428,93.68,230.5889,81.2,1119.12,891.25,-99.77908970717755,-49.73956200398601,-54.93168284527287,-21.373172279290255
2022-10-09,11.120833,6.15,16.9,6.8791666,244.43355304,395.2238644518219,-15.6581981705491,-135.1321132412728,6,10,1,282,8.077084,6.008035685714286,94.11,231.6548,54.3,1135.67,891.25,-138.52695647252312,-59.02818249412314,-67.61559634077817,-25.594701644162992
2022-10-10,10.974999,7.4,15.05,7.0250006,286.02447752999996,395.12001028900573,-61.52621921022383,-47.56931354878196,0,10,0,283,6.8791666,6.2630953428571425,94.47,232.5405,35.7,919.6,891.25,-135.1321132412728,-33.92582180532571,-78.48758644751385,-28.231587321093077
2022-10-11,9.570833,4.15,15.15,8.429167,403.83873167999997,395.0171200513924,-38.154979711134835,46.97659133974241,1,10,0,284,7.0250006,6.868155,94.71,233.1178,160.1,724.75,891.25,-47.56931354878196,-45.40785467792864,-80.436656696579,-27.075559685364393
2022-10-12,9.672916,4.65,16.45,8.327084,400.30915257,394.915194883352,-8.75387835615429,14.147836042802282,2,10,0,285,8.429167,7.567857599999999,94.87,233.512,78.8,761.57,891.25,46.97659133974241,-29.059820241165994,-67.23887869405458,-25.214502995318053
2022-10-13,11.320831,7.0,16.45,6.6791687,498.61911022000004,394.8142357461858,-20.241549532671073,124.04642400648538,3,10,0,286,8.327084,7.465774414285713,95.03,233.9178,203.8,613.9,891.25,14.147836042802282,-67.58144898720303,-61.066356367773395,-25.91728538759192
2022-10-14,14.166667,11.6,17.8,3.833333,376.89720329,394.71424360118306,-12.631244643063784,-5.185795668119283,4,10,0,287,6.6791687,7.035714842857144,95.12,234.2228,272.0,577.8,891.25,124.04642400648538,-99.77908970717755,-33.690945940103624,-20.510347862267988
2022-10-15,15.350001,11.7,20.0,2.6499987,260.17692796,394.6152193760834,-71.25773718146841,-63.18055423461499,5,10,1,288,3.833333,6.260416942857142,95.31,234.7064,116.8,627.17,891.25,-5.185795668119283,-138.52695647252312,-20.177618220238156,-20.629545660682705
2022-10-16,16.479166,10.4,23.85,1.520834,258.36920982,394.5171642875749,-19.400446278291835,-116.74750818928305,6,10,1,289,2.6499987,5.494940857142857,95.66,235.5644,16.9,899.29,891.25,-63.18055423461499,-135.1321132412728,-9.413846471965567,-20.782878282057496
2022-10-17,14.420833,10.85,16.4,3.5791674,354.28316091999994,394.42008007260785,-34.37431134515262,-5.762607807455254,0,10,0,290,1.520834,5.002678971428572,96.06,236.5504,28.6,1015.52,891.25,-116.74750818928305,-47.56931354878196,-6.787474321681316,-23.050204301045163
2022-10-18,10.872916,6.8,13.8,7.127084,401.8127758,394.3239686068717,-19.136474690663427,26.62528188379173,1,10,0,291,3.5791674,4.816667114285714,96.31,237.1716,118.2,697.46,891.25,-5.762607807455254,46.97659133974241,-0.8150877872060717,-20.82075453589143
2022-10-19,8.03125,3.6,13.4,9.96875,422.14540899,394.2288312677593,-16.020826253536917,43.93740397577767,2,10,0,292,7.127084,5.051190828571428,96.52,237.6688,89.5,587.73,891.25,26.62528188379173,14.147836042802282,-3.722417709484741,-19.516276254657562
2022-10-20,11.500001,8.0,15.35,6.499999,336.36696194,394.1346692211502,-69.95590692549658,12.188199644346412,3,10,0,293,9.96875,5.025595157142858,96.55,237.8189,283.0,436.12,891.25,43.93740397577767,124.04642400648538,0.533234852368886,-18.40403687537199
2022-10-21,13.818748,11.25,18.5,4.1812515,387.92225092,394.04148384310275,-59.7269372519044,53.607704328801674,4,10,0,294,6.499999,5.0752977999999995,96.79,237.9935,302.5,478.37,891.25,12.188199644346412,-5.185795668119283,-15.446511485079538,-18.99418085565977
2022-10-22,13.345834,8.75,18.05,4.654166,319.23671234000005,393.9492766654658,-72.25896707066312,-2.4535972548026166,5,10,1,295,4.1812515,5.361607414285714,96.86,238.1863,291.0,477.61,891.25,53.607704328801674,-63.18055423461499,-7.0474400569479725,-18.49986195385623
2022-10-23,15.341668,12.8,19.6,2.6583319,275.89782071,393.8580489860569,-56.991621249716054,-60.968607026340806,6,10,1,296,4.654166,5.524107114285714,97.21,239.0268,43.1,913.33,891.25,-2.4535972548026166,-116.74750818928305,1.6278395115966515,-19.232617151301305
2022-10-24,13.141666,9.1,16.15,4.8583336,312.09114277,393.767801532637,-75.89443510901975,-5.7822236536172795,0,10,0,297,2.6583319,5.706845142857142,97.56,239.8894,79.5,970.86,891.25,-60.968607026340806,-5.762607807455254,9.596253963445545,-23.04365801968579
2022-10-25,11.052082,6.25,16.95,6.947918,387.22972863,393.67853502002873,0.9868052344790543,-7.4356116245077715,1,10,0,298,4.8583336,5.6812499999999995,97.75,240.3763,88.2,545.68,891.25,-5.7822236536172795,26.62528188379173,9.593451699708112,-21.85253117268423
2022-10-26,13.4645815,9.45,19.35,4.5354185,364.7143392,393.590249539327,-5.337359133915096,-23.53855120541192,2,10,0,299,6.947918,4.905059785714285,97.79,240.474,387.7,480.49,891.25,-7.4356116245077715,43.93740397577767,4.72760976995104,-20.63923979426589
2022-10-27,16.331251,12.7,21.7,1.6687489,317.8194308,393.5029446628487,-49.49918612316342,-26.184327739685216,3,10,0,300,4.5354185,4.2148812,97.85,240.6348,293.2,454.91,891.25,-23.53855120541192,12.188199644346412,-4.91181239879033,-20.61221927863655
2022-10-28,16.010416,13.45,19.1,1.989584,315.53640991,393.4166202905104,-57.260103997588914,-20.620106382921563,4,10,0,301,1.6687489,3.901785842857142,97.99,240.982,215.9,567.15,891.25,-26.184327739685216,53.607704328801674,-10.393602025080563,-21.38010802173316
2022-10-29,14.889581,10.8,20.6,3.1104193,306.97911656,393.33127667319485,-64.93360600299606,-21.418554110198784,5,10,1,302,1.989584,3.6812505999999994,98.21,241.5334,93.0,659.06,891.25,-20.620106382921563,-2.4535972548026166,-20.99757498389817,-22.734362688665055
2022-10-30,13.04375,9.35,17.1,4.95625,324.81202745,393.2469138787852,-45.53980229809497,-22.895084130690236,6,10,1,303,3.1104193,4.009524614285714,98.55,242.3701,67.2,908.6,891.25,-21.418554110198784,-60.968607026340806,-23.70685453466905,-25.211606911763305
2022-10-31,12.741666,8.4,17.2,5.258334,345.40431311000003,393.1635319368055,-55.82559120459502,8.066372377789548,0,10,0,304,4.95625,4.066667528571428,98.84,243.077,93.1,800.36,891.25,-22.895084130690236,-5.7822236536172795,-18.267779835290394,-25.546461699512975
2022-11-01,10.10625,7.0,14.85,7.89375,272.00170452,393.08113067030575,-65.80943261011174,-55.26999354019404,1,11,0,305,5.258334,4.201786385714285,98.93,243.3064,236.6,475.85,891.25,8.066372377789548,-7.4356116245077715,-16.289408973660848,-23.619597220120454
2022-11-02,8.304166,4.35,12.35,9.695834,330.81423801,392.999709315617,12.263602041288753,-74.44907334690578,2,11,0,306,7.89375,4.9389886,99.21,243.9925,40.6,752.17,891.25,-55.26999354019404,-23.53855120541192,-23.122892104473173,-23.494324254989483
2022-11-03,9.291667,7.65,11.05,8.708333,343.13588014,392.91926686868214,65.29426650414865,-115.07765323283081,3,11,0,307,9.695834,5.944643471428571,99.32,244.2506,63.8,422.98,891.25,-74.44907334690578,-26.184327739685216,-30.395823838972294,-24.84509930637549
2022-11-04,8.239583,5.15,11.5,9.760417,369.12566661,392.8398026620527,10.160558499085315,-33.87469455113802,4,11,0,308,8.708333,7.054762471428572,99.29,244.1659,356.2,278.96,891.25,-115.07765323283081,-20.620106382921563,-43.09487033799309,-27.167425924872223
2022-11-05,6.8604164,4.25,11.1,11.139584,289.01556539,392.7613164821485,-37.6571979693917,-66.08855312275682,5,11,1,309,9.760417,8.201786,99.28,244.1537,272.1,271.22,891.25,-33.87469455113802,-21.418554110198784,-44.98838293345259,-27.32792173520463
2022-11-06,9.952083,6.65,13.9,8.047917,277.82478975,392.6838082962532,-59.61112453010349,-55.2478940161497,6,11,1,310,11.139584,8.643452714285713,99.4,244.4815,77.5,436.55,891.25,-66.08855312275682,-22.895084130690236,-51.36981136381802,-27.278158539723087
2022-11-07,11.575,8.9,15.65,6.425,298.68438129,392.6072783891591,-50.22441312151349,-43.69848397764565,0,11,0,311,8.047917,8.810119285714286,99.56,244.8666,79.0,464.04,891.25,-55.2478940161497,8.066372377789548,-55.99164134745509,-25.793785350022162
2022-11-08,12.493749,10.95,14.75,5.5062513,318.63643534000005,392.5317274117602,156.8612943901829,-230.75658646194304,1,11,0,312,6.425,8.469048042857143,99.57,244.894,211.3,242.29,891.25,-43.69848397764565,-55.26999354019404,-63.386620826802975,-22.632836266859574
2022-11-09,10.8083315,8.6,13.3,7.1916685,318.10605723000003,392.4571559856583,106.15968428606611,-180.51078304172438,2,11,0,313,5.5062513,8.111310114285713,99.58,245.0023,173.4,284.89,891.25,-230.75658646194304,-74.44907334690578,-88.45613410133855,-25.820318707548584
2022-11-10,9.529167,7.15,12.6,8.470833,318.95671161,392.3835643404979,129.0565599351462,-202.4834126656441,3,11,0,314,7.1916685,8.077381542857141,99.64,245.1347,142.6,280.76,891.25,-180.51078304172438,-115.07765323283081,-103.60780691488405,-30.251701023979997
2022-11-11,6.691666,2.8,11.95,11.308334,325.89219944999996,392.3109520016082,139.47829813744025,-205.89705068904848,4,11,0,315,8.470833,8.298512542857143,99.74,245.3956,55.3,322.01,891.25,-202.4834126656441,-33.87469455113802,-116.09434397671454,-38.56703449082622
2022-11-12,7.8458333,3.8,10.7,10.154167,318.65582324,392.2393179103323,42.59374122717239,-116.17723589750466,5,11,1,316,11.308334,8.157738685714286,99.77,245.4612,110.2,183.12,891.25,-205.89705068904848,-66.08855312275682,-140.6689662821303,-45.90186404855457
2022-11-13,6.9687486,4.95,10.85,11.031252,317.21117059000005,392.1686609722836,-2.3237870352867183,-72.63370334699681,6,11,1,317,10.154167,8.5839294,99.9,245.8462,14.5,409.91,891.25,-116.17723589750466,-55.2478940161497,-147.8244923928086,-53.90931937868758
2022-11-14,7.2208343,4.4,11.9,10.779165,393.17240115,392.0989801068332,-2.614686085450003,3.688107128616764,0,11,0,318,11.031252,9.205952971428571,100.04,246.1767,22.7,359.51,891.25,-72.63370334699681,-43.69848397764565,-150.30817944007245,-56.15758296798349
2022-11-15,5.802084,4.95,6.9,12.197916,345.87730922000003,392.03027448238333,118.17749442019596,-164.33045968257926,1,11,0,319,10.779165,10.161905071428572,99.97,246.0047,261.4,89.59,891.25,3.688107128616764,-230.75658646194304,-143.5386664248921,-53.9286275892091
2022-11-16,3.8916664,2.25,5.35,14.108334,364.35307821,391.96254315670774,141.8994257316529,-169.50889067836067,2,11,0,320,12.197916,11.150000142857143,99.96,245.9879,159.2,151.16,891.25,-164.33045968257926,-180.51078304172438,-134.04921974212584,-55.51472597231897
2022-11-17,-0.7270834,-4.45,2.15,18.727083,355.80894261000003,391.8957849736806,21.69709175188223,-57.78393411556277,3,11,0,321,14.108334,12.615178714285715,100.0,246.0869,97.4,203.18,891.25,-169.50889067836067,-202.4834126656441,-132.4775208330739,-60.97293540134915
2022-11-18,-2.14375,-6.15,1.8,20.14375,374.46386382,391.82999911254234,-9.968619093810048,-7.397516198732319,4,11,0,322,18.727083,13.877381,99.92,246.1018,57.9,78.57,891.25,-57.78393411556277,-205.89705068904848,-111.80616675449083,-63.786575934660966
2022-11-19,-1.2645831,-3.2,0.75,19.264584,325.12512444,391.7651848080454,10.512346626464435,-77.15240699450982,5,11,1,323,20.14375,15.178869142857142,99.81,245.8528,288.8,49.89,891.25,-7.397516198732319,-116.17723589750466,-83.44909039873139,-65.49773994047797
2022-11-20,-1.5124999,-3.25,0.8,19.5125,314.04972899,391.7013408574521,2.543475512670886,-80.19508738012303,6,11,1,324,19.264584,16.390476,99.69,245.5575,326.2,41.9,891.25,-77.15240699450982,-72.63370334699681,-77.87411484116069,-68.47576016177318
2022-11-21,-0.5145833,-3.35,2.45,18.514584,396.38293604,391.638465727417,51.4793329628757,-46.734862650292655,0,11,0,325,19.5125,17.49553585714286,99.56,245.25,334.8,47.88,891.25,-80.19508738012303,3.688107128616764,-78.95431256017874,-72.93585321873732
2022-11-22,1.8145834,-0.75,6.1,16.185417,361.65041150999997,391.5765573861629,133.89362966304108,-163.81977553920402,1,11,0,326,18.514584,18.065178857142858,99.38,244.814,611.3,59.17,891.25,-46.734862650292655,-164.33045968257926,-86.15759395716577,-74.41189539858699
2022-11-23,0.70208335,-2.45,4.3,17.297916,357.60676795999996,391.51561309042097,144.792908880767,-178.701754011188,2,11,0,327,16.185417,18.520833428571425,99.26,244.5175,370.5,80.06,891.25,-163.81977553920402,-169.50889067836067,-86.08463907954076,-77.84026768234912
2022-11-24,3.2729168,-0.05,6.3,14.727083,412.84270656,391.4556299612456,129.72662664750666,-108.3395500487523,3,11,0,328,17.297916,17.94940485714286,98.95,244.1421,456.3,93.53,891.25,-178.701754011188,-57.78393411556277,-87.39790526994466,-83.60425202760146
2022-11-25,6.5458336,5.9,8.25,11.454166,387.36406467,391.3966054358583,189.47010182212557,-193.50264258798387,4,11,0,329,14.727083,16.708035714285717,98.8,243.8681,311.5,45.95,891.25,-108.3395500487523,-7.397516198732319,-94.62013611754317,-86.96771664174295
2022-11-26,4.9458327,2.35,7.0,13.054167,298.73098701,391.33853683681235,148.9458286402413,-241.55337846705368,5,11,1,330,11.454166,15.820833285714286,98.74,243.7223,266.9,127.62,891.25,-193.50264258798387,-77.15240699450982,-121.20658274457911,-92.63318635449535
2022-11-27,3.8124998,2.85,4.95,14.1875,285.41439292,391.2814208805052,109.02095121365696,-214.88797917416215,6,11,1,331,13.054167,15.060119,98.83,243.9305,45.1,258.0,891.25,-241.55337846705368,-80.19508738012303,-144.69243581208536,-99.81215471207429
2022-11-28,3.8479164,2.65,5.1,14.152083,443.62563528,391.2252536232702,69.03211436720221,-16.63173271047242,0,11,0,332,14.1875,14.436904571428572,98.88,244.0585,52.8,189.88,891.25,-214.88797917416215,-46.734862650292655,-163.9342774969481,-106.28775047178233
2022-11-29,2.720833,-0.25,4.95,15.279167,531.47222645,391.1700303368652,147.55501903762342,-7.252822924488612,1,11,0,333,14.152083,14.307440285714287,98.59,243.3509,732.8,21.74,891.25,-16.63173271047242,-163.81977553920402,-159.63383036268806,-106.1281897584581
2022-11-30,0.043749988,-0.9,0.7,17.95625,546.21122215,391.1157455633986,47.996396960680784,107.09907962592064,2,11,0,334,15.279167,14.401488,98.24,242.4652,898.9,30.05,891.25,-7.252822924488612,-178.701754011188,-137.26712284630014,-105.60678105158472
2022-12-01,0.62083334,-1.05,1.9,17.379168,552.7366805,391.0623934179082,31.227754944664184,130.44653213742765,3,12,0,335,17.95625,14.780357285714286,98.0,241.873,673.6,91.64,891.25,107.09907962592064,-108.3395500487523,-96.4384323267132,-102.30569080998036
2022-12-02,-1.3875002,-1.95,-0.35,19.3875,476.08048648000005,391.00996833071787,106.54221437126897,-21.471696221986804,4,12,0,336,17.379168,15.913690714285712,97.62,240.9422,965.6,48.17,891.25,130.44653213742765,-193.50264258798387,-62.32613487154463,-96.11513995405963
2022-12-03,0.6916666,-0.5,2.1,17.308334,464.12895557999997,390.95846472349245,96.3158813558482,-23.145390499340692,5,12,1,337,19.3875,16.52142885714286,97.17,239.8284,1122.6,18.11,891.25,-21.471696221986804,-241.55337846705368,-37.750285390687914,-94.34922738322899
2022-12-04,1.6249999,0.15,3.2,16.375,425.59796195,390.90787675529356,120.20613864694636,-85.51605345223987,6,12,1,338,17.308334,16.83392885714286,96.96,239.3261,545.1,49.54,891.25,-23.145390499340692,-214.88797917416215,-6.549144252443199,-91.28481862544598
2022-12-05,1.9979168,1.65,2.8,16.002083,515.04373215,390.85819882402626,136.98077799374258,-12.795244667768827,0,12,0,339,16.375,17.09821457142857,96.75,238.8032,572.1,69.1,891.25,-85.51605345223987,-16.63173271047242,11.932559422117127,-93.00619725548272
2022-12-06,1.9333333,-0.5,3.55,16.066668,526.59017231,390.8094251341389,195.75038254470968,-59.96963536884863,1,12,0,340,16.002083,17.21071471428571,96.38,237.8959,935.1,47.8,891.25,-12.795244667768827,-7.252822924488612,12.480629142503355,-91.22975364031645
2022-12-07,0.98541665,-1.15,3.05,17.014584,495.67599791000004,390.76154973471176,111.85675133541903,-6.942303160130734,2,12,0,341,16.066668,17.076190999999998,95.95,236.8224,1112.7,18.32,891.25,-59.96963536884863,107.09907962592064,4.949655936166209,-91.38714501873976
2022-12-08,-0.825,-3.3,1.05,18.825,534.21817824,390.7145666721538,132.16694269697206,11.336668870874178,3,12,0,342,17.014584,17.282738428571427,95.52,235.7535,1099.6,66.84,891.25,-6.942303160130734,130.44653213742765,-11.341970176126845,-90.16193899148925
2022-12-09,-2.552083,-4.65,-0.8,20.552082,525.51111465,390.66847023219236,137.11513642824855,-2.272492010440942,4,12,0,343,18.825,17.449107285714284,95.03,234.5468,1221.1,30.79,891.25,11.336668870874178,-21.471696221986804,-28.357664928491626,-82.09216381372867
2022-12-10,-2.3124998,-4.2,-1.35,20.3125,473.87288825,390.62325483252494,132.89017872580382,-49.64054530832874,5,12,1,344,20.552082,17.878273857142855,94.49,233.2124,1333.6,38.39,891.25,-2.272492010440942,-23.145390499340692,-25.61492146969936,-76.15088744601923
2022-12-11,-1.7333336,-3.6,0.05,19.733334,486.32723701,390.578914879397,69.90925507900509,25.83906705159785,6,12,1,345,20.3125,18.358035857142855,94.0,232.0021,1237.1,38.0,891.25,-49.64054530832874,-85.51605345223987,-29.39994358526908,-71.05612520077538
2022-12-12,-2.7562501,-5.75,-1.5,20.75625,569.22622593,390.53544507906645,51.540386248790924,127.15039460214268,0,12,0,346,19.733334,19.03720257142857,93.47,230.6965,1318.1,29.01,891.25,25.83906705159785,-12.795244667768827,-13.492069227577977,-63.331587942753835
2022-12-13,-6.129167,-8.8,-2.2,24.129168,551.1437606600001,390.49284046638104,144.6498388345966,16.001081359022464,1,12,0,347,20.75625,20.188988285714288,92.42,228.1141,2583.5,19.93,891.25,127.15039460214268,-59.96963536884863,6.5001649538379525,-55.22066692609893
2022-12-14,-6.9895825,-10.5,-2.1,24.989582,569.32256067,390.4510960228118,168.02447429109762,10.846990356090657,2,12,0,348,24.129168,21.32827371428571,91.24,225.1903,2815.6,29.97,891.25,16.001081359022464,-6.942303160130734,17.353124486390964,-52.26617410256495
2022-12-15,-5.2500005,-9.1,-1.85,23.25,560.9312248199999,390.41020673895474,116.7905303394943,53.73048774155086,3,12,0,349,24.989582,21.96041657142857,90.2,222.6382,2520.8,23.7,891.25,10.846990356090657,11.336668870874178,19.89445213156545,-52.02754466164916
2022-12-16,-3.9791667,-6.45,-2.25,21.979166,552.82036551,390.37016798098216,108.06630331684391,54.383894212173914,4,12,0,350,23.25,22.164285714285715,89.18,220.1245,2520.6,25.18,891.25,53.73048774155086,-2.272492010440942,25.95071197023355,-44.75884641417815
2022-12-17,-5.9062505,-7.55,-2.55,23.90625,410.92812596,390.33097512273065,63.96017134290729,-43.36302050563796,5,12,1,351,21.979166,22.677678571428572,88.38,218.1419,1999.6,35.89,891.25,54.383894212173914,-49.64054530832874,34.0444814306071,-37.29575358449367
2022-12-18,-0.54375046,-4.85,3.15,18.54375,358.30899634,390.2926233345975,35.03268367407408,-67.01631066867157,6,12,1,352,23.90625,22.507738,87.92,217.0151,1200.6,89.79,891.25,-43.36302050563796,25.83906705159785,34.94127068813435,-36.815056464162836
2022-12-19,4.8145833,2.45,7.55,13.185417,398.47609021,390.25510778994146,6.747641942676172,1.4733404773823509,0,12,0,353,18.54375,21.426190428571427,87.58,216.1712,992.8,167.33,891.25,-67.01631066867157,127.15039460214268,21.676216728095863,-38.802349613160814
2022-12-20,5.5,4.25,6.75,12.5,367.78342643,390.2184236790397,120.50792059764635,-142.94291784668602,1,12,0,354,13.185417,19.764880714285713,87.27,215.3947,865.5,107.1,891.25,1.4733404773823509,16.001081359022464,3.7223518531301028,-36.18149136409774
2022-12-21,5.3958335,3.1,7.15,12.604166,309.36875800999996,390.18256628535187,199.21343851499017,-280.0272467903421,2,12,0,355,12.5,17.995535571428572,87.16,215.1198,424.3,181.71,891.25,-142.94291784668602,10.846990356090657,-18.983933747685395,-38.273085712983175
2022-12-22,4.604167,3.15,6.3,13.395833,279.15529860000004,390.1475311131743,48.9211393545379,-159.91337186771216,3,12,0,356,12.604166,16.587797428571427,87.26,215.3738,263.2,533.73,891.25,-280.0272467903421,53.73048774155086,-60.53739619717578,-46.04949851765149
2022-12-23,4.78125,3.5,7.2,13.21875,258.34672537,390.113314195051,-74.43973841093579,-57.3268504141152,4,12,0,357,13.395833,15.336309428571427,87.39,215.6934,249.2,573.14,891.25,-159.91337186771216,54.383894212173914,-91.05794756992766,-45.91928506193509
2022-12-24,6.1145825,4.85,7.95,11.885418,228.27585857,390.07991211208633,-90.64998285925306,-71.15407068283326,5,12,1,358,13.21875,13.619047714285713,87.55,216.0808,235.2,614.14,891.25,-57.3268504141152,-43.36302050563796,-107.01662537368324,-41.87345494203267
2022-12-25,8.866667,5.65,10.05,9.133333,216.90148958,390.04732199900866,-63.208983327788715,-109.93684909121993,6,12,1,359,11.885418,12.274702428571429,87.79,216.6888,45.3,946.97,891.25,-71.15407068283326,-67.01631066867157,-110.98677539899684,-40.633938963168696
2022-12-26,3.6062498,1.7,5.65,14.39375,217.31190178,390.0155411319317,-56.130168014259084,-116.57347133767263,0,12,0,360,9.133333,12.447321428571428,88.17,217.6148,44.3,966.54,891.25,-109.93684909121993,1.4733404773823509,-117.11828088793233,-37.848412513276564
2022-12-27,5.2937503,2.35,7.35,12.706249,248.60256525999998,389.9845671720872,-49.905225971877236,-91.47677594021002,1,12,0,361,14.39375,12.476785571428573,88.58,218.6323,33.8,1047.04,891.25,-116.57347133767263,-142.94291784668602,-133.98211114722588,-33.682415608963865
2022-12-28,8.977083,6.85,12.25,9.022917,245.11464315999999,389.95439753702044,-93.45247145860593,-51.38728291841454,2,12,0,362,12.706249,11.96517857142857,88.8,219.1666,183.6,718.6,891.25,-91.47677594021002,-280.0272467903421,-126.62980516058646,-29.568708834498793
2022-12-29,6.7250004,4.2,8.45,11.275,231.35392154,389.92502953117764,-60.370492657358675,-98.20061533381897,3,12,0,363,9.022917,11.66220242857143,89.02,219.7236,139.6,702.11,891.25,-51.38728291841454,-159.91337186771216,-93.96695317888255,-30.72722717476353
2022-12-30,13.256249,8.8,16.45,4.7437506,226.51888688999998,389.89646061255695,-112.12332741942363,-51.25424630313336,4,12,0,364,11.275,10.45148822857143,89.3,220.4184,117.0,910.29,891.25,-98.20061533381897,-57.3268504141152,-85.15084510261208,-33.758820255074546
2022-12-31,14.068752,10.95,15.8,3.9312477,205.96616647,389.86868861202333,-139.3948586166696,-44.507663525353735,5,12,1,365,4.7437506,9.315178185714286,89.59,221.1339,172.2,884.72,891.25,-51.25424630313336,-71.15407068283326,-84.28333022961468,-39.03726445270968
2023-01-01,12.033333,9.0,14.35,5.966667,221.46965106,389.8417114354045,-116.9306207979277,-51.441439577476785,6,1,1,1,3.9312477,8.862797328571428,90.03,222.2195,45.2,1115.27,891.25,-44.507663525353735,-109.93684909121993,-80.47670063568903,-44.86907097480239
2023-01-02,5.2,1.1,8.65,12.8,290.0044505,389.81552752341406,-88.33976153605397,-11.471315487360073,0,1,0,2,5.966667,8.635118757142857,90.48,223.2345,79.0,1067.72,870.55,-51.441439577476785,-116.57347133767263,-72.12021356229715,-45.8680624199854
2023-01-03,6.454167,3.2,10.25,11.545834,308.22179752,389.79013543767616,-50.79752570713829,-30.770812210537883,1,1,0,3,12.8,8.469345185714285,90.6,223.5196,120.4,540.38,870.55,-11.471315487360073,-91.47677594021002,-57.10561986939536,-45.478926586252705
2023-01-04,7.856251,5.25,9.55,10.143749,308.83389141,389.76553326717345,47.0776562772817,-128.00929813445515,2,1,0,4,11.545834,8.629464042857142,90.68,223.7199,282.0,435.3,870.55,-30.770812210537883,-51.38728291841454,-48.43333933658506,-43.6540852115293
2023-01-05,6.577084,3.95,10.0,11.422916,322.94629996,389.74171891905735,3.0274537599515265,-69.8228727190089,3,1,0,5,10.143749,8.6505949,90.72,223.8157,226.3,312.36,870.55,-128.00929813445515,-98.20061533381897,-59.379341510305146,-47.494553660418845
2023-01-06,6.820833,4.2,10.15,11.179167,299.37446902999994,389.71869078567437,136.44755295446544,-226.79177471013986,4,1,0,6,11.422916,9.5699401,90.77,223.9545,193.9,325.39,870.55,-69.8228727190089,-51.25424630313336,-55.32537827961799,-47.82299490542418
2023-01-07,6.829167,4.95,8.25,11.170834,275.50986422000005,389.6964478391187,100.51121579552554,-214.6977994146442,5,1,1,7,11.179167,10.604166714285713,90.93,224.3486,122.9,509.76,870.55,-226.79177471013986,-44.507663525353735,-80.4021680520475,-55.15131062375782
2023-01-08,5.5687504,4.05,8.0,12.43125,287.22539186,389.674988682252,73.49655902621241,-175.9461558484644,6,1,1,8,11.170834,11.52767857142857,91.06,224.6707,119.8,441.0,870.55,-214.6977994146442,-51.441439577476785,-104.7150446076604,-62.68579289994178
2023-01-09,5.0625005,3.1,7.4,12.9375,346.09574114,389.6543114841682,102.6191907026606,-146.17776104682883,0,1,0,9,12.43125,11.547321428571427,91.17,224.9258,130.8,377.66,870.55,-175.9461558484644,-11.471315487360073,-122.50143264637292,-68.47491502787588
2023-01-10,6.077084,3.1,7.95,11.922916,341.50233388,389.6344140110596,210.39916739355937,-258.531247524619,1,1,0,10,12.9375,11.601190285714285,91.08,224.7104,343.8,112.78,870.55,-146.17776104682883,-30.770812210537883,-141.7452105834399,-71.69282221915923
2023-01-11,7.802084,5.5,9.8,10.197916,348.46458845999996,389.6152939152706,209.53799349139146,-250.68869894666213,2,1,0,11,11.922916,11.60892842857143,90.98,224.4645,370.7,130.38,870.55,-258.531247524619,-128.00929813445515,-174.28241562830863,-81.17183270503311
2023-01-12,8.529166,6.75,10.05,9.470834,340.52908751,389.59694839388766,230.86752866334533,-279.93538954723294,3,1,0,12,10.197916,11.330059571428572,90.7,224.2625,292.8,92.51,870.55,-250.68869894666213,-69.8228727190089,-191.80804431576675,-93.76646915665994
2023-01-13,7.1416664,6.45,8.0,10.858334,374.41841081,389.57937407846094,152.04086523462794,-167.20182850308888,4,1,0,13,9.470834,11.284226285714285,90.61,224.0375,345.8,118.49,870.55,-279.93538954723294,-226.79177471013986,-221.82411814837022,-103.63101818686846
2023-01-14,7.0375004,5.35,9.1,10.9625,328.24328994,389.56256718483695,159.53875531161424,-220.85803255645118,5,1,1,14,10.858334,11.254464285714286,90.5,223.7579,397.2,114.95,870.55,-167.20182850308888,-214.6977994146442,-213.31126869022006,-109.56597881550778
2023-01-15,4.2083335,1.75,6.7,13.791666,321.17789701,389.5465235959015,163.42270939965167,-231.79133598555316,6,1,1,15,10.9625,11.448809428571428,90.44,223.6158,315.2,168.42,870.55,-220.85803255645118,-175.9461558484644,-214.19130199619252,-118.71892949210785
2023-01-16,2.685417,-2.3,4.2,15.314583,386.76932057,389.5312391049821,132.56010900178813,-135.32202753677024,0,1,0,16,13.791666,11.788392714285715,90.36,223.41,348.8,131.8,870.55,-231.79133598555316,-146.17776104682883,-222.16918487291946,-128.25810383203208
2023-01-17,-1.2270833,-4.1,1.75,19.227083,480.95121241000004,389.5167094729659,158.6306219798127,-67.19611904277855,1,1,0,17,15.314583,12.831845142857143,89.85,222.1528,1283.5,32.12,870.55,-135.32202753677024,-258.531247524619,-220.6183658000539,-131.32340406640316
2023-01-18,-1.1874999,-3.85,2.0,19.1875,515.05074752,389.502930592099,235.2025347866428,-109.65471785874183,2,1,0,18,19.227083,14.116071428571429,89.3,220.7806,1406.9,47.93,870.55,-67.19611904277855,-250.68869894666213,-193.28477601693388,-131.3293976788734
2023-01-19,-1.7562503,-4.1,1.85,19.75625,544.3444501,389.4898984298702,146.7095561162216,8.144995553908188,3,1,0,19,19.1875,15.58541657142857,88.68,219.251,1571.4,31.98,870.55,-109.65471785874183,-279.93538954723294,-173.13706443294527,-135.03366629007755
2023-01-20,0.5125,-3.25,3.05,17.4875,541.97182362,389.47760921854274,121.33227901742471,31.161935384032574,4,1,0,20,19.75625,16.532440285714284,87.92,217.3853,1892.4,27.89,870.55,8.144995553908188,-167.20182850308888,-131.98272370421083,-129.99740251005773
2023-01-21,1.1479167,0.75,1.8,16.852083,416.26920565,389.46605965344463,81.37557267910991,-54.57242668255452,5,1,1,21,17.4875,17.373809285714284,87.12,215.4106,1981.5,29.51,870.55,31.161935384032574,-220.85803255645118,-103.64504314890773,-119.62442977091192
2023-01-22,0.8395834,-0.8,2.55,17.160416,458.48285118,389.45524648195067,102.65392558898964,-33.62632089094029,6,1,1,22,16.852083,17.855059285714287,86.49,213.8469,1568.7,28.02,870.55,-54.57242668255452,-231.79133598555316,-79.88995659549394,-116.11306493140665
2023-01-23,-0.4895834,-3.05,2.0,18.489584,620.5117989500001,389.4451664326281,199.48714442371212,31.57948809365979,0,1,0,23,17.160416,18.308630857142855,85.81,212.1688,1659.5,23.44,870.55,-33.62632089094029,-135.32202753677024,-51.58066872483495,-115.32304728063414
2023-01-24,0.6333334,0.0,1.65,17.366667,632.28319448,389.43581609453724,233.507739760683,9.339638624779809,1,1,0,24,18.489584,18.042857142857144,84.83,209.7344,2556.1,15.85,870.55,31.57948809365979,-67.19611904277855,-27.737595063344948,-111.89859532141772
2023-01-25,-0.47291663,-1.15,0.25,18.472918,662.9603314,389.42719183210477,205.96636972997604,67.5667698379192,2,1,0,25,17.366667,17.940774,83.76,207.0987,2660.0,28.78,870.55,9.339638624779809,-109.65471785874183,-16.8039153965509,-107.92271239755107
2023-01-26,0.8979166,-1.9,3.05,17.102083,622.1484817,389.41929015631194,120.69309974000547,112.03609180368267,3,1,0,26,18.472918,17.561607285714285,82.78,204.6649,2466.2,42.51,870.55,67.5667698379192,8.144995553908188,8.513439988686391,-101.78470435836466
2023-01-27,-0.62916666,-2.85,1.8,18.629168,581.2574845,389.412108081314,175.40940828847616,16.435968130209915,4,1,0,27,17.102083,17.724702714285716,82.06,202.8968,2388.6,37.42,870.55,112.03609180368267,31.161935384032574,23.3550251672256,-95.00094210023491
2023-01-28,0.94791675,-2.2,2.45,17.052084,499.59339145999996,389.4056429735058,77.08556406420122,33.102184422292964,5,1,1,28,18.629168,17.753274285714287,81.04,200.3784,2533.2,29.79,870.55,16.435968130209915,-54.57242668255452,21.251315559536653,-92.74016706528076
2023-01-29,3.1291668,1.3,4.75,14.870833,449.36374573,389.3998921765588,56.13060189257945,3.8332516608617766,6,1,1,29,17.052084,17.426191,80.33,198.61,1798.5,55.35,870.55,33.102184422292964,-33.62632089094029,33.77626000308629,-88.36340707341036
2023-01-30,3.5,1.6,5.45,14.5,470.6901804,389.39485291705887,74.29614063474042,6.999186848200679,0,1,0,30,14.870833,16.85625042857143,79.75,197.1858,1453.7,68.16,870.55,3.8332516608617766,31.57948809365979,39.12762751048659,-86.5271571412772
2023-01-31,3.7145832,1.9,5.5,14.285417,486.55337841000005,389.39052294409777,109.87161429230817,-12.70875882640587,1,1,0,31,14.5,16.416071857142857,79.16,195.7184,1470.0,14.29,870.55,6.999186848200679,9.339638624779809,35.61615590399243,-84.81026212882537
2023-02-01,3.2895834,-1.8,5.75,14.710417,424.935091,389.3869003540401,70.69869091648339,-35.15050027052348,2,2,0,32,14.285417,15.878571714285714,78.73,196.4795,1494.2,34.53,870.55,-12.70875882640587,67.5667698379192,32.466384839537334,-83.51917277045635
2023-02-02,5.0916667,0.15,8.05,12.908333,432.41990893,389.3839835680062,73.2240265854158,-30.188101223421995,3,2,0,33,14.710417,15.279464571428573,78.28,195.3551,1202.9,72.19,870.55,-35.15050027052348,112.03609180368267,17.792489109759806,-84.30847892989512
2023-02-03,1.0854164,-4.6,3.65,16.914583,399.29026603,389.38177165796776,139.18277932320592,-129.27428495117368,4,2,0,34,12.908333,15.034523857142858,77.87,194.3262,1091.7,73.64,870.55,-30.188101223421995,16.435968130209915,-2.5252527512551444,-84.28905523032459
2023-02-04,-3.0500002,-5.65,1.25,21.05,387.21570363,389.3802644489231,56.01963031040535,-58.18419112932844,5,2,1,35,16.914583,15.605654714285714,77.67,193.8228,562.6,67.26,870.55,-129.27428495117368,33.102184422292964,-23.341003191452803,-84.33122145754855
2023-02-05,-2.8291667,-5.8,0.7,20.829166,380.70232670999997,389.3794625133991,16.350591223377673,-25.0277270267768,6,2,1,36,21.05,16.45684514285714,77.4,193.1387,698.5,48.86,870.55,-58.18419112932844,3.8332516608617766,-36.381913984541576,-83.9432654045592
2023-02-06,-3.7562504,-7.8,1.0,21.75625,596.11776531,389.3793667710494,89.34033747587917,117.39806106307145,0,2,0,37,20.829166,17.493452285714287,77.31,191.3835,790.9,34.46,870.55,-25.0277270267768,6.999186848200679,-40.50491093991851,-77.21779714844709
2023-02-07,-3.1479166,-6.1,1.45,21.147917,602.8973992,389.379978239927,113.99260433978023,99.52481662029277,1,2,0,38,21.75625,18.47380942857143,76.4,190.6592,1825.9,20.17,870.55,117.39806106307145,-12.70875882640587,-24.733643194936974,-66.14793513252324
2023-02-08,-1.9604163,-4.85,2.9,19.960417,514.84082138,389.3812975002448,97.96679159564793,27.492732284107262,2,2,0,39,21.147917,19.22380942857143,75.61,188.6905,2026.8,50.69,870.55,99.52481662029277,-35.15050027052348,-8.700275273980026,-56.96556938356467
2023-02-09,1.9499999,-2.55,5.9,16.05,531.22979508,389.3833247407941,68.09629744488757,73.75017289431838,3,2,0,40,19.960417,19.672618999999997,74.87,186.8261,1906.4,60.1,870.55,27.492732284107262,-30.188101223421995,0.2487579481100803,-51.176552939200135
2023-02-10,5.4874997,1.55,7.7,12.512501,468.73760820999996,389.38606005740206,130.74066082579873,-51.38911267320083,4,2,0,41,16.05,19.043750142857142,74.12,184.969,1915.7,76.16,870.55,73.75017289431838,-129.27428495117368,15.097082822072991,-40.10050559190222
2023-02-11,6.4583325,5.65,7.95,11.541668,384.95652253,389.38950341188234,134.49228958666345,-138.92527046854582,5,2,1,42,12.512501,17.685417,73.55,183.5439,1471.3,78.6,870.55,-51.38911267320083,-58.18419112932844,26.223536004640543,-33.45718604945351
2023-02-12,6.0770836,3.2,7.5,11.922916,422.73576826,389.3936540370882,53.429686656901495,-20.087572433989692,6,2,1,43,11.541668,16.413095571428574,73.28,182.8615,754.1,85.16,870.55,-138.92527046854582,-25.0277270267768,14.689096099038059,-28.756848746830602
2023-02-13,3.3395827,-0.45,6.95,14.660418,557.05800645,389.3985103285627,31.71375352502708,135.94574259641024,0,2,0,44,11.922916,15.399405285714284,73.09,182.3889,604.6,138.42,870.55,-20.087572433989692,117.39806106307145,15.394832469436219,-23.853040211193964
2023-02-14,1.2229166,-2.35,7.75,16.777084,548.92227827,389.4040702844022,138.39225021003267,21.125957775565098,1,2,0,45,14.660418,14.775000571428572,72.68,181.3627,1084.9,74.21,870.55,135.94574259641024,99.52481662029277,18.044501259913186,-11.959581039431919
2023-02-15,3.8104165,-1.1,10.1,14.189584,480.53838482,389.41033184098114,105.85166589450392,-14.723612915485091,2,2,0,46,16.777084,13.950595857142856,72.33,180.4852,896.3,26.6,870.55,21.125957775565098,27.492732284107262,6.844664282094949,-3.529004580727976
2023-02-16,8.397916,5.95,11.95,9.602084,398.44166925999997,389.4172927245712,29.933402410835164,-20.909025875406428,3,2,0,47,14.189584,13.029465,72.03,179.741,792.9,60.87,870.55,-14.723612915485091,73.75017289431838,0.8137578250103275,0.49094257331486235
2023-02-17,6.506249,4.95,9.9,11.493752,348.89483492,389.42495065404887,40.87194881787548,-81.40206455192435,4,2,0,48,9.602084,12.88392942857143,71.75,179.0608,727.0,52.89,870.55,-20.909025875406428,-51.38911267320083,-12.708984856378931,2.033845678893933
2023-02-18,4.1708336,0.85,6.85,13.829166,327.28764059,389.4333031046384,124.30912167543497,-186.45478419007335,5,2,1,49,11.493752,13.210714857142857,71.69,178.8927,390.3,217.85,870.55,-81.40206455192435,-138.92527046854582,-16.99654941048229,2.975600789121182
2023-02-19,6.525,1.85,9.5,11.475,340.35904102999996,389.4423469518736,7.706915167142016,-56.79022108901569,6,2,1,50,13.829166,13.146726857142855,71.75,179.0492,257.8,429.5,870.55,-186.45478419007335,-20.087572433989692,-23.786479942129084,-3.5110585356782025
2023-02-20,8.656249,5.4,11.1,9.343751,366.45370851,389.45207883824077,7.057474812516219,-30.055845140756958,0,2,0,51,11.475,12.387203,71.76,179.0737,253.7,273.39,870.55,-56.79022108901569,135.94574259641024,-29.029715464275654,-6.442797084779811
2023-02-21,6.7583327,3.8,9.9,11.241667,467.96523923,389.46249510661323,49.3648208250022,29.137923298384578,1,2,0,52,9.343751,11.596429142857144,71.67,178.8586,398.5,161.25,870.55,-30.055845140756958,21.125957775565098,-52.74422799815668,-5.625577700053226
2023-02-22,6.7104163,3.15,10.65,11.289583,482.94295101999995,389.4735917853435,63.20013894271069,30.26922029194577,2,2,0,53,11.241667,11.182143285714286,71.53,178.5026,494.2,131.98,870.55,29.137923298384578,-14.723612915485091,-51.59966149489676,-3.5334362270757302
2023-02-23,3.3395832,1.15,6.9,14.660417,492.8823381,389.48536470799326,85.20246691462783,18.194506477378923,3,2,0,54,11.289583,11.904762285714286,71.32,177.9845,629.4,108.15,870.55,30.26922029194577,-20.909025875406428,-45.1721138938352,-3.5771118204661976
2023-02-24,1.7666665,-0.55,3.7,16.233334,433.31410533999997,389.4978093780927,45.76953118942621,-1.9532352275189737,4,2,0,55,14.660417,12.581845428571429,71.19,177.6602,493.6,167.54,870.55,18.194506477378923,-81.40206455192435,-39.585894986294434,-3.2819495587128937
2023-02-25,-0.043750018,-3.15,2.95,18.04375,375.98053644,389.51092103946536,69.33865148877531,-82.8690360882407,5,2,1,56,16.233334,13.183928857142856,71.02,177.2368,540.1,118.96,870.55,-1.9532352275189737,-186.45478419007335,-28.2360622256651,-5.599283060894166
2023-02-26,0.10208323,-4.05,3.85,17.897917,394.96425625,389.5246948479391,51.76650686011639,-46.32694545805549,6,2,1,57,18.04375,14.101488428571429,70.88,176.8711,478.4,115.22,870.55,-82.8690360882407,-56.79022108901569,-13.438098211117579,-12.096120657291612
2023-02-27,0.26874998,-3.95,4.7,17.73125,540.8473436200001,389.53912639617727,149.1346330957893,2.1735841280334967,0,2,0,58,17.897917,15.299702571428572,70.65,176.2992,672.7,104.1,870.55,-46.32694545805549,-30.055845140756958,-11.943344549551837,-14.188217776900457
2023-02-28,0.035416678,-5.85,7.3,17.964582,521.91782575,389.55421141351457,106.08749998004005,26.27611435644542,1,2,0,59,17.73125,16.260119,69.97,175.288,1533.0,64.69,870.55,2.1735841280334967,29.137923298384578,-7.339140368296057,-15.21917112004244
2023-03-01,0.0041666725,-3.7,5.35,17.995832,506.92561237,389.5699457312051,122.03154855762651,-4.675881918831635,2,3,0,60,17.964582,17.218154571428574,69.37,173.7778,1540.9,69.07,870.55,26.27611435644542,30.26922029194577,-7.747970217144508,-14.47107569685632
2023-03-02,-0.06250006,-3.2,3.85,18.0625,497.48136804,389.58632534034444,127.1172957875444,-19.222253087888873,3,3,0,61,17.995832,17.70416642857143,68.78,172.2957,1536.5,30.8,870.55,-4.675881918831635,18.194506477378923,-12.740127675826995,-14.860244655757395
2023-03-03,3.3500001,0.3,6.05,14.65,490.67710768,389.6033463957437,87.30119066025101,13.772570624005311,4,3,0,62,18.0625,17.477975857142855,68.27,171.0288,1271.2,40.23,870.55,-19.222253087888873,-1.9532352275189737,-18.085379042293823,-15.077361131140163
2023-03-04,1.3229169,-1.05,3.9,16.677084,415.89241341,389.6210051225802,70.99926092962953,-44.72785264220971,5,3,1,63,14.65,17.282737857142855,67.81,169.8772,1176.4,63.08,870.55,13.772570624005311,-82.8690360882407,-15.838835349218925,-13.446592101322535
2023-03-05,0.99375004,-2.45,3.65,17.00625,437.43271358,389.6392976003263,54.884396528748425,-7.090980549074743,6,3,1,64,16.677084,17.15535685714286,67.57,169.2774,608.9,42.51,870.55,-44.72785264220971,-46.32694545805549,-10.390094856928783,-13.931250481948792
2023-03-06,1.1895832,-2.5,4.7,16.810417,499.08303637,389.6582199524131,82.36899826270525,27.05581815488165,0,3,0,65,17.00625,17.023809285714286,67.25,168.4745,809.7,21.27,870.55,-7.090980549074743,2.1735841280334967,-4.784957012788676,-9.858473668545495
2023-03-07,0.80833334,-2.0,3.55,17.191668,440.22919927,389.6777681710198,114.44396173572099,-63.892530636740844,1,3,0,66,16.810417,16.913393000000003,66.73,167.167,1317.6,22.45,870.55,27.05581815488165,26.27611435644542,-1.230352151810369,-7.0171400257384935
2023-03-08,0.8645833,0.25,2.0,17.135416,501.18669064,389.6979380940579,98.08991278489142,13.39883976105068,2,3,0,67,17.191668,16.790476428571427,66.07,165.5131,1668.7,29.12,870.55,-63.892530636740844,-4.675881918831635,-14.111587150836979,-8.312633479403962
2023-03-09,3.1437502,0.4,9.7,14.85625,470.65510465,389.71872572929925,50.49965475990559,30.436724160795166,3,3,0,68,17.135416,16.332440714285713,65.34,163.6934,1878.8,30.42,870.55,13.39883976105068,-19.222253087888873,-11.529484053710933,-11.77927418947132
2023-03-10,1.2895832,-0.45,3.35,16.710417,417.01652683,389.7401269863742,17.43773693491376,9.838662908712024,4,3,0,69,14.85625,16.626786000000003,64.86,162.475,1229.6,50.39,870.55,30.436724160795166,13.772570624005311,-4.43534444675607,-14.082210604787907
2023-03-11,1.8020835,-2.25,6.05,16.197916,412.86654236000004,389.7621378945729,5.742729498588601,17.361674966838564,5,3,1,70,16.710417,16.558333428571427,64.57,161.7527,728.9,31.57,870.55,9.838662908712024,-44.72785264220971,-4.99733126322654,-14.670679583967749
2023-03-12,9.9875,5.7,15.3,8.0125,378.74087892,389.78475450231736,-19.926740663008495,8.882865080691147,6,3,1,71,16.197916,15.273512,64.32,161.1358,673.9,68.06,870.55,17.361674966838564,-7.090980549074743,3.872601252351785,-16.55029618155041
2023-03-13,9.506251,2.5,13.65,8.493749,378.93767093,389.807973296143,-21.198363416194297,10.328061050051303,0,3,0,72,8.0125,14.085416571428569,64.15,160.7129,514.9,115.41,870.55,8.882865080691147,27.05581815488165,6.154579199461198,-14.541230256420675
2023-03-14,2.6041667,-0.6,6.45,15.395833,407.93064795,389.831791506938,73.22625600459833,-55.12739956153632,1,3,0,73,8.493749,13.828868714285715,64.14,160.6807,295.8,252.47,870.55,10.328061050051303,-63.892530636740844,3.764899613056863,-9.566119205800772
2023-03-15,2.9937503,-2.15,8.55,15.006249,471.24777176,389.8562067948355,103.19645268483625,-21.80488771967174,2,3,0,74,15.395833,13.524702,64.04,160.4223,372.0,121.99,870.55,-55.12739956153632,13.39883976105068,5.017061195228938,-10.734113443385661
2023-03-16,7.1041665,2.95,13.0,10.895834,386.41027899,389.88121699733523,15.518629521794834,-18.989567529130056,3,3,0,75,15.006249,12.958928285714284,63.8,159.8361,641.0,72.44,870.55,-21.80488771967174,30.436724160795166,-0.012042730588551162,-15.99246778725506
2023-03-17,10.208333,5.3,17.25,7.791667,351.24505937,389.90682034142424,56.438131255520425,-95.09989222694469,4,3,0,76,10.895834,11.684821142857142,63.63,159.3926,504.4,76.29,870.55,-18.989567529130056,9.838662908712024,-7.072941543435012,-17.329651964078227
2023-03-18,9.6375,4.9,15.3,8.3625,318.76999753999996,389.9330157144128,62.25809042185426,-133.42110859626712,5,3,1,77,7.791667,10.565476,63.58,159.2827,298.9,191.4,870.55,-95.09989222694469,17.361674966838564,-22.064163705671685,-20.00886127446022
2023-03-19,8.85,6.25,11.7,9.15,348.42584301,389.95980234350577,4.836814496654373,-46.37077383016015,6,3,1,78,8.3625,10.727976,63.77,159.7567,141.0,511.29,870.55,-133.42110859626712,8.882865080691147,-43.60456135754392,-23.75926403182224
2023-03-20,8.679167,6.35,11.05,9.320833,433.06345855,389.9871791846744,37.071973799373524,6.004305565952052,0,3,0,79,9.15,10.846130857142859,63.88,160.0289,131.2,403.85,870.55,-46.37077383016015,10.328061050051303,-51.4979383448084,-22.591554341096767
2023-03-21,11.400001,8.0,15.8,6.5999994,385.51627227,390.01514467000635,81.32377173100069,-85.82264413100705,1,3,0,80,9.320833,9.589583200000002,63.79,159.8124,237.8,104.3,870.55,6.004305565952052,-55.12739956153632,-52.11561769967972,-16.176251349229254
2023-03-22,11.78125,9.55,14.85,6.21875,752.74027533,390.04369672638836,72.58697977517856,290.10959882843315,2,3,0,81,6.5999994,8.3342262,63.8,159.8384,169.1,190.91,870.55,-85.82264413100705,-21.80488771967174,-56.50065263817554,-17.143998783962296
2023-03-23,11.78125,7.85,15.8,6.21875,345.34718261,390.0728331761438,61.42161833279465,-106.14726889893842,3,3,0,82,6.21875,7.666071342857143,63.89,160.042,187.7,380.65,870.55,290.10959882843315,-18.989567529130056,-11.941440274160552,-6.471817318322629
2023-03-24,8.962501,7.3,11.85,9.037499,353.95196416,390.1025522944908,35.95908413625694,-72.10967227074775,4,3,0,83,6.21875,7.844047342857143,64.04,160.4206,169.6,537.41,870.55,-106.14726889893842,-95.09989222694469,-24.39254046984746,-10.981323724900061
2023-03-25,7.8874993,4.95,10.8,10.112501,275.05676366999995,390.13285301588326,9.85267909884053,-124.92876844472386,5,3,1,84,9.037499,8.094047485714286,64.21,160.8431,141.6,557.71,870.55,-72.10967227074775,-133.42110859626712,-21.1082233332479,-14.393953476989847
2023-03-26,3.6041667,0.25,6.2,14.395833,309.94163889,390.1637348998966,-28.538995901620297,-51.683100108276335,6,3,1,85,10.112501,8.8434522,64.37,161.2513,160.3,557.95,870.55,-124.92876844472386,-46.37077383016015,-19.895031883027432,-19.164729307726603
2023-03-27,2.8187501,-0.8,6.95,15.18125,353.57181572,390.19519781217247,-8.03390209296054,-28.589479999211903,0,3,0,86,14.395833,9.680654628571428,64.43,161.4091,198.8,334.72,870.55,-51.683100108276335,6.004305565952052,-20.653935637044032,-20.82239147041852
2023-03-28,5.527083,0.1,10.5,12.472918,397.90395291000004,390.22724175860554,44.717337150212806,-37.040625998818314,1,3,0,87,15.18125,10.519643,64.25,160.9654,497.8,57.67,870.55,-28.589479999211903,-85.82264413100705,-25.595905003496025,-19.013072934117552
2023-03-29,10.658334,7.0,16.75,7.341666,395.75967217000004,390.25986662974793,46.31830495310005,-40.81849941284793,2,3,0,88,12.472918,10.680059571428572,64.09,160.543,512.7,64.41,870.55,-37.040625998818314,290.10959882843315,-18.627045270326203,-18.70352895214298
2023-03-30,9.712501,7.25,13.25,8.287499,362.92564689,390.29307222657474,35.65012426792958,-63.017549604504325,3,3,0,89,7.341666,10.975595142857143,64.04,160.4226,190.6,74.53,870.55,-40.81849941284793,-106.14726889893842,-65.9024878762235,-20.136598403505705
2023-03-31,7.4479175,3.05,9.25,10.552082,345.75843914999996,390.3268584578013,14.906886152469994,-59.47530546027133,4,3,0,90,8.287499,11.191964142857143,64.09,160.5456,77.8,216.46,870.55,-63.017549604504325,-72.10967227074775,-59.741099405590056,-23.113053868870686
2023-04-01,4.1000004,1.0,7.75,13.9,295.30455367,390.36122527027607,54.81123737681462,-149.86790897709068,5,4,1,91,10.552082,11.733035428571428,64.11,160.6135,112.4,282.45,870.55,-59.47530546027133,-124.92876844472386,-57.936189861236286,-24.939701320252016
2023-04-02,1.65,-1.35,3.8,16.35,350.29268531,390.39617256131044,-6.117954454421775,-33.98553279688866,6,4,1,92,13.9,12.012202142857143,64.42,161.1134,37.9,460.99,870.55,-149.86790897709068,-51.683100108276335,-61.49892422300297,-29.294556516558735
2023-04-03,1.6062499,-3.5,5.75,16.39375,429.415562,390.43169992014896,16.626140660648815,22.35772141920222,0,4,0,93,16.35,12.185416428571429,64.45,161.1839,186.5,261.53,870.55,-33.98553279688866,-28.589479999211903,-58.970700321376164,-30.886493297255203
2023-04-04,1.9791665,-2.8,7.2,16.020834,448.9055664,390.46780670208636,39.2367363066294,19.201023391284252,1,4,0,94,16.39375,12.692261571428572,64.35,160.8686,404.2,97.8,870.55,22.35772141920222,-37.040625998818314,-51.69252869017414,-28.650307495208143
2023-04-05,3.8687503,-2.95,9.75,14.131249,436.66796213,390.50449173220795,11.844953245065728,34.318517152726315,2,4,0,95,16.020834,13.662201999999999,64.13,160.3132,600.6,52.56,870.55,19.201023391284252,-40.81849941284793,-43.65800734873092,-27.773907363862843
2023-04-06,3.1812496,-1.05,5.6,14.81875,377.24935948,390.5417534638899,-21.869547577673334,8.577153593783464,3,4,0,96,14.131249,14.595237857142857,63.88,159.7984,628.2,92.87,870.55,34.318517152726315,-63.017549604504325,-32.92414783936317,-27.53181739726802
2023-04-07,7.2749996,3.75,11.55,10.725,340.97256979,390.5795905634447,-31.756642338426076,-17.850378435018627,4,4,0,97,14.81875,14.619940428571429,63.78,159.5402,332.1,92.32,870.55,8.577153593783464,-59.47530546027133,-22.69633309675063,-25.116161256250546
2023-04-08,6.247917,0.0,12.4,11.752083,339.02159466999996,390.6180019217922,-27.874803189830185,-23.72160406196207,5,4,1,98,10.725,14.313095142857142,63.76,159.4944,204.0,173.59,870.55,-17.850378435018627,-149.86790897709068,-16.74991495028596,-26.157801862786187
2023-04-09,8.85625,1.85,15.4,9.14375,303.52339376,390.6569865920146,-25.28743324236349,-61.846159589651165,6,4,1,99,11.752083,13.283630857142857,63.83,159.6689,105.6,311.47,870.55,-23.72160406196207,-33.98553279688866,1.2709857518752707,-27.96307947021143
2023-04-10,9.254168,4.85,12.15,8.745832,301.78821046,390.69654394391654,-20.32390613688043,-68.58442734703607,0,4,0,100,9.14375,12.191071142857144,64.06,160.2362,15.0,609.6,870.55,-61.846159589651165,22.35772141920222,-2.7091037899479438,-30.352573553490195
2023-04-11,7.668749,-0.15,14.55,10.331251,356.69006965,390.7366735317817,18.777982586287507,-52.82458646806924,1,4,0,101,8.745832,11.37827357142857,64.33,160.9091,9.7,689.25,870.55,-68.58442734703607,19.201023391284252,-15.700839327981985,-33.21744363061935
2023-04-12,9.170833,5.55,12.7,8.829167,369.68770311000003,390.7773747630801,-4.824968438016187,-16.26470321506389,2,4,0,102,10.331251,10.620833285714285,64.46,161.233,17.8,326.01,870.55,-52.82458646806924,34.318517152726315,-25.990212165032485,-35.2743586822447
2023-04-13,7.3812504,6.05,8.7,10.61875,378.39627017000004,390.81864712133194,-0.06861367794440687,-12.353763273387472,3,4,0,103,8.829167,10.020833285714286,64.51,161.3577,157.1,297.04,870.55,-16.26470321506389,8.577153593783464,-33.21638650328823,-36.160784157748544
2023-04-14,9.402083,7.05,11.15,8.597917,390.27216789,390.86049049159016,-22.58115915556599,21.99283655397585,4,4,0,104,10.61875,9.716964285714287,64.42,161.1541,315.9,106.31,870.55,-12.353763273387472,-17.850378435018627,-36.20651748431265,-34.73499628147691
2023-04-15,9.110416,7.65,10.6,8.889584,325.93340581,390.90290516624646,-53.373304410064065,-11.59619494618238,5,4,1,105,8.597917,9.308035857142857,64.43,161.1747,141.2,155.7,870.55,21.99283655397585,-23.72160406196207,-30.514629628742007,-33.275072139021994
2023-04-16,7.483334,4.45,11.15,10.516666,335.86732194,390.9458916613861,-55.850901369056466,0.7723316476703985,6,4,1,106,8.889584,9.504166714285715,64.52,161.3864,66.2,280.29,870.55,-11.59619494618238,-61.846159589651165,-28.782428326487768,-33.02862638625707
2023-04-17,8.091667,3.3,13.55,9.908333,385.27158997000004,390.9894502341648,-32.586878922500816,26.869018658336074,0,4,0,107,10.516666,9.670238285714287,64.56,161.4858,134.4,226.51,870.55,0.7723316476703985,-68.58442734703607,-19.83692957829897,-29.832885590436565
2023-04-18,6.554167,3.3,11.45,11.445833,361.76069174,391.03358086738825,-36.057583688757134,6.7846945613688945,1,4,0,108,9.908333,9.829464285714286,64.54,161.4434,184.6,139.38,870.55,26.869018658336074,-52.82458646806924,-6.200723006102952,-24.489881348616464
2023-04-19,9.129167,4.05,14.85,8.870833,357.4880389,391.0782833839796,-17.6087746333069,-15.981469850672738,2,4,0,109,11.445833,9.83541657142857,64.58,161.5358,72.3,153.61,870.55,6.7846945613688945,-16.26470321506389,2.314888569531068,-22.718032402232158
2023-04-20,12.939583,7.9,18.7,5.060417,370.84259937,391.12355756541945,-23.928856760298377,3.6478985648789717,3,4,0,110,8.870833,9.041369,64.62,161.6345,128.9,212.38,870.55,-15.981469850672738,-12.353763273387472,2.355350478729804,-23.45089158278632
2023-04-21,13.770833,7.0,20.65,4.229167,354.54741813,391.16940309687857,-35.45131076190815,-1.170674204970453,4,4,0,111,5.060417,8.417261857142858,64.61,161.6085,152.6,116.51,870.55,3.6478985648789717,21.99283655397585,4.641302169910724,-20.46854015959012
2023-04-22,13.116668,10.2,16.35,4.8833323,318.2085209,391.2158199056909,-57.27706528474047,-15.73023372095048,5,4,1,112,4.229167,7.844940185714286,64.68,161.7955,97.2,271.5,870.55,-1.170674204970453,-11.59619494618238,1.332229204346967,-30.17788259403691
2023-04-23,12.162499,8.1,15.9,5.8375006,315.25544738,391.26280842387575,-69.50813197780468,-6.499229066071052,6,4,1,113,4.8833323,7.176487985714287,65.05,162.7238,19.6,945.72,870.55,-15.73023372095048,0.7723316476703985,0.7416522365229525,-27.16398142143731
2023-04-24,8.139584,5.8,10.45,9.860416,360.62555276,391.31036924463143,-45.77685312588178,15.092036641250331,0,4,0,114,5.8375006,7.169642700000002,65.45,163.7254,23.1,1007.24,870.55,-6.499229066071052,26.869018658336074,-0.29714215115439757,-24.976966647948082
2023-04-25,6.3145833,2.4,9.75,11.685417,411.44521287,391.3585028613081,30.29468652204624,-10.207976513354367,1,4,0,115,9.860416,7.203868985714285,65.75,164.457,26.9,756.94,870.55,15.092036641250331,6.7846945613688945,-1.979568153595218,-20.309606478415613
2023-04-26,6.4624996,1.9,10.1,11.5375,414.32069551999996,391.407209250293,33.166572749156586,-10.253086479449621,2,4,0,116,11.685417,7.584821414285714,65.93,164.911,41.5,497.9,870.55,-10.207976513354367,-15.981469850672738,-4.407092592841399,-18.927102358584882
2023-04-27,9.2125,1.7,15.45,8.7875,393.56136670999996,391.45648838292686,9.843046416091822,-7.7381680890187,3,4,0,117,11.5375,8.117261842857143,65.86,164.7509,245.9,74.67,870.55,-10.253086479449621,3.6478985648789717,-3.588752111238096,-18.31588924125947
2023-04-28,11.237499,7.3,14.55,6.762501,369.86438961,391.5063408226102,-25.84505024505728,4.203099032447085,4,4,0,118,8.7875,8.4791667,65.91,164.8622,85.9,184.76,870.55,-7.7381680890187,-1.170674204970453,-5.215333061794906,-17.33914064426615
2023-04-29,8.400001,3.6,13.1,9.599999,306.46999218,391.5567675183985,-48.919087844509136,-36.16768749388933,5,4,1,119,6.762501,9.15297622857143,66.09,165.3186,24.3,528.99,870.55,4.203099032447085,-15.73023372095048,-4.4476511707352575,-15.83842069608965
2023-04-30,10.370833,2.8,17.35,7.6291666,279.50483248,391.60776962479395,-85.362568743922,-26.740368400871944,6,4,1,120,9.599999,9.408928514285716,66.44,166.2009,7.2,893.15,870.55,-36.16768749388933,-6.499229066071052,-7.367287424012237,-14.943425292402482
2023-05-01,10.64375,8.45,12.75,7.35625,255.66116326,391.6593486133124,-94.66937131951092,-41.32881403380145,0,5,0,121,7.6291666,9.051190514285715,66.83,167.1665,2.6,971.36,870.55,-26.740368400871944,15.092036641250331,-10.258878757555221,-13.852260723755837
2023-05-02,9.727084,4.1,14.85,8.272916,332.19776334000005,391.71150597881444,-57.477420453226685,-2.0363221855877214,1,5,0,122,7.35625,8.563690371428573,67.15,167.9701,7.8,816.83,870.55,-41.32881403380145,-10.207976513354367,-18.31900028256262,-10.234290892312861
2023-05-03,11.104167,3.3,17.15,6.895833,353.96635887,391.7642430728588,-26.644590211741942,-11.153293991116811,2,5,0,123,8.272916,7.900595085714286,67.27,168.2728,53.7,349.82,870.55,-2.0363221855877214,-10.253086479449621,-17.15162109288167,-9.169317205269497
2023-05-04,13.429166,8.55,18.5,4.570834,336.12467984000006,391.8175611560235,-17.787508607994084,-37.90537270802935,3,5,0,124,6.895833,7.298214228571429,67.37,168.5147,82.8,329.35,870.55,-11.153293991116811,-7.7381680890187,-17.280222165976983,-10.286351052280132
2023-05-05,9.422917,8.45,11.65,8.577083,338.72560153999996,391.87146184556985,-15.193823266087945,-37.95203703948198,4,5,0,125,4.570834,7.557440228571429,67.14,168.139,925.7,551.24,870.55,-37.90537270802935,4.203099032447085,-21.589822825835647,-12.189897588923918
2023-05-06,10.522917,6.1,15.0,7.477083,272.64371499000003,391.9259472830869,-26.612377966988095,-92.66985432609874,5,5,1,126,8.577083,7.254166514285714,67.4,168.7797,2.1,638.78,870.55,-37.95203703948198,-36.16768749388933,-27.611985121825512,-14.598916061997528
2023-05-07,10.925,5.3,16.6,7.075,265.30157419,391.9810197636435,-96.91811058819462,-29.761334985448855,6,5,1,127,7.477083,7.174999857142857,67.75,169.6552,12.0,909.62,870.55,-92.66985432609874,-26.740368400871944,-35.683723240712574,-17.9738163259936
2023-05-08,12.704166,7.35,18.0,5.2958336,311.24725402999997,392.0366819130838,-56.46736677192917,-24.322061111154653,0,5,0,128,7.075,6.880654657142857,68.12,170.588,13.0,958.8,870.55,-29.761334985448855,-41.32881403380145,-36.11528989565213,-18.370848211007942
2023-05-09,15.191666,9.5,21.5,2.8083344,310.74349815999994,392.09293647553653,8.878984606032054,-90.22842292156867,1,5,0,129,5.2958336,6.100000142857143,68.47,171.4598,31.5,880.27,870.55,-24.322061111154653,-2.0363221855877214,-33.68575376384545,-18.39086344598103
2023-05-10,16.027082,9.7,21.45,1.9729176,356.06299424,392.14978608955664,-27.219522094452948,-8.867269755103678,2,5,0,130,2.8083344,5.3967265142857155,68.63,171.8383,47.0,428.08,870.55,-90.22842292156867,-11.153293991116811,-46.28462529755701,-19.336938890378278
2023-05-11,16.727083,12.05,21.65,1.2729168,371.60901855000003,392.2072335137554,-36.63971590400769,16.04150094025232,3,5,0,131,1.9729176,4.925595485714285,68.77,172.1873,36.0,381.1,870.55,-8.867269755103678,-37.90537270802935,-45.958050406697986,-17.346366970647196
2023-05-12,16.029165,11.6,22.0,1.9708347,321.32154245,392.26528161732875,-58.06196350863997,-12.88177565868881,4,5,0,132,1.2729168,3.981845728571429,68.93,172.5741,26.8,414.39,870.55,16.04150094025232,-37.95203703948198,-38.25135417122918,-15.050830723703147
2023-05-13,15.450001,8.35,21.05,2.5499992,256.71939821,392.3239334306753,-85.18141564509992,-50.423119575575356,5,5,1,133,1.9708347,3.277976614285714,69.16,173.1628,11.1,778.13,870.55,-12.88177565868881,-92.66985432609874,-34.6698882596873,-14.938066471823978
2023-05-14,14.641666,8.2,19.95,3.3583336,297.01839451,392.3831921525202,-73.58497606688886,-21.77982157563133,6,5,1,134,2.5499992,2.7470242714285718,69.59,174.2352,26.2,1100.32,870.55,-50.423119575575356,-29.761334985448855,-28.634640438183958,-16.20704501523024
2023-05-15,12.529167,9.3,16.0,5.470833,327.72153498,392.44306104408463,-74.26053705191825,9.539010987833649,0,5,0,135,3.3583336,2.7720241857142858,70.04,175.3534,2.3,1121.93,870.55,-21.77982157563133,-24.322061111154653,-27.49442423678145,-17.66613361955048
2023-05-16,10.250001,6.15,15.0,7.749999,359.73029032,392.50354333327624,-19.2456525884265,-13.527600424849766,1,5,0,136,5.470833,3.477976271428571,70.32,176.0514,8.1,699.43,870.55,9.539010987833649,-90.22842292156867,-22.657128222640267,-16.96162675508328
2023-05-17,10.570833,4.45,15.25,7.429167,349.27622783,392.56464210535466,-17.501206501591454,-25.787207773763214,2,5,0,137,7.749999,4.257440471428572,70.52,176.7021,49.4,479.9,870.55,-13.527600424849766,-8.867269755103678,-11.699867865966139,-17.43829115750062
2023-05-18,13.1125,6.8,18.1,4.8875,287.36509033,392.6263606475134,-52.27188857896144,-52.98938173855203,3,5,0,138,7.429167,4.7738095,70.66,177.0498,316.3,651.52,870.55,-25.787207773763214,16.04150094025232,-14.117001868631787,-19.193498705237257
2023-05-19,14.679169,8.75,19.6,3.3208313,279.46437324,392.68870272072826,13.63107518702521,-126.85540466775348,4,5,0,139,4.8875,4.966666157142856,70.9,177.6699,22.2,688.01,870.55,-52.98938173855203,-12.88177565868881,-23.978556537032407,-21.185967915234627
2023-05-20,19.964582,13.7,26.2,0.0,254.08314258000001,392.7516723448279,-79.42900822496914,-59.23952153985874,5,5,1,140,3.3208313,4.602380557142857,71.22,178.4618,2.0,794.33,870.55,-126.85540466775348,-50.423119575575356,-40.26050353832736,-24.881765742470648
2023-05-21,20.410416,15.35,25.25,0.0,258.99736492,392.81527305117123,-110.24307975935537,-23.57482837181584,6,5,1,141,0.0,4.122618614285715,71.69,179.644,5.8,1188.37,870.55,-59.23952153985874,-21.77982157563133,-41.51998953322499,-26.978013079295238
2023-05-22,16.210417,13.0,22.4,1.7895832,318.10713717000004,392.87950832889186,-67.03349079848218,-7.73888036040961,0,5,0,142,0.0,3.5967257857142854,72.23,180.9878,0.2,1340.79,870.55,-23.57482837181584,9.539010987833649,-41.776419075537056,-27.724818218190087
2023-05-23,12.079166,9.6,15.4,5.9208336,323.81042625,392.94438169181626,-45.62737118389698,-23.506584257919314,1,5,0,143,1.7895832,3.335416442857143,72.48,181.6074,41.5,607.92,870.55,-7.73888036040961,-13.527600424849766,-44.24468926814324,-27.458439772838723
2023-05-24,14.337499,8.3,18.7,3.6625013,383.67875426999996,393.0098968880557,-26.957669573719453,17.626526955663678,2,5,0,144,5.9208336,2.797321342857143,72.68,182.121,67.9,588.71,870.55,-23.506584257919314,-25.787207773763214,-45.670258387153176,-28.025351612566997
2023-05-25,13.452083,6.9,18.7,4.5479174,336.5201308,393.0760578541183,-80.4865333151869,23.930606261068647,3,5,0,145,3.6625013,2.748809542857143,72.82,182.4761,78.8,432.85,870.55,17.626526955663678,-52.98938173855203,-39.46829628294933,-27.940868602086553
2023-05-26,13.799999,6.2,19.8,4.200001,313.76306069,393.1428683886045,-80.89886776157078,1.5190600629662754,4,5,0,146,4.5479174,2.8744052142857144,72.94,182.7819,97.7,404.53,870.55,23.930606261068647,-126.85540466775348,-28.47972656871781,-26.802915842939118
2023-05-27,16.175001,7.5,22.6,1.8249989,285.82474255,393.2103320961886,-89.82203360679065,-17.56355593939793,5,5,1,147,4.200001,3.1351193428571427,73.25,183.5432,28.8,794.63,870.55,1.5190600629662754,-59.23952153985874,-10.14051732147213,-26.410510958191928
2023-05-28,16.10625,10.65,21.05,1.8937492,233.18582254,393.2784525043674,-123.3708088630667,-36.72182110130069,6,5,1,148,1.8249989,3.4056549428571428,73.69,184.6518,5.8,965.63,870.55,-17.56355593939793,-23.57482837181584,-4.1868079499777275,-26.738023886537903
2023-05-29,15.462501,7.25,21.55,2.5374994,259.22842988,393.3472332390444,-85.45103525480305,-48.667768104241304,0,5,0,149,1.8937492,3.5125001142857144,74.02,185.475,14.9,1090.48,870.55,-36.72182110130069,-7.73888036040961,-6.0649497684755636,-28.102187890996156
2023-05-30,17.104166,8.7,24.05,0.89583397,361.11272801999996,393.4166779341675,-23.18616217691474,-9.117787737252797,1,5,0,150,2.5374994,2.794643024285714,74.32,186.2252,15.6,871.89,870.55,-48.667768104241304,-23.506584257919314,-11.911933731880092,-28.518857244674557
2023-05-31,16.704168,11.35,21.65,1.2958317,342.90252285,393.4867899535407,-38.20885535600757,-12.375411747533121,2,5,0,151,0.89583397,2.456547367142857,74.66,187.0818,13.3,636.13,870.55,-9.117787737252797,17.626526955663678,-9.856391371784875,-27.931437889220586
2023-06-01,14.608331,9.5,19.65,3.3916693,392.23155361,393.5575723254136,-21.32384137037556,19.997822654961965,3,6,0,152,1.2958317,2.291369067142857,74.99,187.3884,25.7,533.98,870.55,-12.375411747533121,23.930606261068647,-14.142382615098702,-26.966324479678306
2023-06-02,14.037499,7.05,19.55,3.9625006,334.63913608000007,393.62902811682847,-47.71049255442666,-11.279399482401743,4,6,0,153,3.3916693,2.2574404385714284,75.16,187.8107,43.6,465.92,870.55,19.997822654961965,1.5190600629662754,-14.704208844542515,-26.231852984993317
2023-06-03,16.270834,6.95,22.65,1.729166,287.29268552999997,393.70116039898596,-66.04996695658032,-40.358507912405685,5,6,1,154,3.9625006,2.2437500242857142,75.15,188.4882,24.6,497.28,870.55,-11.279399482401743,-17.56355593939793,-16.53256020816652,-26.236056501369482
2023-06-04,19.0,10.1,25.2,0.0,297.01859548000004,393.7739721826325,-110.76490674440036,14.009530041767903,6,6,1,155,1.729166,1.9732144242857141,75.43,189.1701,8.3,690.23,870.55,-40.358507912405685,-36.72182110130069,-19.788981918596196,-26.317827674848694
2023-06-05,19.56875,14.8,25.4,0.0,400.2047834,393.84746648163264,25.860981566122103,-19.50366464775476,0,6,0,156,0.0,1.6107145099999998,75.7,189.8525,23.6,688.83,870.55,14.009530041767903,-48.667768104241304,-12.54164604101497,-24.58577543880703
2023-06-06,22.131248,15.75,28.3,0.0,428.34827538,393.92164600053627,-117.86076006067012,152.2873894401339,1,6,0,157,0.0,1.4827382285714283,75.85,190.2449,33.4,431.14,870.55,-19.50366464775476,-9.117787737252797,-8.375345547231177,-22.1469024495289
2023-06-07,22.804167,16.1,28.25,0.0,400.36691168,393.9965128953956,-29.43906771761005,35.809466502214434,2,6,0,158,0.0,1.2976194142857143,75.97,190.5461,47.3,350.16,870.55,152.2873894401339,-12.375411747533121,14.682536906681207,-16.078611635342803
2023-06-08,22.204168,16.1,28.45,0.0,330.46970065,394.0720691502444,-51.60557203098478,-11.996796469259607,3,6,0,159,0.0,0.8130952285714287,76.04,190.7325,46.0,227.4,870.55,35.809466502214434,19.997822654961965,21.56609094235943,-14.074227381563837
2023-06-09,22.279165,15.3,28.85,0.0,304.9319205,394.14831680790496,-71.40822407177302,-17.808172236131952,4,6,0,160,0.0,0.2470237142857143,76.22,191.1828,4.8,461.64,870.55,-11.996796469259607,-11.279399482401743,16.995431067470633,-11.466506499820202
2023-06-10,21.485418,14.2,26.3,0.0,314.69154964,394.2252580338322,-73.16537606951185,-6.368332324320306,5,6,1,161,0.0,0.0,76.44,191.7343,9.5,560.57,870.55,-17.808172236131952,-40.358507912405685,16.062749245509174,-11.764536582521144
2023-06-11,21.085417,14.45,25.4,0.0,317.34486813,394.30289505453277,-71.93081319835925,-5.0272137261735,6,6,1,162,0.0,0.0,76.8,192.6374,6.9,909.45,870.55,-6.368332324320306,14.009530041767903,20.918488615235656,-12.511531024673564
2023-06-12,18.583332,12.3,23.6,0.0,355.19607494999997,394.38122982892685,-67.912501575282,28.727346696355085,0,6,0,163,0.0,0.0,77.16,193.5399,6.8,909.87,870.55,-5.0272137261735,-19.50366464775476,18.19895379124403,-12.24971229358972
2023-06-13,18.293749,11.3,23.65,0.0,341.39559886,394.460264058216,-55.46334931433111,2.398684116115078,1,6,0,164,0.0,0.0,77.38,194.0962,71.0,627.33,870.55,28.727346696355085,152.2873894401339,25.089098268974006,-9.611363417858707
2023-06-14,18.464584,14.45,22.8,0.0,416.13622748,394.53999949015633,-0.5285918857132459,22.12481987555691,2,6,0,165,0.0,0.0,77.64,194.7415,4.4,582.83,870.55,2.398684116115078,35.809466502214434,3.676426079828462,-8.805413228133826
2023-06-15,15.502084,13.45,19.85,2.4979162,428.17529366,394.62043799870133,-26.711298454104206,60.26615411540291,3,6,0,166,0.0,0.3568451714285715,77.81,195.1609,37.5,455.46,870.55,22.12481987555691,-11.996796469259607,1.7214765617345296,-8.385886265209717
2023-06-16,16.472918,11.75,20.8,1.5270824,383.68671658999995,394.70158164891564,-91.48770411445177,80.4728390555361,4,6,0,167,2.4979162,0.5749998,77.93,195.477,28.7,344.04,870.55,60.26615411540291,-17.808172236131952,12.044755216686317,-5.926094447201295
2023-06-17,19.164583,11.7,24.65,0.0,325.73771903999994,394.7834327995316,-89.19450475393937,20.148790994407705,5,6,1,168,1.5270824,0.5749998,78.11,195.9238,20.6,467.32,870.55,80.4728390555361,-6.368332324320306,26.08489968692461,-2.384092886224651
2023-06-18,20.92708,14.75,27.05,0.0,306.61671628,394.865993870726,-97.07134847955334,8.822070888827284,6,6,1,169,0.0,0.5749998,78.33,196.4765,93.9,646.65,870.55,20.148790994407705,-5.0272137261735,29.87306016102861,0.05384620487400677
2023-06-19,21.018751,16.15,25.4,0.0,429.96875094,394.9492672571964,-67.11181482299344,102.13129850579702,0,6,0,170,0.0,0.5749998,78.67,197.3132,6.2,842.92,870.55,8.822070888827284,28.727346696355085,31.85152939174301,4.576428723426699
2023-06-20,23.077085,18.7,27.75,0.0,475.47644823,395.03325518558034,-39.297233288617065,119.74042633303674,1,6,0,171,0.0,0.5749998,78.81,197.6774,21.1,385.24,870.55,102.13129850579702,2.398684116115078,42.33780822166329,9.955456058281891
2023-06-21,22.862501,17.65,27.2,0.0,444.34908843,395.1179595044221,16.3855989561102,32.84552996946769,2,6,0,172,0.0,0.5749998,78.91,197.9206,29.1,275.97,870.55,119.74042633303674,22.12481987555691,59.100914252652096,14.73263121511031
2023-06-22,18.097918,16.85,20.4,0.0,442.7480769,395.2033816620814,30.073294725318753,17.471400512599814,3,6,0,173,0.0,0.2181546285714286,78.96,198.0403,105.8,225.49,870.55,32.84552996946769,60.26615411540291,60.63244426606792,16.085444892772887
2023-06-23,19.218748,14.8,24.55,0.0,348.11632991,395.2895228104568,-44.843698956322285,-2.3294939441345264,4,6,0,174,0.0,0.0,78.96,198.0557,85.0,100.43,870.55,17.471400512599814,80.4728390555361,54.51890803709605,17.451377718456857
2023-06-24,21.360415,14.85,26.3,0.0,322.54465365,395.3763839546862,-52.40409582130122,-20.42763448338502,5,6,1,175,0.0,0.0,79.05,198.2859,18.9,249.1,870.55,-2.3294939441345264,20.148790994407705,42.690003322857386,16.786177021796917
2023-06-25,22.345833,17.85,29.25,0.0,315.31578536,395.4639660787853,-85.0246622940116,4.8764815752263075,6,6,1,176,0.0,0.0,79.35,199.0265,5.6,746.22,870.55,-20.42763448338502,8.822070888827284,36.893371111744145,15.307568996981795
2023-06-26,17.339584,14.4,20.45,0.66041565,350.10131951,395.55227018063925,-58.37988401472421,12.928933344084953,0,6,0,177,0.0,0.09434509285714286,79.63,199.7249,20.2,718.61,870.55,4.8764815752263075,102.13129850579702,36.32971549551543,15.419483047390463
2023-06-27,17.637499,12.9,22.05,0.36250114,390.84811186,395.6412970492272,-10.523057839079069,5.72987264985187,1,6,0,178,0.66041565,0.14613097,79.83,200.2198,38.9,533.79,870.55,12.928933344084953,119.74042633303674,23.586520472413707,16.435899356839894
2023-06-28,19.429165,11.85,24.8,0.0,488.54439519,395.73104708220666,-24.632811659839476,117.44615976763276,2,6,0,179,0.36250114,0.14613097,79.9,200.4089,38.2,227.56,870.55,5.72987264985187,32.84552996946769,7.299298517673013,17.850955815211645
2023-06-29,19.41667,16.7,21.55,0.0,472.14972892000003,395.82152063814436,-17.061909019239245,93.3901173010949,3,6,0,180,0.0,0.14613097,79.91,200.4393,72.3,102.72,870.55,117.44615976763276,17.471400512599814,19.385102774553737,23.388086744274116
2023-06-30,19.658335,15.15,23.75,0.0,361.39541833,395.9127182891499,-40.98225157659174,6.464951617441841,4,6,0,181,0.0,0.14613097,79.94,200.5013,56.7,118.75,870.55,93.3901173010949,-2.3294939441345264,30.23063374433875,26.805016912219042
2023-07-01,18.460417,15.85,21.7,0.0,262.67286768,396.00464049588624,-82.79791888096543,-50.533853934920785,5,7,1,182,0.0,0.14613097,80.04,200.7565,21.7,276.85,870.55,6.464951617441841,-20.42763448338502,31.48698311027823,27.43302902438487
2023-07-02,17.897917,14.45,21.4,0.102083206,286.75347714,396.09728756198024,-88.22023055325823,-21.123579868722004,6,7,1,183,0.0,0.16071428514285716,80.4,201.6252,23.9,901.99,870.55,-50.533853934920785,4.8764815752263075,27.186094617201693,25.081973138055442
2023-07-03,18.39375,14.3,22.25,0.0,320.22949982,396.19065985117993,-88.79847825469889,12.837318223518992,0,7,0,184,0.102083206,0.06636919228571428,80.74,202.477,23.4,878.59,870.55,-21.123579868722004,12.928933344084953,23.47180012520908,24.75383379184477
2023-07-04,18.627085,12.95,24.7,0.0,371.32656106,396.2847572814021,-45.58168566211151,20.62348944070942,1,7,0,185,0.0,0.014583315142857142,81.02,203.1663,17.5,695.63,870.55,12.837318223518992,5.72987264985187,23.458712250842513,26.52702799637559
2023-07-05,18.18125,13.6,22.25,0.0,316.55768882,396.3795789680301,-81.95610229677628,2.134212148746201,2,7,0,186,0.0,0.014583315142857142,81.06,203.4614,22.2,316.52,870.55,20.62348944070942,117.44615976763276,25.58637179239359,26.74749330967364
2023-07-06,20.158333,11.0,27.4,0.0,418.06045665,396.4751236024146,-97.69440852224892,119.27974156983424,3,7,0,187,0.0,0.014583315142857142,81.27,203.9934,8.4,540.36,870.55,2.134212148746201,93.3901173010949,9.113236418266938,27.468755869557004
2023-07-07,23.233332,14.75,30.05,0.0,344.75218414999995,396.5713901617496,-90.24058795420075,38.42138194245109,4,7,0,188,0.0,0.014583315142857142,81.42,204.3586,5.6,370.82,870.55,119.27974156983424,6.464951617441841,12.811754170943987,26.368500940547015
2023-07-08,24.949999,16.5,31.55,0.0,299.48828225,396.6683779327887,-101.95197007364457,4.771874390855885,5,7,1,189,0.0,0.014583315142857142,81.67,204.979,3.0,623.41,870.55,38.42138194245109,-50.533853934920785,17.376958503088165,26.455564788554906
2023-07-09,24.043749,19.2,30.85,0.0,322.65418876999996,396.7660860228559,-89.91926078441148,15.807363531555552,6,7,1,190,0.0,0.0,82.03,205.8815,0.3,916.14,870.55,4.771874390855885,-21.123579868722004,25.277776835341975,27.014520483892092
2023-07-10,23.389587,16.2,29.6,0.0,436.29688357000003,396.86451345135873,-110.62921462963965,150.06158474828095,0,7,0,191,0.0,0.0,82.36,206.7314,5.1,848.3,870.55,15.807363531555552,12.837318223518992,30.553625892524483,28.135038342815008
2023-07-11,24.722916,21.05,27.6,0.0,388.66515705,396.96365937946507,-18.04956377170727,9.75106144224219,1,7,0,192,0.0,0.0,82.8,207.1539,20.3,423.97,870.55,150.06158474828095,20.62348944070942,50.15709253891905,33.34936891190171
2023-07-12,20.8875,15.65,25.55,0.0,397.38773336,397.063522831322,-22.889137998553252,23.21334852723129,2,7,0,193,0.0,0.0,82.94,207.5016,13.8,361.52,870.55,9.75106144224219,2.134212148746201,48.60388853913802,33.84197808418224
2023-07-13,20.675003,13.8,25.85,0.0,401.08550891000004,397.1641028775958,-35.11616598539618,39.037572017800414,3,7,0,194,0.0,0.0,83.09,207.8737,11.6,391.37,870.55,23.21334852723129,119.27974156983424,51.615193736064455,33.658178145211444
2023-07-14,26.539583,17.95,34.5,0.0,366.1392885,397.26539893410023,-76.73683689036584,45.61072645626564,4,7,0,195,0.0,0.0,83.24,208.2805,9.1,410.69,870.55,39.037572017800414,38.42138194245109,40.152026657202484,34.879474408600956
2023-07-15,24.293753,20.6,28.65,0.0,283.86365892,397.3674103207288,-96.83854355497436,-16.66520784575448,5,7,1,196,0.0,0.0,83.47,208.8425,8.3,570.33,870.55,45.61072645626564,4.771874390855885,41.179075873461706,35.66233796129125
2023-07-16,21.558334,15.45,26.35,0.0,308.68661098,397.470136387347,-104.53853180049529,15.755006393148278,6,7,1,197,0.0,0.0,83.85,209.8017,4.8,991.77,870.55,-16.66520784575448,15.807363531555552,38.11663555394593,33.097959229252666
2023-07-17,19.516666,13.55,24.3,0.0,352.10825490999997,397.57357686689625,-75.07143753708924,29.606115580192977,0,7,0,198,0.0,0.0,84.25,210.8091,5.7,1009.26,870.55,15.755006393148278,150.06158474828095,38.1091559627449,30.94069814050641
2023-07-18,19.814585,13.3,25.25,0.0,407.75941343,397.6777312775653,8.587287653523326,1.4943944989113902,1,7,0,199,0.0,0.0,84.49,211.3989,11.8,622.97,870.55,29.606115580192977,9.75106144224219,20.901231795875187,31.25594229336592
2023-07-19,17.845833,14.05,22.15,0.15416718,414.30156004,397.78259861007837,-1.9609441668522778,18.47990559677396,2,7,0,200,0.0,0.022023882857142855,84.67,211.842,4.2,445.99,870.55,1.4943944989113902,23.21334852723129,19.72170794682793,31.011686413702055
2023-07-20,17.025,11.55,21.05,0.9750004,412.84344152,397.8881774586322,-20.516307706874468,35.471571768242256,3,7,0,201,0.15416718,0.16130965428571428,84.82,212.2197,27.3,406.77,870.55,18.47990559677396,39.037572017800414,19.045501813905453,28.22330665006795
2023-07-21,17.479168,12.95,21.65,0.52083206,411.67837942,397.9944661440871,-13.00472340126451,26.688636677177442,4,7,0,202,0.9750004,0.23571423428571428,84.9,212.5255,18.0,308.23,870.55,35.471571768242256,45.61072645626564,18.536073206825716,25.41434483124147
2023-07-22,20.614584,15.75,27.75,0.0,286.0277322,398.10146255080474,-43.24421963176411,-68.82951071904063,5,7,1,203,0.52083206,0.23571423428571428,85.06,212.9313,9.1,417.14,870.55,26.688636677177442,-16.66520784575448,15.832917524098832,25.20911505483179
2023-07-23,20.977083,17.3,27.5,0.0,269.67917269,398.209164065358,-101.51614589193107,-27.013845483426962,6,7,1,204,0.0,0.23571423428571428,85.42,213.8251,12.3,934.14,870.55,-68.82951071904063,15.755006393148278,8.380874256486525,22.33241801377711
2023-07-24,18.30625,14.75,21.85,0.0,352.91533998,398.3175680497059,-72.05298371775783,26.65075564805187,0,7,0,205,0.0,0.23571423428571428,85.81,214.7982,2.6,975.59,870.55,-27.013845483426962,29.606115580192977,2.271038274118634,21.509606295800697
2023-07-25,16.331253,12.05,19.85,1.668747,369.2848751,398.4266720354834,-56.33898344526903,27.197186509785638,1,7,0,206,0.0,0.47410666285714287,86.03,215.3522,1.5,534.8,870.55,26.65075564805187,1.4943944989113902,1.8488439980984757,23.078885966848596
2023-07-26,16.106249,11.95,19.95,1.8937511,323.93004743,398.5364733749167,-36.13636380993266,-38.470062134984005,2,7,0,207,1.668747,0.7226186514285714,86.23,215.8642,5.4,509.74,870.55,27.197186509785638,18.47990559677396,5.520671428223368,23.822909464667237
2023-07-27,18.99375,16.3,22.4,0.0,333.47009783,398.6469693825614,-49.64942231912314,-15.52744923343829,3,7,0,208,1.8937511,0.58333288,86.47,216.4527,6.0,595.17,870.55,-38.470062134984005,35.471571768242256,-2.6150382477420555,22.109609615364942
2023-07-28,19.060415,15.45,23.7,0.0,345.15113324000004,398.7581577199676,-71.65411748809963,18.047093008132094,4,7,0,209,0.0,0.5089283,86.69,217.011,4.6,565.21,870.55,-15.52744923343829,26.688636677177442,-9.900612676553562,21.40103221925527
2023-07-29,18.939583,15.05,23.7,0.0,267.29032731,398.87003586642066,-110.32207133072895,-21.257637225691724,5,7,1,210,0.0,0.5089283,86.88,217.4786,8.6,479.92,870.55,18.047093008132094,-68.82951071904063,-11.135118914988611,18.087729993938577
2023-07-30,17.327084,15.0,20.1,0.6729164,261.04487614,398.9826009664052,-121.88870923475412,-16.049015591651084,6,7,1,211,0.0,0.6050592142857143,87.33,218.6135,0.3,1160.64,870.55,-21.257637225691724,-27.013845483426962,-4.33913698736734,14.266138176379025
2023-07-31,18.143751,16.75,21.1,0.0,282.69016763,399.0958506009883,-107.65953857668053,-8.746144394307748,0,7,0,212,0.6729164,0.6050592142857143,87.82,219.8486,0.3,1240.08,870.55,-16.049015591651084,26.65075564805187,-2.772732717113643,13.515672602742594
2023-08-01,18.610418,14.55,22.45,0.0,293.40997288,399.2097824471446,-77.10185336516987,-28.697956201974762,1,8,0,213,0.0,0.3666667857142857,88.2,220.8059,1.2,928.25,870.55,-8.746144394307748,27.197186509785638,-7.829432723165017,14.908596254096361
2023-08-02,19.58125,16.75,23.25,0.0,309.93922808,399.32439385474333,-88.62042390799476,-0.7647418667485226,2,8,0,214,0.0,0.09613091428571428,87.89,220.2119,1198.5,623.82,870.55,-28.697956201974762,-38.470062134984005,-15.81445311055936,14.656117042987937
2023-08-03,18.55625,16.1,21.55,0.0,329.58251601999996,399.4396821298253,-73.62066968282822,3.763503573002879,3,8,0,215,0.0,0.09613091428571428,88.2,220.9876,1.4,777.09,870.55,-0.7647418667485226,-15.52744923343829,-10.427978786525719,14.202715039979019
2023-08-04,17.729168,13.9,21.05,0.27083206,370.73753668,399.5556448157923,-76.53678818428375,47.71868004849148,4,8,0,216,0.0,0.13482120857142857,88.43,221.5752,11.7,602.16,870.55,3.763503573002879,18.047093008132094,-7.672128385605553,13.640715511055468
2023-08-05,15.989582,14.6,17.6,2.010418,312.92176851,399.6722791768452,-99.89341225467845,13.142901587833194,5,8,1,217,0.27083206,0.42202377999999996,88.62,222.056,15.1,495.22,870.55,47.71868004849148,-21.257637225691724,-3.4333302369827834,15.160197774380311
2023-08-06,15.885417,13.45,19.15,2.114583,304.22698327,399.78958244273946,-116.43916340009568,20.876564227356255,6,8,1,218,2.010418,0.6279761514285714,88.93,222.8331,11.5,789.64,870.55,13.142901587833194,-16.049015591651084,1.4810324506636334,11.62230310831361
2023-08-07,15.5041685,12.3,19.75,2.4958315,363.59102788,399.9075520013115,-75.1630158963396,38.846491775028085,0,8,0,219,2.114583,0.9845235085714287,89.26,223.6539,0.4,822.24,870.55,20.876564227356255,-8.746144394307748,6.756115281950396,11.03747585114378
2023-08-08,15.516667,12.25,19.9,2.4833326,356.62199747000005,400.0261851048036,-68.98521995231036,25.581032317506867,1,8,0,220,2.4958315,1.3392853085714285,89.54,224.3646,0.9,725.71,870.55,38.846491775028085,-28.697956201974762,13.55506330614123,12.173296430616187
2023-08-09,15.854165,11.6,20.25,2.145835,427.50777726,400.1454782428059,-82.77456508986896,110.13686410706305,2,8,0,221,2.4833326,1.6458331657142857,89.84,225.1007,0.8,711.21,870.55,25.581032317506867,-0.7647418667485226,21.309204523210035,12.499085390147899
2023-08-10,18.166668,10.5,24.7,0.0,439.51529077,400.26542757354235,-107.56647080958153,146.8163340060392,3,8,0,222,2.145835,1.6458331657142857,90.11,225.7798,0.9,679.96,870.55,110.13686410706305,3.763503573002879,37.1522910908974,11.168261368773967
2023-08-11,21.222916,16.75,26.9,0.0,361.77333619999996,400.3860295841094,-91.35395608150947,52.74126269740003,4,8,0,223,0.0,1.6071428714285714,90.39,226.4862,0.3,706.68,870.55,146.8163340060392,47.71868004849148,57.5884097241883,15.737103787567202
2023-08-12,21.222916,16.7,25.75,0.0,306.91805081,400.5072808133409,-90.05051409602065,-3.5387159073202383,5,8,1,224,0.0,1.3199403,90.72,227.3221,1.1,837.01,870.55,52.74126269740003,13.142901587833194,58.30592153117524,16.721367593239492
2023-08-13,22.65,16.3,29.25,0.0,326.48933998,400.6291774932046,-87.26018096631302,13.120343453108433,6,8,1,225,0.0,1.0178570142857144,91.17,228.4492,0.2,1153.79,870.55,-3.5387159073202383,20.876564227356255,55.92283331758189,15.302157995735472
2023-08-14,24.231249,19.15,29.65,0.0,402.03242999,400.7517160754624,-102.4901963434895,103.77091025802713,0,8,0,226,0.0,0.6613096571428573,91.61,229.5482,9.3,1100.38,870.55,13.120343453108433,38.846491775028085,54.814801778403634,14.219145228963564
2023-08-15,22.606249,18.75,26.8,0.0,443.71338977999994,400.8748935535716,-23.746502071519835,66.58499829794818,1,8,0,227,0.0,0.30654785714285715,91.85,230.3121,1.8,760.61,870.55,103.77091025802713,25.581032317506867,64.08971870454636,18.23368249908962
2023-08-16,21.300001,17.6,25.45,0.0,414.33050305,400.9987073665013,-2.3710460623607066,15.702841745859416,2,8,0,228,0.0,0.0,91.54,230.9889,7.5,670.81,870.55,66.58499829794818,110.13686410706305,69.94742813032369,19.92801556258295
2023-08-17,23.064585,18.35,29.3,0.0,407.95694674000003,401.12315496743975,-4.54009995811934,11.373891730679645,3,8,0,229,0.0,0.0,91.79,231.6809,0.8,693.13,870.55,15.702841745859416,146.8163340060392,56.45685350729459,19.464573101438493
2023-08-18,24.722916,18.75,30.9,0.0,390.26606714999997,401.2482337544306,-23.922586150377064,12.94041954594644,4,8,0,230,0.0,0.0,92.1,232.4445,1.8,767.46,870.55,11.373891730679645,52.74126269740003,37.10793318224323,19.793889675830773
2023-08-19,24.345835,20.85,28.85,0.0,327.36021314,401.3739410234966,-52.28642612918698,-21.72730175430968,5,8,1,231,0.0,0.0,92.38,233.1364,1.7,694.02,870.55,12.94041954594644,-3.5387159073202383,31.422098446321286,19.609240140803188
2023-08-20,22.756247,19.2,26.8,0.0,352.48885726,401.50027413377666,-72.00253020391973,22.991113330143037,6,8,1,232,0.0,0.0,92.74,234.0466,20.0,938.42,870.55,-21.72730175430968,13.120343453108433,28.82372903960851,17.702611023384787
2023-08-21,21.368752,17.5,25.65,0.0,463.70427932999996,401.6272304734847,-90.01443146419072,152.09148032070595,0,8,0,233,0.0,0.0,93.05,234.8224,4.1,778.77,870.55,22.991113330143037,103.77091025802713,30.233839022042023,17.57936024515031
2023-08-22,21.154167,15.7,26.55,0.0,489.59568000999997,401.75480730380025,-35.3516616060747,123.19253431227446,1,8,0,234,0.0,0.0,93.21,235.2454,49.1,470.5,870.55,152.09148032070595,66.58499829794818,37.136777602424715,24.94339327980853
2023-08-23,22.314585,15.45,28.05,0.0,498.09282135,401.8830016459261,-98.0937251337385,194.30354483781247,2,8,0,235,0.0,0.0,93.31,235.4951,33.8,277.05,870.55,123.19253431227446,15.702841745859416,45.223568461614185,29.95027260633191
2023-08-24,23.479166,20.15,29.4,0.0,482.82435101,402.01181021897605,-107.77445769255961,188.58699848358356,3,8,0,236,0.0,0.0,93.4,235.7082,6.5,217.69,870.55,194.30354483781247,11.373891730679645,70.73795461760747,35.53869891265727
2023-08-25,21.202082,16.5,25.1,0.0,475.42254981,402.1412292226253,-117.30166274170757,190.5829833290823,4,8,0,237,0.0,0.0,93.47,235.8929,15.9,200.62,870.55,188.58699848358356,12.94041954594644,96.05411272516517,40.91835931178386
2023-08-26,17.3,12.7,21.4,0.70000076,335.57985468,402.2712546179949,-60.66558901470526,-6.025810923289612,5,8,1,238,0.0,0.10000010857142858,93.56,236.1212,0.8,229.21,870.55,190.5829833290823,-21.72730175430968,121.43162183704172,48.553460827252735
2023-08-27,16.579168,12.75,19.25,1.4208317,329.6875365,402.4018826377004,-62.528428068287965,-10.185918069412423,6,8,1,239,0.70000076,0.3029760657142857,93.73,236.5554,13.5,461.57,870.55,-6.025810923289612,22.991113330143037,123.67469195575889,48.87018210425769
2023-08-28,15.164584,14.4,16.55,2.8354158,496.78574139,402.5331099366811,-78.28945503667693,172.54208648999582,0,8,0,240,1.4208317,0.7080354657142857,93.92,237.0301,14.3,488.95,870.55,-10.185918069412423,152.09148032070595,118.93511604153666,47.92908173500621
2023-08-29,16.206251,13.25,19.75,1.7937489,469.43581005,402.66493312147173,-4.6426837785491095,71.41356070707735,1,8,0,241,2.8354158,0.9642853085714285,93.95,237.1061,95.2,157.64,870.55,172.54208648999582,123.19253431227446,121.85663120857808,54.38907252552913
2023-08-30,15.054165,12.8,18.25,2.945835,410.03956636000004,402.7973483580165,-27.740001387280994,34.982219389264515,2,8,0,242,1.7937489,1.38511888,93.86,236.8822,308.3,83.77,870.55,71.41356070707735,194.30354483781247,114.45963497926421,57.30449173548674
2023-08-31,15.658334,11.1,20.4,2.3416662,354.69922289,402.9303507724785,-52.51398953035876,4.282861647880225,3,8,0,243,2.945835,1.7196426228571429,93.88,236.9262,83.6,127.55,870.55,34.982219389264515,188.58699848358356,91.69944562947164,58.762103861605816
2023-09-01,16.827084,10.15,21.8,1.1729164,368.62812231,403.06393457745594,-71.42668164636092,36.99086937890496,4,9,0,244,2.3416662,1.8872021085714288,93.81,236.9783,90.2,186.37,870.55,4.282861647880225,190.5829833290823,65.37028322437116,59.86146445660098
2023-09-02,16.870834,13.7,20.5,1.1291656,304.00642114,403.19809320361816,-87.6530458474109,-11.538626216207263,5,9,1,245,1.1729164,1.9485113714285716,93.73,237.6171,19.3,358.27,870.55,36.99086937890496,-6.025810923289612,43.42855266006012,61.1199848314561
2023-09-03,17.839582,11.55,24.2,0.16041756,308.48829077,403.33281991020215,-68.02566173310163,-26.818867407100527,6,9,1,246,1.1291656,1.7684522085714285,93.85,237.9362,156.0,474.69,870.55,-11.538626216207263,-10.185918069412423,42.64100761821474,60.60991383848242
2023-09-04,20.45833,14.7,26.8,0.0,372.50419518,403.4681083348651,-139.55852590147515,108.59461274661004,0,9,0,247,0.16041756,1.3633928085714284,93.98,238.2473,210.4,521.43,870.55,-26.818867407100527,172.54208648999582,40.26487199854501,58.125328923296024
2023-09-05,20.814583,13.0,28.35,0.0,398.53142863,403.60395277315416,-55.46978310468497,50.39725896153078,1,9,0,248,0.0,1.1071429657142857,94.0,238.2944,148.4,195.48,870.55,108.59461274661004,71.41356070707735,31.129518606632757,61.307052628588586
2023-09-06,21.745834,15.45,28.4,0.0,408.48416135,403.7403476916385,-31.555893125859132,36.29970678422069,2,9,0,249,0.0,0.6863093942857142,94.02,238.3681,76.7,146.06,870.55,50.39725896153078,34.982219389264515,28.12718978584039,62.291075786394416
2023-09-07,22.004166,15.75,28.8,0.0,382.16321407,403.87728740585413,-43.80331301130011,22.08923967544598,3,9,0,250,0.0,0.3517856514285715,93.99,238.3832,130.1,144.1,870.55,36.29970678422069,4.282861647880225,28.31540227083413,62.206182953367495
2023-09-08,22.327085,15.2,30.1,0.0,434.25844148000004,404.01476650595737,-102.39132393494066,132.63499890898333,4,9,0,251,0.0,0.1842261657142857,93.99,238.3769,155.4,148.97,870.55,22.08923967544598,36.99086937890496,30.85917056048638,62.0897898652988
2023-09-09,21.891668,13.4,30.15,0.0,354.63111061,404.15277922861407,-51.79891357640651,2.2772449577924476,5,9,1,252,0.0,0.022916794285714283,93.97,238.3274,210.8,160.57,870.55,132.63499890898333,-11.538626216207263,44.52261763621186,62.83972769202947
2023-09-10,22.695831,14.15,30.05,0.0,355.90609648000003,404.2913192498565,-39.47647270431176,-8.908750065544666,6,9,1,253,0.0,0.0,94.02,238.4566,62.0,191.25,870.55,2.2772449577924476,-26.818867407100527,46.49631351821182,58.021758057087915
2023-09-11,22.224998,14.45,29.6,0.0,438.25459656,404.43038016952704,-69.66369045629247,103.48790684676538,0,9,0,254,0.0,0.0,94.05,238.5419,81.1,166.48,870.55,-8.908750065544666,108.59461274661004,49.054901709862655,55.96675763165642
2023-09-12,19.85417,16.85,23.75,0.0,440.42444688,404.5699557618636,-70.71544374694464,106.56993486508105,1,9,0,255,0.0,0.0,94.04,238.52,122.9,112.66,870.55,103.48790684676538,50.39725896153078,48.32537229559914,59.534311723459275
2023-09-13,16.435417,11.5,20.7,1.5645828,414.98525006,404.71003977119955,-28.922905769713736,39.19811605851419,2,9,0,256,0.0,0.22351182857142857,94.04,238.5239,99.9,116.83,870.55,106.56993486508105,36.29970678422069,56.350040281820604,62.649298103858364
2023-09-14,16.925001,10.55,22.9,1.0749989,437.76233567,404.8506258711806,-80.66566640532733,113.57737620414679,3,9,0,257,1.5645828,0.3770831,94.05,238.5312,61.4,68.93,870.55,39.19811605851419,22.08923967544598,56.76409874957682,60.49687163054127
2023-09-15,18.931253,13.0,25.25,0.0,379.79603687,404.9917079375118,-101.93788348774105,76.74221242022924,4,9,0,258,1.0749989,0.3770831,94.06,238.5726,54.7,93.67,870.55,113.57737620414679,132.63499890898333,69.83383253939122,62.063284227414556
2023-09-16,20.120834,13.25,27.1,0.0,337.15649734,405.1332796094718,-98.09026789606003,30.113485626588215,5,9,1,259,0.0,0.3770831,94.12,238.72,0.6,147.97,870.55,76.74221242022924,2.2772449577924476,61.84914875528349,64.09792991656022
2023-09-17,21.677084,17.15,27.75,0.0,324.28962658,405.27533368696277,-82.5327629109864,1.547055804023671,6,9,1,260,0.0,0.3770831,94.21,238.9521,32.4,264.52,870.55,30.113485626588215,-8.908750065544666,65.82575456511145,64.72258304642384
2023-09-18,18.462502,16.3,20.6,0.0,358.44426909000003,405.41786260985805,-94.05939627022282,47.08580275036479,0,9,0,261,0.0,0.3770831,94.34,239.2808,0.4,329.15,870.55,1.547055804023671,103.48790684676538,67.31944111790693,64.34280425502641
2023-09-19,19.33125,15.5,24.6,0.0,354.45826131,405.56085868225506,-89.23923834335436,38.136640971099325,1,9,0,262,0.0,0.3770831,94.44,239.5343,0.4,253.76,870.55,47.08580275036479,106.56993486508105,59.26199767556399,66.63657440518222
2023-09-20,20.770832,14.25,27.85,0.0,387.62759156,405.7043135478786,-31.09444549321091,13.017723505332299,2,9,0,263,0.0,0.15357127142857144,94.58,239.8785,3.1,343.67,870.55,38.136640971099325,39.19811605851419,49.485812833566605,67.14142532654743
2023-09-21,17.639582,15.35,19.65,0.36041832,373.48263714,405.8482180651654,-61.01149865968118,28.64591773451582,3,9,0,264,0.0,0.051488331428571434,94.57,240.1282,14.6,266.95,870.55,13.017723505332299,113.57737620414679,45.745756754540615,62.50563343270165
2023-09-22,15.139584,12.65,18.25,2.8604164,376.92324610000003,405.99256288569563,-68.11778801190235,39.04847122620674,4,9,0,265,0.36041832,0.4601192457142857,94.64,240.2855,24.3,180.49,870.55,28.64591773451582,76.74221242022924,33.61269125887905,59.354079546776354
2023-09-23,14.445832,9.9,19.3,3.5541677,323.88452869,406.1373383508163,-68.05826475377798,-14.194544907038335,5,9,1,266,2.8604164,0.9678574885714285,94.72,240.494,16.9,225.34,870.55,39.04847122620674,30.113485626588215,28.227871088304408,54.1789104263895
2023-09-24,15.129167,9.1,21.45,2.8708334,327.49385841,406.2825344022773,-63.32000961310454,-15.46866637917276,6,9,1,267,3.5541677,1.3779765457142858,94.82,240.8917,17.8,415.6,870.55,-14.194544907038335,1.547055804023671,21.898152440643475,47.419525646702105
2023-09-25,17.668749,11.7,24.0,0.33125114,399.3515953,406.4281407606566,-83.34519734710484,76.2686518864482,0,9,0,268,2.8708334,1.425298137142857,94.99,241.3176,12.2,438.02,870.55,-15.46866637917276,47.08580275036479,19.467334985901125,40.5511373230936
2023-09-26,19.027082,12.3,25.9,0.0,409.56220726,406.57414779191004,-82.08439640714587,85.07245587523585,1,9,0,269,0.33125114,1.425298137142857,95.08,241.5618,49.8,294.0,870.55,76.2686518864482,38.136640971099325,23.636313433913042,43.29428608341819
2023-09-27,19.841667,14.5,25.7,0.0,392.71466346,406.7205462052601,-55.22416614493455,41.21828339967442,2,9,0,270,0.0,1.425298137142857,95.17,241.7789,20.3,237.46,870.55,85.07245587523585,13.017723505332299,30.341429848789687,46.46956521490647
2023-09-28,18.347918,13.9,23.35,0.0,388.03746538,406.8673262185126,-46.282541037525206,27.45268019901266,3,9,0,271,0.0,1.3738098057142856,95.28,242.0663,8.6,295.93,870.55,41.21828339967442,28.64591773451582,34.370081262267135,42.092105111895755
2023-09-29,15.735417,12.2,19.25,2.2645826,349.10691327999996,407.01447737662284,-61.038286169957935,3.1307220733350505,4,9,0,272,0.0,1.2886906914285714,95.36,242.2787,109.1,331.27,870.55,27.45268019901266,39.04847122620674,34.19961875719525,40.6267424282936
2023-09-30,16.035418,12.9,19.9,1.9645824,331.27181085,407.1619884310713,-27.39115019578393,-48.49902738528732,5,9,1,273,2.2645826,1.0616070771428572,95.5,242.6879,0.3,410.34,870.55,3.1307220733350505,-14.194544907038335,29.06851173535644,39.565025851095946
2023-10-01,18.364584,13.1,24.6,0.0,328.91107495,407.30984806611747,-59.477974015829915,-18.920799100287525,6,10,1,274,1.9645824,0.6514880199999998,95.72,243.2453,1.4,674.34,870.55,-48.49902738528732,-15.46866637917276,24.16787138132087,37.80562954999037
2023-10-02,18.008333,13.6,24.35,0.0,376.68623589,407.4580455625098,-46.608065648395744,15.836255975885877,0,10,0,275,0.0,0.6041664285714285,96.04,244.058,1.4,814.1,870.55,-18.920799100287525,76.2686518864482,23.674709564018762,35.94190726735062
2023-10-03,14.306248,12.1,17.3,3.6937523,345.58978327999995,407.6065709977929,-70.37667864821806,8.359890930425081,1,10,0,276,0.0,1.1318453285714285,96.27,244.6327,7.9,582.38,870.55,15.836255975885877,85.07245587523585,15.041510148224145,36.85440334042038
2023-10-04,13.879167,12.05,16.25,4.1208334,410.66542864999997,407.75541495123963,-84.20606217701558,87.11607587577595,2,10,0,277,3.6937523,1.7205358142857143,96.56,245.43,1.1,803.0,870.55,8.359890930425081,41.21828339967442,4.082572298965464,38.02702861833791
2023-10-05,14.2625,10.85,17.8,3.7375002,452.85903747000003,407.90456864245965,-128.7509064873138,173.70537531485417,3,10,0,278,4.1208334,2.254464414285714,96.75,245.927,16.6,513.23,870.55,87.11607587577595,27.45268019901266,10.639399795551396,37.31107738931011
2023-10-06,15.991669,13.2,17.45,2.0083313,380.03335474,408.05402412117155,-77.8644197313977,49.84375035022617,4,10,0,279,3.7375002,2.2178570857142854,96.74,245.9011,155.3,129.35,870.55,173.70537531485417,3.1307220733350505,31.532641954957324,41.421347934420886
2023-10-07,12.160416,9.95,14.25,5.8395844,320.33521095,408.2037739974902,-29.992165500328344,-57.8763975471619,5,10,1,280,2.0083313,2.7714288,96.87,246.3025,5.0,411.69,870.55,49.84375035022617,-48.49902738528732,38.205931708798914,41.87281605328773
2023-10-08,10.516667,9.2,12.1,7.4833326,397.28404277,408.3538108840472,34.230348908879556,-45.30011702292677,6,10,1,281,5.8395844,3.840476314285714,97.12,246.911,13.7,613.11,870.55,-57.8763975471619,-18.920799100287525,36.86630739995969,39.20729481253414
2023-10-09,13.766666,10.4,16.8,4.2333336,498.26813491,408.50412746965554,63.10657962337609,26.65742781696838,0,10,0,282,7.4833326,4.445238257142857,97.31,247.4053,30.1,529.57,870.55,-45.30011702292677,15.836255975885877,33.09783341101122,33.27612428147047
2023-10-10,18.19375,14.0,22.55,0.0,425.29583094,408.6547166388654,-4.9367485196878,21.57786282082236,1,10,0,283,4.2333336,3.917559357142857,97.39,247.635,9.7,260.54,870.55,26.65742781696838,8.359890930425081,34.64371510259444,34.088797043443
2023-10-11,15.366666,12.05,19.15,2.6333342,353.90156471000006,408.80557103216256,-26.831242680861138,-28.07276364130138,2,10,0,284,0.0,3.7050594714285716,97.35,247.9138,15.3,297.58,870.55,21.57786282082236,87.11607587577595,36.531996801222625,35.10501747298857
2023-10-12,16.566668,11.55,20.95,1.4333324,478.29258888,408.9566829515988,-12.588621635032897,81.92452756343408,3,10,0,285,2.6333342,3.3758926428571425,97.56,248.4719,1.4,566.55,870.55,-28.07276364130138,173.70537531485417,20.076448298783003,30.71966179005301
2023-10-13,15.139581,9.7,20.2,2.8604193,363.98202533,409.1080449426271,-37.326369567295174,-7.79965004533193,4,10,0,286,1.4333324,3.4976195,97.7,248.8354,20.0,389.08,870.55,81.92452756343408,49.84375035022617,6.964898620008706,29.898148213331446
2023-10-14,8.597917,7.05,10.65,9.402083,348.29039114,409.259649705151,36.51374431918555,-97.48300288433654,5,10,1,287,2.8604193,4.006547871428571,97.97,249.5049,1.7,692.5,870.55,-7.79965004533193,-57.8763975471619,-1.2698728650710223,28.331556009869907
2023-10-15,6.991667,4.0,10.4,11.008333,355.28139785,409.4114899183015,-21.966927359206856,-32.163164709094644,6,10,1,288,9.402083,4.510119357142857,98.23,250.1661,15.5,684.33,870.55,-97.48300288433654,-45.30011702292677,-6.927959341810257,21.2962100402538
2023-10-16,6.2749996,2.85,10.4,11.725,465.19908554,409.56355808390094,49.21060772977235,6.424919726326721,0,10,0,289,11.008333,5.580357414285714,98.39,250.5728,24.8,431.53,870.55,-32.163164709094644,26.65742781696838,-5.051251868405667,17.666030802609665
2023-10-17,5.6854167,0.15,11.7,12.314583,477.98978483999997,409.71584616589655,11.341497161894459,56.93244151220898,1,10,0,290,11.725,7.339583557142857,98.42,250.6843,100.5,196.34,870.55,6.424919726326721,21.57786282082236,-7.941610167068761,16.876411939267616
2023-10-18,7.085417,6.3,8.3,10.914583,388.99408334,409.8683454668727,-3.3803372642228378,-17.49392486264992,2,10,0,291,12.314583,8.5226191,98.42,250.6743,96.9,86.81,870.55,56.93244151220898,-28.07276364130138,-2.890956068299244,18.722591462873797
2023-10-19,6.1124997,5.1,7.2,11.887501,415.39043109,410.0210470197192,-1.9025395481293086,7.271923618410085,3,10,0,292,10.914583,10.016071757142857,98.39,250.5919,177.7,93.85,870.55,-17.49392486264992,81.92452756343408,-1.3796933856347502,16.569933875773305
2023-10-20,10.572916,6.05,17.2,7.427084,400.38275207,410.17394144203627,-63.63766236396259,53.846472991926305,4,10,0,293,11.887501,10.66845242857143,98.4,250.6218,100.0,131.34,870.55,7.271923618410085,-7.79965004533193,-12.04435109206675,15.541109964016995
2023-10-21,12.335418,7.15,15.85,5.6645823,332.73430327,410.3270186816728,-63.40391524505383,-14.18880016661899,5,10,1,294,7.427084,10.134523757142857,98.43,250.7146,108.8,201.63,870.55,53.846472991926305,-97.48300288433654,-3.237762086744145,16.902068280236797
2023-10-22,11.239583,8.15,14.85,6.760417,337.21742183,410.48026815215826,-51.56607884816859,-21.696767473989667,6,10,1,295,5.6645823,9.527678614285715,98.65,251.2713,0.1,556.84,870.55,-14.18880016661899,-32.163164709094644,8.661409730072648,15.474244350198969
2023-10-23,11.504167,9.9,14.15,6.4958334,513.0560427099999,410.63367913631475,-35.540972571995496,137.96333614568073,0,10,0,296,6.760417,8.780654814285715,98.85,251.7624,3.2,494.1,870.55,-21.696767473989667,6.424919726326721,10.156609335087646,13.449403060192422
2023-10-24,10.666666,9.0,13.4,7.333334,516.14515352,410.78724118564577,-71.26468280347669,176.62259513783096,1,10,0,297,6.4958334,8.069047814285714,98.84,251.8067,118.0,162.41,870.55,137.96333614568073,56.93244151220898,28.947811680709645,18.521332428616393
2023-10-25,9.927084,8.35,11.35,8.072916,485.05884083,410.940943895159,-5.961495936957952,80.07939287179892,2,10,0,298,7.333334,7.663095385714286,98.86,251.8821,50.8,119.59,870.55,176.62259513783096,-17.49392486264992,46.0464050557985,24.924374479183182
2023-10-26,9.404166,8.3,10.9,8.595834,504.06364721,411.09477689686906,-0.6004481591582027,93.56931847228913,3,10,0,299,8.072916,7.192857242857143,98.89,251.9418,89.0,137.89,870.55,80.07939287179892,7.271923618410085,59.98545044643405,25.051399178694872
2023-10-27,9.650001,8.5,11.9,8.349999,401.27453022000003,411.2487298601049,-50.11182846090613,40.13762882080124,4,10,0,300,8.595834,7.324702242857143,98.93,252.0506,73.1,192.76,870.55,93.56931847228913,53.846472991926305,72.31364971127391,25.33462793192998
2023-10-28,11.866668,8.35,16.15,6.1333323,336.15763735,411.4027924377263,-62.31072694433041,-12.934428143395905,5,10,1,301,8.349999,7.391666528571429,98.99,252.2147,54.3,219.13,870.55,40.13762882080124,-14.18880016661899,70.35524340111319,25.298606112634207
2023-10-29,12.849998,11.15,15.3,5.1500015,320.72180130000004,411.5569541492126,-52.86389852731609,-37.971254321896424,6,10,1,302,6.1333323,7.161607171428571,99.21,252.7549,7.5,555.01,870.55,-12.934428143395905,-21.696767473989667,70.53443940443077,23.952369167887255
2023-10-30,11.35625,9.15,12.8,6.64375,411.28173411,411.71120451823936,-29.318817705024518,28.88934729678516,0,10,0,303,5.1500015,7.182738114285715,99.43,253.3396,0.0,584.58,870.55,-37.971254321896424,137.96333614568073,68.20951271187268,22.582303288046205
2023-10-31,9.995832,6.45,14.4,8.004168,381.48738493,411.86553298473575,-18.280265626665724,-12.097882428070022,1,10,0,304,6.64375,7.278571542857144,99.53,253.5727,42.3,270.24,870.55,28.88934729678516,176.62259513783096,52.62751430488758,25.16191577744862
2023-11-01,11.204166,8.35,13.95,6.7958336,325.4196066,412.019928758217,-41.05986795520472,-45.5404542030123,2,11,0,305,8.004168,7.0961312,99.65,253.8773,8.0,330.77,870.55,-12.097882428070022,80.07939287179892,25.667446081187443,25.38934633318921
2023-11-02,9.575,7.85,11.0,8.425,349.00976353999994,412.17438098300397,-31.731789155768467,-31.432828287235566,3,11,0,306,6.7958336,7.071726342857143,99.77,254.2684,19.6,420.31,870.55,-45.5404542030123,93.56931847228913,7.721753641928696,23.343455993892597
2023-11-03,8.837501,6.65,11.1,9.162499,393.14381789,412.32887881696894,22.48632714818884,-41.67138807515778,4,11,0,307,8.425,7.1877977714285715,99.91,254.611,19.0,371.44,870.55,-31.432828287235566,40.13762882080124,-10.13569589514626,22.01703201997058
2023-11-04,9.650001,8.05,12.35,8.349999,328.5275651,412.4834113469493,-12.57386542213523,-71.3819808248141,5,11,1,308,9.162499,7.5044644428571425,99.95,254.711,46.6,146.49,870.55,-41.67138807515778,-12.934428143395905,-21.82269830885469,17.724116554939453
2023-11-05,10.389583,8.95,12.55,7.6104174,329.5749095,412.6379672362535,-65.87817106485501,-17.184886671398488,6,11,1,309,8.349999,7.855952428571429,100.04,254.9407,11.1,246.11,870.55,-71.3819808248141,-37.971254321896424,-30.172348691914433,9.554538016950513
2023-11-06,9.091666,7.2,11.85,8.908334,386.44503979,412.7925348365146,-41.23730350145666,14.889808454942056,0,11,0,310,7.6104174,8.179464428571428,100.14,255.1921,9.3,260.62,870.55,-17.184886671398488,28.88934729678516,-27.202867598986156,7.3202501162296905
2023-11-07,7.8312497,6.25,10.75,10.168751,406.63559413,412.94710259484117,2.253973026901005,-8.565481491742162,1,11,0,311,8.908334,8.488690571428572,100.12,255.2866,15.9,110.43,870.55,14.889808454942056,-12.097882428070022,-29.202801719249457,9.745790316299823
2023-11-08,8.9125,5.95,11.6,9.0875,393.93935336000004,413.1016589414132,208.62001778839326,-227.7823233698064,2,11,0,312,10.168751,8.816071485714286,100.14,255.3398,15.2,68.36,870.55,-8.565481491742162,-45.5404542030123,-28.698173014059762,10.970278167339309
2023-11-09,8.154166,5.25,10.75,9.845834,399.92309088,413.25619234172564,145.27202414894697,-158.6051256106726,3,11,0,313,9.0875,9.019047771428571,100.1,255.2418,134.0,35.96,870.55,-227.7823233698064,-31.432828287235566,-54.73272575217321,2.4889531277801504
2023-11-10,5.5416665,3.1,9.05,12.458334,429.2556935,413.4106915998262,117.14696471155573,-101.30196281138188,4,11,0,314,9.845834,9.489881342857142,100.11,255.2591,46.9,64.23,870.55,-158.6051256106726,-41.67138807515778,-72.90019679837849,-3.5171464866030147
2023-11-11,5.5291667,3.9,7.85,12.470833,393.82900418,413.5651454426914,127.65875358976152,-147.39489485245286,5,11,1,315,12.458334,10.078571914285716,100.08,255.2331,100.4,74.35,870.55,-101.30196281138188,-71.3819808248141,-81.41885033212479,-5.958119792272365
2023-11-12,5.15,1.65,8.7,12.85,399.61592383,413.7195427963274,31.793243718066748,-45.89686268439419,6,11,1,316,12.470833,10.827083714285715,100.13,255.3376,13.9,118.39,870.55,-147.39489485245286,-17.184886671398488,-92.27783805035891,-13.602100539468596
2023-11-13,10.604167,8.85,12.65,7.395833,412.33450204,413.8738730121979,-18.079842828137366,16.540471855939472,0,11,0,317,12.85,10.611012142857144,100.15,255.409,10.9,82.25,870.55,-45.89686268439419,14.889808454942056,-96.37954890935829,-14.872007627437338
2023-11-14,7.756249,4.65,9.35,10.243752,392.9958883,414.0281261640791,8.280632098195799,-29.312869962274874,1,11,0,318,7.395833,10.621726571428571,100.11,255.2857,174.2,50.75,870.55,16.540471855939472,-8.565481491742162,-96.14373985207294,-11.071225136094805
2023-11-15,6.360416,2.4,8.55,11.639584,457.86663791,414.1822925918054,87.87790934085025,-44.19356402265561,2,11,0,319,10.243752,10.98631,100.14,255.384,8.3,105.68,870.55,-29.312869962274874,-227.7823233698064,-99.10765249072048,-10.976215311200813
2023-11-16,3.7583334,1.0,5.7,14.241667,554.0457511000001,414.33636284631996,124.38173999459678,15.327648259083333,3,11,0,320,11.639584,11.614286142857143,100.32,255.8407,45.7,40.31,870.55,-44.19356402265561,-158.6051256106726,-72.88068686969893,-12.663498102833556
2023-11-17,3.9166667,1.75,6.2,14.083333,568.00921664,414.49032794099344,27.717907106760066,125.80098159224644,4,11,0,321,14.241667,11.846428857142858,100.26,255.5072,345.4,11.88,870.55,15.327648259083333,-101.30196281138188,-48.03314774544809,-14.050324544604411
2023-11-18,7.2166667,3.75,11.5,10.783333,400.13114755000004,414.64417912863007,17.462136918851947,-31.975168497482002,5,11,1,322,14.083333,11.605357428571429,100.11,255.1048,409.1,6.81,870.55,125.80098159224644,-147.39489485245286,-15.589869973501184,-9.273827662774533
2023-11-19,9.218749,8.2,10.95,8.781251,345.81277939999995,414.7979080072261,54.54195016585738,-123.52707877308353,6,11,1,323,10.783333,11.024107571428571,100.08,255.0834,119.7,98.26,870.55,-31.975168497482002,-45.89686268439419,0.8986623629232245,-10.582064066637601
2023-11-20,3.8500004,0.3,8.2,14.15,470.88131946,414.9515067530299,70.32071558228161,-14.390902875311497,0,11,0,324,8.781251,11.988988571428573,100.22,255.435,27.3,378.93,870.55,-123.52707877308353,16.540471855939472,-10.191368506889537,-16.49451579213793
2023-11-21,-1.183333,-4.15,0.75,19.183332,539.0451804500001,415.10496775847344,139.13593666323558,-15.195723971708958,1,11,0,325,14.15,13.266071428571427,100.25,255.5234,79.8,170.77,870.55,-14.390902875311497,-29.312869962274874,-14.610136325639676,-16.501252549094346
2023-11-22,7.183334,-0.1,10.75,10.816666,542.46073938,415.2582838920359,163.61547249803297,-36.41301701006893,2,11,0,326,19.183332,13.148511714285714,100.07,255.0494,489.3,15.37,870.55,-15.195723971708958,-44.19356402265561,-12.59340118413026,-16.284551099018323
2023-11-23,4.035416,1.0,8.15,13.964584,514.9204843,415.41144871011767,113.98025158626076,-14.471215996378419,3,11,0,327,10.816666,13.108928428571428,99.72,254.16,906.7,16.81,870.55,-36.41301701006893,15.327648259083333,-11.481894468046448,-22.09709620420998
2023-11-24,0.97499996,-0.6,2.95,17.025,494.13186164,415.56445618388693,80.11873735999323,-1.5513319038801683,4,11,0,328,13.964584,13.529166571428572,99.55,253.7655,438.8,44.33,870.55,-14.471215996378419,125.80098159224644,-15.738875075969556,-28.466889908683623
2023-11-25,-1.4729166,-3.05,0.8,19.472916,460.30056757,415.7173004009586,226.07469529734038,-181.491428128299,5,11,1,329,17.025,14.77053557142857,99.37,253.2954,493.0,22.98,870.55,-1.5513319038801683,-31.975168497482002,-33.93206271827336,-31.18791406787293
2023-11-26,-0.29166672,-2.6,1.6,18.291666,497.42799307,415.86997596287813,217.20219660510205,-135.6441794979802,6,11,1,330,19.472916,16.129166285714287,99.18,252.8296,486.6,20.76,870.55,-181.491428128299,-123.52707877308353,-55.291528379818644,-40.35660562122586
2023-11-27,-1.5229167,-4.5,0.1,19.522917,576.6446437000001,416.0224780398596,157.87792297906702,2.7442426810734446,0,11,0,331,18.291666,16.896725857142858,98.96,252.2924,574.0,36.89,870.55,-135.6441794979802,-14.390902875311497,-57.02254276908959,-46.21599923185191
2023-11-28,-1.1958331,-5.55,0.75,19.195833,623.4486057,416.1748023662685,90.61971136723692,116.65409196649455,1,11,0,332,19.522917,16.898511714285714,98.51,251.16,1158.0,28.15,870.55,2.7442426810734446,-15.195723971708958,-54.57466483246317,-45.69337687103627
2023-11-29,-4.15625,-7.45,-0.3,22.15625,688.7267942000001,416.3269450814459,149.7911657277636,122.60868339079053,2,11,0,333,19.195833,18.518452285714286,97.94,249.6965,1475.6,20.39,870.55,116.65409196649455,-36.41301701006893,-35.73897684129124,-40.539198661423235
2023-11-30,-5.8270836,-7.95,-2.9,23.827084,731.360845,416.47890262208654,45.506629890174615,269.3753124877389,3,11,0,334,22.15625,19.927380857142857,97.18,247.7565,1953.5,13.55,870.55,122.60868339079053,-14.471215996378419,-13.021591069739893,-37.41522079162305
2023-12-01,-3.5062501,-4.7,-1.9,21.50625,710.9988917000001,416.63067198805584,39.21009869410818,255.15812101783604,4,12,0,335,23.827084,20.56755942857143,96.32,245.5718,2229.4,11.27,870.55,269.3753124877389,-1.5513319038801683,27.527912999419723,-28.03278096109609
2023-12-02,-2.875,-5.6,-1.0,20.875,642.9508343,416.7822502778496,80.33560495538262,145.83297906676773,5,12,1,336,21.50625,20.767857142857142,95.75,244.0109,1677.6,32.29,870.55,255.15812101783604,-181.491428128299,64.20069198823633,-18.009495120401144
2023-12-03,-2.9562502,-5.15,-0.85,20.95625,535.8415394,416.9336345763428,139.27671273486453,-20.36880791120734,6,12,1,337,20.875,21.148512000000004,95.2,242.5979,1427.2,11.91,870.55,145.83297906676773,-135.6441794979802,110.96132158753157,-12.100634875267703
2023-12-04,-1.68125,-3.55,-0.7,19.68125,633.1644057999999,417.08482229995315,200.3372965852754,15.742286914771398,0,12,0,338,20.95625,21.171131,94.76,241.4745,1137.1,15.07,870.55,-20.36880791120734,2.7442426810734446,127.42923181421341,-11.390548869802691
2023-12-05,0.029166678,-0.75,0.55,17.970833,644.0545674,417.2358110999514,211.646309125283,15.172447174765637,1,12,0,339,19.68125,20.996131,94.03,239.6087,1884.7,18.93,870.55,15.742286914771398,116.65409196649455,129.28609527617024,-8.486406611816506
2023-12-06,0.09583334,-0.95,1.0,17.904167,698.401367,417.38659853855324,233.34781198764128,47.6669564738055,2,12,0,340,17.970833,20.388690571428572,93.41,238.0321,1601.8,25.19,870.55,15.172447174765637,122.60868339079053,114.78871744878042,-7.407828816944369
2023-12-07,0.2541667,-0.9,1.3,17.745832,656.2776094,417.53718180197956,83.48589138164414,155.25453621637627,3,12,0,341,17.904167,19.519940285714284,92.73,236.3013,1710.3,15.85,870.55,47.6669564738055,269.3753124877389,104.08275646063969,-6.315257216315588
2023-12-08,2.0229166,0.6,4.6,15.977083,572.4799233,417.6875577811866,108.67895022724652,46.11341529156687,4,12,0,342,17.745832,18.730059285714283,92.24,235.0558,1270.9,20.69,870.55,155.25453621637627,255.15812101783604,87.7797884218736,-0.8545899593783067
2023-12-09,4.645833,1.15,7.05,13.354167,405.61114560000004,417.8377230872463,87.33343357557803,-99.56001106282423,5,12,1,343,15.977083,17.655654571428574,91.89,234.1643,932.1,45.38,870.55,46.11341529156687,145.83297906676773,57.91625903240658,8.275267996000801
2023-12-10,6.902084,5.2,8.45,11.097916,391.81327947000005,417.987674214661,120.36899732746265,-146.5433920721236,6,12,1,344,13.354167,16.247321142857142,91.84,234.0271,357.6,233.35,870.55,-99.56001106282423,-20.36880791120734,22.860117585322012,10.24343848092908
2023-12-11,5.4604163,2.95,6.65,12.539583,455.87788795999995,418.1374074623002,70.35256586912311,-32.61208537142335,0,12,0,345,11.097916,15.227082999999999,91.86,234.0902,271.2,334.32,870.55,-146.5433920721236,15.742286914771398,4.835176990905405,8.735390838904356
2023-12-12,4.064584,2.8,4.95,13.935416,558.7527754,418.2869187517703,112.19574351677669,28.270113131453,1,12,0,346,12.539583,14.650594857142858,91.74,233.7898,399.3,94.93,870.55,-32.61208537142335,15.172447174765637,-2.0725904785509863,12.561484488272008
2023-12-13,2.7937498,1.4,3.9,15.20625,544.2665889,418.43620357226695,174.5074477708774,-48.67706244314439,2,12,0,347,13.935416,14.265178142857142,91.57,233.3151,509.7,34.24,870.55,28.270113131453,47.6669564738055,-0.2014953418813629,15.033717015466914
2023-12-14,2.6416667,-0.3,5.35,15.358334,605.9473637000001,418.585257235008,166.78993939616373,20.572167068828378,3,12,0,348,15.20625,13.924107000000001,91.4,232.892,481.1,63.02,870.55,-48.67706244314439,155.25453621637627,-13.964926615731347,12.85979920549745
2023-12-15,6.564583,4.9,7.75,11.435417,493.29687498000004,418.7340748768057,94.14355395359433,-19.580753850400015,4,12,0,349,15.358334,13.27529757142857,91.14,232.2634,726.5,30.62,870.55,20.572167068828378,46.11341529156687,-33.20526506538105,14.522633773200893
2023-12-16,7.9479165,6.55,9.75,10.052084,429.87272626,418.8826510141193,79.9815846779755,-68.9915094320948,5,12,1,350,11.435417,12.803571428571429,90.97,231.8333,499.8,69.76,870.55,-19.580753850400015,-99.56001106282423,-42.59014637137631,15.343060778942746
2023-12-17,6.2104163,5.05,7.05,11.789583,426.43931133999996,419.0309798361783,39.86136346289797,-32.45303195907627,6,12,1,351,10.052084,12.902381,91.01,231.9306,290.1,377.19,870.55,-68.9915094320948,-146.5433920721236,-38.2232175669864,12.532422189236808
2023-12-18,6.8229165,5.55,7.3,11.177084,481.9876933,419.1790558226118,65.34565416088446,-2.53701668349629,0,12,0,352,11.789583,12.707738285714287,91.01,231.9204,285.9,385.63,870.55,-32.45303195907627,-32.61208537142335,-21.924594693693923,7.257288404192718
2023-12-19,5.35,4.0,6.6,12.65,453.82501585,419.3268736136302,14.246456887779555,20.25168534859023,1,12,0,353,11.177084,12.524107428571428,90.86,231.5337,499.0,65.37,870.55,-2.53701668349629,28.270113131453,-17.62815630970434,8.238560131325576
2023-12-20,6.7375007,4.35,8.7,11.262499,433.22357595,419.47442779309165,61.533823986800435,-47.78467582989208,2,12,0,354,12.65,11.96071442857143,90.58,230.8307,727.6,71.74,870.55,20.25168534859023,-48.67706244314439,-18.77364599297045,13.031185602048033
2023-12-21,3.0250003,1.85,4.35,14.974999,383.52048292,419.6217124331583,192.53776509030334,-228.6389946034616,3,12,0,355,11.262499,11.905952285714287,90.36,230.2701,642.3,84.71,870.55,-47.78467582989208,20.572167068828378,-18.646162191077263,11.918059836895347
2023-12-22,1.775,0.45,3.0,16.225,353.34159442000004,419.7687213258411,-15.142649640057817,-51.284477265783266,4,12,0,356,14.974999,12.590178428571429,90.3,230.1188,335.2,183.82,870.55,-228.6389946034616,-19.580753850400015,-54.247756715690116,4.803284149170259
2023-12-23,6.535417,0.95,10.65,11.464582,315.82556795,419.9154479717718,-84.3068088134752,-19.783071208296633,5,12,1,357,16.225,12.791963857142857,90.26,230.0134,296.9,191.55,870.55,-51.284477265783266,-68.9915094320948,-58.776860060744866,4.307568807313115
2023-12-24,9.358333,7.95,10.65,8.641667,283.94768602999994,420.0618858112093,-84.66593862132054,-51.44826115988883,6,12,1,358,11.464582,12.34226157142857,90.33,230.1785,293.6,458.54,870.55,-19.783071208296633,-32.45303195907627,-51.74708317163085,4.130506966915841
2023-12-25,8.322917,5.1,9.65,9.677083,285.46230073000004,420.20802841785144,-66.78460956196608,-67.96111812588532,0,12,0,359,8.641667,12.127975714285714,90.47,230.5508,253.8,626.08,870.55,-51.44826115988883,-2.53701668349629,-54.4606873431755,2.4672759917155522
2023-12-26,3.658333,1.6,5.0,14.341667,294.3564315,420.35386942559734,-62.746809842203255,-63.250628083394076,1,12,0,360,9.677083,12.369642428571428,90.67,231.0529,203.4,705.46,870.55,-67.96111812588532,20.25168534859023,-63.80698754923107,6.251619658462674
2023-12-27,7.795833,4.6,10.1,10.204166,321.4774094,420.4994023802832,-42.41376327402911,-56.608229706254065,2,12,0,361,14.341667,12.218452,90.81,231.4218,239.4,608.29,870.55,-63.250628083394076,-47.78467582989208,-75.73588946808597,8.66473803894888
2023-12-28,8.739584,7.35,10.65,9.260416,289.74618775,420.6446208505608,-92.63758100226666,-38.26085209829415,3,12,0,362,10.204166,11.402083000000001,90.84,231.4941,278.8,351.16,870.55,-56.608229706254065,-228.6389946034616,-76.99639716470912,6.686322292704627
2023-12-29,6.1291656,4.15,8.4,11.870834,287.54207269,420.7895186016706,-46.233657099550356,-87.0137888121202,4,12,0,363,9.260416,10.780059285714286,90.9,231.646,277.7,429.69,870.55,-38.26085209829415,-51.284477265783266,-49.799519663970905,1.5224908238783381
2023-12-30,5.487499,2.9,7.45,12.512501,293.23001314,420.93408961575716,-96.885043827922,-30.819032647835172,5,12,1,364,11.870834,10.929762,90.94,231.7399,286.8,384.15,870.55,-87.0137888121202,-19.783071208296633,-54.903707027733326,-5.464924916218687
2023-12-31,5.25625,3.4,7.35,12.74375,269.53523289,421.0783280774017,-115.80532330583661,-35.737771881565095,6,12,1,365,12.512501,11.515773857142857,91.0,231.9051,238.4,399.99,870.55,-30.819032647835172,-51.44826115988883,-56.48027294766741,-15.471403087404488
2024-01-01,4.3750005,2.45,6.95,13.625,299.46430892,421.22222830056774,-91.01492672679976,-30.742992653767942,0,1,0,1,12.74375,12.079762,91.03,231.9639,230.5,292.82,870.55,-35.737771881565095,-67.96111812588532,-54.2359173364783,-25.16793285071786
2024-01-02,8.739583,7.25,10.55,9.260417,341.64043102,421.36578449638876,-83.59903809063192,3.8736846142431887,1,1,0,2,13.625,11.353869142857144,91.06,232.0502,364.4,447.11,903.9,-30.742992653767942,-63.250628083394076,-48.91904226903296,-31.053798574735715
2024-01-03,4.0624995,-2.25,7.25,13.9375,350.47207013,421.5089907294361,-49.803826272163725,-21.23309432727234,2,1,0,3,9.260417,11.887202571428572,91.04,231.9955,473.9,300.29,903.9,3.8736846142431887,-56.608229706254065,-39.329854740799064,-30.24571549055403
2024-01-04,0.32083336,-0.7,0.85,17.679167,451.96899511000004,421.6518410268967,57.05215217748963,-26.7349980943863,3,1,0,4,13.9375,13.089881285714284,90.92,231.6822,530.6,214.36,903.9,-21.23309432727234,-38.26085209829415,-34.2762639723731,-31.47822819862216
2024-01-05,-0.38958335,-1.75,0.95,18.389584,435.03546521,421.79432976469593,27.2392885757973,-13.998153130493222,4,1,0,5,17.679167,14.021131285714286,90.68,231.0731,659.9,66.65,903.9,-26.7349980943863,-87.0137888121202,-32.629713400386265,-32.87514304092722
2024-01-06,-2.7625,-6.85,-0.4,20.7625,425.48347147000004,421.93645089855653,196.50685136696634,-192.95983079552283,5,1,1,6,18.389584,15.19970257142857,90.39,230.3468,820.6,64.32,903.9,-13.998153130493222,-30.819032647835172,-22.198908303010985,-34.93064669440385
2024-01-07,-6.9562507,-9.2,-3.9,24.956251,456.79368579000004,422.0781981174942,173.76915378978205,-139.05366611727624,6,1,1,7,20.7625,16.944345571428574,90.13,229.6733,729.6,69.97,903.9,-192.95983079552283,-35.737771881565095,-45.36187946696636,-46.53779226146715
2024-01-08,-7.85,-10.55,-4.05,25.85,604.0846572,422.2195652708729,143.65178996783925,38.21330196128787,0,1,0,8,24.956251,18.690774142857144,89.7,228.5874,1125.6,21.37,903.9,-139.05366611727624,-30.742992653767942,-60.12129292921082,-52.71002830842859
2024-01-09,-6.683334,-8.9,-1.85,24.683334,686.6982183,422.36054656585213,165.0885376314595,99.24913410268834,1,1,0,9,25.85,20.894047999999998,88.78,226.2327,2373.3,18.46,903.9,38.21330196128787,3.8736846142431887,-50.27039369848855,-48.117584540958184
2024-01-10,-3.0583327,-7.9,-0.25,21.058332,761.1230507,422.50113624438535,191.9070318835622,146.71488257205243,2,1,0,10,24.683334,21.911309714285714,87.6,223.2449,2991.4,16.97,903.9,99.24913410268834,-21.23309432727234,-36.64532948585353,-39.92450033513112
2024-01-11,-0.66666675,-1.65,0.4,18.666666,754.7969198,422.6413285013198,195.5643845981398,136.5912067005404,3,1,0,11,21.058332,22.052381,86.43,220.2405,3017.1,20.79,903.9,146.71488257205243,-26.7349980943863,-12.652761357378564,-33.94693473701526
2024-01-12,1.4729167,0.5,2.15,16.527082,711.9691588,422.781118181403,236.51964185381078,52.66839876478622,4,1,0,12,18.666666,21.786309285714285,85.29,217.3371,2969.2,36.08,903.9,136.5912067005404,-13.998153130493222,10.67955361332525,-30.336231618045677
2024-01-13,1.7208332,0.9,2.85,16.279167,553.96414323,422.9205008543074,150.28501060145604,-19.241368225763495,5,1,1,13,16.527082,21.14583314285714,84.38,215.0235,2278.6,15.23,903.9,52.66839876478622,-192.95983079552283,20.203346741222312,-26.958049577781324
2024-01-14,0.8895834,-2.2,2.2,17.110416,534.81660557,423.0594724886008,145.39409095833923,-33.63695787694007,6,1,1,14,16.279167,20.02499957142857,83.82,213.5904,1462.5,23.16,903.9,-19.241368225763495,-139.05366611727624,45.020269965473645,-28.285167420934386
2024-01-15,-1.1645833,-4.25,1.05,19.164583,649.8260748199999,423.1980297204974,194.88845602632807,31.739589073174443,0,1,0,15,17.110416,19.06994,83.3,212.2852,1367.2,20.4,903.9,-33.63695787694007,38.21330196128787,60.0797997140931,-28.75370755515239
2024-01-16,-2.6249998,-4.6,-0.2,20.625,688.8080338999999,423.33616959298496,264.8125337146081,0.6593305924068886,1,1,0,16,19.164583,18.490177999999997,82.5,210.2292,2084.2,14.29,903.9,31.739589073174443,99.24913410268834,59.15498358721975,-25.39600427164341
2024-01-17,-2.6250002,-4.9,0.45,20.625,711.5850938,423.4738893111155,249.6717938468903,38.439410641994186,2,1,0,17,20.625,18.428273428571426,81.53,207.7596,2463.3,9.23,903.9,0.6593305924068886,146.71488257205243,45.07072594289383,-24.292258853260645
2024-01-18,-1.5395836,-5.2,1.8,19.539583,668.5697306000001,423.6111861230358,246.36362324118608,-1.4050787642217983,3,1,0,18,20.625,18.552975857142858,80.57,205.3181,2484.2,29.66,903.9,38.439410641994186,136.5912067005404,29.60280138145694,-22.92637794241096
2024-01-19,0.58958334,-1.65,3.0,17.410418,639.6350759,423.7480573289289,187.3085187548994,28.578499816171643,4,1,0,19,19.539583,18.679166714285714,79.7,203.1068,2193.8,9.28,903.9,-1.4050787642217983,52.66839876478622,9.88904631506234,-23.648270079504695
2024-01-20,-1.075,-4.85,3.0,19.075,559.4597231399999,423.88450016979414,166.0921424788653,-30.516919508659498,5,1,1,20,17.410418,19.078571428571426,78.84,200.9177,2204.0,8.44,903.9,28.578499816171643,-19.241368225763495,6.447632179545971,-21.10283089130257
2024-01-21,5.4604163,1.0,8.8,12.539583,479.15395737,424.020511724201,112.48041452032233,-57.34696887452333,6,1,1,21,19.075,18.425595285714287,78.23,199.3578,1626.5,28.33,903.9,-30.516919508659498,-33.63695787694007,4.836839139132256,-14.498761721475834
2024-01-22,4.4874997,2.45,7.5,13.512501,502.7858178,424.1560893069022,117.74527513812139,-39.11554664502353,0,1,0,22,12.539583,17.618154999999998,77.7,197.9988,1397.0,45.44,903.9,-57.34696887452333,31.739589073174443,1.4496947109060767,-14.700844775100503
2024-01-23,7.927084,3.85,10.35,10.072916,493.85968094,424.29123071504875,228.189701510172,-158.62125128522075,1,1,0,23,13.512501,16.11071442857143,77.34,197.0939,959.1,59.44,903.9,-39.11554664502353,0.6593305924068886,-8.672467534550776,-15.345260622991399
2024-01-24,6.5562496,5.4,8.3,11.44375,477.62108311000003,424.4259341542592,211.14276224977365,-157.9476132940328,2,1,0,24,10.072916,14.799107285714285,76.98,196.1797,953.6,34.08,903.9,-158.62125128522075,38.439410641994186,-31.426836374211867,-18.91769362716913
2024-01-25,5.18125,2.1,9.05,12.81875,522.27148293,424.5601983416104,159.2555528645381,-61.54426827614844,3,1,0,25,11.44375,13.838988285714285,76.77,195.6241,645.5,84.89,903.9,-157.9476132940328,-1.4050787642217983,-59.48212550793001,-21.917243466107376
2024-01-26,4.195833,1.55,6.7,13.804167,468.79800992,424.6940219604406,109.84364289194129,-65.73965493238182,4,1,0,26,12.81875,13.323809571428571,76.49,194.9136,813.4,92.08,903.9,-61.54426827614844,28.578499816171643,-68.0734382953481,-21.860364805865856
2024-01-27,1.5166665,-2.3,6.35,16.483334,437.14072609,424.82740347531256,235.0226215982695,-222.70929898358207,5,1,1,27,13.804167,12.95357157142857,76.28,194.3625,620.3,113.4,903.9,-65.73965493238182,-30.516919508659498,-81.54746040228432,-22.16474564673678
2024-01-28,2.9270837,-0.2,8.2,15.072916,415.03900870999996,424.96034128538747,41.04804419952195,-50.96937677490945,6,1,1,28,16.483334,13.315476285714286,76.01,193.6722,679.9,35.84,903.9,-222.70929898358207,-57.34696887452333,-109.00351461298753,-28.313027209579715
2024-01-29,4.0833335,0.8,8.25,13.916666,496.49420017,425.09283408363274,112.66243023768577,-41.26106415131852,0,1,0,29,15.072916,13.373214142857142,75.71,192.921,750.6,29.33,903.9,-50.96937677490945,-39.11554664502353,-108.09243002732842,-27.111546808339355
2024-01-30,5.2562494,1.55,7.55,12.743751,473.89330186,425.2248807890727,152.72495380402222,-104.05653273309491,1,1,0,30,13.916666,13.754762,75.36,192.0414,897.6,48.08,903.9,-41.26106415131852,-158.62125128522075,-108.39893252822769,-27.45961452512213
2024-01-31,5.541666,2.2,7.75,12.458334,474.61592855000004,425.3564802164087,127.09804073768662,-77.83859240409532,2,1,0,31,12.743751,13.899702571428572,75.03,191.1898,868.5,30.05,903.9,-104.05653273309491,-157.9476132940328,-100.60397273506685,-29.736906553506458
2024-02-01,5.535417,3.8,7.65,12.464582,472.81721,425.4876308716388,90.85078225071811,-43.52120312235695,3,2,0,32,12.458334,13.849107142857141,74.69,190.3428,827.2,28.92,903.9,-77.83859240409532,-61.54426827614844,-89.1598268936472,-31.306759878517372
2024-02-02,8.995833,7.45,10.35,9.004167,447.21880592,425.6183312383534,68.95298089442946,-47.35250621278283,4,2,0,33,12.464582,13.163392857142856,74.39,189.5725,774.9,94.83,903.9,-43.52120312235695,-65.73965493238182,-86.58510330024843,-32.88658946973738
2024-02-03,6.872917,5.25,8.4,11.127083,384.13364006,425.74857996003715,140.9189501316975,-182.53389003173464,5,2,1,34,9.004167,12.398214142857142,74.16,188.9886,682.0,93.38,903.9,-47.35250621278283,-222.70929898358207,-83.95836776887715,-33.757236532587726
2024-02-04,8.812499,6.85,9.65,9.187501,363.04645737,425.87837540757937,77.43714562269685,-140.26906366027623,6,2,1,35,11.127083,11.557440571428572,74.12,188.8761,419.2,306.72,903.9,-182.53389003173464,-50.96937677490945,-78.21902363289895,-38.950532930499335
2024-02-05,9.1125,8.0,10.3,8.8875,443.17946358,426.00771575835876,55.33016722464284,-38.158419403001574,0,2,0,36,9.187501,10.838988285714285,74.05,188.7048,475.4,270.33,903.9,-140.26906366027623,-41.26106415131852,-90.97612175937992,-43.159563281492105
2024-02-06,4.797917,0.85,9.3,13.202084,431.25464524,426.1365999955008,181.4102441292214,-176.29219888472218,1,2,0,37,8.8875,10.904464428571428,73.86,188.2247,602.3,125.04,903.9,-38.158419403001574,-104.05653273309491,-90.53288679533463,-37.99951623507472
2024-02-07,0.88958335,-2.55,4.75,17.110416,567.65165182,426.2650279822181,171.73955402419526,-30.352930186413403,2,2,0,38,13.202084,11.569047571428571,73.68,187.7702,565.9,111.65,903.9,-176.29219888472218,-77.83859240409532,-100.85226767413853,-39.24080066065626
2024-02-08,3.760417,0.9,7.9,14.239583,578.23142832,426.39299991534085,133.31239446007163,18.526033944587482,3,2,0,39,17.110416,11.82261914285714,73.27,186.7163,1094.8,40.9,903.9,-30.352930186413403,-43.52120312235695,-94.0686016430411,-41.52634173224631
2024-02-09,8.499999,6.4,12.4,9.500001,456.06643047,426.5205163236265,82.34695982353706,-52.801045677163586,4,2,0,40,14.239583,11.89345257142857,72.79,185.4915,1264.8,33.56,903.9,18.526033944587482,-47.35250621278283,-85.20471063347762,-44.217111737516326
2024-02-10,7.383333,6.0,10.15,10.616667,417.23648855,426.6475777107013,171.34485026190583,-180.75593942260713,5,2,1,41,9.500001,11.820536,72.59,184.9841,602.9,68.04,903.9,-52.801045677163586,-182.53389003173464,-85.98307341410343,-50.86764267915687
2024-02-11,6.674999,4.7,8.75,11.325001,404.64604642,426.7741845241947,168.6197054001835,-190.7478435043782,6,2,1,42,10.616667,12.125893142857143,72.47,184.6706,387.8,187.09,903.9,-180.75593942260713,-140.26906366027623,-85.72908046994237,-61.445880883261786
2024-02-12,4.6937494,2.4,8.2,13.306251,511.06324031,426.90033719841614,102.22160906138194,-18.058705949798025,0,2,0,43,11.325001,12.757143285714287,72.29,184.2278,438.9,108.94,903.9,-190.7478435043782,-38.158419403001574,-92.94033473338551,-69.55975562556726
2024-02-13,5.6770835,1.75,9.35,12.322916,465.78157659,427.02603628966153,61.433053296441265,-22.67751299610279,1,2,0,44,13.306251,12.631547857142857,71.99,183.4644,691.2,15.69,903.9,-18.058705949798025,-176.29219888472218,-90.06894709721357,-69.52033354970175
2024-02-14,10.506249,8.4,13.25,7.4937506,444.67288857,427.151282644699,188.82535311168638,-171.30374718638538,2,2,0,45,12.322916,11.257738514285714,71.63,182.536,864.1,53.25,903.9,-22.67751299610279,-30.352930186413403,-68.12399197026795,-69.15501872034051
2024-02-15,11.318748,7.95,15.55,6.6812515,444.62303360000004,427.2760774353052,151.00246078711828,-133.65550462242345,3,2,0,46,7.4937506,10.177976871428571,71.35,181.8334,735.4,32.92,903.9,-171.30374718638538,18.526033944587482,-88.25982297026395,-75.9231299289925
2024-02-16,9.102082,6.2,12.15,8.897918,413.36560647000005,427.40042224373053,11.654410508489219,-25.689226282219693,4,2,0,47,6.6812515,10.091965014285714,71.29,181.6633,332.4,161.02,903.9,-133.65550462242345,-52.801045677163586,-110.00004276555123,-80.40029110282018
2024-02-17,5.7604165,0.6,9.35,12.239584,445.71648587,427.52431877189866,63.48325120275289,-45.29108410465159,5,2,1,48,8.897918,10.3238103,71.28,181.6447,208.8,190.27,903.9,-25.689226282219693,-180.75593942260713,-106.12692570913067,-82.5379123336273
2024-02-18,7.6270833,6.7,8.55,10.372917,378.83804344,427.64776907202696,189.55028728112123,-238.3600129131482,6,2,1,49,12.239584,10.187798299999999,71.33,181.7792,150.5,285.0,903.9,-45.29108410465159,-190.7478435043782,-86.7748035208513,-84.00077917830829
2024-02-19,7.3020825,6.45,8.65,10.697918,445.61643470999996,427.7707755908387,67.35730292815427,-49.51164380899303,0,2,0,50,10.372917,9.8151793,71.37,181.8741,178.5,273.43,903.9,-238.3600129131482,-18.058705949798025,-93.57654200781846,-92.89872960261896
2024-02-20,7.875,6.3,10.65,10.125,479.15397217000003,427.8933409066369,53.55920610111897,-2.2985748377558366,1,2,0,51,10.697918,9.5011913,71.26,181.606,351.2,93.92,903.9,-49.51164380899303,-22.67751299610279,-98.06981884484631,-93.53188707929674
2024-02-21,9.5,7.95,11.4,8.5,437.41395967,428.0154679965788,52.28365725321747,-42.88516557979631,2,2,0,52,10.125,9.644941214285714,71.13,181.2582,440.5,89.22,903.9,-2.2985748377558366,-171.30374718638538,-95.15854196508246,-91.6969406114045
2024-02-22,8.01875,4.0,11.1,9.98125,475.70836093,428.1371602851021,36.307332975933264,11.263867668964679,3,2,0,53,8.5,10.116369571428573,70.94,180.7697,527.0,42.85,903.9,-42.88516557979631,-133.65550462242345,-76.8130303069983,-91.82259457589693
2024-02-23,5.03125,0.7,10.2,12.96875,525.45352036,428.2584218791837,37.97810957225108,59.21698890856521,4,2,0,54,9.98125,10.697917,70.75,180.2871,512.3,30.21,903.9,11.263867668964679,-25.689226282219693,-56.110262836800004,-86.15975727742406
2024-02-24,4.902084,0.65,11.25,13.097916,430.59128552,428.3792576345876,10.558418950481563,-8.346391065069156,5,2,1,55,12.96875,10.820535857142858,70.51,179.6704,659.5,43.16,903.9,59.21698890856521,-45.29108410465159,-43.98080352383072,-78.92093720400415
2024-02-25,4.708334,-0.55,10.5,13.291666,441.92958826999995,428.49967319775806,76.96777652563742,-63.53786145339552,6,2,1,56,13.097916,11.237499999999999,70.35,179.2841,444.3,57.96,903.9,-8.346391065069156,-238.3600129131482,-38.70299023246181,-77.1476746303015
2024-02-26,4.847917,2.85,6.95,13.152082,487.91086226,428.61967470519073,53.35627205937296,5.934915495436314,0,2,0,57,13.291666,11.588094857142854,70.21,178.9105,419.5,45.96,903.9,-63.53786145339552,-49.51164380899303,-13.728397166782852,-77.0742815143353
2024-02-27,3.3395834,-0.35,5.3,14.660417,605.3848151,428.73926804702984,104.16659050219828,72.47895655077184,1,2,0,58,13.152082,12.236011571428572,69.85,177.9924,951.5,34.97,903.9,5.934915495436314,-2.2985748377558366,-5.8074601232929455,-69.45280769836799
2024-02-28,3.5812502,-1.45,9.3,14.41875,574.3682297,428.8584588351546,86.00956332927439,59.500207535571064,2,2,0,59,14.660417,13.081547285714285,69.43,176.9194,1031.6,47.74,903.9,72.47895655077184,-42.88516557979631,4.875044360782438,-65.33786325417863
2024-02-29,6.729166,3.35,12.05,11.270834,479.02645752999996,428.9772526778633,48.27057357972783,1.778631272408802,3,2,0,60,14.41875,13.265773571428571,68.99,175.8057,1172.5,63.81,903.9,59.500207535571064,11.263867668964679,19.50152623440635,-61.97915419794898
2024-03-01,8.147917,5.55,11.05,9.852083,458.27831161,429.0956550493453,60.41179648277896,-31.22913992212426,4,3,0,61,11.270834,12.82053542857143,68.74,175.1646,742.2,106.26,903.9,1.778631272408802,59.21698890856521,18.146492463469794,-58.45131539776552
2024-03-02,9.51875,6.2,13.3,8.48125,422.83855969999996,429.2136717741115,40.229796299500755,-46.60490837361232,5,3,1,62,9.852083,12.161011714285715,68.5,174.5628,684.2,90.99,903.9,-31.22913992212426,-8.346391065069156,5.22561691622844,-56.897666981699814
2024-03-03,9.172915,6.05,12.4,8.827085,407.95993233999997,429.33130893916353,39.76408234368273,-61.1354589428463,6,3,1,63,8.48125,11.52321442857143,68.5,174.5529,326.9,317.01,903.9,-46.60490837361232,-63.53786145339552,-0.23988555642058276,-57.00045715674167
2024-03-04,5.208333,1.2,7.95,12.791667,509.6246248,429.4485731878346,63.10081538989201,17.07523622227336,0,3,0,64,8.827085,11.471726571428572,68.55,174.6883,259.1,383.49,903.9,-61.1354589428463,5.934915495436314,0.10331480222930622,-57.459888914410456
2024-03-05,3.1979167,-1.2,7.1,14.802083,547.8519069,429.5654714956373,77.59504966940952,40.6913857349532,1,3,0,65,12.791667,11.491964571428571,68.39,174.2821,526.2,117.81,903.9,17.07523622227336,72.47895655077184,1.6947891917774558,-50.806251372610184
2024-03-06,4.0375004,0.35,7.55,13.9625,537.2657002000001,429.6820110522725,77.73805931490516,29.845629832822397,2,3,0,66,14.802083,11.426785999999998,67.99,173.2702,1042.2,30.37,903.9,40.6913857349532,59.500207535571064,-2.846292353339493,-44.774236392769204
2024-03-07,2.4916666,-1.7,7.6,15.508333,495.3078354,429.7981990183481,67.1382518463189,-1.628615464667007,3,3,0,67,13.9625,12.032143000000001,67.66,172.4271,893.8,84.29,903.9,29.845629832822397,1.778631272408802,-7.082660596589302,-42.50743475157507
2024-03-08,4.2833333,-0.2,9.3,13.716667,446.89226617,429.9140425761376,11.907056021753958,5.071167572108493,4,3,0,68,15.508333,12.584226428571428,67.42,171.8012,681.8,55.95,903.9,-1.628615464667007,-31.22913992212426,-7.569410130457276,-36.68531530423989
2024-03-09,7.560417,3.1,11.9,10.439583,380.64546064999996,430.02954909010634,1.2691628456061832,-50.65325128571254,5,3,1,69,13.716667,12.863988285714287,67.18,171.2055,645.1,48.98,903.9,5.071167572108493,-46.60490837361232,-2.3836519169954533,-35.5045120456225
2024-03-10,9.733335,6.0,13.6,8.266665,399.42527277,430.14472558419016,-14.026236628488993,-16.693216185701147,6,3,1,70,10.439583,12.783928285714284,67.11,171.0084,321.3,124.63,903.9,-50.65325128571254,-61.1354589428463,-2.961986618724057,-37.81048821996583
2024-03-11,7.975,3.6,13.35,10.025,518.1407902,430.2595788018349,-41.566978507833916,129.44818990599902,0,3,0,71,8.266665,12.388690142857143,67.08,170.9375,267.7,196.85,903.9,-16.693216185701147,17.07523622227336,3.386905203725251,-36.60689390358375
2024-03-12,7.8875003,1.95,13.35,10.112499,571.7104596,430.37411503303764,-44.12645251479349,185.46279708175592,1,3,0,72,10.025,11.718749571428571,66.8,170.23,746.8,39.19,903.9,129.44818990599902,40.6913857349532,19.440184301400343,-26.26675625929688
2024-03-13,10.683334,7.6,14.3,7.3166656,501.9094198,430.4883398650325,33.69154389258096,37.72953604238654,2,3,0,73,10.112499,10.769344657142858,66.5,169.457,830.1,57.42,903.9,185.46279708175592,29.845629832822397,40.121814493800734,-13.72640157309241
2024-03-14,11.204167,7.15,17.15,6.7958326,454.77796039,430.6022581774586,57.104145701091646,-32.92844348855027,3,3,0,74,7.3166656,9.524701742857143,66.28,168.8992,630.6,72.7,903.9,37.72953604238654,-1.628615464667007,41.24808680945275,-11.866793506686259
2024-03-15,9.325001,5.55,12.3,8.674999,393.98968135,430.7158746014734,-19.596439352541722,-17.129753898931654,4,3,0,75,6.7958326,8.804463457142857,66.25,168.82,331.0,251.73,903.9,-32.92844348855027,5.071167572108493,36.77668280604086,-12.20849118976784
2024-03-16,5.0312495,1.15,8.2,12.96875,384.32403765,430.82919396923614,0.7297815558165495,-47.23493787505271,5,3,1,76,8.674999,9.165773028571428,66.32,169.0114,170.7,362.14,903.9,-17.129753898931654,-50.65325128571254,33.60512259589227,-7.069358080186049
2024-03-17,1.4687499,-2.55,6.0,16.53125,396.32310818999997,430.9422213001772,31.840085271753516,-66.45919838193078,6,3,1,77,12.96875,10.346428028571427,66.35,169.0318,213.7,234.06,903.9,-47.23493787505271,-16.693216185701147,34.09345308312938,-4.188672521940358
2024-03-18,2.739583,-2.55,8.55,15.260417,503.822832,431.0549622664284,28.964546733465685,43.803323000105934,0,3,0,78,16.53125,11.094344742857142,66.3,168.9205,303.0,191.76,903.9,-66.45919838193078,129.44818990599902,26.984027055096583,-5.547671591930727
2024-03-19,7.9729176,1.25,15.9,10.027082,515.9884786,431.1674233433382,68.262185599536,16.558869657125797,1,3,0,79,15.260417,11.082142314285715,66.15,168.5174,449.1,49.57,903.9,43.803323000105934,185.46279708175592,14.749046068540427,-2.577858021772143
2024-03-20,10.3375,7.95,14.15,7.6625004,525.7095171,431.2796117641958,71.74097455087558,22.688930784928573,2,3,0,80,10.027082,11.131547285714285,66.0,168.126,432.5,41.98,903.9,16.558869657125797,37.72953604238654,-9.380086420692448,5.919438063903657
2024-03-21,9.460416,6.55,13.0,8.539584,471.89500730000003,431.39153480269243,16.960470936108763,23.54300156119882,3,3,0,81,7.6625004,11.38065462857143,65.93,167.9661,226.3,66.62,903.9,22.688930784928573,-32.92844348855027,-11.528744314615015,8.326123883701044
2024-03-22,6.50625,3.3,9.45,11.49375,445.02766545,431.5031995329717,4.551626904654114,8.972839012374209,4,3,0,82,8.539584,11.783333342857143,65.92,167.9402,210.6,185.13,903.9,23.54300156119882,-17.129753898931654,-3.461395021793716,9.1875097636662
2024-03-23,4.1500006,1.65,6.35,13.849999,379.32725758,431.61461292327914,-7.447699959678232,-44.83965538360093,5,3,1,83,11.49375,11.909226057142858,65.91,167.9048,190.1,154.67,903.9,8.972839012374209,-47.23493787505271,0.26754682267854996,10.916109916738549
2024-03-24,5.69375,1.9,9.3,12.30625,399.91403785,431.7257816815717,-30.070676273338407,-1.7410675582332829,6,3,1,84,13.849999,11.305654628571428,65.89,167.8591,168.7,123.56,903.9,-44.83965538360093,-66.45919838193078,0.60973003574309,9.045992481653029
2024-03-25,6.535416,0.3,12.85,11.464584,505.6547319,431.836712068866,-14.876194467031128,88.69421429816515,0,3,0,85,12.30625,10.763392771428572,65.79,167.5977,368.1,98.33,903.9,-1.7410675582332829,43.803323000105934,9.855177296271304,7.014057266093079
2024-03-26,10.689583,4.95,17.0,7.310417,447.58394582,431.94741020299733,-6.694604771529171,22.33114038853182,1,3,0,86,11.464584,10.375297771428572,65.48,166.8088,814.2,33.93,903.9,88.69421429816515,16.558869657125797,16.26816176742262,10.248744111534222
2024-03-27,9.58125,6.6,13.35,8.41875,486.24734514,432.05788196940574,26.117549043421075,28.07191412717316,2,3,0,87,7.310417,10.483333428571427,65.4,166.6097,359.9,213.35,903.9,22.33114038853182,22.688930784928573,17.092771871909196,13.1110441729318
2024-03-28,9.345834,5.1,14.45,8.654166,378.25774884,432.1681331839587,-10.53483779602651,-43.375546547932174,3,3,0,88,8.41875,10.499702285714287,65.26,166.2568,410.0,57.89,903.9,28.07191412717316,23.54300156119882,17.86176949222985,13.84894412732303
2024-03-29,14.066667,7.6,21.7,3.9333334,363.06866663,432.2781700647485,-41.49542832306429,-27.714075111684224,4,3,0,89,8.654166,9.41964277142857,65.11,165.879,453.5,75.7,903.9,-43.375546547932174,8.972839012374209,8.301976905211136,9.987127357366228
2024-03-30,12.908333,6.75,18.95,5.091667,369.39830755,432.3879991889639,-40.588119376755664,-22.401572262208163,5,3,1,90,3.9333334,8.168452485714285,65.1,165.8439,257.4,222.29,903.9,-27.714075111684224,-44.83965538360093,3.0609891732027887,7.079984602457719
2024-03-31,12.810416,8.45,19.35,5.189584,335.78523751,432.49762759617806,48.60552051021723,-145.31791059639528,6,3,1,91,5.091667,7.151785914285713,64.95,165.4723,674.0,303.51,903.9,-22.401572262208163,-1.7410675582332829,6.266429619116041,6.273977817970487
2024-04-01,10.712501,7.9,13.5,7.2874994,347.62228378,432.6070629984558,-17.845795863512105,-67.13898335494372,0,4,0,92,5.189584,6.555059542857143,62.78,159.9114,132.0,371.81,903.9,-145.31791059639528,88.69421429816515,-14.244547957764244,2.4710187954947864
2024-04-02,9.504167,8.3,11.45,8.495833,433.40548897,432.71631365982796,4.058466870774367,-3.369291560602278,1,4,0,93,7.2874994,6.724404685714285,66.41,163.2764,289.2,320.55,903.9,-67.13898335494372,22.33114038853182,-36.5064333367798,1.7865496294504064
2024-04-03,11.037499,8.55,14.15,6.9625006,507.51681813,432.82538820310384,15.937418274313739,58.75401165258239,2,4,0,94,8.495833,6.516369057142858,66.77,164.1595,342.8,76.73,903.9,-3.369291560602278,28.07191412717316,-40.17792361522753,3.7120885421918737
2024-04-04,13.627083,8.95,18.75,4.372917,401.55239025,432.9342955444479,-21.520654960913667,-9.861250333534258,3,4,0,95,6.9625006,5.9047620571428565,66.76,164.2961,276.4,70.23,903.9,58.75401165258239,-43.375546547932174,-35.79476682588335,5.101381056535508
2024-04-05,16.03125,11.25,21.8,1.96875,373.78278267,433.04304494916977,-59.539374067184646,0.2791117880149159,4,4,0,96,4.372917,5.6241072857142855,66.56,163.8173,175.1,109.64,903.9,-9.861250333534258,-27.714075111684224,-31.007010223826505,3.4162931875859264
2024-04-06,17.614582,13.25,22.1,0.38541794,323.37637186,433.15164610045167,-75.54798217568792,-34.22729206476373,5,4,1,97,1.96875,4.951785991428572,66.69,164.1308,58.1,371.55,903.9,0.2791117880149159,-22.401572262208163,-27.007983523869484,2.4307425860923435
2024-04-07,18.24375,13.0,25.5,0.0,360.47016476,433.26010917627485,-56.03718622615309,-16.752758190121767,6,4,1,98,0.38541794,4.210416848571429,67.01,164.9216,18.6,789.78,903.9,-34.22729206476373,-145.31791059639528,-28.69737206709171,1.344120032755786
2024-04-08,17.639585,12.35,25.45,0.3604145,468.75003408,433.3684448080167,-34.53251123396897,69.91410050595226,0,4,0,99,0.0,3.2208332914285718,67.41,165.8957,12.3,986.39,903.9,-16.752758190121767,-67.13898335494372,-10.33092172333835,0.6166558406814441
2024-04-09,11.554166,9.2,13.5,6.445834,435.62885983999996,433.47666338450654,-14.402814666713615,16.55501112220702,1,4,0,100,0.3604145,2.927976291428571,67.77,166.7797,67.6,515.23,903.9,69.91410050595226,-3.369291560602278,9.248090256789649,4.635567567070271
2024-04-10,11.177083,5.95,15.7,6.822917,492.13819798000003,433.58477491594846,26.62993548334962,31.92348758070193,2,4,0,101,6.445834,2.908035777142857,67.92,167.1618,43.8,425.84,903.9,16.55501112220702,58.75401165258239,12.09441921147669,5.74384181066721
2024-04-11,15.002084,11.7,19.05,2.9979162,453.22907864,433.69278933169807,-14.512492194824166,34.04878150312612,3,4,0,102,6.822917,2.7116070914285713,67.98,167.3155,90.1,238.6,903.9,31.92348758070193,-9.861250333534258,8.261487201208054,2.4930183998239737
2024-04-12,16.46667,11.75,20.95,1.5333309,370.25941277,433.8007167452475,-40.7484783011301,-22.79282567411741,4,4,0,103,2.9979162,2.649404362857143,68.1,167.6004,72.5,344.61,903.9,34.04878150312612,0.2791117880149159,14.534348892159537,-2.55411545279702
2024-04-13,14.464583,8.7,17.3,3.5354166,309.13839024000004,433.90856733586327,-64.2452718036941,-60.52490529216914,5,4,1,104,1.5333309,3.099404171428571,68.38,168.2831,14.0,695.3,903.9,-22.79282567411741,-34.22729206476373,11.238357826140632,-4.571527510013818
2024-04-14,10.212501,7.3,13.2,7.7874994,358.49896719,434.0163512165787,-34.05759239111656,-41.45979163546218,6,4,1,105,3.5354166,4.211904085714286,68.77,169.2384,7.3,980.36,903.9,-60.52490529216914,-16.752758190121767,7.481555936511289,-5.491409570134447
2024-04-15,6.745833,4.7,9.45,11.254168,388.15258418999997,434.1240783027096,-41.50969667467549,-4.461797438034182,0,4,0,106,7.7874994,5.768154585714286,69.13,170.1317,16.0,907.5,903.9,-41.45979163546218,69.91410050595226,3.9519797300340866,-6.302410828018798
2024-04-16,5.9812503,2.35,10.35,12.018749,460.27108202999995,434.23175873861186,-5.656072675825567,31.695395967213642,1,4,0,107,11.254168,6.564285300000001,69.26,170.4589,63.0,388.53,903.9,-4.461797438034182,16.55501112220702,-6.673148547678262,-4.876639480118181
2024-04-17,6.0,0.85,10.55,12.0,561.4111117,434.33940242011823,-23.133693219383915,150.20540249926563,2,4,0,108,12.018749,7.3038685857142855,69.15,170.1964,319.8,57.54,903.9,31.695395967213642,31.92348758070193,-4.510236426963031,-1.604819668480033
2024-04-18,5.8520827,4.6,7.7,12.147917,473.65375873,434.44701844677303,-42.218075988615404,81.42481627184242,3,4,0,109,12.0,8.611011557142858,68.92,169.6298,682.5,115.69,903.9,150.20540249926563,34.04878150312612,12.38717998997464,1.94191631482529
2024-04-19,5.49375,1.75,8.15,12.50625,393.80414618000003,434.5546151288422,-54.13433716374601,13.383868214903828,4,4,0,110,12.147917,10.178571428571429,68.64,168.9374,747.3,54.76,903.9,81.42481627184242,-22.79282567411741,19.15518495693411,4.104114535315844
2024-04-20,3.4583333,-0.75,8.2,14.541667,373.40338494,434.6621999447165,-51.38310495980946,-9.875710044907066,5,4,1,111,12.50625,11.750892914285714,68.49,168.568,399.7,30.75,903.9,13.383868214903828,-60.52490529216914,24.323284083937146,3.793945782981686
2024-04-21,2.1333332,-1.45,6.15,15.866667,408.70992227999994,434.76977971891824,-55.81353815044362,29.753680711525305,6,4,1,112,14.541667,12.905059714285715,68.44,168.4257,217.5,75.16,903.9,-9.875710044907066,-41.45979163546218,31.558883404974583,2.679988729444823
2024-04-22,4.102083,-1.05,8.2,13.897917,620.8470879,434.8773611170717,-44.592010048935734,230.5617368318641,0,4,0,113,15.866667,13.282738142857143,68.33,168.1667,290.6,47.85,903.9,29.753680711525305,-4.461797438034182,41.73223659740137,3.3726834527498597
2024-04-23,5.852083,2.8,10.45,12.147917,580.3507364,434.9849508022901,-24.996093232200867,170.36187882991078,1,4,0,114,13.897917,13.301190714285713,67.96,167.2496,936.8,28.83,903.9,230.5617368318641,31.695395967213642,75.30702720738684,12.552729859932025
2024-04-24,4.9604163,1.05,9.1,13.039583,621.4103054,435.0925555939253,1.707536047052743,184.61021375902197,2,4,0,115,12.147917,13.449702571428572,67.54,166.2311,1066.6,37.81,903.9,170.36187882991078,150.20540249926563,95.11652475920071,18.28949473953683
2024-04-25,7.870834,1.9,13.15,10.129166,569.3548907999999,435.20018277646744,-12.089369968617786,146.24407799215027,3,4,0,116,13.039583,13.161309571428571,67.2,165.3904,862.0,23.34,903.9,184.61021375902197,81.42481627184242,100.03149779630874,21.486694721565392
2024-04-26,11.766666,3.0,18.95,6.2333336,524.8344052799999,435.3078396869178,-35.46744262810084,124.99400822118292,4,4,0,117,10.129166,12.265178657142856,66.88,164.5988,803.9,17.33,903.9,146.24407799215027,13.383868214903828,109.29139232778131,25.617125975019338
2024-04-27,15.562501,9.5,22.5,2.437499,377.31208583,435.4155334056521,-50.15178520797306,-7.951662367679091,5,4,1,118,6.2333336,10.536011799999999,66.78,164.3404,274.9,17.48,903.9,124.99400822118292,-9.875710044907066,125.23569804296403,28.847862444819665
2024-04-28,15.564583,12.4,19.9,2.4354172,361.22628242,435.5232709881488,-68.5252067622354,-5.771781805913349,6,4,1,119,2.437499,8.617261828571428,66.89,164.6236,15.7,304.89,903.9,-7.951662367679091,29.753680711525305,125.51056199685374,30.02865858416143
2024-04-29,18.447918,11.35,26.35,0.0,462.46147407999996,435.63105968135284,-78.5685059558135,105.39892035446059,0,4,0,120,2.4354172,6.631845114285714,67.07,165.0674,14.7,460.13,903.9,-5.771781805913349,230.5617368318641,120.43549592293394,30.76006836102046
2024-04-30,19.760418,14.65,24.85,0.0,400.0069211,435.73890676602304,-87.95649351371002,52.22450784768699,1,4,0,121,0.0,4.8964284,67.21,165.4178,9.7,330.2,903.9,105.39892035446059,170.36187882991078,102.55509356901916,35.02008478157609
2024-05-01,19.385416,14.9,24.2,0.0,323.24886394,435.8468188633379,-97.0765144267955,-15.521440496542425,2,5,0,122,0.0,3.033630828571429,67.44,165.97,10.2,524.14,903.9,52.22450784768699,184.61021375902197,85.67832628584434,41.60483206304549
2024-05-02,17.854168,14.2,22.4,0.14583206,361.33281906,435.95480190061767,-75.61517450039301,0.9931916597753343,3,5,0,123,0.0,1.6074402657142854,67.66,166.5598,2.5,614.45,903.9,-15.521440496542425,146.24407799215027,57.088089963620845,43.3254168249922
2024-05-03,15.445832,10.95,19.05,2.5541677,446.31226797000005,436.0628611018437,-69.63018044226858,79.87958731042494,4,5,0,124,0.14583206,1.081845137142857,67.56,167.1665,10.5,620.14,903.9,0.9931916597753343,124.99400822118292,36.33796334471014,43.470832932338126
2024-05-04,15.235416,11.95,19.05,2.7645836,414.90897767,436.1710006532372,-44.533747810608425,23.27172482737126,5,5,1,125,2.5541677,1.1285715085714285,67.65,167.4038,88.7,336.1,903.9,79.87958731042494,-7.951662367679091,29.893046071744713,44.17501878759955
2024-05-05,13.410416,8.35,18.5,4.5895844,397.26310714,436.2792238445241,-40.284556938612354,1.2684402340882457,6,5,1,126,2.7645836,1.4363096799999997,67.8,167.7682,31.9,406.4,903.9,23.27172482737126,-5.771781805913349,34.353529956751906,45.27945129296306
2024-05-06,11.879167,8.3,15.8,6.1208334,525.55070269,436.38753347580587,-72.95660761382616,162.11977682802024,0,5,0,127,4.5895844,2.3107144514285713,67.97,168.1737,12.4,419.05,903.9,1.2684402340882457,105.39892035446059,35.35927596246642,45.31242890783218
2024-05-07,12.387501,8.4,17.6,5.612499,554.03451384,436.4959317214862,-28.5145855751886,146.0531676937024,1,5,0,128,6.1208334,3.112500022857143,67.97,168.1874,161.0,181.76,903.9,162.11977682802024,52.22450784768699,43.46225545868923,51.85733120425831
2024-05-08,12.514583,5.1,18.7,5.4854174,515.79138183,436.60442048213235,6.448459868297203,72.7385014795704,2,5,0,129,5.612499,3.89613108,67.96,168.1565,148.5,127.7,903.9,146.0531676937024,-15.521440496542425,56.86634972240571,57.28419540038578
2024-05-09,15.714583,9.8,20.9,2.2854166,416.49328457,436.7130014463657,-41.31438183713881,21.094664960773116,3,5,0,130,5.4854174,4.201786014285714,67.9,168.0225,226.5,99.53,903.9,72.7385014795704,0.9931916597753343,69.4749128618504,57.37834209950638
2024-05-10,14.810416,10.85,19.2,3.1895838,414.55364632,436.82167585510496,-60.438155897341474,38.17012636223649,4,5,0,131,2.2854166,4.292559742857143,68.08,168.4568,9.4,443.72,903.9,21.094664960773116,79.87958731042494,72.34655190485009,57.52966389412525
2024-05-11,14.818749,9.3,20.0,3.1812506,352.64763813,436.9304448970863,-87.36631501894949,3.0835082518631793,5,5,1,132,3.1895838,4.3520836,68.32,169.0457,12.2,601.15,903.9,38.17012636223649,23.27172482737126,66.3880574836803,57.737885186843066
2024-05-12,16.489582,10.0,22.7,1.5104179,321.35860924,437.0393096060683,-95.46853644663136,-20.212163919436875,6,5,1,133,3.1812506,3.9122026714285716,68.68,169.9301,4.2,898.64,903.9,3.0835082518631793,1.2684402340882457,63.50402654432201,56.705709411800974
2024-05-13,18.30625,11.95,24.05,0.0,403.79757538999996,437.14827068641387,-58.02146914516342,24.67077384874949,0,5,0,134,1.5104179,3.0377979,69.06,170.8922,2.5,974.71,903.9,-20.212163919436875,162.11977682802024,60.43536880810414,56.79173147029032
2024-05-14,19.808332,14.3,25.65,0.0,397.15172068,437.25732868050943,-66.67539582874699,26.56978782823751,1,5,0,135,0.0,2.2360123285714284,69.38,171.678,10.3,808.22,903.9,24.67077384874949,146.0531676937024,40.7997969539226,59.631587441654275
2024-05-15,20.208332,14.8,25.45,0.0,476.54383637,437.36648346541017,-37.598432222325386,76.77578512691525,2,5,0,136,0.0,1.4523812714285713,69.7,172.475,4.3,798.94,903.9,26.56978782823751,72.7385014795704,23.730742687427615,61.89924009044426
2024-05-16,19.339584,15.65,24.8,0.0,478.27142254,437.4757344976058,-55.506219334210584,96.30190737660473,3,5,0,137,0.0,1.1258931857142858,70.0,173.2015,7.8,727.13,903.9,76.77578512691525,21.094664960773116,24.307497494191164,64.60715950927592
2024-05-17,16.64375,12.7,20.75,1.3562508,396.19569308999996,437.5850812108683,-80.075203791531,38.68581567066269,4,5,0,138,0.0,0.8639884714285715,70.22,173.7602,6.0,569.26,903.9,96.30190737660473,38.17012636223649,35.0513892678814,66.76070988958895
2024-05-18,15.810416,10.55,20.65,2.1895838,375.89734685,437.6945229558745,-28.277519636465183,-33.51965646940931,5,5,1,139,1.3562508,0.7223217857142856,70.48,174.4018,4.1,638.75,903.9,38.68581567066269,3.0835082518631793,35.12505916908514,63.04339032863552
2024-05-19,15.691663,11.2,19.8,2.3083372,349.49235042000004,437.80405909847923,-74.22745462018156,-14.084254058297631,6,5,1,140,2.1895838,0.8363102571428571,70.8,175.1887,5.6,792.56,903.9,-33.51965646940931,-20.212163919436875,29.896035637474785,59.21190790392713
2024-05-20,19.704168,12.9,25.45,0.0,344.30271729000003,437.9136888201813,-92.70975955791141,-0.9012119722698344,0,5,0,141,2.3083372,0.8363102571428571,71.1,175.9402,2.5,754.0,903.9,-14.084254058297631,24.67077384874949,30.77145133192325,58.29630382815375
2024-05-21,19.650002,16.2,25.55,0.0,462.9101006,438.0234110203089,-50.78688159672203,75.67357117641313,1,5,0,142,0.0,0.8363102571428571,71.37,176.5853,7.8,651.4,903.9,-0.9012119722698344,26.56978782823751,27.118310500349057,58.59545376390832
2024-05-22,17.977083,15.25,21.65,0.022916794,441.3263008,438.1332243025498,-36.976004521954096,40.1690810194043,2,5,0,143,0.0,0.8395840848571429,71.44,176.7683,114.0,291.61,903.9,75.67357117641313,76.77578512691525,34.13313669294558,60.12611677940458
2024-05-23,18.34375,13.85,23.15,0.0,515.56737044,438.2431264862015,-51.930517917323165,129.25476187112167,3,5,0,144,0.022916794,0.8395840848571429,71.6,177.1728,25.2,429.68,903.9,40.1690810194043,96.30190737660473,28.903607534729726,53.77969491898926
2024-05-24,18.722916,15.05,22.7,0.0,497.42141101,438.35311449161924,-104.83197228019851,163.90026879857925,4,5,0,145,0.0,0.6458339705714286,71.8,177.6716,23.0,521.86,903.9,129.25476187112167,38.68581567066269,33.61115817680358,52.40945768702962
2024-05-25,18.397917,13.75,23.6,0.0,402.50973706,438.46318460778735,-91.3321192522272,55.37867170443985,5,5,1,146,0.0,0.3330362848571428,71.91,177.9267,24.2,279.37,903.9,163.90026879857925,-33.51965646940931,51.49893719507737,51.7191261883482
2024-05-26,18.672915,15.85,22.55,0.0,364.75256368,438.573332568957,-83.55710599847379,9.73633710951674,6,5,1,147,0.0,0.0032738277142857143,72.07,178.3194,20.7,413.39,903.9,55.37867170443985,-14.084254058297631,64.1986983627701,48.69027931209118
2024-05-27,15.756251,12.0,17.85,2.2437487,461.50231555,438.6835538204805,-118.02881828666808,140.84758001618764,0,5,0,148,0.0,0.3238093562857142,72.25,178.7843,7.5,472.46,903.9,9.73633710951674,-0.9012119722698344,67.60163995817216,44.848356941702306
2024-05-28,16.16875,10.4,21.8,1.8312492,426.28132036,438.7938436561065,-74.67470808102455,62.162184784918054,1,5,0,149,2.2437487,0.5854163848571429,72.38,179.1062,7.3,329.08,903.9,140.84758001618764,75.67357117641313,87.85146738509467,49.8083316878312
2024-05-29,16.904165,13.1,21.0,1.0958347,434.66931166,438.90419709845014,-40.135574769512864,35.90068933106272,2,5,0,150,1.8312492,0.7386903714285713,72.48,179.3461,30.6,270.56,903.9,62.162184784918054,40.1690810194043,85.92126932916679,52.07279724085891
2024-05-30,17.497915,13.35,22.3,0.50208473,425.11825667,439.0146090234331,-69.92891525832059,56.03256290488753,3,5,0,151,1.0958347,0.8104167614285712,72.57,179.5664,23.5,243.78,903.9,35.90068933106272,129.25476187112167,85.31149908797514,49.75618954007898
2024-05-31,19.947916,15.0,24.55,0.0,391.29285322000004,439.12507451378957,-54.907923045566626,7.075701751777103,4,5,0,152,0.50208473,0.8104167614285712,72.66,179.7974,81.1,312.1,903.9,56.03256290488753,163.90026879857925,74.8511849499417,49.88312470865233
2024-06-01,18.816666,15.65,22.05,0.0,358.37324752999996,439.23558859791774,-73.91174733226622,-6.95059373565158,5,6,1,153,0.0,0.8104167614285712,72.84,180.2395,12.4,454.51,903.9,7.075701751777103,55.37867170443985,52.44767537182709,50.63636278359631
2024-06-02,15.097917,12.95,17.4,2.9020834,369.62220868,439.3461459607886,-69.40059103713492,-0.3233462436536456,6,6,1,154,0.0,1.2250001042857142,72.87,180.3047,2.5,679.43,903.9,-6.95059373565158,9.73633710951674,43.543494594671174,50.371569937082086
2024-06-03,16.258333,13.45,19.05,1.7416668,540.1441625499999,439.4567409476427,-110.9413502795705,211.62877188192778,0,6,0,155,2.9020834,1.1532741185714284,73.11,180.9119,2.2,608.13,903.9,-0.3233462436536456,140.84758001618764,42.10639697278969,47.698138818612804
2024-06-04,16.356249,11.9,20.2,1.6437511,439.75160525999996,439.5673676301923,-34.596531519732736,34.78076914954045,1,6,0,156,1.7416668,1.1264886757142858,73.19,181.0962,121.3,305.68,903.9,211.62877188192778,62.162184784918054,52.21799581075256,53.97670705376469
2024-06-05,15.585416,11.05,19.35,2.4145842,444.96484596,439.6780199299871,-109.8852715003545,115.17209753036735,2,6,0,157,1.6437511,1.3148814614285715,73.35,181.4858,26.1,419.12,903.9,34.78076914954045,35.90068933106272,48.30636500569862,55.09378468427976
2024-06-06,16.03333,11.75,19.45,1.9666691,473.36344442,439.78869170500707,-62.83181626317474,96.40656897816768,3,6,0,158,2.4145842,1.5241078000000001,73.52,181.9127,6.1,429.59,903.9,115.17209753036735,56.03256290488753,59.63085189131357,53.52886204102466
2024-06-07,17.304167,8.75,23.65,0.6958332,425.13742831,439.89937687496166,-84.17277756804332,69.41082900308169,4,6,0,159,1.9666691,1.6235125428571429,73.9,182.8526,5.6,522.07,903.9,96.40656897816768,7.075701751777103,65.39856704463931,51.873975417173504
2024-06-08,15.366669,10.4,20.7,2.6333313,369.92136863,440.01006932830336,-82.60441663503886,12.51571593673549,5,6,1,160,0.6958332,1.9997027285714286,74.13,183.42,5.3,572.73,903.9,69.41082900308169,-6.95059373565158,74.3035852233971,51.76305300129055
2024-06-09,14.416667,9.4,18.4,3.583333,409.52812823,440.12076286504634,-98.94739618826011,68.35476155321373,6,6,1,161,2.6333313,2.0970241,74.46,184.2366,8.5,825.08,903.9,12.51571593673549,-0.3233462436536456,77.08448660516667,51.477088033822625
2024-06-10,13.420835,10.15,16.95,4.5791655,424.91997961000004,440.2314513146471,-49.3501232485428,34.03865154389575,0,6,0,162,3.583333,2.5023810571428577,74.77,184.9982,17.0,777.61,903.9,68.35476155321373,211.62877188192778,86.89564486186204,52.483242540188535
2024-06-11,13.320832,8.85,16.65,4.6791677,410.22889610000004,440.3421283543858,-62.765879156251444,32.652646901865694,1,6,0,163,4.5791655,2.9360120000000003,75.2,185.4547,17.9,474.37,903.9,34.03865154389575,34.78076914954045,61.52562767071459,53.51508064992296
2024-06-12,13.362502,8.1,17.35,4.637498,453.64324078,440.452787388262,-75.30276484052378,88.49321823226182,2,6,0,164,4.6791677,3.2535711142857147,75.39,185.9298,16.2,491.37,903.9,32.652646901865694,115.17209753036735,61.221610206761056,55.27724101063304
2024-06-13,14.600001,9.75,18.5,3.3999987,429.14685912,440.56342165340175,-43.70936031956528,32.29279778616353,3,6,0,165,4.637498,3.4583324857142856,75.54,186.2958,17.9,387.88,903.9,88.49321823226182,96.40656897816768,57.410341735603126,57.40465582341678
2024-06-14,16.862501,12.9,21.7,1.1374989,375.42867304000004,440.67402415414443,-62.65167556929901,-2.5936755448453823,4,6,0,166,3.3999987,3.5214275857142856,75.73,186.7669,9.2,479.82,903.9,32.29279778616353,69.41082900308169,48.251231565316814,57.59542282201433
2024-06-15,17.608334,10.15,23.0,0.3916664,325.00124449000003,440.7845873528929,-100.02402328713335,-15.759319575759548,5,6,1,167,1.1374989,3.2011897428571428,76.06,187.5845,12.7,829.8,903.9,-2.5936755448453823,12.51571593673549,37.96487377275581,54.94977413295564
2024-06-16,19.183332,14.2,24.0,0.0,342.63133924,440.89510315238726,-83.23720996374111,-15.026553948646153,6,6,1,168,0.3916664,2.6892850285714283,76.17,188.4699,14.1,902.88,903.9,-15.759319575759548,68.35476155321373,33.92558298525652,51.21439990121016
2024-06-17,19.585417,12.65,26.0,0.0,455.12406802,441.0055633114422,-73.81179006649779,87.93029477505559,0,6,0,169,0.0,2.0351185285714286,75.64,187.1538,13.1,917.15,903.9,-15.026553948646153,34.03865154389575,22.013966484990817,49.423987580566525
2024-06-18,16.762499,13.55,19.45,1.2375011,447.44456254000005,441.11595941247947,-48.366951968592716,54.69555509611331,1,6,0,170,0.0,1.5434518714285714,76.78,189.9835,5.0,612.82,903.9,87.93029477505559,32.652646901865694,29.712772660870794,53.47231928871536
2024-06-19,16.747917,10.1,22.15,1.2520828,404.47815092,441.2262826025724,-59.65047196648735,22.90234028391501,2,6,0,171,1.2375011,1.0598211285714285,77.0,190.5281,7.2,558.24,903.9,54.69555509611331,88.49321823226182,32.86175954576331,55.764979593862385
2024-06-20,20.554167,15.2,27.5,0.0,463.68900195,441.33652369755765,-19.55590306169407,41.90838131413642,3,6,0,172,1.2520828,0.5741070285714286,77.31,191.2826,8.2,755.7,903.9,22.90234028391501,32.29279778616353,23.491634124570908,56.558431335735214
2024-06-21,19.079165,16.5,21.85,0.0,445.83452835,441.44667393100445,-19.98801461842154,24.37586903741709,4,6,0,173,0.0,0.4116071857142857,77.59,191.9881,9.6,715.12,903.9,41.90838131413642,-2.5936755448453823,24.86528891428132,55.432925006992654
2024-06-22,18.2,14.8,21.55,0.0,337.00562862,441.5567247535375,-72.59489793230695,-31.956198201230563,5,6,1,174,0.0,0.35565484285714294,77.88,192.6858,17.7,715.43,903.9,24.37586903741709,-15.759319575759548,28.718080997461673,54.90648460759308
2024-06-23,18.587498,12.2,23.4,0.0,363.65394409,441.66666754209956,-67.74437457824484,-10.268348873854734,6,6,1,175,0.0,0.35565484285714294,78.34,193.8415,22.1,1177.92,903.9,-31.956198201230563,-15.026553948646153,26.40424119382296,49.53278593851467
2024-06-24,20.310417,14.2,25.7,0.0,418.30813422000006,441.7764935301714,-66.76982123359882,43.30146192342744,0,6,0,176,0.0,0.35565484285714294,78.78,194.9288,7.2,1094.51,903.9,-10.268348873854734,87.93029477505559,27.083984775936017,43.72716534943355
2024-06-25,23.333334,16.9,28.7,0.0,407.25865476,441.88619388508846,-49.16100924448566,14.533470119397236,1,6,0,177,0.0,0.17886897142857142,79.06,195.6175,7.8,696.53,903.9,43.30146192342744,54.69555509611331,20.708437225703424,43.32459169006646
2024-06-26,24.15,20.35,28.9,0.0,435.40283909,441.99575966834504,-39.35357113996832,32.760650561623265,2,6,0,178,0.0,0.0,79.38,196.3971,6.4,779.7,903.9,14.533470119397236,22.90234028391501,14.970996514743986,43.48449612372915
2024-06-27,23.074999,17.55,27.45,0.0,421.23086118000003,442.1051820654885,-53.067062248246316,32.19274136275783,3,6,0,179,0.0,0.0,79.72,197.2586,15.3,877.34,903.9,32.760650561623265,41.90838131413642,16.379326554416593,39.88159847524366
2024-06-28,22.260416,14.55,28.8,0.0,360.9919128,442.2144523119529,-73.28975550859177,-7.932784003361121,4,6,0,180,0.0,0.0,80.07,198.1163,6.3,864.12,903.9,32.19274136275783,24.37586903741709,14.991377989933937,38.882617027838336
2024-06-29,22.868746,17.5,27.9,0.0,331.19878890999996,442.3235614688872,-78.36730482570282,-32.7574677331844,5,6,1,181,0.0,0.0,80.47,199.0779,13.2,976.69,903.9,-7.932784003361121,-31.956198201230563,10.37585612696562,37.42150125002421
2024-06-30,17.643751,14.25,21.15,0.35624886,337.39686653999996,442.432500553709,-73.60711693335858,-31.428517080350503,6,6,1,182,0.0,0.05089269428571429,80.89,200.1279,11.5,1058.35,903.9,-32.7574677331844,-10.268348873854734,10.261389050972216,34.46183356208847
2024-07-01,15.131251,12.2,16.8,2.8687487,397.51290468,442.54126089087123,-51.00157332788309,5.97321711701187,0,7,0,183,0.35624886,0.46071393714285713,81.31,201.1689,2.5,1021.67,903.9,-31.428517080350503,43.30146192342744,7.238507878615678,33.178359601017554
2024-07-02,15.091667,12.35,17.5,2.9083328,378.55201112000003,442.6498338852144,-72.64348680894764,8.545664043733325,1,7,0,184,2.8687487,0.8761900514285715,81.58,201.8279,7.2,667.23,903.9,5.97321711701187,14.533470119397236,1.9059014776991685,33.60915329610633
2024-07-03,15.531251,12.4,20.1,2.468749,400.40080982,442.75821090029206,-48.259246602267076,5.901845521975019,2,7,0,185,2.9083328,1.2288684799999998,81.87,202.5578,1.8,730.36,903.9,8.545664043733325,32.760650561623265,1.050500609747181,33.90478697235257
2024-07-04,16.322916,10.75,20.4,1.677084,357.07430121,442.8663833294798,-96.84766280380133,11.055580684321512,3,7,0,186,2.468749,1.4684519085714285,82.16,203.2697,6.7,717.26,903.9,5.901845521975019,32.19274136275783,-2.786471538773997,27.047222760354142
2024-07-05,21.506248,13.05,29.6,0.0,363.45586497000005,442.9743425243732,-118.11896806258224,38.600490508209134,4,7,0,187,1.677084,1.4684519085714285,82.46,204.0139,1.2,746.25,903.9,11.055580684321512,-7.932784003361121,-5.806065921407757,26.256383144846843
2024-07-06,18.668749,14.7,22.3,0.0,320.08422771000005,443.08207929149455,-108.01660905969968,-14.981242521794798,5,7,1,188,0.0,1.4684519085714285,82.8,204.862,1.7,849.75,903.9,38.600490508209134,-32.7574677331844,0.84154472310228,23.703996244108232
2024-07-07,20.102083,13.25,24.95,0.0,325.51534577999996,443.189583840431,-106.96016195894755,-10.7140761014835,6,7,1,189,0.0,1.4175592142857145,83.11,205.6212,2.7,762.91,903.9,-14.981242521794798,-31.428517080350503,3.3810054675865087,19.991069194109482
2024-07-08,24.31042,18.05,30.55,0.0,421.85686458,443.29684630114957,-78.69906565006976,57.25908392892018,0,7,0,190,0.0,1.0077379714285715,83.41,206.3711,6.2,756.16,903.9,-10.7140761014835,5.97321711701187,6.340211321710366,17.32023902395731
2024-07-09,25.495834,20.85,30.75,0.0,348.15308328,443.4038567517403,-95.19604450545528,-0.054728966285040315,1,7,0,191,0.0,0.5922618571428571,83.74,207.1781,6.2,813.29,903.9,57.25908392892018,8.545664043733325,13.666763723411552,18.811684623696802
2024-07-10,22.189585,18.5,25.7,0.0,390.17863883999996,443.5106048143647,-45.829642979247105,-7.502322995117595,2,7,0,192,0.0,0.23958342857142859,84.08,208.0291,6.9,858.73,903.9,-0.054728966285040315,5.901845521975019,12.438136150551786,16.53136827304684
2024-07-11,21.433334,17.2,26.5,0.0,436.83414593000003,443.61707993418247,-58.917027079898965,52.13409307571652,3,7,0,193,0.0,0.0,84.34,208.7755,7.9,754.24,903.9,-7.502322995117595,11.055580684321512,10.523254933824271,15.146669121746397
2024-07-12,18.760416,14.25,23.35,0.0,388.44981781,443.72327139664225,-75.49014981084174,20.216696224199495,4,7,0,194,0.0,0.0,84.57,209.3406,5.6,570.81,903.9,52.13409307571652,38.600490508209134,16.3916138468807,15.796050660874759
2024-07-13,19.260416,12.65,24.5,0.0,325.13512660000004,443.82916798891114,-99.58452575236576,-19.109515636545325,5,7,1,195,0.0,0.0,84.77,209.8356,9.5,504.46,903.9,20.216696224199495,-14.981242521794798,13.765357520593609,13.520166593939347
2024-07-14,22.739584,15.95,28.95,0.0,335.07453649,443.93475818913055,-109.92182864796854,1.0616069488380049,6,7,1,196,0.0,0.0,85.02,210.453,12.7,630.1,903.9,-19.109515636545325,-10.7140761014835,13.17560421848639,11.806756146515719
2024-07-15,22.639582,19.35,27.1,0.0,395.63247588999997,444.0400301020261,-92.47159972531487,44.06404551328876,0,7,0,197,0.0,0.0,85.3,211.1468,1.8,695.54,903.9,1.0616069488380049,57.25908392892018,14.857844654246605,11.928598896305164
2024-07-16,20.195833,15.65,23.65,0.0,383.39373755,444.14497137754074,-69.84090262769054,9.08966880014981,1,7,0,198,0.0,0.0,85.54,211.7465,4.0,603.6,903.9,44.06404551328876,-0.054728966285040315,12.972839166299261,13.92271106594011
2024-07-17,20.535418,14.55,26.0,0.0,414.94478554,444.24956927270244,-30.16264039747589,0.8578566647734647,2,7,0,199,0.0,0.0,85.85,212.5168,4.5,771.64,903.9,9.08966880014981,-7.502322995117595,14.279181704361381,14.72658515756664
2024-07-18,22.972916,15.45,28.35,0.0,436.13830346,444.35381091249207,-31.1137383301717,22.898230877679623,3,7,0,200,0.0,0.0,86.12,213.1793,1.9,664.45,903.9,0.8578566647734647,52.13409307571652,15.473493084345819,11.82417055389057
2024-07-19,24.63125,18.45,30.25,0.0,398.11668548,444.4576840663452,-72.95825515351785,26.617256567172603,4,7,0,201,0.0,0.0,86.36,213.7606,5.4,586.67,903.9,22.898230877679623,20.216696224199495,11.296941341769118,10.764259746609445
2024-07-20,25.687502,18.7,32.15,0.0,323.56512785,444.56117726354086,-79.99976145535992,-40.996287958180915,5,7,1,202,0.0,0.0,86.67,214.5234,2.0,764.76,903.9,26.617256567172603,-19.109515636545325,12.211307105050992,10.8880902893847
2024-07-21,21.964582,18.15,24.65,0.0,346.51173307,444.66427995350085,-89.93195563108716,-8.220591252413726,6,7,1,203,0.0,0.0,87.05,215.4808,1.2,958.61,903.9,-40.996287958180915,1.0616069488380049,9.084625344817336,8.124601313640788
2024-07-22,20.758337,13.15,27.25,0.0,404.20695012,444.76698272476824,-113.44191381598341,72.88188121121516,0,7,0,204,0.0,0.0,87.41,216.3575,0.0,876.67,903.9,-8.220591252413726,44.06404551328876,7.758597030352803,7.038052637313095
2024-07-23,19.627083,16.2,23.4,0.0,385.57545733999996,444.8692770010709,-75.64262296118973,16.34880330011879,1,7,0,205,0.0,0.0,87.66,216.9934,8.6,644.41,903.9,72.88188121121516,9.08966880014981,11.875430701485145,10.53265528439462
2024-07-24,18.302084,12.85,22.95,0.0,405.72141994,444.97115442153284,-48.19367050104715,8.943936019514297,2,7,0,206,0.0,0.0,87.88,217.5316,7.4,545.67,903.9,16.34880330011879,0.8578566647734647,12.912449915766429,11.419893690193737
2024-07-25,20.12708,14.15,25.6,0.0,397.07352783,445.07260697840076,-51.704628054591545,3.7055489061907565,3,7,0,207,0.0,0.0,88.08,218.0241,13.7,506.21,903.9,8.943936019514297,22.898230877679623,14.067604109300833,10.274642826729966
2024-07-26,20.35,18.15,23.25,0.0,428.46703395,445.1736273156803,-67.66428385039829,50.957690484718,4,7,0,208,0.0,0.0,88.25,218.4581,13.3,447.28,903.9,3.7055489061907565,26.617256567172603,11.325792399088138,9.913712119623082
2024-07-27,18.922916,15.95,21.85,0.0,370.82803354000004,445.27420803293546,-95.78252970041878,21.336355207483336,5,7,1,209,0.0,0.0,88.42,218.8626,8.9,413.44,903.9,50.957690484718,-40.996287958180915,14.802997244451765,10.520280117059572
2024-07-28,18.035414,13.1,23.05,0.0,308.64452208000006,445.3743418349628,-124.16372221381843,-12.566097541144359,6,7,1,210,0.0,0.0,88.64,219.4108,7.3,555.53,903.9,21.336355207483336,-8.220591252413726,23.707660553832373,10.158400578550424
2024-07-29,19.547918,11.55,26.2,0.0,365.7344646,445.4740216456767,-115.42558105638192,35.68602401070524,0,7,0,211,0.0,0.0,88.86,219.9647,2.6,556.42,903.9,-12.566097541144359,72.88188121121516,23.08687394115657,10.00395679395765
2024-07-30,22.36458,15.2,28.35,0.0,396.89391424,445.57324075415306,-99.69550796228941,51.016181448136365,1,7,0,212,0.0,0.0,89.03,220.3742,7.7,417.21,903.9,35.68602401070524,16.34880330011879,17.773180055369437,12.28540651875397
2024-07-31,21.897917,16.5,26.55,0.0,396.35358927,445.6719925126836,-82.15788026425616,32.83947702157258,2,7,0,213,0.0,0.0,89.19,220.7813,11.3,418.39,903.9,51.016181448136365,8.943936019514297,22.725662647943377,15.0335631363702
2024-08-01,19.022917,16.75,21.0,0.0,437.60751565,445.7702702109232,-96.54099524748132,88.37824068655812,3,8,0,214,0.0,0.0,89.36,221.1985,10.9,423.28,903.9,32.83947702157258,3.7055489061907565,26.13931136252313,15.92910513318889
2024-08-02,19.670832,13.95,24.4,0.0,409.81567364999995,445.8680671018525,-98.81933615866473,62.76694270681219,4,8,0,215,0.0,0.0,89.41,221.5525,3.3,352.97,903.9,88.37824068655812,50.957690484718,38.2354101882899,18.590191021283047
2024-08-03,19.556252,17.1,22.75,0.0,324.60592646,445.9653760356142,-114.74309389396907,-6.616355681645132,5,8,1,216,0.0,0.0,89.62,222.0531,2.0,506.88,903.9,62.76694270681219,21.336355207483336,39.92244622001764,20.48569426077762
2024-08-04,18.372917,14.25,22.1,0.0,335.65425149000004,446.0621897469769,-108.85069940025515,-1.5572388567217104,6,8,1,217,0.0,0.0,89.89,222.7254,2.9,679.9,903.9,-6.616355681645132,-12.566097541144359,35.929201807285,19.8966297152454
2024-08-05,19.858334,12.25,25.0,0.0,444.56192944,446.15850133902666,-118.44132981064607,116.84475791161935,0,8,0,218,0.0,0.0,90.16,223.4077,1.9,686.73,903.9,-1.5572388567217104,35.68602401070524,37.50189590505966,18.55803873641437
2024-08-06,22.431252,15.9,28.75,0.0,421.02829981,446.25430451564176,-61.03522723615421,35.8092225305125,1,8,0,219,0.0,0.0,90.43,224.0732,3.9,666.95,903.9,116.84475791161935,51.016181448136365,49.096000748047395,22.95223875086151
2024-08-07,20.470833,16.9,23.35,0.0,427.77877677,446.3495931095897,-65.37782029539603,46.807003955806294,2,8,0,220,0.0,0.0,90.48,224.5208,5.0,498.87,903.9,35.8092225305125,32.83947702157258,46.9235780455297,24.503015371928043
2024-08-08,19.802084,14.55,25.55,0.0,397.79693273000004,446.4443609561765,-72.02270866126283,23.375280435086324,3,8,0,221,0.0,0.0,90.7,225.053,2.5,534.85,903.9,46.807003955806294,88.37824068655812,48.91893903613452,24.154612706157582
2024-08-09,20.616663,15.5,26.15,0.0,349.41965197,446.5386020720225,-124.41870464341498,27.299754541392474,4,8,0,222,0.0,0.0,90.92,225.6038,4.3,555.12,903.9,23.375280435086324,62.76694270681219,39.63280185735283,24.935613019536625
2024-08-10,20.75625,17.05,25.05,0.0,310.57756795,446.6323102148239,-121.22303484737512,-14.831707417448797,5,8,1,223,0.0,0.0,91.17,226.222,2.1,620.18,903.9,27.299754541392474,-6.616355681645132,34.5660606908643,26.095682270753628
2024-08-11,20.262499,12.75,26.75,0.0,320.67417126,446.7254790752426,-85.60498473163629,-40.44632308360633,6,8,1,224,0.0,0.0,91.45,226.9166,8.0,702.59,903.9,-14.831707417448797,-1.5572388567217104,33.39243901432092,23.863488920981453
2024-08-12,22.668753,15.25,29.85,0.0,378.65978051999997,446.8181030270504,-60.751697103677074,-7.4066254033733685,0,8,0,225,0.0,0.0,91.7,227.5358,23.8,643.05,903.9,-40.44632308360633,116.84475791161935,27.836855553337404,21.841388277387924
2024-08-13,25.475,18.95,32.9,0.0,365.37394068000003,446.9101770774453,-66.77766412023931,-14.758572277205985,1,8,0,226,0.0,0.0,91.94,228.1242,5.1,593.53,903.9,-7.4066254033733685,35.8092225305125,10.086657936909871,22.231484618493653
2024-08-14,23.679169,19.85,27.95,0.0,441.40628164,447.0016964112148,-18.456112315737265,12.860697544522395,2,8,0,227,0.0,0.0,92.17,228.7916,4.2,673.64,903.9,-14.758572277205985,46.807003955806294,2.8626872500929443,21.704145310958854
2024-08-15,23.595833,17.05,29.1,0.0,406.06599404,447.09265621808123,-60.37484933279308,19.348187154711866,3,8,0,228,0.0,0.0,92.25,229.3439,10.2,560.48,903.9,12.860697544522395,23.375280435086324,-1.986785094376184,20.664033711999977
2024-08-16,23.245834,18.75,29.4,0.0,421.08248347000006,447.18305200053464,-85.59980723082133,59.49923870028675,4,8,0,229,0.0,0.0,92.45,229.9425,4.6,623.11,903.9,19.348187154711866,27.299754541392474,-2.562084134429678,21.005984323818712
2024-08-17,20.679167,16.6,24.55,0.0,356.28298877,447.2728789746702,-84.50316742080308,-6.486722783867151,5,8,1,230,0.0,0.0,92.68,230.5121,4.6,584.82,903.9,59.49923870028675,-14.831707417448797,2.0378421739837904,22.96069705833582
2024-08-18,19.489584,15.95,22.8,0.0,297.5860085,447.3621318278593,-77.44269104981335,-72.33343227804596,6,8,1,231,0.0,0.0,92.98,231.2714,0.0,805.45,903.9,-6.486722783867151,-40.44632308360633,3.2299828359240257,21.98119860295093
2024-08-19,20.689585,13.15,27.2,0.0,421.22592410000004,447.4508052800153,-57.14704847084776,30.922167290832533,0,8,0,232,0.0,0.0,93.3,232.0581,0.0,812.35,903.9,-72.33343227804596,-7.4066254033733685,-1.3253184775673503,18.68284230811031
2024-08-20,20.14375,15.55,22.95,0.0,368.081702,447.5388943381469,-80.73002298030504,1.2728306421581124,1,8,0,233,0.0,0.0,93.44,232.5081,4.0,458.82,903.9,30.922167290832533,-14.758572277205985,4.150223335890636,21.08012414974409
2024-08-21,19.033335,14.2,24.7,0.0,347.99085785,447.62639410335,-84.47584361850701,-15.15969263484294,2,8,0,234,0.0,0.0,93.61,232.9356,14.8,469.79,903.9,1.2728306421581124,12.860697544522395,6.44042375294265,21.396571546229822
2024-08-22,22.989584,16.7,30.45,0.0,344.76482199000003,447.71329986388935,-122.3888108220127,19.440332948123398,3,8,0,235,0.0,0.0,93.81,233.4261,2.4,519.24,903.9,-15.15969263484294,19.348187154711866,2.437510870176173,18.461852418027885
2024-08-23,25.102083,17.1,31.75,0.0,336.37761477,447.79960710937775,-130.0072580462518,18.585265706874054,4,8,0,236,0.0,0.0,94.01,233.9234,6.5,537.08,903.9,19.440332948123398,59.49923870028675,2.450674554949249,18.564903406294704
2024-08-24,21.704165,17.3,26.15,0.0,292.26865102999994,447.8853112337367,-136.69099534731743,-18.925664856419303,5,8,1,237,0.0,0.0,94.22,234.4594,18.1,584.92,903.9,18.585265706874054,-6.486722783867151,-3.394178729823994,18.88628106254003
2024-08-25,20.260416,15.25,24.95,0.0,345.56208220999997,447.970407248045,-55.06400510828856,-47.344319929756466,6,8,1,238,0.0,0.0,94.21,235.1961,2.7,767.58,903.9,-18.925664856419303,-72.33343227804596,-5.171170454474301,18.131907270453027
2024-08-26,20.154165,12.75,26.7,0.0,457.69138673000003,448.05489011229224,-45.18171939631768,54.818216014025495,0,8,0,239,0.0,0.0,94.51,235.9386,0.0,752.61,903.9,-47.344319929756466,30.922167290832533,-1.601297261861516,14.855173589970544
2024-08-27,23.127083,16.25,30.2,0.0,434.95222175,448.13875499864133,-35.69251575704795,22.50598250840659,1,8,0,240,0.0,0.0,94.68,236.3622,12.5,446.56,903.9,54.818216014025495,1.2728306421581124,1.8124239843089072,15.971235616855283
2024-08-28,27.36875,20.6,34.1,0.0,428.02699567,448.22199729780925,27.52162318499427,-47.7166248128035,2,8,0,241,0.0,0.0,94.8,236.6617,15.4,314.95,903.9,22.50598250840659,-15.15969263484294,4.845731393772975,17.140304951840317
2024-08-29,23.166672,17.65,27.95,0.0,521.5811466499999,448.3046128132718,-36.84384345371919,110.12037729044732,3,8,0,242,0.0,0.0,94.96,237.0688,9.0,435.48,903.9,-47.7166248128035,19.440332948123398,0.1947410826357522,14.360216657723356
2024-08-30,19.089584,15.2,23.55,0.0,431.0351986,448.38659824069816,-95.35284101043374,78.00144136973552,4,8,0,243,0.0,0.0,94.94,237.1841,78.5,203.67,903.9,110.12037729044732,18.585265706874054,13.14903313153917,16.330356519133723
2024-08-31,18.991667,13.65,24.7,0.0,307.35726739,448.46795081987796,-113.83323331342633,-27.277450116451632,5,8,1,244,0.0,0.0,95.05,237.461,7.3,298.06,903.9,78.00144136973552,-18.925664856419303,21.637058226233666,17.835755330739154
2024-09-01,19.941666,12.6,26.3,0.0,355.73448665999996,448.5486680397524,-64.64704330550806,-28.16713807424435,6,9,1,245,0.0,0.0,95.23,237.8993,4.4,464.13,903.9,-27.277450116451632,-47.344319929756466,20.443946046229048,13.980565637305494
2024-09-02,24.54792,18.05,32.5,0.0,474.24935037,448.62874773517876,-44.728313531280556,70.34891616610184,0,9,0,246,0.0,0.0,94.95,238.4016,15.9,522.77,903.9,-28.16713807424435,54.818216014025495,23.18354345415935,10.949429611270277
2024-09-03,26.7125,19.95,33.65,0.0,559.1109059300001,448.70818805010936,-141.9553712511678,252.35808913105848,1,9,0,247,0.0,0.0,95.03,238.6172,30.4,250.06,903.9,70.34891616610184,22.50598250840659,25.40221490445597,13.514938672861842
2024-09-04,25.743746,21.45,30.8,0.0,542.3658000800001,448.7869871525161,-39.79322481453056,133.37203774201453,2,9,0,248,0.0,0.0,95.06,238.6778,66.8,127.95,903.9,252.35808913105848,-47.7166248128035,58.23823013626338,21.97878293912118
2024-09-05,24.391665,19.95,29.05,0.0,420.9676424,448.8651437033811,-21.899619181738757,-5.997882121642363,3,9,0,249,0.0,0.0,95.06,238.6823,82.0,86.68,903.9,133.37203774201453,110.12037729044732,84.10803907266596,22.52969226680102
2024-09-06,24.020834,16.75,30.85,0.0,410.8614359,448.9426571098118,-79.30291006792866,41.22168885811686,4,9,0,250,0.0,0.0,95.15,238.9204,9.7,247.74,903.9,-5.997882121642363,78.00144136973552,67.51971629951029,21.136122111729197
2024-09-07,25.804167,20.5,31.45,0.0,334.17700453,449.0195266675276,-134.25603081311888,19.41350867559123,5,9,1,251,0.0,0.0,95.28,239.2648,10.7,355.12,903.9,41.22168885811686,-27.277450116451632,62.26546594070762,20.949944941806216
2024-09-08,19.139585,15.7,24.7,0.0,334.31216038,449.09575160565237,-26.336836327644107,-88.44675489800824,6,9,1,252,0.0,0.0,95.4,239.5663,20.0,321.45,903.9,19.41350867559123,-28.16713807424435,68.93560291099946,20.81788588315637
2024-09-09,16.479166,14.15,18.95,1.520834,399.37215429,449.17133171388554,1.0170103336362808,-50.81618775752179,0,9,0,253,0.0,0.217262,95.52,239.8876,15.2,338.52,903.9,-88.44675489800824,70.34891616610184,60.324229079033195,16.95966890184302
2024-09-10,15.064582,11.9,16.95,2.9354181,360.05114927999995,449.24626734437584,-38.770760758910896,-50.42435730546498,1,9,0,254,1.520834,0.6366074428571429,95.57,240.0093,11.4,131.1,903.9,-50.81618775752179,252.35808913105848,43.01492851851553,15.760186223840586
2024-09-11,12.029167,8.7,15.45,5.970833,382.12164038,449.3205594329446,-84.06979905088197,16.870879997937323,2,9,0,255,2.9354181,1.4895835857142856,95.71,240.3585,17.3,366.54,903.9,-50.42435730546498,133.37203774201453,-0.2397066867021067,15.427585083111962
2024-09-12,11.460416,9.05,15.0,6.539584,474.15834035,449.39420961310753,-59.165153104655246,83.92928384154771,3,9,0,256,5.970833,2.423809871428571,95.75,240.4498,24.9,116.81,903.9,16.870879997937323,-5.997882121642363,-16.88272922157028,16.23683526315565
2024-09-13,13.672919,11.2,17.45,4.3270807,358.60016090999994,449.4672198648628,-126.17446515024731,35.30740619538449,4,9,0,257,6.539584,3.0419642571428573,95.66,240.2416,248.5,41.7,903.9,83.92928384154771,41.22168885811686,-4.035991226828839,19.52643046711411
2024-09-14,13.527083,9.2,18.05,4.4729166,306.54307487,449.5395917181515,-136.79014161867775,-6.2063752294737355,5,9,1,258,4.3270807,3.6809523428571427,95.61,240.1075,159.5,25.5,903.9,35.30740619538449,19.41350867559123,-4.880888750076322,20.274654088809516
2024-09-15,15.21042,12.55,18.9,2.7895803,333.51219235,449.611326408315,-139.41826262681238,23.319128568497376,6,9,1,259,4.4729166,4.079463814285714,95.57,240.0019,134.6,29.08,903.9,-6.2063752294737355,-88.44675489800824,-8.540872165085602,19.42283534266999
2024-09-16,18.470835,14.0,24.65,0.0,432.90693376999997,449.6824254157108,-97.70738790121626,80.93189625550542,0,9,0,260,2.7895803,3.862201814285714,95.61,240.1118,120.4,38.19,903.9,23.319128568497376,-50.81618775752179,7.425682615843771,18.216831671610347
2024-09-17,18.885414,13.75,25.3,0.0,386.11229509,449.7528902320239,-99.66851970323017,36.02792456120625,1,9,0,261,0.0,3.4428563714285714,95.55,239.946,192.2,26.39,903.9,80.93189625550542,-50.42435730546498,26.24683747484766,21.130785639589433
2024-09-18,18.472918,14.55,23.65,0.0,366.08680329000003,449.8227224790131,-105.51366992126216,21.777750732249046,2,9,0,262,0.0,2.5898802285714284,95.54,239.9321,57.7,43.86,903.9,36.02792456120625,16.870879997937323,38.59716345580069,24.74283086756451
2024-09-19,17.391668,13.4,22.8,0.6083317,373.89525707999996,449.8919242185905,-64.20786247705348,-11.788804661537029,3,9,0,263,0.0,1.7425584714285711,95.62,240.1225,9.9,198.45,903.9,21.777750732249046,83.92928384154771,39.298144989273794,24.43801698227839
2024-09-20,16.443748,10.9,22.85,1.5562515,341.50696946000005,449.9604981274116,-116.74405210986795,8.29052344245639,4,9,0,264,0.6083317,1.3467257285714282,95.66,240.2361,44.3,159.52,903.9,-11.788804661537029,35.30740619538449,25.624132345975973,24.002629138821888
2024-09-21,16.631248,10.75,23.9,1.3687515,337.96702794,450.0284466601648,-99.96295894250025,-12.098459777664573,5,9,1,265,1.5562515,0.9032735714285713,95.64,240.1842,162.8,111.05,903.9,8.29052344245639,-6.2063752294737355,21.764577666986245,24.784303008065194
2024-09-22,16.8,9.4,24.2,1.2000008,358.83855490999997,450.0957720208581,-60.65044920543331,-30.606767905424817,6,9,1,266,1.3687515,0.6761907857142856,95.72,240.3957,25.6,235.83,903.9,-12.098459777664573,23.319128568497376,20.922851302958982,23.7330099172056
2024-09-23,14.754167,11.85,17.6,3.2458334,462.36818886000003,450.1624766249314,-15.623563803454244,27.82927603852289,0,9,0,267,1.2000008,1.1398812714285713,95.76,240.5033,77.8,185.39,903.9,-30.606767905424817,80.93189625550542,13.219151806684383,22.0932754634623
2024-09-24,15.054165,12.9,19.1,2.945835,396.59827332,450.2285630731971,-68.52414676795323,14.893857014756065,1,9,0,268,3.2458334,1.560714842857143,95.75,240.4637,132.7,93.07,903.9,27.82927603852289,36.02792456120625,5.633063204258308,23.651773493293707
2024-09-25,16.329168,13.6,19.4,1.6708317,392.7676396,450.2940335959544,-55.75047778966063,-1.7759162062937435,2,9,0,269,2.945835,1.7994050857142856,95.79,240.5732,41.5,137.95,903.9,14.893857014756065,21.777750732249046,2.613910697622568,25.72637939144413
2024-09-26,16.160418,14.05,19.35,1.8395824,353.22173235,450.3588906397463,-40.47847466663436,-56.65868362311187,3,9,0,270,1.6708317,1.9752980428571425,95.86,240.7519,52.9,231.55,903.9,-1.7759162062937435,-11.788804661537029,-0.7508988650264021,23.839908317433483
2024-09-27,12.493749,8.75,15.2,5.5062513,361.09934443000003,450.4231370316062,-58.87407760501138,-30.449714996594764,4,9,0,271,1.8395824,2.5395837285714284,95.91,240.9776,21.9,244.47,903.9,-56.65868362311187,8.29052344245639,-7.160881573822808,21.201086113049538
2024-09-28,9.641666,5.85,14.2,8.358334,344.02556537,450.486776094039,-52.98844505800812,-53.47276566603091,5,9,1,272,5.5062513,3.538095514285714,95.98,241.1557,30.5,208.57,903.9,-30.449714996594764,-12.098459777664573,-12.695201350830116,21.776649773589828
2024-09-29,10.175,6.1,15.05,7.825,351.92020250999997,450.549811329863,52.13816655638018,-150.7677753762432,6,9,1,273,8.358334,4.484523971428572,96.04,241.2927,55.2,192.21,903.9,-53.47276566603091,-30.606767905424817,-18.60581647773959,16.32354500837389
2024-09-30,10.24375,8.35,13.2,7.7562504,435.12640681,450.6122462671594,14.430335702884484,-29.91617516004385,0,9,0,274,7.825,5.128869257142857,96.07,241.3725,87.7,167.3,903.9,-150.7677753762432,27.82927603852289,-35.7716746878565,8.697904450174596
2024-10-01,9.704165,8.25,10.95,8.295835,411.19689844,450.6740844646715,26.66585846944837,-66.14304449411992,1,10,0,275,7.7562504,5.8931549714285705,96.0,241.194,200.9,113.68,903.9,-29.91617516004385,14.893857014756065,-44.02102485908033,8.609946948721522
2024-10-02,11.033333,9.45,14.05,6.966667,405.17198691000004,450.7353292641705,-26.888722441861272,-18.674619912309197,2,10,0,276,8.295835,6.6497028714285715,96.09,241.3191,148.2,69.11,903.9,-66.14304449411992,-1.7759162062937435,-55.597725074634035,7.344083401392337
2024-10-03,11.383334,8.85,14.45,6.616666,356.06553227999996,450.7959841240722,-88.33384661409627,-6.3966052299759895,3,10,0,277,6.966667,7.332143385714285,96.01,241.1102,284.2,71.79,903.9,-18.674619912309197,-56.65868362311187,-58.01182560406482,4.376632198778635
2024-10-04,10.825,7.95,14.4,7.175,406.37635432,450.8560527026833,-140.54959055544933,96.069892172766,4,10,0,278,6.616666,7.570536057142858,96.07,241.2738,26.2,193.31,903.9,-6.3966052299759895,-30.449714996594764,-50.83152869075969,-4.248524279922514
2024-10-05,9.3375,5.4,12.55,8.6625,350.83397731,450.91553833349917,-94.35718088133686,-5.7243801421623175,5,10,1,279,7.175,7.613988342857143,96.09,241.3241,43.8,94.1,903.9,96.069892172766,-53.47276566603091,-32.75729909513672,-5.491929132230799
2024-10-06,10.868752,6.5,15.95,7.1312485,348.76689696,450.9744437700071,17.050339868910385,-119.25788667891749,6,10,1,280,8.6625,7.514880985714285,96.16,241.5019,20.9,198.77,903.9,-5.7243801421623175,-150.7677753762432,-25.936101163155495,-5.482812399581463
2024-10-07,15.033332,10.85,20.9,2.9666681,415.98035328,451.03277171728973,103.90709139696388,-138.95950983425365,0,10,0,281,7.1312485,6.8306549428571435,96.26,241.7343,10.2,248.1,903.9,-119.25788667891749,-29.91617516004385,-21.434688492108965,-10.832131584149275
2024-10-08,16.050001,13.3,19.3,1.9499989,375.12366964999995,451.0905252621705,115.657150004115,-191.62400561628556,1,10,0,282,2.9666681,5.924106928571428,96.36,242.0031,17.3,279.93,903.9,-138.95950983425365,-66.14304449411992,-37.012307731281794,-16.111232201144105
2024-10-09,15.543751,10.0,18.55,2.4562492,371.25983494,451.14770798347695,51.49359101621866,-131.3814640596956,2,10,0,283,1.9499989,5.279761528571428,96.55,242.4812,14.7,493.45,903.9,-191.62400561628556,-18.674619912309197,-54.9381593201626,-19.55047389175335
2024-10-10,9.033333,5.75,12.55,8.966667,412.30503304,451.2043241099147,-11.76492304355081,-27.13436802636386,3,10,0,284,2.4562492,5.6154759571428565,96.77,243.0233,32.6,538.0,903.9,-131.3814640596956,-6.3966052299759895,-71.03913705550352,-22.23598310182581
2024-10-11,8.295835,2.5,13.2,9.704165,403.74419267,451.260378585235,-32.820204251805585,-14.695981663429393,4,10,0,285,8.966667,5.976785242857143,96.93,243.4229,24.9,424.47,903.9,-27.13436802636386,96.069892172766,-74.00167459784464,-21.45965012585577
2024-10-12,10.352084,9.45,11.8,7.647916,329.46495271,451.31587636023875,-34.839808619319555,-87.0111150309192,5,10,1,286,9.704165,5.831844671428571,96.95,243.4738,103.5,152.46,903.9,-14.695981663429393,-5.7243801421623175,-89.82537086015827,-22.511878847901325
2024-10-13,9.202084,6.5,11.8,8.797916,344.10202549,451.37082213761545,98.18693239807553,-205.45572904569096,6,10,1,287,7.647916,6.069940028571429,97.08,243.8222,10.9,361.29,903.9,-87.0111150309192,-119.25788667891749,-101.43776155855211,-28.209892143650226
2024-10-14,8.047917,4.9,11.95,9.952083,492.63947892000004,451.42522090225964,70.9241733826813,-29.709915364940912,0,10,0,288,8.797916,7.067856442857143,97.2,244.1249,9.3,311.97,903.9,-205.45572904569096,-138.95950983425365,-113.75173903951975,-36.23532998501941
2024-10-15,8.774999,4.85,13.7,9.225001,418.80993999000003,451.47907783814054,111.38974279540196,-144.05888064354247,1,10,0,289,9.952083,8.107142457142857,97.08,243.915,238.5,27.58,903.9,-29.709915364940912,-191.62400561628556,-98.1446541153322,-37.018781322868314
2024-10-16,11.716667,8.2,16.1,6.283333,438.2123269500001,451.5323981275847,54.114954874144615,-67.43502605172927,2,10,0,290,9.225001,8.653868714285714,97.07,243.9001,122.7,92.59,903.9,-144.05888064354247,-131.3814640596956,-91.3496362620832,-42.598048296602975
2024-10-17,12.768748,9.2,17.5,5.2312517,438.5822184,451.5851869724433,17.98394090989786,-30.98690948234116,3,10,0,291,6.283333,8.120237957142857,97.16,244.1226,21.0,243.45,903.9,-67.43502605172927,-27.13436802636386,-82.21443083237372,-47.5436123735108
2024-10-18,13.695834,10.05,18.6,4.304166,445.57921607,451.6374495936865,-14.288139790577949,8.229906266891419,4,10,0,292,5.2312517,7.348809528571429,97.25,244.3471,22.2,245.76,903.9,-30.98690948234116,-14.695981663429393,-82.76479389751333,-49.77744017496238
2024-10-19,12.939583,10.65,16.55,5.060417,364.95443436,451.68919133803234,-79.79984182280292,-6.934915155229419,5,10,1,293,4.304166,6.979166814285715,97.32,244.5476,17.1,217.56,903.9,8.229906266891419,-87.0111150309192,-79.48966705032466,-50.2290349904743
2024-10-20,15.458333,13.7,18.75,2.541667,366.82150249,451.7404176694736,-78.18300892144376,-6.735906258029786,6,10,1,294,5.060417,6.085416957142857,97.52,245.0631,13.8,531.04,903.9,-6.934915155229419,-205.45572904569096,-68.05020992522611,-50.06723867359737
2024-10-21,13.072917,9.05,17.95,4.927083,457.94546093,451.79113424598887,-39.02297139484563,45.17729807885678,0,10,0,295,2.541667,5.367559814285714,97.73,245.5856,12.0,534.48,903.9,-6.735906258029786,-29.709915364940912,-39.66166381270308,-50.56811966361359
2024-10-22,9.99375,6.8,14.45,8.00625,434.97889881,451.84134665831925,13.985913315722941,-30.848361164042217,1,10,0,296,4.927083,5.193452528571429,97.77,245.6938,42.7,149.16,903.9,45.17729807885678,-144.05888064354247,-28.963490463589128,-48.658927735062875
2024-10-23,8.839583,4.05,13.8,9.160417,497.49403963,451.89106053002314,-69.91003519028234,115.51301429025915,2,10,0,297,8.00625,5.6044645285714285,97.78,245.7159,43.4,65.53,903.9,-30.848361164042217,-67.43502605172927,-12.790559109374808,-48.66698084368345
2024-10-24,11.28125,7.7,16.35,6.71875,431.8835979,451.9402817503075,-31.311404513838603,11.254720663531089,3,10,0,298,9.160417,5.816964285714286,97.76,245.6632,111.1,58.46,903.9,115.51301429025915,-30.98690948234116,13.344875225194967,-45.74418956862558
2024-10-25,10.660417,6.25,16.65,7.3395834,487.61934007,451.9890165472333,-20.652439840102616,56.28276336286933,4,10,0,299,6.71875,6.250595342857143,97.77,245.6932,72.1,102.11,903.9,11.254720663531089,8.229906266891419,19.379393817462432,-45.86549411366641
2024-10-26,11.604168,8.5,15.65,6.395832,389.90770483999995,452.0372714081492,-58.26980747721767,-3.8597590909315613,5,10,1,300,7.3395834,6.441368914285715,97.82,245.8228,26.9,156.5,903.9,56.28276336286933,-6.934915155229419,26.24408768831642,-43.930204794694305
2024-10-27,11.602082,6.55,15.8,6.3979177,394.91686857,452.08505248263106,-58.31905745084532,1.1508735382142845,6,10,1,301,6.395832,6.992261871428572,97.92,246.075,18.4,298.35,903.9,-3.8597590909315613,-6.735906258029786,26.683395697501826,-42.170240643621625
2024-10-28,13.095833,11.9,14.45,4.904167,453.20757004,452.1323658906847,-33.81882470558627,34.89402885490159,0,10,0,302,6.3979177,6.988988157142858,98.03,246.3367,31.1,265.03,903.9,1.1508735382142845,45.17729807885678,27.810078525536692,-41.116887692461326
2024-10-29,12.925,11.05,14.8,5.075,562.51419625,452.17921764078926,-25.02340961522291,135.35838822443372,1,10,0,303,4.904167,6.570238157142858,98.04,246.4137,22.0,99.06,903.9,34.89402885490159,-30.848361164042217,26.34104006497167,-38.171327875096914
2024-10-30,11.614583,9.05,14.3,6.385417,536.9855395,452.2256134163225,2.389552644372366,82.37037343930513,2,10,0,304,5.075,6.173809585714286,98.04,246.4358,41.6,63.8,903.9,135.35838822443372,115.51301429025915,50.08486140618252,-28.63378908840768
2024-10-31,10.877083,9.1,12.85,7.122917,516.82014553,452.2715591166364,0.4844587301719181,64.06412768319166,3,10,0,305,6.385417,6.231547728571428,98.04,246.4666,44.6,75.45,903.9,82.37037343930513,11.254720663531089,45.3501984274748,-24.890904135096047
2024-11-01,7.9979167,2.05,11.8,10.002083,419.96600687,452.31706087429086,-54.64878316848998,22.297729164199097,4,11,0,306,7.122917,6.611904814285715,98.06,246.5177,37.1,90.81,903.9,64.06412768319166,56.28276336286933,52.89439943028345,-20.550665062518995
2024-11-02,4.4562497,0.05,9.95,13.543751,468.32182736,452.36212478018814,-7.901213694925554,23.860916274737406,5,11,1,307,10.002083,7.6330361,98.19,246.8286,36.1,347.0,903.9,22.297729164199097,-3.8597590909315613,48.03939454475913,-19.18492009330205
2024-11-03,8.412499,6.15,10.85,9.587501,460.45252494,452.4067569626912,-20.172714477947782,28.218482455256606,6,11,1,308,13.543751,8.088690857142856,98.27,247.0247,24.9,220.99,903.9,23.860916274737406,1.1508735382142845,51.999491025568986,-18.17633604314494
2024-11-04,7.322916,4.4,10.35,10.677084,669.9870010699999,452.45096342840327,-63.95579871406807,281.49183635566476,0,11,0,309,9.587501,8.913393285714285,98.31,247.1427,42.9,160.93,903.9,28.218482455256606,34.89402885490159,55.866292299432175,-20.438049700395254
2024-11-05,3.9833329,1.65,6.4,14.016667,719.2420587,452.4947499645779,-17.657232417349483,284.4045411527716,1,11,0,310,10.677084,10.190774285714285,98.15,246.734,418.5,9.79,903.9,281.49183635566476,135.35838822443372,91.09455051382692,-10.864175817134349
2024-11-06,5.2875004,4.7,6.35,12.7125,763.0804648,452.5381218035769,74.48731623804636,236.0550267583767,2,11,0,311,14.016667,11.094643285714286,97.93,246.1715,573.4,10.97,903.9,284.4045411527716,82.37037343930513,112.38685807501804,2.591238443921954
2024-11-07,4.9125004,3.4,6.6,13.0875,750.2322317999999,452.58108371964227,237.27061184020192,60.38053624015572,3,11,0,312,12.7125,11.94672657142857,97.65,245.4823,711.6,22.33,903.9,236.0550267583767,64.06412768319166,134.34180854917113,15.091722997009633
2024-11-08,3.697916,1.1,7.45,14.302084,643.1519588,452.62364029173773,175.39105494836485,15.137263559897406,4,11,0,313,13.0875,12.561012428571429,97.28,244.5461,953.9,14.78,903.9,60.38053624015572,22.297729164199097,133.815581200166,23.491874392224343
2024-11-09,1.4104166,-0.15,3.5,16.589584,569.6067859,452.66579603583693,110.98673495252422,5.954254911638827,5,11,1,314,14.302084,12.996131428571429,97.0,243.8323,766.5,52.19,903.9,15.137263559897406,23.860916274737406,132.7926575424086,28.37583197954411
2024-11-10,4.2312503,1.1,7.65,13.768749,541.8850187,452.70755572147124,131.4633529062293,-42.28588992770045,6,11,1,315,16.589584,13.593452571428571,96.86,243.4915,364.2,35.35,903.9,5.954254911638827,28.218482455256606,130.23456306196596,29.478786077477533
2024-11-11,3.8750002,2.65,4.8,14.125,690.3737354,452.7489241032635,53.970939667411706,183.65387162932478,0,11,0,316,13.768749,14.086012,96.75,243.2077,327.5,43.62,903.9,-42.28588992770045,281.49183635566476,120.16250986440066,28.559122468668495
2024-11-12,5.1020837,3.4,7.8,12.897917,748.4449093,452.7899059521988,-29.92279530662255,325.5777986544237,1,11,0,317,14.125,13.926190571428572,96.52,242.628,604.7,23.91,903.9,183.65387162932478,284.4045411527716,106.1856577606378,37.58128869067663
2024-11-13,6.224999,2.85,9.35,11.775002,723.0977074,452.83050594853,31.54925321057827,238.7179482408917,2,11,0,318,12.897917,13.792262285714285,96.17,241.7588,891.9,23.44,903.9,325.5777986544237,236.0550267583767,112.06755168944525,55.282406280680455
2024-11-14,6.71875,4.6,9.1,11.28125,675.923274,452.87072893860693,86.37671081424612,136.6758342471469,3,11,0,319,11.775002,13.534226571428572,95.72,240.6343,1142.5,19.96,903.9,238.7179482408917,60.38053624015572,112.44796904409024,64.2300017342082
2024-11-15,6.560417,4.5,8.05,11.439583,661.6978075,452.91058009555275,88.04684714049668,120.74038026395056,4,11,0,320,11.28125,13.125297857142856,95.44,239.9139,745.9,25.47,903.9,136.6758342471469,15.137263559897406,123.34729733080326,73.58782556389785
2024-11-16,6.0812497,4.25,7.4,11.918751,501.2835986,452.9500647384681,49.09145832840512,-0.7579244668731917,5,11,1,321,11.439583,12.458035999999998,95.22,239.3574,581.7,25.24,903.9,120.74038026395056,5.954254911638827,138.43345685995374,79.86033910775383
2024-11-17,4.1270833,2.6,6.0,13.872917,466.63276421,452.98918795752263,78.94634156549232,-65.30276531301496,6,11,1,322,11.918751,12.472917142857142,95.16,239.2209,194.3,57.78,903.9,-0.7579244668731917,-42.28588992770045,137.47457409159486,80.86797194160276
2024-11-18,3.5249994,1.45,9.4,14.475,574.61251524,453.0279547723593,110.1350081688674,11.449552298773312,0,11,0,323,13.872917,12.522917142857143,95.11,239.1,166.9,46.11,903.9,-65.30276531301496,183.65387162932478,134.18644903654993,78.41688288893923
2024-11-19,1.7270833,0.95,2.85,16.272917,611.0092639,453.0663703841506,159.64192189807707,-1.6990283822277092,1,11,0,324,14.475,13.00506,94.77,238.2268,897.3,21.09,903.9,11.449552298773312,325.5777986544237,109.5858319893283,79.02969847073932
2024-11-20,0.9916666,-1.0,3.05,17.008333,533.6893408,453.1044404281658,252.110669617456,-171.5257692456218,2,11,0,325,16.272917,13.752678714285716,94.42,237.3505,899.5,22.73,903.9,-1.6990283822277092,238.7179482408917,62.831999555520945,79.19759439993273
2024-11-21,1.3895835,-1.15,2.75,16.610416,658.5202411,453.1421709744933,216.41054148896748,-11.032471363460786,3,11,0,326,17.008333,14.513988142857142,93.97,236.3452,1161.6,21.55,903.9,-171.5257692456218,136.6758342471469,4.225754200304729,71.97415882245011
2024-11-22,1.9708333,-0.95,4.55,16.029167,537.5434937,453.1795686041987,93.24207503599827,-8.878149940196977,4,11,0,327,16.610416,15.169642999999999,93.43,234.9692,1398.5,21.41,903.9,-11.032471363460786,120.74038026395056,-16.87543231549637,72.6346884824695
2024-11-23,8.11875,3.4,11.95,9.88125,474.39063052,453.2166403073938,43.98022970541241,-22.806239492806185,5,11,1,328,16.029167,14.87857142857143,92.84,233.505,1485.2,21.95,903.9,-8.878149940196977,-0.7579244668731917,-35.39236520180316,68.48831634145428
2024-11-24,12.445832,11.2,13.9,5.5541677,381.66702337,453.25339344200853,261.4322808578017,-333.01865092981024,6,11,1,329,9.88125,13.690178671428571,92.49,232.6266,924.0,24.86,903.9,-22.806239492806185,-65.30276531301496,-38.54212449122216,67.3529510029097
2024-11-25,8.783334,6.3,11.4,9.216666,525.08091952,453.2898353982741,284.20825350560887,-212.417169383883,0,11,0,330,5.5541677,12.9389881,92.47,232.564,254.8,213.0,903.9,-333.01865092981024,11.449552298773312,-76.7872510079072,54.37623719315372
2024-11-26,6.0,3.45,7.9,12.0,623.2627316,453.3259735747633,220.1617490632587,-50.224991038021926,1,11,0,331,9.216666,12.328571385714286,92.4,232.3785,262.4,76.79,903.9,-212.417169383883,-1.6990283822277092,-108.76821124828666,47.424323516722005
2024-11-27,6.347917,4.9,8.85,11.652082,561.66509487,453.36181521054226,117.64173837980778,-9.338458720350047,2,11,0,332,12.0,11.563392671428574,92.22,231.9422,463.0,26.74,903.9,-50.224991038021926,-171.5257692456218,-115.70049162768585,45.71179469751413
2024-11-28,4.3145843,2.65,5.85,13.685415,621.5249386,453.3973678728292,141.51460236925166,26.612968357919215,3,11,0,333,11.652082,11.145535385714284,91.97,231.3015,662.5,22.46,903.9,-9.338458720350047,-11.032471363460786,-92.5308758383613,44.237378445005746
2024-11-29,2.9479167,0.95,4.7,15.052083,668.5219962000001,453.4326393301487,30.994641941082612,184.09471492876884,4,11,0,334,13.685415,11.005951957142857,91.72,230.6715,645.9,15.62,903.9,26.612968357919215,-8.878149940196977,-87.15295587816418,40.61253111612192
2024-11-30,0.27500004,-1.75,3.2,17.725,504.7800294,453.46763725166807,39.80556386127527,11.506828287056635,5,11,1,335,15.052083,12.126487671428574,91.24,229.4786,1215.1,18.28,903.9,184.09471492876884,-22.806239492806185,-59.585403754026196,44.00334249910405
2024-12-01,2.3479168,-0.65,5.65,15.652083,500.09843405000004,453.5023690971127,67.47054612921518,-20.874481176327834,6,12,1,336,17.725,13.569047,90.91,228.6504,832.0,22.11,903.9,11.506828287056635,-333.01865092981024,-54.6835369283315,42.251432519232885
2024-12-02,5.2000003,3.1,7.25,12.799999,642.9570047000001,453.5368424529041,199.73153067911386,-10.3113684320179,0,12,0,337,15.652083,14.080951714285714,90.64,227.9519,729.7,16.82,903.9,-20.874481176327834,-212.417169383883,-10.091512677834016,40.81235884121532
2024-12-03,3.6999998,2.3,4.85,14.3,722.3319723,453.57106525340873,292.7596704114861,-23.9987633648949,1,12,0,338,12.799999,14.409523142857143,90.26,227.0077,960.5,16.22,903.9,-10.3113684320179,-50.224991038021926,18.780744601003853,39.673282684323475
2024-12-04,3.339584,2.35,4.2,14.660416,731.226544,453.6050453706088,282.3336266876891,-4.712128058297935,2,12,0,339,14.3,14.839285142857145,89.8,225.8407,1193.7,27.06,903.9,-23.9987633648949,-9.338458720350047,22.527348554307714,37.93270782365176
2024-12-05,3.9291668,2.7,6.7,14.070833,575.6236227999999,453.6387910159341,261.0233746651979,-139.03854288113206,3,12,0,340,14.660416,14.894344857142856,89.28,224.4885,1373.5,21.26,903.9,-4.712128058297935,26.612968357919215,23.188252934600875,28.392575676519666
2024-12-06,5.03125,2.6,5.75,12.96875,511.5168488,453.6723105076697,53.061494300352415,4.783043991977877,4,12,0,341,14.070833,14.596725857142857,88.86,223.4364,1058.7,22.59,903.9,-139.03854288113206,184.09471492876884,-0.4762486709778792,14.277806208722875
2024-12-07,4.10625,3.4,4.65,13.89375,434.02995655,453.70561194533883,69.67376736916819,-89.34942276450698,5,12,1,342,12.96875,14.049404428571426,88.6,222.7869,679.9,30.32,903.9,4.783043991977877,11.506828287056635,-26.092201661948017,6.568740116509584
2024-12-08,3.229167,1.8,4.4,14.770833,495.73141822,453.738703151977,42.58338083828007,-0.5906657702570328,6,12,1,343,13.89375,13.923511571428573,88.46,222.4295,398.0,39.79,903.9,-89.34942276450698,-20.874481176327834,-40.500237526457106,1.5777414830208272
2024-12-09,2.9437494,2.25,3.75,15.056251,584.7896361,453.77159175571995,115.3210316751393,15.697012669140804,0,12,0,344,14.770833,14.245833285714285,88.3,222.0232,458.5,52.12,903.9,-0.5906657702570328,-10.3113684320179,-37.602549611304134,1.0534771720156793
2024-12-10,2.13125,0.6,3.3,15.86875,789.2996152000001,453.804285172806,75.16284836844198,260.33248165875216,1,12,0,345,15.056251,14.46994042857143,87.87,220.9403,1106.2,23.43,903.9,15.697012669140804,-23.9987633648949,-33.88706659685289,1.3782357639324119
2024-12-11,1.4020834,0.8,2.85,16.597916,865.9734288999999,453.83679050281927,145.2249646800611,266.9116737171195,2,12,0,346,15.86875,14.746726142857142,87.1,218.9952,1968.9,23.89,903.9,260.33248165875216,-4.712128058297935,6.731682692239547,11.465514816814165
2024-12-12,1.0979166,-1.3,3.15,16.902084,872.6021285,453.8691145711697,218.06061114411966,200.6724027847107,3,12,0,347,16.597916,15.151190571428572,86.27,216.9942,2060.4,26.29,903.9,266.9116737171195,-139.03854288113206,45.53508294587061,14.240774886407324
2024-12-13,-0.28124988,-2.25,2.25,18.28125,772.2135069,453.9012639315274,142.47699274690115,175.8352502215714,4,12,0,348,16.902084,15.910119142857143,85.41,214.8298,2145.5,18.48,903.9,200.6724027847107,4.783043991977877,94.06521804099101,10.077261690750223
2024-12-14,4.8104167,2.65,7.75,13.189583,516.1457954,453.93324478702215,58.554079100384186,3.658471512593678,5,12,1,349,18.28125,15.809523857142858,84.66,212.9255,1940.0,26.0,903.9,175.8352502215714,-89.34942276450698,118.50124750236152,7.981171756772881
2024-12-15,9.625,8.3,10.6,8.375,458.63390073,453.9650630641398,72.36162903850595,-67.69279137264579,6,12,1,350,13.189583,14.89583342857143,84.21,211.8074,1144.1,24.12,903.9,3.658471512593678,-0.5906657702570328,131.78808954194733,3.5472596656211066
2024-12-16,8.750001,7.65,9.55,9.249999,509.54431248000003,453.9967243505255,36.90920356561217,18.63838456386236,0,12,0,351,8.375,14.066368857142859,83.91,211.0374,808.7,50.26,903.9,-67.69279137264579,15.697012669140804,122.20207159874893,-2.733846055598771
2024-12-17,8.008333,4.8,11.3,9.991667,544.7981103,454.0282339695716,124.03916578295984,-33.269289452531495,1,12,0,352,9.249999,13.22678557142857,83.64,210.3604,867.0,25.01,903.9,18.63838456386236,260.33248165875216,122.62226758370915,-2.0873024212409197
2024-12-18,10.589583,6.3,13.0,7.4104166,463.7299804,454.059596832307,7.811716025202154,1.8586675424908208,2,12,0,353,9.991667,11.914285657142857,83.39,209.7357,661.6,36.9,903.9,-33.269289452531495,266.9116737171195,80.67915742495435,-1.0195198925581375
2024-12-19,4.897917,3.1,6.0,13.102083,466.52475082999996,454.0908174302289,34.6889438544324,-22.255010454661374,3,12,0,354,7.4104166,11.37142837142857,83.19,209.2371,545.6,47.04,903.9,1.8586675424908208,200.6724027847107,42.81444225715024,-1.3392160511008873
2024-12-20,4.425,2.2,6.35,13.575,464.20490207,454.1219001420637,184.54659024018014,-174.46358831224381,4,12,0,355,13.102083,10.699106942857142,83.05,208.8835,405.0,51.29,903.9,-22.255010454661374,175.8352502215714,10.967668937239946,-2.024415453515343
2024-12-21,5.4354167,3.1,6.7,12.564583,373.83261943,454.15284970178516,-36.50279752625157,-43.81743274553355,5,12,1,356,13.575,10.609821228571429,82.79,208.2174,693.4,27.34,903.9,-174.46358831224381,3.658471512593678,-39.075022281876514,-2.1223427557360766
2024-12-22,3.1729167,1.3,5.0,14.827084,371.7155877,454.1836712708084,-62.20210310624486,-20.26598046456354,6,12,1,357,12.564583,11.531547514285714,82.68,207.9481,391.5,122.19,903.9,-43.81743274553355,-67.69279137264579,-45.85729431875183,-3.2151748018051687
2024-12-23,3.3895833,1.0,4.65,14.610416,433.44709478,454.2143704837107,-55.49096653108772,34.72369082737703,0,12,0,358,14.827084,12.29732137142857,82.6,207.7459,372.0,169.81,903.9,-20.26598046456354,18.63838456386236,-39.08203561759723,-3.5947691526173875
2024-12-24,2.30625,0.15,4.8,15.69375,424.66715689,454.24495338356326,-50.562839136020514,20.985042642457245,1,12,0,359,14.610416,13.111904657142858,82.42,207.2882,501.2,43.44,903.9,34.72369082737703,-33.269289452531495,-36.78413472280942,-1.6771048086112803
2024-12-25,5.2729163,4.75,6.5,12.727083,412.18912498000003,454.2754262830843,-44.49741446512804,2.411113162043762,2,12,0,360,15.69375,13.871428428571429,82.26,206.8971,465.9,74.88,903.9,20.985042642457245,1.8586675424908208,-29.03351585209674,10.123018310464301
2024-12-26,3.6020834,1.35,5.25,14.397917,482.26203535,454.3057958800266,-15.614366829327812,43.57060629930123,3,12,0,361,12.727083,14.056547571428572,82.19,206.7146,303.3,120.9,903.9,2.411113162043762,-22.255010454661374,-28.954595049303464,17.283961061995193
2024-12-27,-1.1562501,-2.45,1.15,19.15625,580.359144,454.3360693286838,-51.427378567651694,177.4504532389679,4,12,0,362,14.397917,14.853869,82.02,206.3033,492.1,79.89,903.9,43.57060629930123,-174.46358831224381,-19.55093551302309,20.4104809732393
2024-12-28,-0.9791667,-2.7,1.5,18.979166,526.87268555,454.36625354137766,-12.040408950064249,84.54684095868663,5,12,1,363,19.15625,15.770238,81.61,205.2508,1075.9,23.32,903.9,177.4504532389679,-43.81743274553355,30.722498994292867,26.636778038549895
2024-12-29,2.49375,1.35,3.45,15.50625,548.79725526,454.39635519669804,-45.075771424520454,139.47667148782244,6,12,1,364,18.979166,15.867261714285714,81.12,204.0262,1246.2,21.59,903.9,84.54684095868663,-20.26598046456354,49.06025238061004,28.567907125242144
2024-12-30,1.6979166,1.05,2.75,16.302084,586.9336820499999,454.4263811354142,-55.25271911380116,187.76002002838686,0,12,0,365,15.50625,16.10892857142857,80.61,202.7517,1303.2,28.73,903.9,139.47667148782244,34.72369082737703,71.8806312309509,27.080639010543926
2024-12-31,4.5666666,0.65,6.9,13.433333,513.10772327,454.45633842493925,-41.874594964431616,100.5259798094923,1,12,0,366,16.302084,15.786011857142856,80.11,201.4987,1269.1,16.17,903.9,187.76002002838686,20.985042642457245,93.7429639739523,32.955745401921604
2025-01-01,4.258333,1.15,6.7,13.741667,374.52611132,454.4862344685034,-80.51770319662731,0.5575800481238957,2,1,0,1,13.433333,15.930952428571429,79.76,200.6099,928.3,41.52,903.9,100.5259798094923,2.411113162043762,105.10595499781445,37.00242743478228
2025-01-02,0.87708336,-1.4,2.4,17.122917,578.64639813,454.51607686824207,-25.222143013467758,149.35246427522566,3,1,0,2,13.741667,16.320238142857143,79.47,199.8702,777.3,37.56,903.9,0.5575800481238957,43.57060629930123,104.84116455296875,37.364725717453666
2025-01-03,-1.1125001,-2.7,0.75,19.1125,548.41423224,454.5458736654384,69.45571521234449,24.412643362217125,4,1,0,3,17.122917,16.313988142857145,79.0,198.7062,1178.9,18.56,903.9,149.35246427522566,177.4504532389679,119.95285854952938,43.143099972124354
2025-01-04,-1.1187501,-2.45,0.25,19.11875,515.788099,454.5756325900356,81.56902475317209,-20.356558343207666,5,1,1,4,19.1125,16.333928714285715,78.32,196.9925,1720.3,12.42,903.9,24.412643362217125,84.54684095868663,98.09031428142214,44.11392568614153
2025-01-05,7.0791664,0.7,11.5,10.920834,447.31406917000004,454.6053610542758,255.22785872651224,-262.519150610788,6,1,1,5,19.11875,15.678869285714287,77.71,195.4474,1575.4,15.25,903.9,-20.356558343207666,139.47667148782244,83.10411438115152,48.069991837405674
2025-01-06,5.4187493,1.4,8.5,12.581251,460.47972049000003,454.635066247165,245.68789826071287,-239.84324401787785,0,1,0,6,10.920834,15.147321714285713,77.18,194.1161,1344.5,26.8,903.9,-262.519150610788,187.76002002838686,25.676139795635738,39.15991868398014
2025-01-07,1.6000003,0.0,4.15,16.4,584.06005125,454.66475580233265,205.07261056268968,-75.67731511502228,1,1,0,7,12.581251,15.571131285714285,76.83,193.2497,897.3,32.88,903.9,-239.84324401787785,100.5259798094923,-35.41004078240208,34.14345797553445
2025-01-08,0.62083334,0.3,1.15,17.379168,662.64923689,454.694437768031,217.0686393203413,-9.113840198372259,2,1,0,8,16.4,16.090774285714286,76.3,191.9037,1359.0,13.07,903.9,-75.67731511502228,0.5575800481238957,-60.58194005733274,31.64056966404227
2025-01-09,0.57916665,-0.55,1.1,17.420834,647.8622246,454.7241202833697,155.22720194687167,37.91090236975862,3,1,0,9,17.379168,16.133333857142855,75.53,189.958,1961.2,9.1,903.9,-9.113840198372259,149.35246427522566,-61.9635715211179,30.813541235125165
2025-01-10,0.075,-0.55,0.6,17.925,623.1076902000001,454.75381140998064,189.09041554440637,-20.73653675438692,4,1,0,10,17.420834,15.963690999999999,74.69,187.8467,2155.7,32.93,903.9,37.91090236975862,24.412643362217125,-77.88379465047034,23.399488592158715
2025-01-11,-0.87083334,-3.3,1.15,18.870832,660.55768049,454.78351924995854,219.22743311233612,-13.453271872294636,5,1,1,11,17.925,15.928274142857143,73.78,185.5776,2283.4,7.91,903.9,-20.73653675438692,-20.356558343207666,-84.33367752427091,13.811214909775169
2025-01-12,-3.5083332,-6.4,-0.5,21.508333,593.9841706,454.81325163128827,172.45934547107294,-33.28842650236123,6,1,1,12,18.870832,17.440773999999998,72.91,183.391,2186.3,7.5,903.9,-13.453271872294636,-262.519150610788,-83.3474937427119,6.673692421208324
2025-01-13,-1.4895834,-4.65,1.75,19.489584,743.8709902999999,454.8430161354965,154.85601543678058,134.17195872772282,0,1,0,13,21.508333,18.427678714285715,72.08,181.2865,2112.5,12.8,903.9,-33.28842650236123,-239.84324401787785,-50.60024744150808,-0.2970968029227644
2025-01-14,2.6770833,1.9,4.15,15.322917,791.8274364,454.87282033663945,196.50212896758654,140.45248709577396,1,1,0,14,19.489584,18.27380971428571,70.88,178.2742,3017.5,4.71,903.9,134.17195872772282,-75.67731511502228,2.830495807863445,4.053352770914874
2025-01-15,2.079167,0.7,2.8,15.920834,845.6505155,454.90267166072,394.1050740235194,-3.3572301842394268,2,1,0,15,15.322917,18.065476285714286,69.64,175.146,3141.8,19.54,903.9,140.45248709577396,-9.113840198372259,33.70618183797719,10.991528719862199
2025-01-16,-0.38125,-2.65,1.0,18.38125,782.6586904000001,454.93257710856307,343.8398642776536,-16.113750986216587,3,1,0,16,15.920834,18.20267857142857,68.48,172.2368,3058.9,152.68,903.9,-3.3572301842394268,37.91090236975862,34.52855469713903,10.25834156159214
2025-01-17,-1.9979167,-3.55,-0.05,19.997917,773.9355381,454.96254344177726,241.33542817272829,77.63756648549452,4,1,0,17,18.38125,18.498809571428573,67.36,169.4152,2890.8,59.3,903.9,-16.113750986216587,-20.73653675438692,26.810747074856856,10.830192843802637
2025-01-18,-0.1645834,-3.7,5.05,18.164583,683.668532,454.9925777418566,195.3262691203379,33.34968513780552,5,1,1,18,19.997917,18.397916857142857,66.05,166.1178,3354.2,56.53,903.9,77.63756648549452,-13.453271872294636,40.864190394839916,13.35615614190276
2025-01-19,1.6145834,-1.45,5.0,16.385416,648.24032482,455.0226872409673,217.84742361306675,-24.62978603403411,6,1,1,19,18.164583,17.66607157142857,64.95,163.3704,2772.4,13.5,903.9,33.34968513780552,-33.28842650236123,47.55032711056851,15.209645994984989
2025-01-20,-1.6875,-2.95,0.65,19.6875,854.6919582999999,455.05287890762895,189.90749555570136,209.73158383666953,0,1,0,20,16.385416,17.694345285714284,63.85,160.5896,2766.0,42.08,903.9,-24.62978603403411,134.17195872772282,48.78727574890096,20.20410607092531
2025-01-21,-0.38333333,-3.75,3.85,18.383333,830.7380795,455.08315985661915,166.9542422787272,208.7006773646537,1,1,0,21,19.6875,18.13154757142857,62.51,157.22,3390.7,14.59,903.9,209.73158383666953,140.45248709577396,59.581507907321914,28.655739956998747
2025-01-22,1.65,-0.6,3.65,16.35,708.4241698999999,455.11353701814676,234.88488672543215,18.42574615642104,2,1,0,22,18.383333,18.192857,61.05,153.5583,3688.2,2.59,903.9,208.7006773646537,-3.3572301842394268,69.33124937430473,36.28796188463933
2025-01-23,4.247916,0.4,7.0,13.752084,627.6656555799999,455.14401745077043,188.33716684690793,-15.81552871767849,3,1,0,23,16.35,17.531547571428572,59.87,150.5856,2965.9,20.6,903.9,18.42574615642104,-16.113750986216587,72.44310313725623,35.74469706227412
2025-01-24,8.935417,6.0,13.7,9.064583,538.0126109400001,455.1746079798976,129.23290343187696,-46.39490047177446,4,1,0,24,13.752084,15.969642714285714,59.21,148.9337,1706.7,54.81,903.9,-15.81552871767849,77.63756648549452,72.48570631847596,34.5180113502696
2025-01-25,6.7395835,4.75,9.85,11.260416,474.08030582,455.20531567174845,132.76162816317822,-113.88663801492669,5,1,1,25,9.064583,14.983333142857145,58.74,147.7353,1285.1,88.35,903.9,-46.39490047177446,33.34968513780552,54.76678246743753,32.89114422914233
2025-01-26,7.5229163,3.3,11.0,10.477083,451.24055780000003,455.2361479740822,284.4473174372116,-288.4429076112938,6,1,1,26,11.260416,14.139285571428571,58.44,146.98,844.0,79.88,903.9,-113.88663801492669,-24.62978603403411,33.73302201704722,27.64256941866806
2025-01-27,6.939583,5.45,9.15,11.060417,470.8492079500001,455.2671121436399,1.561074796334377,14.021021010025834,0,1,0,27,10.477083,12.906845142857142,58.11,146.1566,876.9,53.54,903.9,-288.4429076112938,209.73158383666953,-3.9545667797041637,12.112790723659339
2025-01-28,5.527083,3.75,8.55,12.472918,489.65412219,455.2982150514254,186.4321668549312,-152.07625971635662,1,1,0,28,11.060417,12.062500142857145,57.75,145.2521,955.5,51.02,903.9,14.021021010025834,208.7006773646537,-31.913218612081835,9.761930058703978
2025-01-29,5.235416,2.8,7.6,12.764584,491.84215887,455.3294637832167,234.09066182558638,-197.57796673880307,2,1,0,29,12.472918,11.550297857142857,57.4,144.3611,923.9,32.83,903.9,-152.07625971635662,18.42574615642104,-83.45278105222617,0.04349901856467682
2025-01-30,3.9687502,2.25,5.55,14.03125,609.05584948,455.3608656567673,163.98074817150675,-10.285764348274085,3,1,0,30,12.764584,11.590178714285715,57.02,143.412,967.8,19.84,903.9,-197.57796673880307,-15.81552871767849,-114.31045432297246,-12.801100540341654
2025-01-31,2.2229166,0.4,3.75,15.777083,608.169472,455.39242787169485,126.82709146237389,25.949952665931278,4,1,0,31,14.03125,12.549107285714285,56.43,141.9359,1496.9,5.37,903.9,-10.285764348274085,-46.39490047177446,-113.52048798448611,-16.494825345600535
2025-02-01,1.5979166,-0.9,3.8,16.402084,546.4616980699999,455.42415734287164,87.22420845490329,3.8133322722249545,5,2,1,32,15.777083,13.283631285714284,55.84,140.447,1493.1,4.2,903.9,25.949952665931278,-113.88663801492669,-103.18550896481386,-15.648412925006955
2025-02-02,0.33958337,-1.9,3.45,17.660418,585.16906148,455.4560608363678,149.9997702410972,-20.286769597464968,6,2,1,33,16.402084,14.309822,55.16,138.7991,1654.8,3.91,903.9,3.8133322722249545,-288.4429076112938,-86.37122749522078,-20.499717325106978
2025-02-03,-0.58125,-3.7,4.05,18.58125,756.625466,455.48814451869566,117.33479567080565,183.80252581049865,0,2,0,34,17.660418,15.384226714285715,54.43,136.9634,1861.3,18.86,903.9,-20.286769597464968,14.021021010025834,-48.06320777895952,-21.989697757096383
2025-02-04,0.40625,-2.6,3.7,17.59375,716.2610374,455.52041407884826,124.23750780434537,136.50311551680636,1,2,0,35,18.58125,16.11577414285714,53.36,134.2676,2715.1,12.75,903.9,183.80252581049865,-152.07625971635662,-23.808707093177695,-15.184394951972838
2025-02-05,3.1312497,1.75,4.8,14.868751,761.1359043,455.5528746013232,247.56881293626705,58.014216762409774,2,2,0,36,17.59375,16.416369428571425,52.38,131.8079,2526.1,14.31,903.9,136.50311551680636,-197.57796673880307,17.416917940131302,-1.883652747719691
2025-02-06,1.8604168,-0.1,2.95,16.139584,697.4378487,455.58553102641196,225.37377374557812,16.47854392800997,3,2,0,37,14.868751,16.71756,51.39,129.3157,2549.2,10.24,903.9,58.014216762409774,-10.285764348274085,53.930087011733136,8.044929278289896
2025-02-07,1.9187502,0.3,5.35,16.08125,535.66085134,455.6183887866853,159.56257369683183,-79.52011114351706,4,2,0,38,16.139584,16.76101242857143,50.53,127.154,2182.3,11.81,903.9,16.47854392800997,25.949952665931278,57.75355962263086,11.11679124639097
2025-02-08,0.06458322,-2.45,4.0,17.935417,500.42037166,455.6514533660169,119.10556104532023,-74.33664275133708,5,2,1,39,16.08125,16.98006,49.77,125.2432,1957.8,57.34,903.9,-79.52011114351706,3.8133322722249545,42.686407649852526,8.769915548219478
2025-02-09,-0.027083352,-2.0,3.3,18.027082,545.32424254,455.6847300293316,229.2931339224871,-139.65362141181868,6,2,1,40,17.935417,17.032440571428573,49.22,123.8567,1397.7,11.14,903.9,-74.33664275133708,-20.286769597464968,31.52212550362938,5.028330710849621
2025-02-10,-0.6375001,-3.0,3.15,18.6375,651.37500003,455.7182240981978,205.33144015291782,-9.67466422111562,0,2,0,41,18.027082,17.040476285714284,48.66,122.4374,1440.2,12.53,903.9,-139.65362141181868,183.80252581049865,14.469718101578849,1.0644278889352299
2025-02-11,-2.4895833,-4.95,1.95,20.489584,698.58625263,455.75194152992395,152.12996238785666,90.70434871221931,1,2,0,42,18.6375,17.45416685714286,47.82,120.3318,2139.4,11.25,903.9,-9.67466422111562,136.50311551680636,-13.169880474366048,1.1903814773078636
2025-02-12,-1.5020833,-2.65,-0.2,19.502083,732.9725003,455.7858890998524,107.28230176987542,169.90430943027218,2,2,0,43,20.489584,18.116071428571427,46.97,118.176,2205.5,56.58,903.9,90.70434871221931,58.014216762409774,-19.71256144644991,5.3234739844605485
2025-02-13,-0.4979166,-2.0,1.1,18.497917,790.5692517,455.82007375582657,222.18142162520184,112.56775631897153,3,2,0,44,19.502083,18.452976142857146,45.98,115.6937,2500.4,7.86,903.9,169.90430943027218,16.47854392800997,-3.728262493898139,6.514552341212194
2025-02-14,-2.0208333,-5.75,-0.25,20.020834,755.1172655,455.85450201728116,192.3701215765439,106.89264190617502,4,2,0,45,18.497917,19.015773857142854,44.91,113.0149,2702.3,9.91,903.9,112.56775631897153,-79.52011114351706,9.998767847667798,5.58506131531878
2025-02-15,-3.53125,-7.2,-1.05,21.53125,611.7584899,455.88917968489886,15.38763124210406,140.4816789729971,5,2,1,46,20.020834,19.529464285714287,43.78,110.156,2877.2,13.11,903.9,106.89264190617502,-74.33664275133708,36.62916114048095,9.260057051665928
2025-02-16,-7.3041654,-12.05,-2.2,25.304165,580.8555769,455.9241121427904,117.78758813272877,7.143876624480754,6,2,1,47,21.53125,20.569047571428573,42.84,107.796,2379.7,6.61,903.9,140.4816789729971,-139.65362141181868,67.31749281538583,14.47990471697305
2025-02-17,-7.3979163,-11.9,-1.65,25.397917,728.6632634,455.9593049763225,237.68608908914052,35.017869334536954,0,2,0,48,25.304165,21.53482142857143,41.96,105.5765,2262.8,41.09,903.9,7.143876624480754,-9.67466422111562,88.28856396342862,12.130115054939258
2025-02-18,-6.483333,-13.25,0.15,24.483334,637.5007294,455.9947643174078,148.66851569833753,32.837449384254626,1,2,0,49,25.397917,22.10535714285714,40.65,102.2776,3344.3,32.3,903.9,35.017869334536954,90.70434871221931,94.67321161423612,12.185721194830306
2025-02-19,-3.4291675,-7.15,1.2,21.429167,557.1833751,456.0304966003082,112.40188176476491,-11.249003265073043,2,2,0,50,24.483334,22.380654857142854,39.34,98.9848,3311.4,8.82,903.9,32.837449384254626,169.90430943027218,86.40651171024115,14.101295708773263
2025-02-20,2.1374998,-2.4,5.2,15.8625,511.59568716,456.06650830391874,57.07231181241863,-1.543132956337388,3,2,0,51,21.429167,22.004166714285713,38.23,96.2785,2756.0,24.73,903.9,-11.249003265073043,112.56775631897153,60.527467039477564,6.735276138715178
2025-02-21,3.8187497,0.2,9.25,14.181251,436.9433952,456.10280594109855,-5.944457967173319,-13.214952773925233,4,2,0,52,15.8625,21.169940571428572,37.46,94.3437,1956.9,23.66,903.9,-1.543132956337388,106.89264190617502,44.225911428719144,-0.2728508719845252
2025-02-22,6.2729163,3.3,11.1,11.727083,393.35702845,456.1393956637451,-24.41167054630686,-38.37069666743827,5,2,1,53,14.181251,19.769345285714284,37.09,93.4109,1004.3,79.79,903.9,-13.214952773925233,140.4816789729971,27.067683617276252,-1.327540836329401
2025-02-23,5.8250003,0.0,13.5,12.174999,407.6673625,456.176283407542,-10.53562904322427,-37.97329186431767,6,2,1,54,11.727083,17.893750142857144,36.89,92.8997,623.3,103.72,903.9,-38.37069666743827,7.143876624480754,1.5173442400712003,-2.07937976798806
2025-02-24,8.23125,5.7,11.45,9.76875,456.90600694,456.21347511151845,134.59868298831543,-133.90615115983388,0,2,0,55,12.174999,15.661012,36.78,92.5397,530.6,168.15,903.9,-37.97329186431767,35.017869334536954,-4.927965544042861,-1.798659481072834
2025-02-25,5.7520833,3.8,8.9,12.247917,658.84954104,456.25097697824543,64.79933457918031,137.79922948257428,1,2,0,56,9.76875,13.913095285714286,36.51,91.8557,783.4,93.44,903.9,-133.90615115983388,32.837449384254626,-29.059968471810123,-2.4659765859030736
2025-02-26,5.991667,4.3,9.65,12.008333,659.98129158,456.2887956348457,29.399869044679107,174.2926269004751,2,2,0,57,12.247917,12.567261857142856,36.13,90.9077,992.0,33.96,903.9,137.79922948257428,-11.249003265073043,-14.065428457764458,11.742094650559194
2025-02-27,3.3875,1.8,5.65,14.6125,697.92845537,456.3269375919725,22.529278221593458,219.07223955643406,3,2,0,58,12.008333,12.388690428571428,35.66,89.7261,1197.5,4.25,903.9,174.2926269004751,-1.543132956337388,12.44051870874242,17.084481513574172
2025-02-28,3.3354168,0.9,5.6,14.664583,661.41695955,456.3654089924484,-28.771905308055132,233.82345586560672,4,2,0,59,14.6125,12.457737857142858,35.17,88.4934,1250.4,6.46,903.9,219.07223955643406,-13.214952773925233,43.957000496281196,29.456098156000525
2025-03-01,3.4854164,-0.1,7.15,14.514584,504.29287836000003,456.4042153938958,-5.313823822702224,53.202486788806425,5,3,1,60,14.664583,12.855952285714284,33.85,85.178,3340.0,8.35,903.9,233.82345586560672,-38.37069666743827,79.24820173050004,43.83614557614752
2025-03-02,5.435417,2.95,9.05,12.564583,440.17723708999995,456.44336182990355,10.939345085591654,-27.205469825495243,6,3,1,61,14.514584,12.911607142857141,33.61,84.2532,930.7,5.84,903.9,53.202486788806425,-37.97329186431767,92.33008508139217,45.9524206140502
2025-03-03,4.7291665,0.2,10.5,13.270834,493.30902046,456.48285353588454,41.31642682995482,-4.490259905839366,0,3,0,62,12.564583,13.411904857142858,33.29,83.4623,831.3,40.39,903.9,-27.205469825495243,-133.90615115983388,93.86834537265248,44.18057319766932
2025-03-04,6.7062507,1.35,14.7,11.293749,530.95843517,456.52269597178804,55.48120596760761,18.954533230604397,1,3,0,63,13.270834,13.275595142857142,32.84,82.3268,1167.6,32.07,903.9,-4.490259905839366,137.79922948257428,112.35632983750884,43.90378679173384
2025-03-05,7.5687504,1.5,15.5,10.43125,511.09286999,456.5628948240845,32.947923095857334,21.582052070058182,2,3,0,64,11.293749,13.050297571428572,32.49,81.4456,916.2,29.82,903.9,18.954533230604397,174.2926269004751,95.37851608722745,45.21183021933614
2025-03-06,8.412499,1.95,16.8,9.587501,485.33113351,456.6034560422597,48.9488317423991,-20.22115427465883,3,3,0,65,10.43125,12.332440571428572,32.26,80.8709,638.2,66.06,903.9,21.582052070058182,219.07223955643406,73.56271968288216,39.804481094654804
2025-03-07,8.599999,2.9,15.85,9.400001,562.9655261900001,456.64438553951976,13.967645980539343,92.35349466994097,4,3,0,66,9.587501,11.580357428571428,32.09,80.4475,524.5,103.11,903.9,-20.22115427465883,233.82345586560672,39.37794913558319,34.58033876827263
2025-03-08,8.26875,3.4,14.65,9.73125,410.67460162000003,456.685688661728,-43.00361990643802,-3.0074671352899713,5,3,1,67,9.400001,10.897024,31.99,80.1874,426.6,166.37,903.9,92.35349466994097,53.202486788806425,19.167954679059505,35.724981365190345
2025-03-09,7.4687495,1.1,14.8,10.53125,452.06589333999995,456.72737053599195,-7.007610286353635,2.3461330903616044,6,3,1,68,9.73125,10.606547857142857,32.06,80.3617,165.2,295.99,903.9,-3.0074671352899713,-27.205469825495243,11.13796126133145,35.07544766308035
2025-03-10,4.7770834,0.6,9.85,13.222917,602.50584324,456.76943668734657,-34.723815863219095,180.46022241587252,0,3,0,69,10.53125,10.59970257142857,32.08,80.4097,203.4,251.37,903.9,2.3461330903616044,-4.490259905839366,15.35961882073957,37.80432247087629
2025-03-11,5.197916,3.3,7.6,12.802084,641.7146575,456.81189304592476,-69.85888570515229,254.76165015922754,1,3,0,70,13.222917,10.815179,31.83,79.7998,668.1,57.52,903.9,180.46022241587252,18.954533230604397,41.78111629526984,46.29755130978329
2025-03-12,4.2999997,1.1,7.6,13.700001,680.8893456000001,456.8547457825129,-74.3737304441521,298.40833026163926,2,3,0,71,12.802084,11.282143428571429,31.45,78.8284,982.0,0.65,903.9,254.76165015922754,21.582052070058182,75.46784728507315,59.44472702881816
2025-03-13,4.318751,1.35,7.8,13.68125,662.5045559,456.8980007083008,-13.071311713782913,218.67786690548218,3,3,0,72,13.700001,11.866964714285714,30.96,77.6123,1229.2,12.45,903.9,298.40833026163926,-20.22115427465883,115.01445845529902,69.71416017824332
2025-03-14,3.8479168,1.65,7.25,14.152083,592.0694549,456.94166325549884,28.372647166023054,106.75514447847809,4,3,0,73,13.68125,12.545833571428572,30.46,76.3469,1283.3,17.6,903.9,218.67786690548218,92.35349466994097,149.142890052462,73.97994411801874
2025-03-15,3.2979164,-0.45,7.85,14.702084,435.40368099,456.98573855560534,-55.624641894587946,34.04258432898263,5,3,1,74,14.152083,13.255952714285714,30.03,75.277,1194.5,13.1,903.9,106.75514447847809,-3.0074671352899713,151.20026859653873,71.87497195295894
2025-03-16,2.4062502,-1.55,5.9,15.59375,442.11487324,457.0302315353607,-28.819483575894974,13.904125280534288,6,3,1,75,14.702084,13.979167,29.78,74.6542,679.3,54.05,903.9,34.04258432898263,2.3461330903616044,156.49313309143483,69.25746621995931
2025-03-17,1.5604163,-3.25,7.35,16.439583,503.13588880000003,457.07514647662424,8.56309426877664,37.49764805459915,0,3,0,76,15.59375,14.438690714285714,29.58,74.1461,593.9,79.05,903.9,13.904125280534288,180.46022241587252,158.1442748328881,66.15784899910462
2025-03-18,3.5500002,-3.15,11.25,14.45,548.2508237000001,457.12048731192687,23.648229248506652,67.4821071395665,1,3,0,77,16.439583,14.674107285714285,29.19,73.1663,866.9,47.13,903.9,37.49764805459915,254.76165015922754,137.72104992413475,62.72504796849136
2025-03-19,6.4812503,-0.15,15.5,11.518749,577.87300358,457.1662581031881,66.66007494837037,54.04667052844155,2,3,0,78,14.45,14.362499857142856,28.91,72.4675,801.4,99.55,903.9,67.4821071395665,298.40833026163926,110.96682949275457,64.73632231899423
2025-03-20,8.7375,1.65,16.35,9.2625,535.98544624,457.2124625914579,48.808456591267515,29.96452705727461,3,3,0,79,11.518749,13.731249857142858,28.74,72.0356,576.2,132.0,903.9,54.04667052844155,218.67786690548218,76.05802095944061,65.37061569212437
2025-03-21,8.48125,4.4,13.45,9.51875,383.98074010000005,457.2591042820866,-45.09616844288042,-28.182195739206122,4,3,0,80,9.2625,13.069345142857143,28.72,71.9981,286.9,248.18,903.9,29.96452705727461,106.75514447847809,49.098972409696685,65.27485161455837
2025-03-22,9.477083,6.25,13.3,8.522917,394.86150631,457.30618615436896,-47.89613710460937,-14.548542739759625,5,3,1,81,9.51875,12.186606999999999,28.78,72.1556,219.4,366.3,903.9,-28.182195739206122,34.04258432898263,29.822209521456085,64.7104118654206
2025-03-23,10.127084,7.3,14.0,7.872916,445.37819861,457.3537107393471,-17.998389378648426,6.022877249301359,6,3,1,82,8.522917,11.083630714285714,28.97,72.6222,51.7,532.68,903.9,-14.548542739759625,13.904125280534288,22.880619940207193,64.2768982059732
2025-03-24,8.729167,5.15,13.65,9.270833,597.52882954,457.4016806893253,-71.62366312103295,211.75081197170755,0,3,0,83,7.872916,10.05952357142857,29.08,72.9071,125.4,391.12,903.9,6.022877249301359,37.49764805459915,21.754727364316775,64.9181592067474
2025-03-25,7.839584,6.05,10.55,10.160416,492.10656358,457.4500988409921,-20.801934201182505,55.45839894019042,1,3,0,84,9.270833,9.446725857142855,29.03,72.7687,340.5,197.04,903.9,211.75081197170755,67.4821071395665,46.648036495332256,73.25554282805227
2025-03-26,6.289583,2.55,10.2,11.710417,563.8243722100001,457.4989682444383,-13.022880286158204,119.34828425171997,2,3,0,85,10.160416,9.474107,28.95,72.5852,370.9,178.0,903.9,55.45839894019042,54.04667052844155,44.930363895421394,76.36993252153589
2025-03-27,7.602083,0.85,14.45,10.397917,463.42649904,457.5482921062994,4.247744845798493,1.6304620879021172,3,3,0,86,11.710417,9.636309428571428,28.82,72.2491,456.1,115.04,903.9,119.34828425171997,29.96452705727461,54.25916585588974,84.81174703525433
2025-03-28,8.822917,3.8,15.4,9.177083,446.64554276999996,457.5980732720967,-53.4961025668735,42.543572064776754,4,3,0,87,10.397917,9.587499857142857,28.73,72.023,371.4,150.2,903.9,1.6304620879021172,-28.182195739206122,50.21144228883652,80.27278812209859
2025-03-29,5.69375,2.3,8.9,12.30625,365.52511841,457.6483138877589,-88.89255994201392,-3.230635535744966,5,3,1,88,9.177083,10.127976,28.73,72.0281,216.0,221.05,903.9,42.543572064776754,-14.548542739759625,60.315123403691224,75.88115296090865
2025-03-30,7.158333,5.1,11.4,10.841667,370.67323747,457.69901535970644,-58.30638998618907,-28.719387903517372,6,3,1,89,12.30625,10.552083285714286,28.79,72.1661,149.7,287.74,903.9,-3.230635535744966,6.022877249301359,61.93196728997903,68.47105712450269
2025-03-31,7.9166665,3.9,13.25,10.083334,490.87355931999997,457.7501788173364,47.23280285855411,-14.109422355890558,0,3,0,90,10.841667,10.668154857142857,28.81,72.2276,166.6,226.24,903.9,-28.719387903517372,211.75081197170755,56.96878655386207,59.71962899886522
2025-04-01,8.347917,3.1,15.25,9.652083,436.78527087,457.80180555341127,10.934229750953454,-31.95076443436477,1,4,0,91,10.083334,10.595535857142858,28.69,71.9173,482.6,182.06,903.9,-14.109422355890558,55.45839894019042,24.703038792776624,57.47589869404199
2025-04-02,10.341667,3.65,17.6,7.658333,378.46028441000004,457.853896963257,-2.46137494216779,-76.93223761108919,2,4,0,92,9.652083,10.016666714285714,29.14,72.0222,225.5,371.42,903.9,-31.95076443436477,119.34828425171997,12.216015453554453,57.31772220707967
2025-04-03,12.500003,5.2,19.85,5.499997,436.69702962,457.9064547079567,-47.19847111558595,25.989046027629286,3,4,0,93,7.658333,9.316963857142856,29.21,72.0403,163.3,181.37,903.9,-76.93223761108919,1.6304620879021172,-15.824059098275427,54.90298961690467
2025-04-04,6.6812496,1.95,10.65,11.31875,426.16198969,457.959480542,-83.49209802314246,51.69460717114242,4,4,0,94,5.499997,9.622916285714286,29.26,72.1549,153.9,268.54,903.9,25.989046027629286,42.543572064776754,-12.344261392600117,55.1374733768055
2025-04-05,3.5520833,0.15,7.75,14.447917,369.02265968,458.01297588971715,-113.47394427729397,24.48362806757683,5,4,1,95,11.31875,9.928868714285713,29.36,72.4026,103.3,354.84,903.9,51.69460717114242,-3.230635535744966,-11.036970663119307,56.14122521350831
2025-04-06,7.231251,2.85,12.05,10.768749,426.60763746,458.06694193433776,-114.46883789784557,83.00953342350778,6,4,1,96,14.447917,9.918451857142857,29.53,72.8137,64.0,475.13,903.9,24.48362806757683,-28.719387903517372,-7.077790148359051,57.63138462491617
2025-04-07,8.227083,3.6,13.4,9.772917,512.45070233,458.1213794979746,-67.17349004484738,121.50281287687284,0,4,0,97,10.768749,9.874106571428571,29.58,72.9455,171.1,296.53,903.9,83.00953342350778,-14.109422355890558,8.883484326930256,57.319919250035056
2025-04-08,9.343749,5.15,14.4,8.656251,549.8710479700001,458.1762890949943,-53.0197672440458,144.71452611905164,1,4,0,98,9.772917,9.731844857142857,29.4,72.4982,509.1,55.14,903.9,121.50281287687284,-31.95076443436477,28.2566607887536,61.47026191710715
2025-04-09,8.822916,3.7,13.65,9.177084,480.15562429000005,458.2316711675831,-18.29440263423493,40.218355756651874,2,4,0,99,8.656251,9.948809285714285,29.29,72.2303,344.4,67.22,903.9,144.71452611905164,-76.93223761108919,53.494559439241655,66.21587501806349
2025-04-10,9.745834,6.15,14.3,8.254166,503.98234061,458.2875260961451,25.286975868790474,20.40783864506443,3,4,0,100,9.177084,10.342262000000002,29.21,72.0293,284.4,78.39,903.9,40.218355756651874,25.989046027629286,70.2303584917761,61.541146129422806
2025-04-11,12.5625,8.65,17.4,5.4375,485.6496737000001,458.3438540796862,-56.55031276206964,83.85613238238358,4,4,0,101,8.254166,9.502083428571428,29.14,71.8576,263.4,94.12,903.9,20.40783864506443,51.69460717114242,69.43304315140969,53.72935241228403
2025-04-12,15.074998,8.5,22.3,2.925002,374.31459046,458.40065490133327,-62.08693323301487,-21.99913120831843,5,4,1,102,5.4375,7.8559527142857135,29.15,71.8817,184.5,206.53,903.9,83.85613238238358,24.48362806757683,74.02754675301557,46.57761248297551
2025-04-13,15.7541685,10.75,20.75,2.2458315,368.8865425,458.4579278195677,-105.69852110462591,16.127135785058215,6,4,1,103,2.925002,6.638393071428571,29.37,72.4241,50.3,596.9,903.9,-21.99913120831843,83.00953342350778,67.38715257074482,38.55504587918215
2025-04-14,16.566666,11.7,21.9,1.4333344,440.53345223,458.5156720741522,14.76351835112147,-32.745738195273645,0,4,0,104,2.2458315,5.447024128571428,29.62,73.0489,47.2,670.12,903.9,16.127135785058215,121.50281287687284,57.83252433668059,35.53411225606816
2025-04-15,18.733332,12.65,25.3,0.0,404.67064412,458.5738870700209,-15.553700901421681,-38.349542048599176,1,4,0,105,1.4333344,4.210416842857143,29.77,73.4206,93.9,452.4,903.9,-32.745738195273645,144.71452611905164,35.79701704065967,33.307834838592946
2025-04-16,20.154163,15.25,27.3,0.0,432.95304114,458.63257194236735,5.050427403076286,-30.729958205443666,2,4,0,106,0.0,2.8994048428571424,30.01,74.0006,58.4,637.41,903.9,-38.349542048599176,40.218355756651874,9.645007302423835,31.56604592762183
2025-04-17,12.835418,10.3,16.65,5.1645823,449.07047241000004,458.6917258281243,-19.073838725955127,9.452585307830873,3,4,0,107,0.0,2.4580357428571427,30.14,74.3138,101.7,417.88,903.9,-30.729958205443666,20.40783864506443,-0.4904661207326707,29.291792385620404
2025-04-18,9.20625,8.35,10.15,8.79375,367.97930917,458.75134830389925,-68.82878408121789,-21.943255052681366,4,4,0,108,5.1645823,2.9375000285714283,30.22,74.5088,137.3,333.37,903.9,9.452585307830873,83.85613238238358,-2.0555023117660363,27.357474991229218
2025-04-19,12.379167,5.7,18.7,5.6208334,354.17313088,458.81143920853987,-89.46040027608713,-15.177908052452779,5,4,1,109,8.79375,3.3226188,30.42,75.0044,52.6,548.19,903.9,-21.943255052681366,-21.99913120831843,-17.169700516775315,24.82447747185845
2025-04-20,14.34375,10.15,18.45,3.65625,331.05426029,458.8719984643794,-48.12994780667367,-79.6877903677057,6,4,1,110,5.6208334,3.524107157142857,30.69,75.6904,25.9,711.9,903.9,-15.177908052452779,16.127135785058215,-16.195240065937362,23.31972963486754
2025-04-21,13.464583,9.1,18.2,4.5354166,361.04518296,458.9330259179406,-48.98407663472917,-48.90376632321147,0,4,0,111,3.65625,3.967261757142857,31.02,76.4863,13.7,809.51,903.9,-79.6877903677057,-32.745738195273645,-29.883086659189352,21.60287648058422
2025-04-22,12.879167,8.15,17.8,5.1208334,497.03845982999997,458.9945211744924,-37.65057209376376,75.69451074927139,1,4,0,112,4.5354166,4.698809385714285,31.28,77.1401,53.0,706.76,903.9,-48.90376632321147,-38.349542048599176,-32.191376391751895,20.457702361135826
2025-04-23,12.910417,8.5,17.8,5.0895834,501.31504858,459.05648392372797,-31.71672451511727,73.9752891713893,2,4,0,113,5.1208334,5.425892728571428,31.37,77.3529,119.1,331.97,903.9,75.69451074927139,-30.729958205443666,-15.89936884919896,22.780090144468158
2025-04-24,11.235416,7.4,16.55,6.7645836,447.4605498,459.118913859956,-33.83315800145168,22.174793941495693,3,4,0,114,5.0895834,5.6544643428571435,31.46,77.5732,70.6,290.87,903.9,73.9752891713893,9.452585307830873,-0.9414763667942501,18.187572717790886
2025-04-25,10.208334,5.55,15.1,7.791666,425.35043379,459.1818107566002,-68.46430196035452,34.63292499375433,4,4,0,115,6.7645836,5.5113094857142855,31.51,77.7045,78.4,209.69,903.9,22.174793941495693,-21.943255052681366,0.8759820094435814,17.078119217834395
2025-04-26,11.072917,4.25,17.25,6.927083,352.96644760000004,459.2451741750053,-66.02824473697282,-40.250481838032385,5,4,1,116,7.791666,5.697916571428571,31.63,78.0078,64.0,356.54,903.9,34.63292499375433,-15.177908052452779,8.95829344464868,14.25427390923554
2025-04-27,14.141666,5.85,21.65,3.8583336,361.82514735,459.3090031580804,-63.85166997009318,-33.63218583798721,6,4,1,117,6.927083,5.726785657142857,31.87,78.5919,74.6,658.72,903.9,-40.250481838032385,-79.6877903677057,5.37649718956588,12.858242445037723
2025-04-28,15.943749,8.6,22.75,2.0562506,438.98196373,459.3732966951432,-92.55133948566029,72.16000652051713,0,4,0,118,3.8583336,5.372619085714286,32.15,79.2687,40.8,717.57,903.9,-33.63218583798721,-48.90376632321147,11.95586926523995,10.319050514945591
2025-04-29,16.837502,9.5,22.6,1.1624985,428.71186351,459.4380538948889,-89.77688678982187,59.05069640493292,1,4,0,119,2.0562506,4.807142671428571,32.38,79.827,39.0,597.15,903.9,72.16000652051713,75.69451074927139,29.25069395720118,12.832071916820995
2025-04-30,18.627085,9.5,25.9,0.0,386.62289792,459.50327394476295,-97.83471140753814,24.954335382775184,2,4,0,120,1.1624985,4.080059328571428,32.64,80.4348,37.0,644.74,903.9,59.05069640493292,73.9752891713893,26.873006193724255,15.757741393769338
2025-05-01,20.499998,13.55,27.5,0.0,339.026961,459.5689561836058,-139.7060292400322,19.164034056426374,3,5,0,121,0.0,3.113690242857143,32.98,81.2538,35.2,808.69,903.9,24.954335382775184,22.174793941495693,19.87001279535081,17.059866651724864
2025-05-02,15.039581,10.85,19.0,2.9604187,334.50517374000003,459.6351000069942,-123.72162930095341,-1.4082969660407798,4,5,0,122,0.0,2.4235120571428572,33.4,82.291,20.5,1057.68,903.9,19.164034056426374,34.63292499375433,19.439904240340905,18.763693268084566
2025-05-03,11.414582,8.2,14.65,6.5854177,321.31745619,459.70170439505347,-117.34533513845618,-21.03891306659733,5,5,1,123,2.9604187,2.374702728571428,33.81,83.312,20.0,1041.05,903.9,-1.4082969660407798,-40.250481838032385,14.291158246084462,21.281157956252848
2025-05-04,9.008332,4.1,13.25,8.991668,334.39598512,459.76876798783337,-57.38288752142648,-67.98989534640691,6,5,1,124,6.5854177,3.1080362142857143,34.23,84.3448,23.0,1069.49,903.9,-21.03891306659733,-33.63218583798721,17.035668070575184,19.71355931977863
2025-05-05,9.349999,1.85,15.9,8.650001,396.29687098,459.8362893355742,-31.982239640755825,-31.55717871481835,0,5,0,125,8.991668,4.050000557142857,34.6,85.2411,50.1,932.25,903.9,-67.98989534640691,72.16000652051713,12.127423855086656,15.72407590252698
2025-05-06,11.243749,5.6,15.4,6.7562513,412.03827704,459.90426729866147,-35.51560229813957,-12.350387960521857,1,5,0,126,8.650001,4.8491081000000005,34.75,85.6328,91.2,482.48,903.9,-31.55717871481835,59.05069640493292,-2.6893168928184132,13.856049009780476
2025-05-07,11.485416,4.9,15.6,6.5145836,452.2360577,459.97270108641305,14.972344437067413,-22.70898782348047,2,5,0,127,6.7562513,5.779762900000001,34.73,85.8938,89.6,351.27,903.9,-12.350387960521857,24.954335382775184,-12.889471802169096,10.677384963646155
2025-05-08,13.335418,5.35,18.7,4.6645823,445.3920664,460.04158981960995,3.5438343916380575,-18.193357811248006,3,5,0,128,6.5145836,6.446131800000001,34.86,86.2159,116.4,433.39,903.9,-22.70898782348047,19.164034056426374,-19.69851797449133,5.870324940301045
2025-05-09,14.358334,9.8,17.7,3.6416664,403.27766564,460.1109325980908,-69.08402468048648,12.25075772239569,4,5,0,129,4.6645823,6.5434529,35.07,86.4176,134.8,347.13,903.9,-18.193357811248006,-1.4082969660407798,-25.03528824130196,0.44006214262439014
2025-05-10,12.412499,6.1,18.05,5.5875006,330.18531941,460.1807288183878,-97.0379189077442,-32.957490500643644,5,5,1,130,3.6416664,6.400893314285715,35.19,86.7031,99.5,385.0,903.9,12.25075772239569,-21.03891306659733,-23.083994714382463,-0.4921911251841493
2025-05-11,12.466666,4.85,19.05,5.533334,317.55175692,460.2509777045421,-102.69038995837859,-40.00883082616349,6,5,1,131,5.5875006,5.9068456,35.37,87.4778,50.6,823.47,903.9,-32.957490500643644,-67.98989534640691,-24.786648633531936,-2.2710354300410853
2025-05-12,14.535417,5.85,20.9,3.4645834,389.5289104,460.321678194911,-90.63979445658462,19.847026661673624,0,5,0,132,5.533334,5.166071657142857,35.71,88.3242,53.7,896.54,903.9,-40.00883082616349,-31.55717871481835,-20.78935370206859,-6.399867536992654
2025-05-13,16.69375,11.15,22.1,1.3062496,411.33950796,460.3928294120845,-47.386391121904374,-1.6669303301801506,1,5,0,133,3.4645834,4.387499985714286,36.01,89.0393,47.0,743.58,903.9,19.847026661673624,-12.350387960521857,-13.445895791141165,-5.004995607992919
2025-05-14,11.997917,8.85,14.55,6.002083,366.06062457999997,460.46443069894707,-67.51513092255185,-26.88867519639524,2,5,0,134,1.3062496,4.314285614285715,36.19,89.4934,87.9,552.74,903.9,-1.6669303301801506,-22.70898782348047,-11.919687558235207,-5.598131145167531
2025-05-15,11.981251,8.1,17.05,6.018749,359.37316115,460.5364818068319,-53.33400065388474,-47.829320002947156,3,5,0,135,6.002083,4.507738000000001,36.47,90.1748,53.8,737.53,903.9,-26.88867519639524,-18.193357811248006,-12.516785754365888,-5.402895711871584
2025-05-16,11.083335,8.2,16.3,6.916665,358.09479305,460.6089825759841,-90.47868968900991,-12.035499836974168,4,5,0,136,6.018749,4.975594942857143,36.68,90.7017,66.1,606.27,903.9,-47.829320002947156,12.25075772239569,-16.750494638894338,-5.7188883103498505
2025-05-17,10.404167,6.7,13.9,7.595833,327.15331756,460.6819325041843,-97.69424217253206,-35.83437277165223,5,5,1,137,6.916665,5.262499571428571,36.87,91.1739,97.3,573.41,903.9,-12.035499836974168,-32.957490500643644,-20.219960004518605,-5.095739698067534
2025-05-18,12.479168,10.2,15.55,5.520832,340.87857375,460.75533064537854,-30.433103231408626,-89.44365366396994,6,5,1,138,7.595833,5.260713571428572,37.2,91.9836,2.1,802.5,903.9,-35.83437277165223,-40.00883082616349,-20.630943186091258,-6.605304967383637
2025-05-19,16.216665,9.3,22.6,1.7833347,426.72921316000003,460.8291757076091,-56.121701331323465,22.02173878371434,0,5,0,139,5.520832,5.020535185714286,37.47,92.6586,14.5,690.89,903.9,-89.44365366396994,19.847026661673624,-27.693060734349324,-8.855318254426589
2025-05-20,16.981253,12.85,21.35,1.0187473,410.80391512,460.903466476939,-80.31695963501483,30.217408278075823,1,5,0,140,1.7833347,4.979463428571429,37.64,93.078,83.7,484.28,903.9,22.02173878371434,-1.6669303301801506,-27.38238757405779,-7.615330026554352
2025-05-21,11.845833,8.55,15.5,6.154167,413.47527548,460.9782016361345,-49.769430330035675,2.2665041739011826,2,5,0,141,1.0187473,5.001189714285714,37.82,93.5199,65.0,496.33,903.9,30.217408278075823,-26.88867519639524,-22.827482058592654,-3.951823405028301
2025-05-22,9.095833,4.95,11.95,8.904167,428.79864061,461.05337985686305,-41.15337188885818,8.898632641995164,3,5,0,142,6.154167,5.413392285714286,37.73,93.308,333.5,121.59,903.9,2.2665041739011826,-47.829320002947156,-18.66245643426459,-2.2461477217912127
2025-05-23,11.872917,6.1,16.75,6.127083,374.80883351,461.12900008634335,-85.82497539398868,-0.49519118235468795,4,5,0,143,8.904167,5.3005948571428565,37.86,93.6268,123.6,449.58,903.9,8.898632641995164,-12.035499836974168,-10.558463199272833,-4.472676992033754
2025-05-24,14.1125,11.25,16.75,3.8874998,313.09414132,461.2050614318844,-135.80734766024491,-12.303572451639468,5,5,1,144,6.127083,4.770832971428571,37.93,93.7907,160.8,320.06,903.9,-0.49519118235468795,-35.83437277165223,-8.909847677184334,-6.955026337158554
2025-05-25,15.395833,11.7,19.65,2.604167,328.93703424,461.28156332190645,-115.64862903046054,-16.695900051445904,6,5,1,145,3.8874998,4.3541665428571426,38.12,94.2632,12.8,482.79,903.9,-12.303572451639468,-89.44365366396994,-5.548304774325369,-8.104305216929726
2025-05-26,15.779167,9.45,20.2,2.2208328,379.38647111,461.3585055575176,-76.01852194534274,-5.953512502174874,0,5,0,146,2.604167,4.4166662714285705,38.45,95.0725,2.4,834.33,903.9,-16.695900051445904,22.02173878371434,4.8442314560352076,-9.815266051769733
2025-05-27,16.199999,13.55,18.6,1.8000011,362.76856398,461.43588821259715,-103.77087590312168,5.103551670524553,1,5,0,147,2.2208328,4.528273957142857,38.65,95.5799,47.3,532.11,903.9,-5.953512502174874,30.217408278075823,0.8477669866224622,-8.672033740574483
2025-05-28,14.295833,10.3,18.15,3.7041674,376.52033302999996,461.51371146411157,-59.11371020027358,-25.879668233838004,2,5,0,148,1.8000011,4.178274014285714,38.83,96.0277,38.8,486.58,903.9,5.103551670524553,2.2665041739011826,-2.7399268144562905,-7.380842490290758
2025-05-29,18.270834,13.2,23.25,0.0,313.48140861,461.5919756679899,-59.86080636216805,-88.24976069582186,3,5,0,149,3.7041674,2.906250157142857,39.04,96.5497,20.0,554.39,903.9,-25.879668233838004,8.898632641995164,-6.76080858699046,-10.648831648769262
2025-05-30,19.729166,14.5,24.3,0.0,324.75796601,461.6706810758109,-105.54052530543137,-31.372189760379456,4,5,0,150,0.0,2.0309525857142856,39.36,97.3378,25.1,807.14,903.9,-88.24976069582186,-0.49519118235468795,-20.639150492392893,-15.558846885461088
2025-05-31,20.547916,16.25,27.3,0.0,340.38469343,461.7498274866083,-91.9702896443656,-29.394844412242662,5,5,1,151,0.0,1.4755954714285715,39.75,98.2974,7.2,968.93,903.9,-31.372189760379456,-12.303572451639468,-25.050150289253573,-17.43639772356624
2025-06-01,18.275002,14.0,21.6,0.0,331.43215685,461.8294142945049,-78.65865098063814,-51.738606463866745,6,6,1,152,0.0,1.1035716142857144,40.26,99.5504,28.6,1277.03,903.9,-29.394844412242662,-16.695900051445904,-27.491760569339743,-19.05502700585521
2025-06-02,19.050001,12.45,25.85,0.0,417.33151031,461.9094410186644,-72.16104300496264,27.583112296298225,0,6,0,153,0.0,0.7863097857142858,41.12,101.7025,27.1,2030.15,903.9,-51.738606463866745,-5.953512502174874,-32.497861485399866,-20.732703989116075
2025-06-03,20.702082,15.6,27.7,0.0,353.82311566,461.9899075972216,-125.54499812557712,17.378206188355534,1,6,0,154,0.0,0.5291667714285715,41.38,102.3512,30.2,677.19,903.9,27.583112296298225,5.103551670524553,-27.706915085617993,-19.11196981035289
2025-06-04,19.33125,15.75,22.25,0.0,347.44763994,462.07081416182723,-100.2966937231063,-14.326480498720912,2,6,0,155,0.0,0.0,41.61,102.9232,66.6,638.93,903.9,17.378206188355534,-25.879668233838004,-25.953393011642138,-16.26636642586081
2025-06-05,18.377085,14.6,21.95,0.0,336.6547253,462.1521611438686,-101.01218951636206,-24.48524632750656,3,6,0,156,0.0,0.0,41.93,103.7107,37.1,724.54,903.9,-14.326480498720912,-88.24976069582186,-24.302937620911127,-15.692009818657562
2025-06-06,17.670834,14.2,22.45,0.3291664,334.66815486,462.23394913144966,-117.34341738093498,-10.222376890514681,4,6,0,157,0.0,0.047023771428571434,42.08,104.0763,55.3,418.16,903.9,-24.48524632750656,-31.372189760379456,-15.193721282580368,-16.096505097557053
2025-06-07,15.65625,12.0,19.7,2.34375,308.47373833000006,462.31617813871145,-118.66987071125713,-35.17256909745424,5,6,1,158,0.3291664,0.3818452,42.44,104.9758,7.2,914.08,903.9,-10.222376890514681,-29.394844412242662,-12.172319444028258,-15.680284733124859
2025-06-08,13.752082,10.35,17.75,4.247918,296.00595195,462.3988477198332,-81.46035784115804,-84.93253792867517,6,6,1,159,2.34375,0.9886906285714286,42.91,106.133,3.2,1134.88,903.9,-35.17256909745424,-51.738606463866745,-12.99770868477277,-16.246258442665066
2025-06-09,14.670834,11.15,17.95,3.3291664,304.27867689,462.4819575357968,-131.2062323802847,-26.99704826551215,0,6,0,160,4.247918,1.4642858285714286,43.34,107.2085,5.5,1083.88,903.9,-84.93253792867517,27.583112296298225,-17.739698894031115,-19.485701631034097
2025-06-10,15.781249,12.25,20.1,2.218751,328.10730799,462.5655073260902,-35.48030305836129,-98.97789627772892,1,6,0,161,3.3291664,1.781250257142857,43.72,108.1419,3.9,928.59,903.9,-26.99704826551215,17.378206188355534,-25.536864688575456,-19.287020223196382
2025-06-11,16.589584,9.0,22.85,1.4104156,355.47976122,462.64949709112847,-73.71168286154074,-33.45805300958773,2,6,0,162,2.218751,1.9827382,44.06,108.9713,15.0,861.64,903.9,-98.97789627772892,-14.326480498720912,-42.15916504087323,-21.25265573824856
2025-06-12,18.670832,11.7,24.9,0.0,352.29251945,462.73392706525175,-109.15091010970822,-1.2904975055435557,3,6,0,163,1.4104156,1.9827382,44.34,109.6807,8.7,736.53,903.9,-33.45805300958773,-24.48524632750656,-44.892246828139925,-23.0294917272906
2025-06-13,22.977083,14.75,30.0,0.0,344.57696437,462.81879720225874,-107.61254115183259,-10.62929168042615,4,6,0,164,0.0,1.9357144285714285,44.62,110.3668,17.1,699.39,903.9,-1.2904975055435557,-10.222376890514681,-41.57871128214521,-23.016943966469384
2025-06-14,24.014582,17.6,32.85,0.0,326.23548611,462.9041067441445,-106.83675827055465,-29.831862363589835,5,6,1,165,0.0,1.600893,44.9,111.049,174.0,835.37,903.9,-10.62929168042615,-35.17256909745424,-41.636841966418274,-22.474964515937078
2025-06-15,18.858334,16.25,22.2,0.0,318.96864236,462.98985426356126,-103.67453983632105,-40.346672067240206,6,6,1,166,0.0,0.9940475714285715,45.36,112.185,10.5,1144.14,903.9,-29.831862363589835,-84.93253792867517,-40.8738838615805,-21.87504926129184
2025-06-16,20.160416,13.4,25.9,0.0,365.6476528,463.07603816231494,-71.53006419349782,-25.89832116881712,0,6,0,167,0.0,0.5184523714285715,45.8,113.2796,5.5,1099.73,903.9,-40.346672067240206,-26.99704826551215,-34.504474452804075,-22.818755002300705
2025-06-17,22.277082,16.3,27.2,0.0,380.2676225,463.1626568304159,-59.151419195944044,-23.74361513447184,1,6,0,168,0.0,0.20148794285714286,46.06,113.9349,16.2,671.57,903.9,-25.89832116881712,-98.97789627772892,-34.347513438990504,-22.487553282206203
2025-06-18,19.160418,15.25,22.2,0.0,359.21211102,463.24970863239537,-53.481385015150884,-50.556212597244496,2,6,0,169,0.0,0.0,46.31,114.5381,35.4,638.6,903.9,-23.74361513447184,-33.45805300958773,-23.599758989953777,-20.297551997889595
2025-06-19,18.077082,11.15,23.55,0.0,329.36581581,463.33719206055315,-80.26633399746859,-53.705042253084514,3,6,0,170,0.0,0.0,46.59,115.2356,5.6,693.65,903.9,-50.556212597244496,-1.2904975055435557,-26.042353216761885,-22.71681704392156
2025-06-20,21.856253,12.5,28.6,0.0,349.76691884,463.4251058925215,-74.44062800676492,-39.21755904575656,4,6,0,171,0.0,0.0,46.92,116.0464,4.6,815.54,903.9,-53.705042253084514,-10.62929168042615,-33.53014532355345,-25.514232061626906
2025-06-21,27.05208,17.3,34.05,0.0,310.94848694,463.5134485601719,-76.15688823878739,-76.4080733813845,5,6,1,172,0.0,0.0,47.23,116.8073,8.5,829.41,903.9,-39.21755904575656,-29.831862363589835,-37.614183518600655,-26.89703416894883
2025-06-22,22.977081,16.85,27.45,0.0,291.79562126999997,463.60221816795195,-73.21224180663826,-98.59435509131373,6,6,1,173,0.0,0.0,47.7,117.993,1.2,1186.9,903.9,-76.4080733813845,-40.346672067240206,-44.26792794971418,-29.740591036394814
2025-06-23,17.852083,14.1,22.5,0.1479168,365.27304761,463.69141299404254,-59.46317269201747,-38.95519269202509,0,6,0,174,0.0,0.021130971428571427,48.18,119.1683,6.8,1186.8,903.9,-98.59435509131373,-25.89832116881712,-52.58902552458182,-33.01056316669345
2025-06-24,20.297918,17.35,24.3,0.0,353.15722759000005,463.7810312388262,-53.56147641702849,-57.06232723179767,1,6,0,175,0.1479168,0.021130971428571427,48.5,119.9722,27.9,891.06,903.9,-38.95519269202509,-23.74361513447184,-54.454292885040104,-33.89895050803964
2025-06-25,21.383333,14.45,30.5,0.0,406.60783710000004,463.8710709492523,-52.46988920881138,-4.793344640440921,2,6,0,176,0.0,0.021130971428571427,48.82,120.7569,6.5,779.34,903.9,-57.06232723179767,-50.556212597244496,-59.21410889894379,-35.24449808071803
2025-06-26,18.941666,16.65,21.95,0.0,343.80987091,463.96153047884724,-71.77667742738471,-48.37498214146257,3,6,0,177,0.0,0.021130971428571427,48.98,121.1504,114.5,480.87,903.9,-4.793344640440921,-53.705042253084514,-52.67655633368614,-35.20582581866024
2025-06-27,21.3,14.2,28.05,0.0,346.49019532,464.05240832618045,-96.58539663802712,-20.976816368153322,4,6,0,178,0.0,0.021130971428571427,49.04,121.288,119.5,589.92,903.9,-48.37498214146257,-39.21755904575656,-51.915119174883,-36.988443612393134
2025-06-28,23.641668,19.5,28.3,0.0,304.75783451,464.14370269694314,-126.99434091200939,-32.391527274933765,5,6,1,179,0.0,0.021130971428571427,49.46,122.3229,111.4,803.64,903.9,-20.976816368153322,-76.4080733813845,-49.30929879236826,-36.82501521687031
2025-06-29,20.539583,13.5,26.6,0.0,322.65065706,464.2354116901306,-88.42888974705713,-53.15586488307349,6,6,1,180,0.0,0.021130971428571427,49.87,123.3441,47.8,1080.61,903.9,-32.391527274933765,-98.59435509131373,-43.02122077716101,-34.96307410284071
2025-06-30,24.38333,14.65,32.8,0.0,437.66492605,464.3275336781757,-42.78360144751123,16.120993819335524,0,6,0,181,0.0,0.0,50.34,124.5088,53.2,1211.9,903.9,-53.15586488307349,-38.95519269202509,-36.530007890269545,-35.689196606930516
2025-07-01,29.664581,19.8,37.6,0.0,473.23577204000003,464.4200670551356,-23.32527616515716,32.14098115002162,1,7,0,182,0.0,0.0,50.66,125.3109,34.3,837.04,903.9,16.120993819335524,-57.06232723179767,-28.66198124578946,-34.17200199921124
2025-07-02,23.375,19.25,30.4,0.0,425.56806331,464.5130100649137,-84.78852885905287,45.84358210413916,2,7,0,183,0.0,0.0,50.94,125.9974,24.4,712.57,903.9,32.14098115002162,-4.793344640440921,-15.918651476958132,-31.37601574541496
2025-07-03,19.639584,13.35,24.9,0.0,432.45611127999996,464.60636107462125,-82.10617141719054,49.95592162256929,3,7,0,184,0.0,0.0,51.3,126.8856,2.0,916.24,903.9,45.84358210413916,-48.37498214146257,-8.684804799160977,-30.76733341848693
2025-07-04,22.481249,14.95,28.65,0.0,368.03875832,464.70011852840236,-134.36414466153727,37.70278445313494,4,7,0,185,0.0,0.0,51.56,127.5356,69.5,719.22,903.9,49.95592162256929,-20.976816368153322,5.362467167129288,-29.681409570679808
2025-07-05,23.552084,17.95,29.35,0.0,294.84408250999996,464.7942803000241,-160.7270453885054,-9.223152401518803,5,7,1,186,0.0,0.0,51.87,128.2912,12.1,771.28,903.9,37.70278445313494,-32.391527274933765,13.745267284456181,-27.947100738951278
2025-07-06,20.327084,16.35,24.65,0.0,335.08642334,464.88884390733074,-138.78368704966257,8.981266482331876,6,7,1,187,0.0,0.0,52.3,129.3591,13.6,1086.32,903.9,-9.223152401518803,-53.15586488307349,17.055035123515463,-27.43836427475168
2025-07-07,17.797918,14.35,21.45,0.20208168,372.96054176,464.98380704073014,-123.08982112840121,31.066555847671054,0,7,0,188,0.0,0.02886881142857143,52.68,130.3086,39.9,983.31,903.9,8.981266482331876,16.120993819335524,25.93176817571623,-26.79824282899013
2025-07-08,17.4125,14.7,21.4,0.5874996,353.10706311,465.0791675404821,-83.13652618016123,-28.83557825032085,1,7,0,189,0.20208168,0.11279732571428572,52.93,130.9218,17.6,714.4,903.9,31.066555847671054,32.14098115002162,28.066848465478447,-24.590271997485956
2025-07-09,17.743752,15.15,22.1,0.25624847,386.32783019,465.1749232450171,-85.18616643660563,6.339073381588491,2,7,0,190,0.5874996,0.14940425,54.78,135.4935,0.0,816.19,903.9,-28.83557825032085,45.84358210413916,19.355911408286666,-22.720373341540814
2025-07-10,17.066666,13.25,21.85,0.93333435,383.38655354,465.2710720907669,-73.81122611716738,-8.073292433599477,3,7,0,191,0.25624847,0.2827377285714286,53.54,132.4268,9.0,1108.38,903.9,6.339073381588491,49.95592162256929,13.712410162208,-21.609169286637457
2025-07-11,15.710418,14.4,17.45,2.2895823,336.41368881,465.36761241191897,-120.78297930697752,-8.170944294941421,4,7,0,192,0.93333435,0.6098209142857144,54.02,133.5212,40.7,1071.95,903.9,-8.073292433599477,37.70278445313494,5.4225224398981755,-18.579015825166476
2025-07-12,17.89375,14.9,21.55,0.10625076,314.99648037000003,465.46454282195936,-137.54104298866227,-12.927019463297086,5,7,1,193,2.2895823,0.6249995942857144,54.37,134.4262,11.4,994.57,903.9,-8.170944294941421,-9.223152401518803,-1.1308673812555898,-17.736112201344934
2025-07-13,19.560415,15.15,24.1,0.0,323.7347855,465.5618618722381,-125.02706675944158,-16.800009612796543,6,7,1,194,0.10625076,0.6249995942857144,54.93,135.8089,16.8,1139.31,903.9,-12.927019463297086,8.981266482331876,-1.659991247223916,-18.123996266603385
2025-07-14,18.883333,16.7,22.05,0.0,344.22891919,465.6595683944494,-119.27703258889657,-2.153616615552835,0,7,0,195,0.0,0.5961307828571429,55.37,136.8975,3.0,1090.85,903.9,-16.800009612796543,31.066555847671054,-5.3430306893851185,-18.329686864349064
2025-07-15,17.283335,13.35,20.55,0.71666527,344.40349380000004,465.7576617055982,-95.910837083757,-25.44333082184113,1,7,0,196,0.0,0.6145830214285715,55.61,137.4921,120.7,718.25,903.9,-2.153616615552835,-28.83557825032085,-10.088769612702817,-17.40707867274783
2025-07-16,16.656248,13.75,19.15,1.3437519,366.22757097000004,465.85614151359886,-72.92761145352267,-26.70095909007614,2,7,0,197,0.71666527,0.7699406542857143,55.84,138.0543,52.8,615.0,903.9,-25.44333082184113,6.339073381588491,-9.604162837205715,-16.910300631234527
2025-07-17,19.368748,16.25,22.9,0.0,398.57808337,465.95500789259387,-76.00936313613957,8.63243861354573,3,7,0,198,1.3437519,0.6366071757142857,56.1,138.6904,35.5,671.66,903.9,-26.70095909007614,-8.073292433599477,-14.324167476014948,-16.93705522860983
2025-07-18,21.360418,15.75,26.05,0.0,411.51176632,466.0542613740908,-97.37400394512724,42.831508891036435,4,7,0,199,0.0,0.30952399,56.29,139.1755,33.7,518.75,903.9,8.63243861354573,-8.170944294941421,-11.937634469279917,-15.857853437009243
2025-07-19,23.433334,17.45,28.85,0.0,305.10889603999993,466.15390238823295,-148.69159542100576,-12.353410927227287,5,7,1,200,0.0,0.29434531,56.55,139.8247,12.6,661.75,903.9,42.831508891036435,-12.927019463297086,-4.6515697284259385,-12.744929387399878
2025-07-20,20.0375,16.05,22.6,0.0,312.04889901,466.2539310109072,-137.82299972824725,-16.3820322726599,6,7,1,201,0.0,0.29434531,57.0,140.9293,26.4,1130.89,903.9,-12.353410927227287,-16.800009612796543,-4.569625651844539,-11.36654167653797
2025-07-21,18.008333,14.4,21.5,0.0,359.77791606,466.35434695838006,-124.33032883880959,17.75389794042951,0,7,0,202,0.0,0.29434531,57.44,142.0248,17.8,1112.68,903.9,-16.3820322726599,-2.153616615552835,-4.5099146032535895,-10.605357450768082
2025-07-22,17.629168,15.6,19.7,0.37083244,315.49975792,466.45515005636804,-123.26771541041606,-27.68767672595203,1,7,0,203,0.0,0.24494062,57.7,142.6596,39.2,675.29,903.9,17.75389794042951,-25.44333082184113,-1.6659839523989686,-7.466625073374282
2025-07-23,19.456251,16.2,22.4,0.0,363.42441569,466.5563403850624,-97.17371884903682,-5.958205846025635,2,7,0,204,0.37083244,0.052976062857142854,57.95,143.2904,41.6,671.59,903.9,-27.68767672595203,-26.70095909007614,-1.9866047958433828,-5.103069127862225
2025-07-24,19.858332,17.9,23.55,0.0,447.56370388,466.6579183579192,-77.26635358573925,58.1721391078201,3,7,0,205,0.0,0.052976062857142854,58.2,143.9156,22.4,651.44,903.9,-5.958205846025635,8.63243861354573,0.9766456675924035,-4.00316956632891
2025-07-25,18.835417,17.2,20.8,0.0,408.86805499,466.7598846070389,-58.35030845061196,0.4584788335731105,4,7,0,206,0.0,0.052976062857142854,58.36,144.3055,114.8,503.68,903.9,58.1721391078201,42.831508891036435,8.053745738203029,-0.16202068834165098
2025-07-26,19.664583,15.2,23.75,0.0,354.42285764999997,466.8622394017749,-86.22558068017163,-26.213801071603314,5,7,1,207,0.0,0.052976062857142854,58.6,144.9117,38.7,639.51,903.9,0.4584788335731105,-12.353410927227287,2.0004557299939814,0.013040094125483393
2025-07-27,18.325,15.5,22.3,0.0,317.02018212,466.9649824983052,-124.33543477509731,-25.609365603207834,6,7,1,208,0.0,0.052976062857142854,59.0,145.899,8.8,996.06,903.9,-26.213801071603314,-16.3820322726599,0.020399995083120563,0.7517461297874585
2025-07-28,17.097918,14.1,20.2,0.90208244,338.39722242,467.0681134369051,-138.5718665293961,9.900975512491016,0,7,0,209,0.0,0.18184498285714287,59.45,147.0039,10.8,1115.71,903.9,-25.609365603207834,17.75389794042951,-1.2977904807094416,0.5973278219523082
2025-07-29,17.183332,12.95,21.4,0.81666756,340.88867098000003,467.17163163711064,-107.88640957615394,-18.39655108095667,1,7,0,210,0.90208244,0.24553571428571427,59.85,147.9933,13.7,996.23,903.9,9.900975512491016,-27.68767672595203,-2.4196365418435124,2.0070779148664672
2025-07-30,16.447916,14.05,19.4,1.552084,349.80929659000003,467.2755366142129,-91.1407357853917,-26.325504238821168,2,7,0,211,0.81666756,0.46726199999999996,60.18,148.8225,15.6,843.06,903.9,-18.39655108095667,-5.958205846025635,-1.0923328782727464,3.1657217082703615
2025-07-31,17.156252,14.5,20.8,0.8437481,362.13010556,467.3798282314376,-88.50428543206411,-16.745437239373473,3,7,0,212,1.552084,0.5877974428571429,60.56,149.7583,23.8,959.58,903.9,-26.325504238821168,58.1721391078201,-4.001946934386394,1.7508384396651384
2025-08-01,17.391665,13.9,21.6,0.6083355,343.35002817000003,467.48450683166624,-103.59321849705213,-20.541260164614073,4,8,0,213,0.8437481,0.6747025142857143,60.8,150.3971,29.3,667.36,903.9,-16.745437239373473,0.4584788335731105,-14.704457841128333,0.12129116001863546
2025-08-02,16.308332,13.8,18.9,1.6916676,309.04046845,467.5895727251243,-124.41970713094133,-34.129397144182974,5,8,1,214,0.6083355,0.9163693142857142,61.02,151.1612,38.1,918.41,903.9,-20.541260164614073,-26.213801071603314,-17.704420555155075,-2.0915369156064725
2025-08-03,17.564583,14.65,22.2,0.43541718,300.15731832,467.6950258619315,-157.38726473176223,-10.150442810169295,6,8,1,215,1.6916676,0.9785717685714286,61.6,152.5849,2.3,1185.98,903.9,-34.129397144182974,-25.609365603207834,-18.835219994095024,-4.894380874498214
2025-08-04,17.906248,15.5,19.2,0.09375191,343.14419872,467.8008664650497,-119.32154525635274,-5.335122488696925,0,8,0,216,0.43541718,0.8630959785714286,62.07,153.7645,2.7,1200.93,903.9,-10.150442810169295,9.900975512491016,-16.626802452232376,-6.489488449941689
2025-08-05,16.2375,12.0,20.35,1.7625008,337.77539634000004,467.9070947891215,-120.40883568218771,-9.722862766933758,1,8,0,217,0.09375191,0.9982150128571429,62.46,154.7213,0.5,957.3,903.9,-5.335122488696925,-18.39655108095667,-18.80338788097351,-6.359887452847627
2025-08-06,18.418749,12.65,24.1,0.0,378.69251796,468.0137108478691,-50.050443299539786,-39.27074958832935,2,8,0,218,1.7625008,0.7764887271428572,62.9,155.8115,8.1,1115.09,903.9,-9.722862766933758,-26.325504238821168,-17.564289550398808,-6.9833584278231475
2025-08-07,20.7125,15.45,26.8,0.0,358.50698327,468.12071489544024,-64.21459710099856,-45.399134524441706,3,8,0,219,0.0,0.6559532842857143,63.26,156.7114,1.1,916.66,903.9,-39.27074958832935,-16.745437239373473,-19.413610314614264,-9.327935275689828
2025-08-08,21.760416,14.85,28.5,0.0,386.39546260000003,468.2281075662298,-61.77986353412652,-20.052781432103302,4,8,0,220,0.0,0.5690482128571428,63.59,157.5353,41.5,867.95,903.9,-45.399134524441706,-20.541260164614073,-23.506995641052583,-9.880053818160523
2025-08-09,19.847918,16.2,23.5,0.0,306.91316582,468.33588934921045,-141.41281101009844,-20.009912519111992,5,8,1,221,0.0,0.3273814128571429,63.93,158.3778,46.1,893.38,903.9,-20.052781432103302,-34.129397144182974,-23.437212964979615,-10.75978231195025
2025-08-10,19.152082,12.1,25.15,0.0,307.40231697,468.44406043692913,-155.83316571036823,-5.208577756560885,6,8,1,222,0.0,0.2651789585714286,64.22,159.413,56.9,1098.11,903.9,-20.009912519111992,-10.150442810169295,-21.42014373282662,-11.157669648134
2025-08-11,21.804167,14.05,28.8,0.0,409.22520646,468.5748913504938,-81.77716415413808,22.427479263644273,0,8,0,223,0.0,0.2517858285714286,64.68,160.5504,4.0,1141.44,903.9,-5.208577756560885,-5.335122488696925,-20.71416301088256,-11.058924096854648
2025-08-12,23.793749,16.7,31.5,0.0,432.49910313,468.70600085560864,-35.292851608529325,-0.9140461170793515,1,8,0,224,0.0,0.0,65.04,161.4407,7.1,897.35,903.9,22.427479263644273,-9.722862766933758,-16.748077046262388,-9.880440805956603
2025-08-13,25.46875,17.75,32.75,0.0,442.69289535,468.83738411513986,-31.343452130085062,5.1989633649452,2,8,0,225,0.0,0.0,65.18,162.1392,31.1,729.6,903.9,-0.9140461170793515,-39.27074958832935,-15.489674667711759,-9.350908689432696
2025-08-14,26.383333,20.2,32.95,0.0,423.34623754,468.969035642053,-19.69312546752392,-25.929672634529027,3,8,0,226,0.0,0.0,65.43,162.763,13.5,637.2,903.9,5.1989633649452,-45.399134524441706,-9.13685853152968,-9.105822690082762
2025-08-15,20.841667,17.35,24.7,0.0,328.24093179000005,469.10094943916766,-121.94101717168978,-18.919000477477823,4,8,0,227,0.0,0.0,65.73,163.5007,22.0,765.82,903.9,-25.929672634529027,-20.052781432103302,-6.355506832970726,-9.122034083839026
2025-08-16,17.891666,12.2,23.4,0.10833359,266.44993206,469.2331191556637,-169.71527961690995,-33.06790747875374,5,8,1,228,0.0,0.015476227142857141,66.12,164.4735,3.2,978.17,903.9,-18.919000477477823,-20.009912519111992,-6.193538125167087,-8.862635463419082
2025-08-17,18.420835,11.6,24.05,0.0,320.85784235,469.36553819355055,-146.92208210917005,-1.5856137343805017,6,8,1,229,0.10833359,0.015476227142857141,66.47,165.3805,25.4,930.18,903.9,-33.06790747875374,-5.208577756560885,-8.05896597654448,-10.252646999829064
2025-08-18,20.808332,13.95,26.6,0.0,399.11437163,469.4981997992572,-103.36167300471956,32.97784483546235,0,8,0,230,0.0,0.015476227142857141,66.85,166.3086,1.8,931.98,903.9,-1.5856137343805017,22.427479263644273,-7.541399687661567,-11.733217754009628
2025-08-19,19.512499,14.75,23.95,0.0,395.73165899,469.63109709094016,-44.44039251199549,-29.45904558894466,1,8,0,231,0.0,0.015476227142857141,67.11,166.9644,16.2,671.95,903.9,32.97784483546235,-0.9140461170793515,-6.034204605973271,-10.222175895253308
2025-08-20,17.65,11.45,23.55,0.35000038,393.23105885,469.7642230924393,-72.78382463844702,-3.7493396039922686,2,8,0,232,0.0,0.06547628142857143,67.41,167.7072,3.5,746.29,903.9,-29.45904558894466,5.1989633649452,-10.1120616733826,-10.658076339129467
2025-08-21,15.585416,11.1,19.6,2.4145842,343.75614413,469.8975708581798,-133.6101239225901,7.468697194410311,3,8,0,233,0.35000038,0.41041688142857147,67.66,168.3259,19.4,638.08,903.9,-3.7493396039922686,-25.929672634529027,-11.390390668945097,-11.374850923943525
2025-08-22,14.160416,11.9,17.45,3.8395844,300.71862099000003,470.031133505593,-153.0499575291927,-16.26255498640029,4,8,0,234,2.4145842,0.9589289385714286,67.94,169.0267,17.6,715.98,903.9,7.468697194410311,-18.919000477477823,-6.619194979096619,-10.202971793264782
2025-08-23,13.831249,8.4,18.25,4.168751,297.71544826999997,470.1649042418966,-157.63124014225232,-14.81821582964426,5,8,1,235,3.8395844,1.5389885685714286,68.19,169.6457,37.3,656.37,903.9,-16.26255498640029,-33.06790747875374,-6.239702766085543,-10.546450097943936
2025-08-24,14.589584,9.95,18.65,3.4104156,320.89145109000003,470.29887642996573,-158.29151360301896,8.884088263053286,6,8,1,236,4.168751,2.026190797142857,68.56,170.5564,4.4,915.04,903.9,-14.81821582964426,-1.5856137343805017,-3.632603959069903,-12.979461929192748
2025-08-25,15.502083,8.95,21.0,2.4979172,442.94606572000004,470.4330436151811,-50.59141854920959,23.104440654028565,0,8,0,237,3.4104156,2.3830361114285714,68.91,171.4373,3.7,884.69,903.9,8.884088263053286,32.97784483546235,-2.1369322451507906,-12.69860828154341
2025-08-26,20.187498,13.3,27.9,0.0,416.80257161000003,470.5673995106851,-27.158820849976983,-26.606007050708115,1,8,0,238,2.4979172,2.3830361114285714,69.17,172.083,15.2,660.93,903.9,23.104440654028565,-29.45904558894466,-3.547418556784188,-11.054666890689013
2025-08-27,19.55208,17.55,21.65,0.0,464.88877369,470.7019380075065,8.606459230814815,-14.41962354832134,2,8,0,239,0.0,2.333036057142857,69.42,172.7102,12.2,639.29,903.9,-26.606007050708115,-3.7493396039922686,-3.139841622750396,-11.087888272272355
2025-08-28,18.470833,16.75,20.45,0.0,534.6795,470.8366532462535,54.26940670549145,9.573440048255009,3,8,0,240,0.0,1.9880954571428568,69.6,173.1505,16.7,457.09,903.9,-14.41962354832134,7.468697194410311,-4.664167900511692,-11.898574907632767
2025-08-29,18.414583,14.75,22.35,0.0,404.16794639999995,470.9715396197571,-46.14562725748766,-20.657965962269486,4,8,0,241,0.0,1.4395833999999998,69.92,173.8767,2.1,730.86,903.9,9.573440048255009,-16.26255498640029,-4.363490349962449,-10.966241869992379
2025-08-30,18.9625,12.65,24.65,0.0,299.38344714,471.1065917535312,-139.99346034372897,-31.72968426980225,5,8,1,242,0.0,0.8440475428571427,70.26,174.7041,15.3,857.52,903.9,-20.657965962269486,-14.81821582964426,-4.991406203658049,-10.777323927440655
2025-08-31,20.310417,14.75,26.5,0.0,314.31262905,471.24180454367195,-160.47008904571499,3.540913552043037,6,8,1,243,0.0,0.35684531428571414,70.65,175.6844,0.9,996.14,903.9,-31.72968426980225,8.884088263053286,-7.407330266537762,-11.276798828454949
2025-09-01,17.397915,15.75,20.4,0.6020851,453.64093510000004,471.37717316706573,-39.20423563494913,21.467997567883458,0,9,0,244,0.0,0.08601215714285702,71.05,176.6675,6.3,981.13,903.9,3.540913552043037,23.104440654028565,-8.170640939539226,-10.474059704566377
2025-09-02,18.645832,13.95,23.35,0.0,436.54815785,471.51269303501033,-17.85778830434338,-17.106746880666947,1,9,0,245,0.6020851,0.08601215714285702,72.54,180.3845,30.0,3753.0,903.9,21.467997567883458,-26.606007050708115,-8.404418523274241,-8.620813214164164
2025-09-03,20.797918,15.85,26.4,0.0,324.20148508,471.6483597711408,-144.06237580998734,-3.3844988811534904,2,9,0,246,0.0,0.08601215714285702,72.54,180.6084,16.1,328.14,903.9,-17.106746880666947,-14.41962354832134,-7.047381356125503,-8.852690016514085
2025-09-04,17.877083,15.95,19.95,0.122917175,434.9492032,471.7841692460799,-23.79795996899683,-13.03700607708305,3,9,0,247,0.0,0.10357175357142845,72.74,181.2279,2.7,636.07,903.9,-3.3844988811534904,9.573440048255009,-5.470934975101524,-8.78766922959597
2025-09-05,16.685417,12.95,20.35,1.3145828,451.1004796,471.9201175694866,-14.302820473908225,-6.516817495578323,4,9,0,248,0.122917175,0.2913692964285713,73.08,182.0805,3.3,715.45,903.9,-13.03700607708305,-20.657965962269486,-8.700998707292674,-8.898140673267614
2025-09-06,16.425,11.85,21.3,1.5750008,315.51835923000004,472.0562010888045,-117.19307609305464,-39.344765765749855,5,9,1,249,1.3145828,0.5163694107142855,73.33,182.6921,4.2,564.22,903.9,-6.516817495578323,-31.72968426980225,-6.680834640622509,-7.806342936842579
2025-09-07,16.918749,11.85,21.85,1.0812511,292.31242218,472.19241638439405,-165.73014697588823,-14.149847228505791,6,9,1,250,1.5750008,0.6708338535714284,73.69,183.5947,3.1,906.27,903.9,-39.344765765749855,3.540913552043037,-7.768703425757882,-7.604530644886184
2025-09-08,18.383333,12.6,24.15,0.0,489.7966003,472.3287602847499,-0.4039795063346816,17.871819521584825,0,9,0,251,1.0812511,0.5848216964285713,74.08,184.553,18.8,984.27,903.9,-14.149847228505791,21.467997567883458,-10.295954965836286,-7.407766171432934
2025-09-09,18.56875,15.1,22.1,0.0,550.1931995499999,472.46522983226174,47.32395216704463,30.40401755069354,1,9,0,252,0.0,0.5848216964285713,74.22,184.9099,56.0,415.3,903.9,17.871819521584825,-17.106746880666947,-10.80969468673609,-6.145041770076373
2025-09-10,17.087502,13.6,22.05,0.9124985,482.01555163,472.6018222284532,-10.385693126197129,19.7994225277439,2,9,0,253,0.0,0.7151786249999998,74.23,185.1596,46.1,297.34,903.9,30.40401755069354,-3.3844988811534904,-4.022442625113164,-4.957955259834559
2025-09-11,15.379167,12.45,19.0,2.6208334,352.07205032,472.73853480836243,-101.37691717641887,-19.28956731194353,3,9,0,254,0.9124985,1.0720237999999997,74.41,185.5896,16.3,463.04,903.9,19.7994225277439,-13.03700607708305,-0.7104538524135364,-5.045557151031238
2025-09-12,14.752084,10.25,21.0,3.2479162,343.46915832,472.87536505170607,-89.16824071392713,-40.23796601777889,4,9,0,255,2.6208334,1.3482142857142858,74.59,186.0495,26.7,486.56,903.9,-19.28956731194353,-6.516817495578323,-1.6036768859650334,-5.658074524193378
2025-09-13,15.233335,12.85,18.0,2.7666655,274.7774513,473.0123106248227,-171.66679203503048,-26.568067289792225,5,9,1,256,3.2479162,1.5184521,74.84,186.6666,7.7,621.38,903.9,-40.23796601777889,-39.344765765749855,-6.420983817707971,-7.172638836950847
2025-09-14,16.058332,11.45,21.25,1.9416676,293.43234235,473.14936939479657,-173.61924882811053,-6.097778216686038,6,9,1,257,2.7666655,1.6413687428571426,75.13,187.3813,2.8,726.36,903.9,-26.568067289792225,-14.149847228505791,-4.5957411782854525,-7.193918658792954
2025-09-15,15.5979185,13.15,17.8,2.4020815,263.66642626,473.286539408575,-183.2182509322199,-26.401862216355084,0,9,0,258,1.9416676,1.9845232428571424,75.4,188.0571,4.1,688.68,903.9,-6.097778216686038,17.871819521584825,-3.445445605168345,-6.766544583433228
2025-09-16,14.21875,11.35,17.8,3.78125,339.10815841999994,473.42381886542205,-111.69482148433276,-22.620838961089362,1,9,0,259,2.4020815,2.524701814285714,75.62,188.6193,3.5,573.26,903.9,-26.401862216355084,30.40401755069354,-9.770257282016903,-6.544343074686606
2025-09-17,16.90625,13.0,19.35,1.09375,318.72921288,473.5612061221748,-108.73623466976176,-46.09575857241305,2,9,0,260,3.78125,2.5505948857142857,75.76,188.9555,10.8,347.03,903.9,-22.620838961089362,19.7994225277439,-17.345236783700177,-7.245517248910234
2025-09-18,19.160418,15.75,22.9,0.0,315.6123878,473.6986996893086,-126.59141201740039,-31.494899871908217,3,9,0,261,1.09375,2.176190114285714,75.86,189.2121,8.7,271.85,903.9,-46.09575857241305,-19.28956731194353,-26.758834083722597,-9.881304029172748
2025-09-19,20.381248,15.15,27.15,0.0,372.76150044999997,473.83629823390777,-100.7396728244536,-0.3351249594542196,4,9,0,262,0.0,1.7122020857142854,75.99,189.5304,8.1,338.35,903.9,-31.494899871908217,-40.23796601777889,-28.502453020860408,-9.949165838604866
2025-09-20,19.927082,15.05,25.4,0.0,276.39958236,473.9740005588151,-179.09316507817314,-18.481253120641895,5,9,1,263,0.0,1.3169641571428572,76.12,189.866,5.8,351.38,903.9,-0.3351249594542196,-26.568067289792225,-22.802047155385456,-9.83535868378693
2025-09-21,12.854167,10.5,15.05,5.145833,331.6186689,474.11180556767613,-136.63989503467099,-5.853241633005155,6,9,1,264,0.0,1.774702071428571,76.38,190.498,12.6,652.85,903.9,-18.481253120641895,-6.097778216686038,-21.64678798836398,-10.700357027622005
2025-09-22,10.887501,6.2,15.6,7.112499,439.78288517000004,474.2497122659882,-53.7824742818636,19.315647185875434,0,9,0,265,5.145833,2.447618857142857,76.63,191.1308,18.8,651.57,903.9,-5.853241633005155,-26.401862216355084,-21.611854190695283,-10.353379915842167
2025-09-23,10.806251,6.4,15.5,7.1937494,495.11819325,474.3877197400794,34.22479346524806,-13.494319955327455,1,9,0,266,7.112499,2.935118771428571,76.65,191.1885,105.0,162.54,903.9,19.315647185875434,-22.620838961089362,-15.080781418948066,-9.21558448199151
2025-09-24,11.131251,7.65,14.25,6.8687487,396.62406573000004,474.52582713141425,-56.08060903510555,-21.821152366308638,2,9,0,267,7.1937494,3.7601185857142854,76.45,191.1177,143.1,72.54,903.9,-13.494319955327455,-46.09575857241305,-13.776992989553507,-9.961531422604201
2025-09-25,12.102081,10.25,15.1,5.8979187,434.75083725,474.66403365980153,-31.355130028896347,-8.558066380905188,3,9,0,268,6.8687487,4.6026784,76.44,191.0942,90.7,65.63,903.9,-21.821152366308638,-31.494899871908217,-10.309192102967163,-11.459051189948775
2025-09-26,13.081249,9.5,17.75,4.918751,458.40421474,474.80233863003684,-29.19748314877726,12.799359258740424,4,9,0,269,5.8979187,5.305357114285714,76.46,191.1453,58.6,129.91,903.9,-8.558066380905188,-0.3351249594542196,-7.032501604252445,-10.85745316762201
2025-09-27,12.162501,7.55,17.7,5.8374987,406.74571287,474.94074141054597,-75.18824414553582,6.993215604989814,5,9,1,270,4.918751,6.1392855,76.5,191.2342,51.3,140.11,903.9,12.799359258740424,-18.481253120641895,-5.156146715938925,-9.950153740719951
2025-09-28,11.218751,6.95,16.05,6.781249,448.43089566000003,475.07924140620884,-47.5098857575002,20.861540011291424,6,9,1,271,5.8374987,6.3729163571428575,76.62,191.5459,5.6,317.31,903.9,6.993215604989814,-5.853241633005155,-1.5169368979915379,-10.036161222162125
2025-09-29,9.354167,5.5,13.0,8.645833,618.6230293299999,475.2178380520656,130.98589782989444,12.419293448039866,0,9,0,272,6.781249,6.591964071428571,76.73,191.8201,30.6,304.92,903.9,20.861540011291424,19.315647185875434,2.2994604797651164,-8.652177689710095
2025-09-30,8.708334,5.25,12.4,9.291666,594.4833776900001,475.35653080097916,93.29927883331307,25.8275680557079,1,9,0,273,8.645833,6.891666442857143,76.73,191.8158,75.7,72.89,903.9,12.419293448039866,-13.494319955327455,1.3142670886457495,-7.180545099115358
2025-10-01,8.589583,3.9,14.25,9.410417,597.11346172,475.4953191225654,100.38600014662885,21.23214245080584,2,10,0,274,9.291666,7.254761914285714,76.68,191.6921,74.3,56.39,903.9,25.8275680557079,-21.821152366308638,6.9316796616508,-6.437656615659862
2025-10-02,8.220833,2.5,13.9,9.779167,501.57469411,475.63420249256876,17.13997449475525,8.800517122675956,3,10,0,275,9.410417,7.809225957142857,76.31,191.4178,293.3,28.76,903.9,21.23214245080584,-8.558066380905188,13.08215034981001,-6.445518452895783
2025-10-03,9.352082,6.5,12.95,8.647918,378.21927923000004,475.7731803944824,-93.56222326221042,-3.991677902271931,4,10,0,276,9.779167,8.3419641,76.21,191.1469,313.1,36.31,903.9,8.800517122675956,12.799359258740424,15.561947993178746,-5.581942986117686
2025-10-04,11.210415,8.9,13.9,6.789585,313.87909410000003,475.91225233207985,-148.7892130631526,-13.243945168927212,5,10,1,277,8.647918,8.477976428571429,76.2,191.1414,77.6,70.51,903.9,-3.991677902271931,6.993215604989814,13.16322839874841,-5.602182286821634
2025-10-05,11.995833,10.15,14.9,6.0041666,354.48441253999994,476.0514178434122,-113.70500496747609,-7.862000335936159,6,10,1,278,6.789585,8.366964657142857,76.34,191.4762,10.4,337.99,903.9,-13.243945168927212,20.861540011291424,10.272205431045977,-5.609080256549773
2025-10-06,11.745834,8.55,14.85,6.2541656,563.25850541,476.1906765077806,70.08184496756132,16.985983934658066,0,10,0,279,6.0041666,8.025297885714286,76.4,191.6228,147.2,290.81,903.9,-7.862000335936159,12.419293448039866,6.16884252429918,-5.653919684561701
2025-10-07,14.020833,12.65,15.8,3.979167,666.12434614,476.33002793462504,178.9205223174705,10.873795887904407,1,10,0,280,6.2541656,7.266369457142858,76.19,191.1466,576.6,94.39,903.9,16.985983934658066,25.8275680557079,6.821226879530351,-3.776228027881437
2025-10-08,12.9375,11.6,14.7,5.0625,629.98694962,476.46947173963025,163.18377409509077,-9.666296214721001,2,10,0,281,3.979167,6.645238457142857,76.08,190.8762,320.9,57.95,903.9,10.873795887904407,21.23214245080584,4.6849737127012805,-2.9421065906677635
2025-10-09,13.360415,11.6,14.7,4.6395845,578.42722508,476.60900754740703,108.07207017869798,-6.253852646105031,3,10,0,282,5.0625,5.911012385714286,76.01,190.7023,294.4,102.7,903.9,-9.666296214721001,8.800517122675956,0.27091104619744655,-3.8600437818779576
2025-10-10,14.133334,12.4,16.3,3.8666658,502.89344481,476.7486350082424,4.105145170910824,22.0396646308468,4,10,0,283,4.6395845,5.2279763571428575,76.01,190.703,105.7,117.91,903.9,-6.253852646105031,-3.991677902271931,-1.8797132064855515,-5.08197278843791
2025-10-11,12.629167,11.45,13.9,5.3708334,417.16723453,476.8883537916338,-57.048129584504615,-2.6729896771291806,5,10,1,284,3.8666658,5.025297557142857,76.03,190.7396,55.2,108.58,903.9,22.0396646308468,-13.243945168927212,1.8390500125314102,-5.007298051667814
2025-10-12,11.089583,8.05,14.0,6.9104166,466.84064668,477.0281635656759,-29.535621131837168,19.348104246161256,6,10,1,285,5.3708334,5.154761842857142,76.08,190.865,74.1,225.47,903.9,-2.6729896771291806,-7.862000335936159,3.3491865113597004,-4.453412130507335
2025-10-13,9.777083,6.75,12.65,8.222917,641.4133572999999,477.1680640059253,158.37719489165232,5.868098402422277,0,10,0,286,6.9104166,5.436012042857143,76.1,190.9141,85.7,134.71,903.9,19.348104246161256,16.985983934658066,7.236344308802188,-2.467209788375997
2025-10-14,11.14375,8.95,13.65,6.85625,679.13207,477.3080547840654,171.90718268311298,29.916832532821616,1,10,0,287,8.222917,5.847023900000001,75.92,190.4641,504.8,39.66,903.9,5.868098402422277,10.873795887904407,5.648074947054218,-1.3860042653021802
2025-10-15,11.310417,9.7,13.2,6.689583,646.43917587,477.448135569055,172.25886392266366,-3.2678236217186623,2,10,0,288,6.85625,6.0794643285714285,75.82,190.2227,289.8,40.5,903.9,29.916832532821616,-9.666296214721001,8.368508753470962,-0.1855172403185918
2025-10-16,10.510417,8.45,12.5,7.489583,581.7157935800001,477.5883060180776,93.15640575409236,10.971081807830103,3,10,0,289,6.689583,6.4866069714285715,75.67,189.8502,391.0,28.64,903.9,-3.2678236217186623,-6.253852646105031,9.28257626675701,0.5856173795026223
2025-10-17,6.758333,3.2,10.25,11.241667,539.1738680899999,477.72856579377753,39.53126903967288,21.914033256549487,4,10,0,290,7.489583,7.54017857142857,75.48,189.3715,517.2,30.69,903.9,10.971081807830103,22.0396646308468,11.743281188747744,1.7053480717999379
2025-10-18,4.8250003,0.35,10.5,13.174999,434.45300056,477.86891455607866,-30.96344112163124,-12.45247287444738,5,10,1,291,11.241667,8.655059371428571,75.43,189.2445,201.9,75.85,903.9,21.914033256549487,-2.6729896771291806,11.725333849562414,3.9723411327653557
2025-10-19,7.75625,3.25,12.85,10.24375,366.95966092000003,478.0093519576169,-100.71952203604704,-10.330169001569857,6,10,1,292,13.174999,9.131249857142858,75.44,189.2667,78.5,99.19,903.9,-12.45247287444738,19.348104246161256,10.3282648213741,4.607088699347384
2025-10-20,11.639584,8.55,15.55,6.3604164,388.30090362,478.1498776673043,-94.20998321489188,4.361009167587554,0,10,0,293,10.24375,8.865178342857144,75.47,189.3327,55.0,136.1,903.9,-10.330169001569857,5.868098402422277,6.088511500269655,4.273920564610195
2025-10-21,12.179169,9.75,16.05,5.8208313,432.32498642,478.29049137116647,-25.24785987591803,-20.717645075248413,1,10,0,294,6.3604164,8.717261385714284,75.44,189.2633,135.4,66.89,903.9,4.361009167587554,29.916832532821616,5.873213038150409,5.035329307551177
2025-10-22,12.522919,9.85,16.05,5.4770813,566.02256902,478.4311927640538,66.92639087522497,20.664985380721248,2,10,0,295,5.8208313,8.544046857142856,75.41,189.1924,149.9,75.58,903.9,-20.717645075248413,-3.2678236217186623,-1.3602837630024527,4.5398491928097355
2025-10-23,10.756249,8.45,12.0,7.2437506,407.35287583999997,478.5719815570086,-67.6345023147619,-3.584603402246728,3,10,0,296,5.4770813,8.508927942857142,75.37,189.0758,149.8,33.16,903.9,20.664985380721248,10.971081807830103,2.05868895163182,4.584827132637929
2025-10-24,9.066666,6.8,11.95,8.933334,398.95678096,478.71285745507515,-59.54696957094864,-20.209106924126502,4,10,0,297,7.2437506,8.179166085714286,75.39,189.1277,36.6,88.5,903.9,-3.584603402246728,21.914033256549487,-0.020694649807727013,4.91515101774062
2025-10-25,7.7958336,4.75,9.25,10.204166,395.17343933999996,478.853820170313,-39.701852256189554,-43.97852857412346,5,10,1,298,8.933334,7.754761371428572,75.34,189.0014,159.8,33.99,903.9,-20.209106924126502,-12.45247287444738,-6.0382861041900115,4.968885865813358
2025-10-26,7.012501,5.35,9.35,10.987499,400.93204753,478.99486944007595,-68.93117058365053,-9.131651326425413,6,10,1,299,10.204166,7.861011228571428,75.34,189.0073,75.6,81.44,903.9,-43.97852857412346,-10.330169001569857,-10.542008347000879,3.7882037927060823
2025-10-27,8.424999,6.95,10.0,9.575001,428.34744248000004,479.1360050347845,-52.66715222834159,1.8785896735571441,0,10,0,300,10.987499,8.3202376,75.33,188.9945,78.4,65.67,903.9,-9.131651326425413,4.361009167587554,-10.370791536265958,3.0571701065338877
2025-10-28,10.164582,7.35,13.6,7.8354177,456.00547123,479.2772267385751,-11.618821589596394,-11.652933918978704,1,10,0,301,9.575001,8.608035657142857,75.15,188.5358,481.7,21.18,903.9,1.8785896735571441,-20.717645075248413,-10.725422892556017,2.886682575486132
2025-10-29,10.264583,8.5,11.7,7.7354174,449.41674807,479.41853433828817,-20.614836747807704,-9.38694952048047,2,10,0,302,7.8354177,8.9306551,75.15,188.5342,69.3,67.66,903.9,-11.652933918978704,20.664985380721248,-9.430464155946058,1.802866777810461
2025-10-30,7.920833,4.05,11.95,10.079166,483.71732435,479.5599276304145,24.2656623598867,-20.10826564030117,3,10,0,303,7.7354174,9.335714442857142,75.05,188.2818,287.3,37.21,903.9,-9.38694952048047,-3.584603402246728,-13.72359771326059,1.0759920121931164
2025-10-31,10.372918,6.2,15.1,7.627082,513.30637446,479.70140642302965,47.383047788888945,-13.77807975191854,4,10,0,304,10.079166,9.149107014285715,74.97,188.3028,84.6,105.7,903.9,-20.10826564030117,-20.209106924126502,-16.08412089012551,-0.4552024443405192
2025-11-01,10.954165,9.3,12.65,7.0458345,401.80797408,479.8429705406946,-72.10127213923978,-5.933724321454804,5,11,1,305,7.627082,8.6979168,74.94,188.2252,193.8,116.14,903.9,-13.77807975191854,-43.97852857412346,-15.16540272266723,-1.6222098510979985
2025-11-02,9.60625,8.15,12.0,8.39375,440.98594156999997,479.9846198199269,-32.594912921933904,-6.403765327993028,6,11,1,306,7.0458345,8.327381228571427,75.13,188.6759,2.4,453.15,903.9,-5.933724321454804,-9.131651326425413,-9.730430686571708,-2.113351232569024
2025-11-03,10.464585,7.9,14.1,7.5354147,450.21942562,480.1263541022404,-23.22340533253176,-6.6835231497086625,0,11,0,307,8.39375,8.036011757142857,75.23,188.9352,34.8,286.89,903.9,-6.403765327993028,1.8785896735571441,-9.340732686795652,-2.1937541467597272
2025-11-04,9.493751,6.3,14.8,8.506249,427.29020588,480.2681732327651,-59.83925655501167,6.861289202246553,1,11,0,308,7.5354147,8.1318448,75.24,188.9506,80.3,93.99,903.9,-6.6835231497086625,-11.652933918978704,-10.563891661547911,-1.9750734127857754
2025-11-05,8.358334,5.35,13.65,9.641666,482.81169431,480.41007705781607,6.36546158491648,-3.963844332732549,2,11,0,309,8.506249,8.404166028571428,75.31,189.1247,10.3,186.57,903.9,6.861289202246553,-9.38694952048047,-7.919002644230018,-1.4842970948463516
2025-11-06,7.4791665,5.1,11.85,10.520834,632.0613132999999,480.5520654172526,147.61461640975924,3.894631472988067,3,11,0,310,9.641666,8.467261457142857,75.32,189.1609,14.2,51.29,903.9,-3.963844332732549,-20.10826564030117,-7.1442733316946,-2.1826247037593722
2025-11-07,4.583333,1.45,8.3,13.416667,712.1800989,480.6941381482705,261.1234170621785,-29.63745631044901,4,11,0,311,10.520834,9.294345028571428,75.15,188.747,447.4,32.05,903.9,3.894631472988067,-13.77807975191854,-3.7152880297961377,-2.4152635175899166
2025-11-08,4.5875,1.25,7.6,13.4125,671.2173199,480.8362950869938,202.0024251437349,-11.621400330728704,5,11,1,312,13.416667,10.203868671428571,74.96,188.2576,499.3,3.82,903.9,-29.63745631044901,-5.933724321454804,-5.980913252443348,-3.0809688541141838
2025-11-09,7.7312503,6.05,10.3,10.268749,589.3775710399999,480.9785360849841,108.96238703262468,-0.5633520776088972,6,11,1,313,13.4125,10.471725671428572,74.88,188.0595,271.8,73.65,903.9,-11.621400330728704,-6.403765327993028,-6.7934383966253336,-3.2598871102683065
2025-11-10,6.5375,3.9,9.8,11.4625,644.8861831,481.120861001671,140.5871403560211,23.178181742307913,0,11,0,314,10.268749,11.032737857142857,74.83,187.9335,192.0,66.02,903.9,-0.5633520776088972,-6.6835231497086625,-5.959093646570458,-4.013321000550163
2025-11-11,7.6375003,4.25,11.35,10.362499,574.6628017,481.263269690482,81.82071481246493,11.578817197053127,1,11,0,315,11.4625,11.297916428571428,74.66,187.4961,527.9,91.22,903.9,23.178181742307913,6.861289202246553,-1.693135804853804,-3.1516152865689264
2025-11-12,10.804166,7.75,14.85,7.195834,435.4434068,481.40576198416534,-41.41998204198417,-4.542373142181191,2,11,0,316,10.362499,10.948511857142858,74.67,187.5203,146.8,181.12,903.9,11.578817197053127,-3.963844332732549,-1.0192032341671506,-3.4105915215391973
2025-11-13,9.812499,7.4,11.25,8.187501,543.81405121,481.5483377011341,54.472618577786356,7.793094931079565,3,11,0,317,7.195834,10.61517857142857,74.71,187.6351,57.3,172.05,903.9,-4.542373142181191,3.894631472988067,-1.101850206945528,-3.7576072396926463
2025-11-14,5.2541666,4.55,6.95,12.745833,582.7948963,481.6909966559137,90.28860261982139,10.815297024264908,4,11,0,318,8.187501,10.519345142857143,74.72,187.6527,89.2,106.92,903.9,7.793094931079565,-29.63745631044901,-0.5449268557895997,-4.495065159750714
2025-11-15,6.2354164,4.9,9.15,11.764584,522.7133806,481.8337386533579,48.404692900083816,-7.525050953441678,5,11,1,319,12.745833,10.283928571428572,74.68,187.5467,213.8,107.73,903.9,10.815297024264908,-11.621400330728704,5.2340379063123885,-4.0256278048845955
2025-11-16,3.2708337,0.8,5.5,14.729166,556.6964957,481.97656348797784,73.36041554783264,1.3595166641895275,6,11,1,320,11.764584,10.921130999999999,74.66,187.5111,133.2,97.59,903.9,-7.525050953441678,-0.5633520776088972,5.819230674496249,-4.642165563593655
2025-11-17,2.8833334,0.4,5.7,15.116667,667.2035336,482.1194709539002,141.40747532830576,43.67658731779409,0,11,0,321,14.729166,11.443154857142856,74.62,187.3973,164.9,41.85,903.9,1.3595166641895275,23.178181742307913,6.093926209038882,-5.32731611667232
2025-11-18,2.9416666,1.15,5.0,15.058333,644.6065895,482.26246083693843,168.8005663945685,-6.456437731506867,1,11,0,322,15.116667,12.113988285714285,74.3,186.5933,823.4,17.11,903.9,43.67658731779409,11.578817197053127,9.022269862679764,-3.456347443597605
2025-11-19,1.9166666,-0.25,3.75,16.083334,741.1370692,482.4055328993118,253.83295995583083,4.8985763448574176,2,11,0,323,15.058333,13.383631142857142,73.68,185.0321,1244.1,12.92,903.9,-6.456437731506867,-4.542373142181191,6.445804872885479,-3.3272230679288386
2025-11-20,-1.30625,-3.55,1.55,19.30625,855.0966025,482.5486868987609,366.3170237599895,6.2308918412496155,3,11,0,324,16.083334,14.972023857142856,73.16,183.7444,1333.2,15.97,903.9,4.8985763448574176,7.793094931079565,7.794511942462423,-3.309304162019843
2025-11-21,-2.0729167,-5.35,1.65,20.072916,776.155695,482.6919225877048,278.7114626124315,14.752309799863724,4,11,0,325,19.30625,16.01875,72.47,182.0119,1743.7,11.38,903.9,6.2308918412496155,10.815297024264908,7.5713400724867155,-2.4110195981365754
2025-11-22,-2.9291666,-5.2,0.25,20.929167,567.3234408,482.83523970957816,76.61502717422923,7.87317391619257,5,11,1,326,20.072916,17.327976142857143,71.69,180.0399,1972.2,3.32,903.9,14.752309799863724,-7.525050953441678,8.133770469000833,-2.6081087841651596
2025-11-23,-0.13541667,-4.2,2.8,18.135416,507.6998599,482.97863799492984,11.317248794877528,13.403973110192624,6,11,1,327,20.929167,17.814583285714285,71.15,178.6885,1375.3,1.08,903.9,7.87317391619257,1.3595166641895275,10.333516878948583,-2.226182873550516
2025-11-24,1.4083333,0.05,3.3,16.591667,779.4397757,483.12211716376584,296.6812129750597,-0.36355443882547434,0,11,0,328,18.135416,18.02529757142857,70.64,177.4075,1292.1,20.82,903.9,13.403973110192624,43.67658731779409,12.054153514091881,-1.1057468724065453
2025-11-25,1.3208333,-0.95,4.6,16.679167,834.0139405,483.26567692571024,351.1089717351388,-0.36070816084907165,1,11,0,329,16.591667,18.256845285714284,69.98,175.7549,1670.9,12.06,903.9,-0.36355443882547434,-6.456437731506867,5.7627046917176585,0.3480855987700541
2025-11-26,2.0958333,-0.3,3.9,15.904167,791.8117133,483.40931698763427,285.5616482636974,22.840748048668274,2,11,0,330,16.679167,18.23125,69.26,173.9516,1853.5,18.55,903.9,-0.36070816084907165,4.8985763448574176,6.633523201811629,0.6404503709559322
2025-11-27,4.785417,3.65,5.8,13.214582,632.9731746,483.55303705249224,144.91566616868482,4.504471378822927,3,11,0,331,15.904167,17.361011714285716,68.45,171.9039,2058.4,14.97,903.9,22.840748048668274,6.2308918412496155,9.196690588070323,1.3391889834596364
2025-11-28,6.1562505,5.1,7.5,11.84375,598.739367,483.6968368090773,133.86277434512496,-18.82024415420227,4,11,0,332,13.214582,16.185416571428572,67.82,170.326,1571.8,22.14,903.9,4.504471378822927,14.752309799863724,8.95005909343794,1.8777691600530242
2025-11-29,6.004167,4.45,7.9,11.995832,496.9877352,483.84071594255056,14.909637323307201,-1.7626180658577937,5,11,1,333,11.84375,14.909225857142857,67.4,169.2775,1020.0,6.45,903.9,-18.82024415420227,7.87317391619257,4.153979957142797,1.5633260055956308
2025-11-30,3.5083332,1.35,6.1,14.491667,512.5081304,483.98467414780924,37.651706327007616,-9.128250074816833,6,11,1,334,11.995832,14.388690285714286,67.26,168.923,405.1,50.58,903.9,-1.7626180658577937,13.403973110192624,2.7774382454213162,2.17484759141041
2025-12-01,0.9375,-0.75,4.2,17.0625,553.0114368,484.1287111240628,55.29167206891488,13.591053607022275,0,12,0,335,14.491667,14.455952142857143,67.13,168.6038,363.1,43.84,903.9,-9.128250074816833,-0.36355443882547434,-0.441450781008606,2.329841913980467
2025-12-02,1.8854166,-0.75,3.85,16.114584,759.7997550999999,484.2728265733211,263.08336061175777,12.443567914921005,1,12,0,336,17.0625,14.375297428571427,66.74,167.6205,1020.8,30.02,903.9,13.591053607022275,-0.36070816084907165,1.552064654112501,2.980667844929703
2025-12-03,1.6687503,-0.35,4.1,16.33125,880.6911068,484.41702018868847,386.373797795112,9.900288816199463,2,12,0,337,16.114584,14.436309285714286,66.31,166.5336,1102.5,14.28,903.9,12.443567914921005,22.840748048668274,3.381246950651083,3.608912286360171
2025-12-04,3.2458327,2.05,4.35,14.754168,833.1683626,484.5612916524388,351.85277023031654,-3.245699282755311,3,12,0,338,16.33125,14.656250142857143,65.61,164.7716,1776.2,12.8,903.9,9.900288816199463,4.504471378822927,1.532609917441253,4.161706018557108
2025-12-05,2.2020833,-0.15,4.35,15.797916,762.3980898,484.70564063974,288.88797673680523,-11.19552757654526,4,12,0,339,14.754168,15.221131,65.03,163.3268,1454.2,13.02,903.9,-3.245699282755311,-18.82024415420227,0.4254426800729334,3.8248064023903794
2025-12-06,5.7208343,3.65,9.05,12.279165,503.3689936,484.8500668277059,22.87639034799457,-4.3574635757004785,5,12,1,340,15.797916,15.261607142857143,64.53,162.0745,1318.7,26.85,903.9,-11.19552757654526,-1.7626180658577937,1.5146879054525064,3.583750294263289
2025-12-07,9.781251,5.6,12.7,8.218749,515.06305513,484.99456990060276,27.16305617456948,2.905429054827721,6,12,1,341,12.279165,14.365476,64.38,161.6846,427.9,47.61,903.9,-4.3574635757004785,-9.128250074816833,1.1439956897606944,3.3086804593070043
2025-12-08,10.939584,10.05,11.7,7.060416,488.3919729,485.1391495459993,-0.8600706641272398,4.112894018127918,0,12,0,342,8.218749,12.936606857142857,64.36,161.6329,224.2,180.79,903.9,2.905429054827721,13.591053607022275,2.863092708281345,4.393443304816229
2025-12-09,10.052084,8.5,11.45,7.947916,588.3693956000001,485.2838054495548,112.59599165890582,-9.510401508460518,1,12,0,343,7.060416,11.769940000000002,64.35,161.6139,214.7,189.77,903.9,4.112894018127918,12.443567914921005,1.5090699098678653,4.917919783111449
2025-12-10,8.637501,6.1,10.25,9.362499,572.116042,485.4285372953067,79.47877724918678,7.208727455506505,2,12,0,344,7.947916,10.774404142857142,64.3,161.4942,152.1,38.38,903.9,-9.510401508460518,9.900288816199463,-1.627211436329495,4.619684802083062
2025-12-11,4.479167,2.7,6.15,13.520833,648.9160942999999,485.5733447707208,173.24669014714382,-9.903940617864635,3,12,0,345,9.362499,10.598213428571428,64.2,161.2433,290.5,39.62,903.9,7.208727455506505,-3.245699282755311,-2.011720202142775,4.087369659189681
2025-12-12,5.554167,3.15,7.9,12.445833,757.1559915,485.71822756170985,260.85733351555376,10.580430422736413,4,12,0,346,13.520833,10.119344428571427,63.95,160.5947,720.7,48.23,903.9,-9.903940617864635,-11.19552757654526,-2.962897535729821,3.371277732025756
2025-12-13,4.6958327,3.4,6.8,13.304167,594.4880804,485.86318535692817,117.8386365503036,-9.213741507231816,5,12,1,347,12.445833,10.265773285714285,63.51,159.493,1136.8,38.44,903.9,10.580430422736413,-4.3574635757004785,0.14795360702470362,3.8753711841896763
2025-12-14,4.235417,2.85,6.4,13.764584,507.15400889999995,486.00821784169653,22.045430424865977,-0.8996393665625533,6,12,1,348,13.304167,11.058035428571428,63.24,158.8221,643.7,46.14,903.9,-9.213741507231816,2.905429054827721,-0.5458003831940589,3.3084766362459637
2025-12-15,2.5416667,0.8,5.1,15.458333,593.9385852,486.1533247048387,64.75318935273654,43.0320711424248,0,12,0,349,13.764584,12.257737857142857,63.06,158.3657,489.6,28.91,903.9,-0.8996393665625533,4.112894018127918,-1.0893815862498124,2.917978756551715
2025-12-16,0.6145833,-2.05,4.05,17.385416,757.4791455,486.29850563219435,43.48043194352919,227.7002079242764,1,12,0,350,15.458333,13.60595214285714,62.65,157.3343,1064.4,29.44,903.9,43.0320711424248,-9.510401508460518,4.470500860078313,4.603216159747264
2025-12-17,5.183333,2.1,8.7,12.816668,695.3042393,486.44376029175095,187.05442372410832,21.806055284140655,2,12,0,351,17.385416,14.099404857142856,62.07,155.8745,1471.5,19.57,903.9,227.7002079242764,7.208727455506505,38.35773077904073,12.147905868416826
2025-12-18,6.7291665,4.65,9.15,11.270834,475.45360087,486.58908834466683,-1.037386191020407,-10.098101283646429,3,12,0,352,12.816668,13.777976428571426,61.61,154.7253,1156.9,7.66,903.9,21.806055284140655,-9.903940617864635,40.44306332598847,11.418888133961712
2025-12-19,6.2625003,4.0,7.9,11.737499,532.4390559,486.7344894430626,20.90981026988018,24.794756187057203,4,12,0,353,11.270834,13.676785857142855,61.49,154.4399,349.2,78.31,903.9,-10.098101283646429,10.580430422736413,40.41532608801964,11.297499348890394
2025-12-20,6.095833,4.9,7.05,11.904167,663.1167845,486.8799632393486,176.52559554572198,-0.2887742850706445,5,12,1,354,11.737499,13.476785857142856,61.36,154.1121,351.4,23.58,903.9,24.794756187057203,-9.213741507231816,42.44594405435118,11.960705343630387
2025-12-21,3.1291666,1.4,4.8,14.870833,485.3728133,487.0255093760169,-42.626160729208664,40.973464653191854,6,12,1,355,11.904167,13.634821428571428,61.19,153.6632,463.3,14.45,903.9,-0.2887742850706445,-0.8996393665625533,43.72093937180278,11.743383139419711
2025-12-22,1.8166666,1.05,2.6,16.183334,472.86818693,487.17112748943214,-34.27854259917641,19.975602039744274,0,12,0,356,14.870833,13.738392999999999,61.1,153.4518,237.2,25.74,903.9,40.973464653191854,43.0320711424248,49.70281137462484,12.617421634530649
2025-12-23,-2.6020834,-6.0,1.15,20.602083,459.11327428,487.31681719754766,-19.551939996758477,-8.65160292078923,1,12,0,357,16.183334,14.197916857142856,60.87,152.8778,631.3,9.31,903.9,19.975602039744274,227.7002079242764,46.409030074241905,13.020835905315705
2025-12-24,-7.0354176,-9.15,-4.3,25.035418,459.16272469,487.4625781069373,-25.69043830905199,-2.6094151078852974,2,12,0,358,20.602083,15.94345257142857,60.62,152.2448,703.1,22.09,903.9,-8.65160292078923,21.806055284140655,12.644485667803954,12.28565003761631
2025-12-25,-4.6291666,-8.6,-0.85,22.629166,480.83275394,487.6084098284168,-15.33270785328597,8.557051964869117,3,12,0,359,25.035418,17.566071428571426,60.3,151.4402,839.6,24.48,903.9,-2.6094151078852974,-10.098101283646429,9.156561326085962,12.210788015314316
2025-12-26,0.32083338,-1.45,3.45,17.679167,494.6718122,487.75431197600005,18.338927228170846,-11.421427004170937,4,12,0,360,22.629166,18.414881142857144,59.78,150.122,1360.3,10.4,903.9,8.557051964869117,24.794756187057203,11.821583218731039,12.508046686171589
2025-12-27,-0.5958333,-2.15,1.75,18.595833,492.1948938,487.9002841629379,-8.244785341724086,12.539394978786163,5,12,1,361,17.679167,19.370833428571427,59.14,148.5261,1616.9,10.1,903.9,-11.421427004170937,-0.2887742850706445,6.6478427628413055,11.365974184410282
2025-12-28,1.7229167,-2.0,3.8,16.277082,512.1064723000001,488.04632600741843,29.536902822683242,-5.476756530101625,6,12,1,362,18.595833,19.571726142857138,58.72,147.4637,1087.1,31.26,903.9,12.539394978786163,40.973464653191854,8.480438371963706,11.633804971075724
2025-12-29,-0.27708337,-1.75,2.2,18.277082,507.7732267,488.19243712527555,8.647738171322924,10.933051403401521,0,12,0,363,16.277082,19.870833,58.29,146.3856,1085.4,11.88,903.9,-5.476756530101625,19.975602039744274,1.8446924886360665,12.078587891879078
2025-12-30,-0.11458343,-3.7,2.75,18.114584,507.0994527,488.3386171340413,6.771298760315225,11.989536805643468,1,12,0,364,18.277082,19.515476,57.68,144.8559,1553.9,17.4,903.9,10.933051403401521,-8.65160292078923,0.5528995405871017,12.501776874187723
2025-12-31,2.2395833,1.5,2.95,15.760417,498.66065580000003,488.48486564685334,11.116789892390644,-0.9409997392439777,2,12,0,365,18.114584,18.190475857142857,57.12,143.446,1457.2,18.95,903.9,11.989536805643468,-2.6094151078852974,3.5016337872203445,13.205703103536399
2026-01-01,1.3145834,0.1,2.5,16.685417,407.70797319,488.6311822716427,-77.65095688602777,-3.2722521956148967,3,1,0,1,15.760417,17.341368857142857,56.59,142.1116,1340.1,18.0,903.9,-0.9409997392439777,8.557051964869117,3.7399788398833897,12.721301325327524
2026-01-02,-0.55833334,-1.75,0.85,18.558332,496.672012,488.7775666178496,0.10209292033990547,7.7923524618105375,4,1,0,2,16.685417,17.466963857142854,56.19,141.1181,1018.8,28.63,903.9,-3.2722521956148967,-11.421427004170937,2.050078245528531,12.197440654976328
2026-01-03,-2.7437499,-5.15,-0.4,20.74375,563.5786873,488.9240182977751,84.33163708216226,-9.67696807993741,5,1,1,3,18.558332,17.773809142857143,55.67,139.8108,1330.4,7.95,903.9,7.7923524618105375,12.539394978786163,4.794903883525884,12.12717610983003
2026-01-04,-3.3041666,-6.35,-0.2,21.304167,648.9054668,489.07053692352804,141.80827357021997,18.026656306251994,6,1,1,4,20.74375,18.491964142857142,55.02,138.1909,1622.4,6.55,903.9,-9.67696807993741,-5.476756530101625,1.6211377322796596,11.912800483257293
2026-01-05,-5.477083,-8.8,-2.6,23.477083,802.935012,489.21712211092205,313.9596052272909,-0.24171533821294133,0,1,0,5,21.304167,19.234821428571426,54.2,136.1138,2089.1,2.88,903.9,18.026656306251994,10.933051403401521,4.9787681374730335,12.886873279350535
2026-01-06,-6.18125,-8.9,-3.2,24.18125,806.7447352,489.36377347045624,317.61970459618425,-0.2387428666404503,1,1,0,6,23.477083,20.101487999999996,53.01,133.1356,3106.4,12.03,903.9,-0.24171533821294133,11.989536805643468,3.3823728886709676,13.024064887266785
2026-01-07,-7.6125007,-11.2,-4.1,25.612501,761.7799342000001,489.51049061279934,261.4158601436652,10.853583443535513,2,1,0,7,24.18125,21.508928571428573,51.78,130.054,3187.4,0.0,903.9,-0.2387428666404503,-0.9409997392439777,1.6354757926304078,12.919259156551181
2026-01-08,-7.037501,-9.45,-4.55,25.0375,752.2780349,489.6572731496185,263.642612429153,-1.0218506787715569,3,1,0,8,25.612501,22.702083285714284,50.48,126.7709,3425.8,9.41,903.9,10.853583443535513,-3.2722521956148967,3.3204162473131924,13.143948804064767
2026-01-09,-5.3979173,-7.75,-1.15,23.397917,578.2034234,489.8041206896897,112.69225743720057,-24.29295472689023,4,1,0,9,25.0375,23.393452571428572,49.2,123.5749,3256.3,11.23,903.9,-1.0218506787715569,7.7923524618105375,3.6419021782908123,13.426900498387733
2026-01-10,-6.464584,-9.1,-3.45,24.464584,688.6634793,489.95103284599656,186.30463956656223,12.407806887441154,5,1,1,10,23.397917,23.925000285714283,48.3,121.2975,2261.3,30.64,903.9,-24.29295472689023,-9.67696807993741,-0.941713134380726,12.376844425641174
2026-01-11,-7.0937486,-12.85,-1.15,25.093748,678.2662106,490.0980092433803,192.20552109704118,-4.037319740421481,6,1,1,11,24.464584,24.466369000000004,47.33,118.8577,2455.4,28.76,903.9,12.407806887441154,18.026656306251994,2.213254718101926,13.120569342484702
2026-01-12,0.6520833,-2.3,2.55,17.347918,718.2405362999999,490.24504950599083,203.05703592102375,24.938450872985356,0,1,0,12,25.093748,23.590774,46.35,116.3947,2498.7,32.27,903.9,-4.037319740421481,-0.24171533821294133,-0.9387418599942846,12.633311003712771
2026-01-13,2.9499996,0.2,5.6,15.05,668.3849786000001,490.3921532576951,168.99124856260119,9.001576779703782,1,1,0,13,17.347918,22.286309714285714,45.31,113.784,2657.4,46.34,903.9,24.938450872985356,-0.2387428666404503,2.6584247416054723,13.771717416386677
2026-01-14,2.1708333,-0.5,5.6,15.829166,672.703315,490.5393201126468,192.78393674509184,-10.619941857738695,2,1,0,14,15.05,20.88869042857143,44.62,112.0725,1699.3,35.12,903.9,9.001576779703782,10.853583443535513,3.978470405368934,14.101757954595554
2026-01-15,3.1666667,0.5,6.9,14.833333,588.5860416,490.68654968143403,522.1483623623276,-424.2488704437616,3,1,0,15,15.829166,19.430952285714284,44.0,110.5026,1634.4,95.79,903.9,-10.619941857738695,-1.0218506787715569,0.9108239337583329,12.313357521256771
2026-01-16,1.1937499,-0.3,3.0,16.80625,712.0717897000001,490.83384158095913,434.6162557332543,-213.37830761421338,4,1,0,16,14.833333,18.48928557142857,43.55,109.3779,1233.1,39.19,903.9,-424.2488704437616,-24.29295472689023,-59.55017888981167,-9.418278424344495
2026-01-17,0.93749994,-0.85,3.65,17.0625,702.0425852000001,490.9811954316344,234.63332944864214,-23.571939680276444,5,1,1,17,16.80625,17.431845,43.17,108.4229,1099.8,105.19,903.9,-213.37830761421338,12.407806887441154,-86.56237215942926,-17.257757187622964
2026-01-18,0.0895833,-2.55,4.3,17.910418,653.4901093999999,491.12861085870276,199.78206460381423,-37.420566062517025,6,1,1,18,17.0625,16.405655,42.76,107.3905,1093.0,69.99,903.9,-23.571939680276444,-4.037319740421481,-91.7023359548175,-17.706885134177295
2026-01-19,-1.7687498,-3.8,1.1,19.76875,784.6555777000001,491.2760875038001,270.9788910889093,22.40059910729076,0,1,0,19,17.910418,16.75148814285714,42.28,106.1946,1245.9,38.1,903.9,-37.420566062517025,24.938450872985356,-96.4713711436883,-19.780729209163102
2026-01-20,-3.2874992,-6.45,0.85,21.287498,775.3641058,491.423625025521,269.3667976664264,14.573683108052535,1,1,0,20,19.76875,17.64255928571428,41.46,104.1152,2105.4,1.84,903.9,22.40059910729076,9.001576779703782,-96.83392139593037,-19.02441676275106
2026-01-21,-4.0166664,-6.7,-0.95,22.016666,721.0089767000001,491.57122307604743,216.96136233987258,12.476391284080023,2,1,0,21,21.287498,18.526487857142858,40.52,101.7587,2379.6,7.35,903.9,14.573683108052535,-10.619941857738695,-96.03790620616626,-19.904409480922368
2026-01-22,-5.8249993,-7.6,-4.3,23.824999,716.0206469,491.718881298564,239.76381791001438,-15.462052308578393,3,1,0,22,22.016666,19.81101157142857,39.72,99.762,2037.9,13.19,903.9,12.476391284080023,-424.2488704437616,-92.7384300430493,-20.154383172777845
2026-01-23,-3.3479166,-4.6,-1.95,21.347916,665.2783497,491.86659933245596,164.7441074289441,8.667642938600011,4,1,0,23,23.824999,20.459821,38.85,97.5774,2250.1,20.04,903.9,-15.462052308578393,-213.37830761421338,-34.34031316659456,-20.381398152370817
2026-01-24,-2.43125,-3.4,-1.2,20.43125,634.3178968999999,492.01437682373245,102.2764346551206,40.027085421146865,5,1,1,24,21.347916,20.941070999999997,38.09,95.6605,2006.2,28.37,903.9,8.667642938600011,-23.571939680276444,-2.6194630876212193,-20.00549621748797
2026-01-25,-0.7375,-2.0,0.75,18.7375,671.765203,492.1622134141064,161.17151979271833,18.431469793175324,6,1,1,25,20.43125,21.059225571428573,37.47,94.1099,1561.8,15.65,903.9,40.027085421146865,-37.420566062517025,6.466111926867825,-18.956495102278716
2026-01-26,-0.8125,-1.85,0.9,18.8125,824.9691899,492.3101087288152,334.0927478664171,-1.4336666952323185,0,1,0,26,18.7375,20.92261842857143,36.78,92.3618,1776.8,17.09,903.9,18.431469793175324,22.40059910729076,14.444974191966732,-17.96139854236717
2026-01-27,-0.47291663,-1.6,0.95,18.472918,780.2865905,492.4580623834004,-34.33661525868701,322.1651433752867,1,1,0,27,18.8125,20.52053557142857,35.95,90.286,2395.0,265.55,903.9,-1.4336666952323185,14.573683108052535,11.040079077320579,-18.427167264834452
2026-01-28,-1.3395833,-3.45,-0.55,19.339582,763.0623683,492.60607399443643,259.8214918067783,10.634802498785291,2,1,0,28,18.472918,20.138094999999996,35.13,88.2297,2169.7,5.81,903.9,322.1651433752867,12.476391284080023,54.98171625835403,-7.505770601321511
2026-01-29,-2.7145834,-4.0,-1.3,20.714584,810.9115703,492.7541431798305,314.63092952638857,3.5264975937809027,3,1,0,29,19.339582,19.693749999999998,34.39,86.3654,1881.9,10.42,903.9,10.634802498785291,-15.462052308578393,54.718632146169064,-7.515712231475385
2026-01-30,-4.3374996,-6.35,-1.9,22.3375,714.237568,492.90226955454233,204.34749131094418,16.987807134513503,4,1,0,30,20.714584,19.835119142857142,33.55,84.2583,2104.2,10.95,903.9,3.5264975937809027,8.667642938600011,57.431282132220396,-7.79781353853747
2026-01-31,-7.152084,-8.05,-6.3,25.152084,654.9483517000001,493.0504527311807,167.39428590462612,-5.496386935806754,5,1,1,31,22.3375,20.509524,32.89,82.6109,1678.1,39.41,903.9,16.987807134513503,40.027085421146865,58.619877017350895,-7.200186642745554
2026-02-01,-8.697917,-9.95,-7.4,26.697918,612.2381625,493.19869231738767,110.49438838146439,8.545081801148001,6,2,1,32,25.152084,21.64672657142857,32.39,81.3507,1300.3,24.06,903.9,-5.496386935806754,18.431469793175324,52.11652382350037,-7.274324467418617
2026-02-02,-7.0479164,-8.85,-5.25,25.047916,668.361799,493.34698792306324,162.75624936719018,12.258561709746573,0,2,0,33,26.697918,22.537500285714284,31.9,80.1146,1197.8,36.95,903.9,8.545081801148001,-1.4336666952323185,50.704182681782186,-7.249233489440701
2026-02-03,-5.8020835,-7.45,-4.65,23.802084,653.7690437,493.4953391559394,157.80610970302428,2.467594841036316,1,2,0,34,25.047916,23.298809714285714,31.07,78.0274,2132.4,11.73,903.9,12.258561709746573,322.1651433752867,52.66021531106488,-6.518049163117902
2026-02-04,-3.4666672,-5.75,-1.65,21.466667,699.1972041,493.64374561945175,193.56197208044242,11.991486400105885,2,2,0,35,23.802084,23.602679,30.04,75.4561,2613.1,17.16,903.9,2.467594841036316,10.634802498785291,6.989136949029119,-7.036684545291758
2026-02-05,0.24166663,-1.5,1.75,17.758333,772.0168064,493.79220691578405,308.43908429590533,-30.21448481168943,3,2,0,36,21.466667,23.180357428571426,29.08,73.0249,2432.2,24.43,903.9,11.991486400105885,3.5264975937809027,7.182948934932061,-6.628911154014463
2026-02-06,1.2166666,0.35,2.9,16.783333,769.2375681,493.9407226472026,280.4320284644514,-5.135183011654021,4,2,0,37,17.758333,22.386905000000002,28.29,71.0544,2082.0,32.82,903.9,-30.21448481168943,16.987807134513503,2.3628085912934416,-7.628102552182763
2026-02-07,0.37291667,-0.4,1.05,17.627083,689.3186795,494.0892924304357,182.49316337590844,12.736223693655859,5,2,1,38,16.783333,21.311904857142856,27.56,69.2167,1842.1,22.78,903.9,-5.135183011654021,-5.496386935806754,-0.797618572444776,-8.161061434022413
2026-02-08,0.15416665,-0.7,1.55,17.845833,692.1605282999999,494.23791588879936,157.68663147991663,40.235980931283905,6,2,1,39,17.627083,20.047321285714283,27.26,68.4577,929.4,151.14,903.9,12.736223693655859,8.545081801148001,1.807040088907026,-7.7024589549415
2026-02-09,1.4145833,-0.1,4.4,16.585417,784.3492841,494.38659263907505,287.5928917107987,2.3697997501262194,0,2,0,40,17.845833,18.838392857142857,26.88,67.5018,1026.6,52.91,903.9,40.235980931283905,12.258561709746573,6.334311393212155,-5.551494433002362
2026-02-10,4.122917,1.85,8.2,13.877083,743.834624,494.5353222838158,243.82942026867357,5.469881447510602,1,2,0,41,16.585417,17.42053557142857,26.21,65.8149,1722.9,24.09,903.9,2.3697997501262194,2.467594841036316,4.921631113266391,-5.886094670912859
2026-02-11,5.2000003,2.95,7.9,12.799999,688.3914992,494.684104422794,204.6649581593893,-10.95756338218331,2,2,0,42,13.877083,16.182440142857143,25.59,64.2552,1577.8,9.61,903.9,5.469881447510602,11.991486400105885,5.350529199905574,-5.5691879646484574
2026-02-12,0.9958334,0.25,2.85,17.004166,657.5812981,494.83293865707094,156.47390180266268,6.274457640266405,3,2,0,43,12.799999,16.074702,25.15,63.1521,1084.3,17.3,903.9,-10.95756338218331,-30.21448481168943,2.072093516721403,-6.7657217731540795
2026-02-13,-0.010416667,-1.55,1.05,18.010416,745.7881203,494.9818245940955,257.1375876554265,-6.33129194952204,4,2,0,44,17.004166,16.249999571428567,24.81,62.2999,915.7,40.1,903.9,6.274457640266405,-5.135183011654021,7.2847995812865225,-6.8566257444686585
2026-02-14,-2.3083332,-3.85,0.05,20.308332,724.299642,495.13076184314343,236.214842914806,-7.045962757949496,5,2,1,45,18.010416,16.633035142857143,24.37,61.1993,1229.0,49.56,903.9,-6.33129194952204,12.736223693655859,7.113926875876806,-6.713670747528103
2026-02-15,-3.8062496,-5.0,-2.05,21.80625,523.6455313,495.2797500191842,19.577334241279026,8.788447039536834,6,2,1,46,20.308332,17.198809,23.94,60.1149,1158.5,14.55,903.9,-7.045962757949496,40.235980931283905,4.287900239933184,7.193092841998966
2026-02-16,-2.460417,-4.1,-0.85,20.460417,682.4217266,495.42878874278097,180.95508632908323,6.037851528135889,0,2,0,47,21.80625,17.752380428571428,23.51,59.0423,1037.8,20.65,903.9,8.788447039536834,2.3697997501262194,-0.20460460174496933,14.598651330457306
2026-02-17,-2.2125,-4.9,-0.35,20.2125,753.0654721000001,495.57787763312604,280.1809210195023,-22.693326552628264,1,2,0,48,20.460417,18.65744,22.95,57.6404,1448.0,33.85,903.9,6.037851528135889,5.469881447510602,0.31940279511355485,15.585644370737718
2026-02-18,-4.316666,-7.75,0.15,22.316666,724.1113657999999,495.72701631070396,236.08079948001898,-7.696449990723011,2,2,0,49,20.2125,20.016963857142855,22.31,56.0421,1594.7,26.33,903.9,-22.693326552628264,-10.95756338218331,-3.7039126334777115,16.076552354400675
2026-02-19,-3.741666,-7.95,0.55,21.741667,676.9137003999999,495.8762044086627,172.97331666919803,8.064179322139182,3,2,0,50,22.316666,20.693749714285712,21.62,54.3075,1747.4,29.29,903.9,-7.696449990723011,6.274457640266405,-3.238039291840526,15.073317384466884
2026-02-20,3.8895838,-1.8,8.4,14.110416,568.4684314,496.02544156766487,63.62978056661453,8.813209265720616,4,2,0,51,21.741667,20.136606857142855,21.06,52.88,1446.7,17.15,903.9,8.064179322139182,-6.33129194952204,-2.982364765858701,14.85633392493644
2026-02-21,7.285417,3.8,10.2,10.714582,447.17044848,496.17472742690217,-50.92173677790885,1.9174578310066863,5,2,1,52,14.110416,18.76607114285714,20.64,51.8271,1088.9,34.18,903.9,8.813209265720616,-7.045962757949496,-0.8188645922526072,14.734227857657793
2026-02-22,7.0208325,3.8,10.6,10.979168,412.53148691,496.3240616227382,-91.18371830232218,7.391143589583976,6,2,1,53,10.714582,17.219345142857144,20.51,51.52,469.8,152.96,903.9,1.9174578310066863,8.788447039536834,0.4616240633125618,15.313544862310629
2026-02-23,5.7312503,3.25,8.2,12.268749,490.6709293,496.4734437912222,-30.815538211546144,25.01302372032393,0,2,0,54,10.979168,16.049106857142856,20.73,52.0604,209.4,734.91,903.9,7.391143589583976,6.037851528135889,0.2620092847478678,15.270994884010094
2026-02-24,4.6270833,0.1,9.2,13.372917,708.3567158999999,496.62287356452833,196.9836305450842,14.750211790387368,1,2,0,55,12.268749,15.072023571428572,20.67,51.916,300.8,142.07,903.9,25.01302372032393,-22.693326552628264,2.972748169346159,14.770526160649329
2026-02-25,7.0645843,1.95,13.6,10.935415,573.1316877,496.7723505640362,77.09375895337286,-0.734421817408986,2,2,0,56,13.372917,13.44613057142857,20.52,51.538,467.6,30.68,903.9,14.750211790387368,-7.696449990723011,8.32182507549125,14.647817560556398
2026-02-26,10.889584,5.8,17.5,7.1104164,441.81583478,496.92187440448845,-46.28510499812888,-8.820934626359588,3,2,0,57,10.935415,11.355951914285713,20.46,51.3861,267.3,73.45,903.9,-0.734421817408986,8.064179322139182,9.316400528821825,14.671125723150508
2026-02-27,12.183333,8.0,17.7,5.8166666,440.48688566000004,497.07144470301506,-40.94089785911655,-15.643661183898473,4,2,0,58,7.1104164,10.171130571428568,20.49,51.465,196.2,238.65,903.9,-8.820934626359588,8.813209265720616,6.904241393322001,3.6382564564289663
2026-02-28,8.027083,5.1,10.9,9.972917,390.05065033999995,497.221061085323,-105.69401138212382,-1.4763993631992776,5,2,1,59,5.8166666,10.065178428571429,20.58,51.6794,124.0,296.38,903.9,-15.643661183898473,1.9174578310066863,3.4104027576621303,2.762307667006174
2026-03-01,6.922917,1.95,13.8,11.077084,412.04213883,497.3707231879456,-67.90931325405168,-17.419271103893948,6,3,1,60,9.972917,10.079166428571428,20.73,52.0646,123.8,495.77,903.9,-1.4763993631992776,7.391143589583976,2.925566015632707,2.595544435106835
2026-03-02,7.195833,1.35,14.8,10.804167,511.2355177,497.52043065430695,-15.78361974946351,29.49870679515658,0,3,0,61,11.077084,9.869940428571427,20.82,52.2888,154.6,382.97,903.9,-17.419271103893948,25.01302372032393,-0.618778940578425,1.4486418271599197
2026-03-03,5.872917,2.25,10.5,12.127083,563.0455820699999,497.6701831351372,49.84379519697182,15.531603737890919,1,3,0,62,10.804167,9.691964142857142,20.89,52.4635,222.1,372.83,903.9,29.49870679515658,14.750211790387368,0.022032927254810732,2.615144951525364
2026-03-04,4.4687495,-0.85,11.55,13.53125,523.42900779,497.81998027136717,46.061593972406456,-20.452566453773613,2,3,0,63,12.127083,10.062797714285713,20.84,52.3389,430.0,306.96,903.9,15.531603737890919,-0.734421817408986,0.1336603483267465,2.848029016083461
2026-03-05,6.5062504,0.35,14.5,11.49375,449.13241556,497.9698216985507,-17.718190355402488,-31.11921578314815,3,3,0,64,13.53125,10.688988228571427,20.78,52.1866,405.7,243.86,903.9,-20.452566453773613,-8.820934626359588,-2.6832174568682,1.7576580772994552
2026-03-06,8.177083,1.75,16.3,9.822917,523.11314462,498.119707065303,19.873051385802274,5.120386168894697,4,3,0,65,11.49375,11.261309714285714,20.89,52.4582,337.4,545.34,903.9,-31.11921578314815,-15.643661183898473,-5.86868619355228,0.6380977231599729
2026-03-07,8.391666,3.9,14.45,9.608334,441.76304338,498.26963603714836,-38.31969870718482,-18.18689394996352,5,3,1,66,9.822917,11.209226428571426,20.97,52.6736,327.9,546.24,903.9,5.120386168894697,-1.4763993631992776,-2.9023937145818275,0.4090610487862667
2026-03-08,8.525,3.05,14.9,9.475,395.23257543,498.41960828468297,-100.28381039925456,-2.90322245542842,6,3,1,67,9.608334,10.980357285714286,21.16,53.1401,237.3,721.76,903.9,-18.18689394996352,-17.419271103893948,-5.289607226976719,0.8099807441771304
2026-03-09,8.78125,2.85,15.25,9.21875,494.00550576,498.5696234885798,-12.623660399148186,8.059542670568419,0,3,0,68,9.475,10.753869142857143,21.38,53.7002,216.8,776.85,903.9,-2.90322245542842,29.49870679515658,-3.215885991481644,0.8843794293846504
2026-03-10,10.958333,7.1,16.0,7.041667,446.61769204,498.719681334068,-55.611138354096404,3.509149060028392,1,3,0,69,9.21875,10.027381142857141,21.51,54.0224,318.6,621.27,903.9,8.059542670568419,15.531603737890919,-6.278623723565667,0.7284900619484025
2026-03-11,9.502083,5.85,12.95,8.497917,400.13480072000004,498.86978150459544,-97.92337526843177,-0.8116055161636382,2,3,0,70,7.041667,9.308333571428571,21.64,54.3369,308.0,626.19,903.9,3.509149060028392,-20.452566453773613,-7.996117248974599,-0.49573766709344796
2026-03-12,9.795833,4.8,15.2,8.204167,393.73579026,499.01992368321305,-104.38108242534476,-0.9030509978683199,3,3,0,71,8.497917,8.838393142857141,21.82,54.8073,195.2,655.56,903.9,-0.8116055161636382,-31.11921578314815,-5.190265686458888,-0.6017845093031099
2026-03-13,9.529166,5.3,13.95,8.470834,430.2075768,499.1701075551255,-59.449360970499015,-9.513169784626484,4,3,0,72,8.204167,8.645238428571428,21.93,55.0692,130.3,392.22,903.9,-0.9030509978683199,5.120386168894697,-0.8736707171331984,-0.8142155908157406
2026-03-14,5.6812496,4.4,7.25,12.31875,503.71768019999996,499.3203328092549,1.7205755102804978,2.676771880464514,5,3,1,73,8.470834,9.032440714285714,21.98,55.206,231.5,376.34,903.9,-9.513169784626484,-18.18689394996352,-2.9641787104933672,-0.7660691375638464
2026-03-15,4.889583,3.05,8.1,13.110416,393.57574101,499.47059914077954,-89.80496839547608,-16.089889735303473,6,3,1,74,12.31875,9.551785857142857,21.95,55.1183,223.7,120.08,903.9,2.676771880464514,-2.90322245542842,0.016344979567780422,-0.8859919962239095
2026-03-16,5.11875,-0.05,10.35,12.88125,451.68220010000005,499.62090624855216,-49.63310997664556,1.6944038280934137,0,3,0,75,13.110416,10.07500014285714,21.98,55.1939,165.4,256.84,903.9,-16.089889735303473,8.059542670568419,-1.8674646318429413,-1.2112785890832904
2026-03-17,6.285416,0.4,12.75,11.714584,479.7351174,499.77125384023293,-9.003098141720818,-11.03303829851211,1,3,0,76,12.88125,10.742559714285713,21.94,55.0917,309.4,194.24,903.9,1.6944038280934137,3.509149060028392,-2.7767701807679424,-0.9199330362151935
2026-03-18,7.525,1.25,13.85,10.475,462.7924447,499.9216416277226,17.6220617739621,-54.75125870168472,2,3,0,77,11.714584,11.025000142857142,21.84,54.838,291.4,101.96,903.9,-11.03303829851211,-0.8116055161636382,-4.854225517702299,-1.5806492141501585
2026-03-19,7.3854165,4.8,11.05,10.614584,521.8500138,500.07206933399914,63.42753714275294,-41.649592676752036,3,3,0,78,10.475,11.369345428571426,21.85,54.8664,215.8,178.83,903.9,-54.75125870168472,-0.9030509978683199,-12.559890258491025,-3.606952888477512
2026-03-20,6.5083337,4.05,10.15,11.491667,495.02751739999997,500.2225367063453,22.06063461926545,-27.255653925610773,4,3,0,79,10.614584,11.800893,21.87,54.9159,182.1,233.26,903.9,-41.649592676752036,-9.513169784626484,-18.380824784045842,-4.238828425948304
2026-03-21,7.2125,1.75,12.95,10.7875,399.32523205,500.3730435165867,-110.06633110750674,9.01851964092009,5,3,1,80,11.491667,11.582142999999999,21.89,54.9678,183.2,251.08,903.9,-27.255653925610773,2.676771880464514,-20.915465375615025,-4.890801890444563
2026-03-22,8.552083,3.15,14.8,9.447917,406.67422238,500.52358955264305,-99.75881764922434,5.9094504765812985,6,3,1,81,10.7875,11.058928857142858,21.98,55.1997,190.0,461.01,903.9,9.01851964092009,-16.089889735303473,-20.009501409835657,-4.8589905464852
2026-03-23,9.98125,4.5,15.35,8.01875,487.67439064,500.6741746016965,-20.110570046650135,7.110786084953645,0,3,0,82,9.447917,10.364285999999998,22.11,55.5311,174.6,496.2,903.9,5.9094504765812985,1.6944038280934137,-16.86673852242355,-4.955782506123176
2026-03-24,9.885417,5.5,12.25,8.114583,387.46306449,500.8247984474834,-113.14792471954806,-0.21380923793532247,1,3,0,83,8.01875,9.85000014285714,22.17,55.6748,172.1,272.37,903.9,7.110786084953645,-11.03303829851211,-16.09296962858637,-4.782671564324945
2026-03-25,4.4062505,1.65,7.3,13.59375,432.35444099,500.9754608710535,-26.348874601893858,-42.272145279159645,2,3,0,84,8.114583,10.295535857142855,22.3,55.9951,271.3,590.56,903.9,-0.21380923793532247,-54.75125870168472,-14.547365477075402,-5.036169991908921
2026-03-26,3.4187498,-1.2,7.6,14.58125,474.00086617,501.1261616580067,-18.737408099767013,-8.387887388239676,3,3,0,85,13.59375,10.862202428571427,22.37,56.1911,236.7,432.77,903.9,-42.272145279159645,-41.649592676752036,-12.764634988143248,-7.279008958558374
2026-03-27,4.822917,0.65,10.35,13.177083,473.11576794,501.27690061217464,-18.891035614271413,-9.270097057903229,4,3,0,86,14.58125,11.102976142857141,22.28,55.958,407.8,174.74,903.9,-8.387887388239676,-27.255653925610773,-8.012962804070055,-8.050278931179275
2026-03-28,5.5729165,2.15,8.75,12.427084,397.93417402999995,501.4276775475916,-91.66406441980114,-11.829439097790498,5,3,1,87,13.177083,11.337202428571429,22.22,55.7851,356.0,183.04,903.9,-9.270097057903229,9.01851964092009,-5.443597537254691,-8.33480143919575
2026-03-29,5.2062497,3.25,7.7,12.793751,382.51111703,501.5784922862382,-129.7009613260007,10.633586069762487,6,3,1,88,12.427084,11.815178714285713,22.21,55.7559,211.2,182.09,903.9,-11.829439097790498,5.9094504765812985,-8.421877357070489,-8.435084921576781
2026-03-30,5.035416,2.0,9.45,12.964584,459.95106048,501.7293446565337,-69.17846105904118,27.40017688250748,0,3,0,89,12.793751,12.521726428571428,22.23,55.8165,187.2,259.77,903.9,10.633586069762487,7.110786084953645,-7.747000843758891,-7.559176679788082
2026-03-31,5.3770833,-0.75,11.15,12.622917,559.11564075,501.88023448129775,48.57152197552618,8.663884293176068,1,3,0,90,12.964584,13.165774142857142,22.17,55.6495,215.2,48.15,903.9,27.40017688250748,-0.21380923793532247,-4.848516444108343,-6.596624138264523
2026-04-01,6.160416,0.2,11.65,11.839584,585.6643591000001,502.0311615700892,45.58199086933321,38.051206660577634,2,4,0,91,12.622917,12.915178999999998,22.21,54.3234,513.1,17.4,903.9,8.663884293176068,-42.272145279159645,-3.5802745110924303,-5.727185625028856
2026-04-02,7.120834,4.65,9.45,10.879166,514.0301717000001,502.1821257226711,-10.708161021520533,22.55620699884946,3,4,0,92,11.839584,12.386309857142853,21.83,54.5355,596.4,31.97,903.9,38.051206660577634,-8.387887388239676,7.894490051727181,-5.4421022961814876
2026-04-03,10.979168,7.65,14.3,7.020832,349.8186877,502.33312672119496,-115.70463238623589,-36.809806634959045,4,4,0,93,10.879166,11.506845428571427,21.81,54.0703,546.7,27.92,903.9,22.55620699884946,-9.270097057903229,12.315074964168486,-5.207948854149536
2026-04-04,11.741666,7.6,17.45,6.258334,327.82821802,502.48416433887394,-146.7509100057248,-27.90503631314914,5,4,1,94,7.020832,10.625595428571428,21.89,54.272,147.8,383.42,903.9,-36.809806634959045,-11.829439097790498,8.380830738874797,-5.753190193522384
2026-04-05,8.691667,5.4,12.55,9.308333,315.33646991999996,502.63523836595317,-168.5093491043754,-18.789419341577798,6,4,1,95,6.258334,10.127678571428572,22.18,54.9926,28.9,778.07,903.9,-27.90503631314914,10.633586069762487,6.084316850966421,-5.6460508778557505
2026-04-06,7.0125003,1.6,12.85,10.987499,342.5366468,502.7863486122378,-149.93670053638724,-10.313001275850525,0,4,0,96,9.308333,9.845237857142857,22.5,55.7854,31.9,765.87,903.9,-18.789419341577798,27.40017688250748,1.8810303636320944,-6.4430443948715
2026-04-07,6.720833,-0.5,13.1,11.279167,430.83809512,502.93749490183006,-77.51453812357795,5.415138341747877,1,4,0,97,10.987499,9.65327357142857,22.71,56.3116,41.0,548.02,903.9,-10.313001275850525,8.663884293176068,-3.506566516133335,-6.180581305734401
2026-04-08,5.75625,0.25,10.95,12.24375,422.00530226,503.08867706642377,-70.65007906611126,-10.433295740312474,2,4,0,98,11.279167,9.71101157142857,22.81,56.5491,80.0,289.06,903.9,5.415138341747877,38.051206660577634,-3.9706730806230763,-5.903302612495191
2026-04-09,4.702083,0.9,9.1,13.297916,449.37766055000003,503.2398949386658,-23.651947214834212,-30.210287173831603,3,4,0,99,12.24375,10.056547285714284,22.97,56.9333,38.5,462.56,903.9,-10.433295740312474,22.55620699884946,-10.89703056646452,-6.519730559524553
2026-04-10,7.18125,0.05,13.6,10.81875,502.05542772,503.3911483599454,21.873791904386874,-23.209512544332256,4,4,0,100,13.297916,10.599107,23.07,57.1967,90.5,311.14,903.9,-30.210287173831603,-36.809806634959045,-18.435101162561814,-7.643711767319886
2026-04-11,8.318749,6.5,9.65,9.681251,367.95036485,503.54243718985254,-97.85096955027242,-37.741102789580054,5,4,1,101,10.81875,11.08809514285714,23.09,57.2454,104.9,153.67,903.9,-23.209512544332256,-27.90503631314914,-16.49220200675799,-8.390308668258841
2026-04-12,10.366668,7.6,14.35,7.6333323,444.90964607999996,503.6937613066745,-80.63661470648489,21.85249947981032,6,4,1,102,9.681251,10.848809328571429,23.25,57.6338,40.3,436.09,903.9,-37.741102789580054,-18.789419341577798,-17.897354360533832,-9.618243727982565
2026-04-13,11.008334,8.65,13.8,6.991666,622.97633594,503.8451206049627,-142.55911795330098,261.6903332883383,0,4,0,103,7.6333323,10.277976042857143,23.38,57.953,40.7,352.45,903.9,21.85249947981032,-10.313001275850525,-12.091365957478388,-8.572721419168005
2026-04-14,10.35,3.3,16.6,7.6499996,607.0502942,503.99651497359145,67.32165276174231,35.73212646466624,1,4,0,104,6.991666,9.759523557142856,23.19,57.4939,572.7,113.6,903.9,261.6903332883383,5.415138341747877,26.76625326597716,0.06106396109445503
2026-04-15,13.802083,7.65,19.8,4.197917,538.70050839,504.14794429589443,10.78842700571753,23.764137088388054,2,4,0,105,7.6499996,8.610118842857142,23.05,57.1421,367.5,16.26,903.9,35.73212646466624,-10.433295740312474,31.09725156925121,1.7884645010934455
2026-04-16,14.225001,7.3,20.25,3.7749987,523.18605938,504.2994084381615,11.84387090534493,7.042780036493525,3,4,0,106,4.197917,7.249702085714285,22.99,56.9898,184.8,32.15,903.9,23.764137088388054,-30.210287173831603,35.982599116208426,2.5241222764366
2026-04-17,15.229165,7.8,21.6,2.770835,481.51767551999995,504.4509072519381,-15.276050194575255,-7.657181537362874,4,4,0,107,3.7749987,6.099999942857141,23.06,57.1597,59.9,229.84,903.9,7.042780036493525,-23.209512544332256,41.30446586054059,3.1266495542701214
2026-04-18,11.277083,4.55,16.9,6.7229166,411.54350193,504.6024405844779,-97.39653550606087,4.33759685158293,5,4,1,108,2.770835,5.6773807428571414,23.24,57.6111,21.3,472.66,903.9,-7.657181537362874,-37.741102789580054,43.52622743296479,4.696452126414183
2026-04-19,7.1687512,3.65,11.6,10.831249,382.74783901,504.7540082864099,-126.19297351766765,4.186804241257789,6,4,1,109,6.7229166,6.134225985714285,23.54,58.3523,25.0,803.25,903.9,4.33759685158293,21.85249947981032,49.537470238845216,6.229358444025348
2026-04-20,7.6979165,2.05,13.0,10.302084,485.5557255499999,504.90561020758116,-45.641570763096446,26.29168610551517,0,4,0,110,10.831249,6.607142842857142,23.79,58.9853,39.1,666.51,903.9,4.186804241257789,261.6903332883383,47.013799490480565,7.277440382920967
2026-04-21,9.277082,1.45,16.4,8.722918,477.42147021,505.0572461932217,-43.8772369502547,16.241460967032992,1,4,0,111,10.302084,6.760416899999998,23.84,59.112,79.0,174.16,903.9,26.29168610551517,35.73212646466624,13.385421321505833,7.853212598407469
2026-04-22,10.064582,4.55,14.8,7.935418,454.23595097000003,505.2089160750097,-26.780961341249306,-24.192003763760397,2,4,0,112,8.722918,7.294345614285713,23.82,59.0397,146.5,80.57,903.9,16.241460967032992,23.764137088388054,10.601040536129656,8.197612948089192
2026-04-23,10.039584,4.6,15.6,7.960416,443.34781673000003,505.3606196776248,-35.34552438788534,-26.66727855973943,3,4,0,113,7.935418,7.89226237142857,23.84,59.0987,83.7,140.65,903.9,-24.192003763760397,7.042780036493525,3.7501632715370192,7.1541866197987245
2026-04-24,9.656249,4.7,15.15,8.343751,422.36489488,505.51235683930287,-68.44865347526883,-14.698808484034032,4,4,0,114,7.960416,8.688393228571426,23.88,59.1907,67.9,159.8,903.9,-26.66727855973943,-7.657181537362874,-1.0655593850676885,6.272404309071921
2026-04-25,9.041667,3.9,13.45,8.958333,360.68455265,505.6641274162839,-123.41986643068259,-21.55970833560133,5,4,1,115,8.343751,9.007738428571427,24.09,59.6817,30.1,512.91,903.9,-14.698808484034032,4.33759685158293,-2.071506091734997,7.191515535576108
2026-04-26,10.366668,3.3,16.3,7.6333323,432.05316760000005,505.81593127877403,-97.4136744220687,23.650910743294673,6,4,1,116,8.958333,8.550893185714285,24.38,60.4016,29.8,754.96,903.9,-21.55970833560133,4.186804241257789,-5.771121118475605,6.75245483733072
2026-04-27,9.975,4.4,15.05,8.025,451.67155686,505.9677683071427,-76.95177654099973,22.655565093857035,0,4,0,117,7.6333323,8.225595471428571,24.67,61.105,28.5,736.49,903.9,23.650910743294673,26.29168610551517,-2.990534475327479,7.8498217640373165
2026-04-28,9.431251,3.6,14.35,8.568749,369.19130012,506.11963837138546,-114.27407183433128,-22.654266417054203,1,4,0,118,8.025,8.203571328571428,24.84,61.541,58.0,494.74,903.9,22.655565093857035,16.241460967032992,-3.5099803341357836,8.9993219037589
2026-04-29,12.162501,3.15,19.65,5.8374987,372.97638587,506.2715413314061,-98.54642269511112,-34.74873276629501,2,4,0,119,8.568749,7.90386857142857,25.14,62.2792,26.0,750.58,903.9,-22.654266417054203,-24.192003763760397,-9.066512817576811,7.889726820865011
2026-04-30,16.064585,6.05,23.45,1.9354153,365.43990466,506.4234770600569,-110.42162990696607,-30.561942493090783,3,4,0,120,5.8374987,7.043154185714285,25.43,63.0015,30.3,752.71,903.9,-34.74873276629501,-26.66727855973943,-10.57461696079604,5.818096499238262
2026-05-01,19.6875,9.95,26.45,0.0,316.06558925999997,506.5754454524419,-181.3533173343974,-9.156538858044541,4,5,0,121,1.9354153,5.851189757142857,25.71,63.6946,23.9,741.96,903.9,-30.561942493090783,-14.698808484034032,-11.130997522703378,4.510568939696033
2026-05-02,22.21875,13.45,29.2,0.0,334.97722281,506.72744642336494,-171.57021550454078,-0.18000810882415408,5,5,1,122,0.0,4.571427899999999,26.12,64.7072,5.1,1013.61,903.9,-9.156538858044541,-21.55970833560133,-10.339244718990594,2.9369774224086274
2026-05-03,20.012499,16.85,23.05,0.0,345.30540127,506.87947989662365,-166.22180063401996,4.6477220073963394,6,5,1,123,0.0,3.480951857142856,26.52,65.6998,10.4,1010.05,903.9,-0.18000810882415408,23.650910743294673,-7.285001829450997,2.1791035854861738
2026-05-04,15.566667,12.6,19.0,2.4333334,455.37512292,507.03154579731233,-71.00091640302307,19.34449352571073,0,5,0,124,0.0,2.6821423428571416,26.91,66.6615,8.2,969.87,903.9,4.6477220073963394,22.655565093857035,-9.999743077436474,3.56102120689802
2026-05-05,11.2541685,9.95,12.65,6.7458315,507.36915918,507.18364404645774,-19.18703813455804,19.37255326810032,1,5,0,125,2.4333334,2.421725557142856,27.16,67.2853,12.6,599.42,903.9,19.34449352571073,-22.654266417054203,-10.472753301457374,5.136005534860016
2026-05-06,8.679168,6.4,10.55,9.320832,520.24114686,507.33577455326133,3.5082724940230916,9.39709981271551,2,5,0,126,6.7458315,2.9193445999999987,27.2,67.3844,134.6,483.65,903.9,19.37255326810032,-34.74873276629501,-4.468921917863871,6.408071288515953
2026-05-07,9.939583,6.05,13.35,8.060417,582.78638849,507.4879372144019,59.489307972700146,15.809143302898065,3,5,0,127,9.320832,3.794344842857142,27.25,67.5065,60.3,182.43,903.9,9.39709981271551,-30.561942493090783,1.8376255934233459,7.0650746581348205
2026-05-08,11.608333,6.0,15.45,6.3916674,507.38361706,507.6401319181701,-2.1204795682462567,1.863964710076175,4,5,0,128,8.060417,4.707440185714284,27.22,67.4451,151.9,90.52,903.9,15.809143302898065,-9.156538858044541,8.462066421421753,7.41154149017316
2026-05-09,13.741666,7.1,19.4,4.258334,392.75710253,507.7923585442391,-98.76957344563253,-16.265682568606564,5,5,1,129,6.3916674,5.315773614285713,27.32,67.6808,16.5,252.23,903.9,1.863964710076175,-0.18000810882415408,10.036424074010426,7.821450171852782
2026-05-10,12.40625,8.5,17.95,5.59375,378.10487881,507.9446169722899,-137.28897481521838,7.449236652928505,6,5,1,130,4.258334,6.114880757142856,27.59,68.3625,18.6,726.11,903.9,-16.265682568606564,4.6477220073963394,7.738470579755797,8.286270325360283
2026-05-11,7.9625,5.4,11.65,10.0375,413.09002425,508.09690708998056,-117.60135228149917,22.594469441518584,0,5,0,131,5.59375,7.201190271428571,27.91,69.1419,13.1,800.37,903.9,7.449236652928505,19.34449352571073,8.138686957688963,9.308228631935641
2026-05-12,8.816667,5.55,12.95,9.183333,420.16281777,508.24922878124534,-82.03340870348129,-6.053002307764075,1,5,0,132,10.0375,7.54940477142857,28.09,69.5819,18.2,433.1,903.9,22.594469441518584,19.37255326810032,8.602969231375798,11.319414372972263
2026-05-13,8.975,6.55,12.3,9.025,463.80270387999997,508.40158191955067,-38.122211549690014,-6.4766664898606905,2,5,0,133,9.183333,7.507143057142856,28.07,69.5477,128.8,85.76,903.9,-6.053002307764075,9.39709981271551,4.9707470062523145,10.389230980053117
2026-05-14,10.125,4.8,14.8,7.875,444.83895774,508.5539663805168,-70.97717442583071,7.262165785313925,3,5,0,134,9.025,7.480654914285713,28.02,69.4305,204.8,87.66,903.9,-6.4766664898606905,15.809143302898065,2.7030661058842855,1.4503309874464834
2026-05-15,10.437501,5.95,13.6,7.562499,451.13200198000004,508.70638204402667,-71.66652232957955,14.092142265552866,4,5,0,135,7.875,7.6479165714285715,28.06,69.506,45.7,121.25,903.9,7.262165785313925,1.863964710076175,1.4820693176579798,0.5013322981347396
2026-05-16,11.935416,5.15,16.95,6.064584,385.41034174000004,508.8588287860846,-125.9698228653665,2.521335819281944,5,5,1,136,7.562499,7.905952285714284,28.11,69.6479,50.8,192.74,903.9,14.092142265552866,-16.265682568606564,3.2289518255832212,0.17893247070689994
2026-05-17,13.633332,7.5,19.05,4.3666677,404.91862045,509.0113064749433,-115.98704833439473,11.894362309451424,6,5,1,137,6.064584,7.730654814285713,28.23,69.9345,14.8,341.2,903.9,2.521335819281944,7.449236652928505,5.91281159528158,0.028217663466513918
2026-05-18,14.874999,9.35,19.9,3.125001,514.14792648,509.1638149751528,-24.435767873783096,29.419879378630355,0,5,0,138,4.3666677,6.743154957142855,28.4,70.3718,12.6,455.72,903.9,11.894362309451424,22.594469441518584,6.547829546213426,0.6799357916936571
2026-05-19,16.904165,13.0,21.55,1.0958347,465.56140244,509.31635414211746,-34.76800400873119,-8.986947693386298,1,5,0,139,3.125001,5.587798057142856,28.46,70.5197,69.8,171.75,903.9,29.419879378630355,-6.053002307764075,7.522888108657964,1.5160118759285715
2026-05-20,16.483334,11.55,20.75,1.5166664,422.86690608,509.46892381784846,-67.36618265877676,-19.235835079071705,2,5,0,140,1.0958347,4.51517897142857,28.5,70.6091,137.2,262.62,903.9,-8.986947693386298,-6.4766664898606905,7.103753053569075,1.076886811440435
2026-05-21,18.33125,12.75,22.55,0.0,445.09621448,509.6215238492282,-51.508450905725134,-13.01685846350307,3,5,0,141,1.5166664,3.3901789714285706,28.48,70.5616,182.6,99.05,903.9,-19.235835079071705,7.262165785313925,5.2810146836817875,-0.44069722804579403
2026-05-22,21.204166,13.45,27.65,0.0,444.65025400999997,509.7741540970937,-47.79134451717216,-17.332555569921567,4,5,0,142,0.0,2.3098219714285704,28.61,70.8824,32.0,374.22,903.9,-13.01685846350307,14.092142265552866,2.384011219565074,-1.415974542396996
2026-05-23,22.558334,17.15,27.55,0.0,387.87664531999997,509.9268144350212,-120.70876083049006,-1.3414082845311555,5,5,1,143,0.0,1.4434528285714276,28.86,71.5024,21.2,655.42,903.9,-17.332555569921567,2.521335819281944,-2.1052313283598454,-1.1873262692690352
2026-05-24,19.841665,12.85,25.35,0.0,348.13401281,510.0795047485826,-168.18799918923165,6.242507250649055,6,5,1,144,0.0,0.8196431571428562,29.33,72.6752,24.0,1204.49,903.9,-1.3414082845311555,11.894362309451424,-2.6570519146188594,-0.3431305934287593
2026-05-25,22.702085,15.0,28.65,0.0,364.68708086000004,510.23222492644925,-143.46961060851936,-2.0755334579298506,0,5,0,145,0.0,0.3732144428571419,29.84,73.9207,18.2,1262.41,903.9,6.242507250649055,29.419879378630355,-3.464459780162055,0.3549132643940103
2026-05-26,19.23125,14.85,22.6,0.0,442.41102287,510.38497485529376,-68.63585015895728,0.6618981736635305,1,5,0,146,0.0,0.21666662857142757,30.27,74.9854,42.8,1116.74,903.9,-2.0755334579298506,-8.986947693386298,-7.963804471099228,1.0043857603163928
2026-05-27,16.09375,10.3,20.9,1.90625,421.03299870999996,510.5377544229958,-87.50247889041444,-2.0022768225813934,2,5,0,147,0.0,0.27232142857142755,30.64,75.9172,24.0,949.81,903.9,0.6618981736635305,-19.235835079071705,-6.585397918663538,0.2380853413286881
2026-05-28,19.625,11.2,26.5,0.0,471.34838784,510.6905635185591,-45.03522797862308,5.693052300063982,3,5,0,148,1.90625,0.27232142857142755,31.0,76.8096,8.9,887.34,903.9,-2.0022768225813934,-13.01685846350307,-4.123461024879207,-0.5838427225525928
2026-05-29,20.05625,17.85,22.15,0.0,435.94189879000004,510.84340203215504,-82.0747290361358,7.173225793980805,4,5,0,149,0.0,0.27232142857142755,31.32,77.5937,15.0,788.13,903.9,5.693052300063982,-17.332555569921567,-1.450616630083914,0.36106790135134664
2026-05-30,17.835417,13.15,22.4,0.1645832,373.94992801999996,510.9962698511391,-143.8532162148622,6.806874383723084,5,5,1,150,0.0,0.2958333142857133,31.73,78.6005,11.7,1018.43,903.9,7.173225793980805,-1.3414082845311555,2.050209279044996,1.758466520027207
2026-05-31,17.741665,12.9,22.4,0.2583351,394.66080392000003,511.1491668581004,-130.4803551106886,13.991992172588255,6,5,1,151,0.1645832,0.33273832857142754,32.09,79.5102,12.3,934.73,903.9,6.806874383723084,6.242507250649055,3.2142496602241732,3.004093749254336
2026-06-01,21.066668,14.25,27.15,0.0,459.77368599,511.3020929299789,-82.55360670224242,31.02519976226347,0,6,0,152,0.2583351,0.33273832857142754,32.52,80.557,4.1,1027.16,903.9,13.991992172588255,-2.0755334579298506,4.321318934786916,3.775711450275429
2026-06-02,18.110415,15.6,20.9,0.0,420.51999968,511.45504793237984,-73.89761693498754,-17.037431317392304,1,6,0,153,0.0,0.33273832857142754,32.69,80.9866,8.9,657.35,903.9,31.02519976226347,0.6618981736635305,9.049995109100248,4.81588504597835
2026-06-03,18.66875,14.25,24.05,0.0,357.84559667,511.60803171692334,-140.69553988737437,-13.066895159548949,2,6,0,154,0.0,0.06041689999999898,33.0,81.75,8.4,755.11,903.9,-17.037431317392304,-2.0022768225813934,6.521519467520842,4.093046601818728
2026-06-04,17.093748,14.1,20.65,0.9062519,343.82876125999996,511.761044143615,-168.49045931731618,0.5581764337011919,3,6,0,155,0.0,0.18988145714285615,33.24,82.359,12.2,621.45,903.9,-13.066895159548949,5.693052300063982,4.940859705096906,3.012666978976739
2026-06-05,18.324999,11.5,24.05,0.0,429.62423845,511.9140850828869,-92.79183648280816,10.501989849921301,4,6,0,156,0.9062519,0.18988145714285615,33.63,83.3196,6.8,967.44,903.9,0.5581764337011919,7.173225793980805,4.207306009902221,2.385521084496768
2026-06-06,18.470833,16.0,21.6,0.0,334.30222075,512.0671544062665,-175.99346927281627,-1.7714643834501658,5,6,1,157,0.0,0.16636957142857042,33.92,84.0399,12.4,721.63,903.9,10.501989849921301,6.806874383723084,4.682843732179435,2.422350752403628
2026-06-07,19.518747,13.1,25.1,0.0,365.56583007,512.2202519806401,-155.80407701197194,9.14965510133186,6,6,1,158,0.0,0.12946455714285612,34.32,85.024,0.3,1004.89,903.9,-1.7714643834501658,13.991992172588255,3.4573667654404,1.8363304961920202
2026-06-08,18.514582,14.8,20.75,0.0,446.7499292,512.3733776722191,-81.65076838111989,16.027319908900722,0,6,0,159,0.0,0.12946455714285612,34.71,85.9904,0.0,961.12,903.9,9.14965510133186,31.02519976226347,2.7656043266894863,2.0791868425672098
2026-06-09,15.581252,11.05,19.75,2.418748,351.05563738999996,512.5265313411431,-166.36061115170776,4.8897172005646325,1,6,0,160,0.0,0.4749999857142847,35.0,86.7014,8.5,727.63,903.9,16.027319908900722,-17.037431317392304,0.6230500619233794,3.1556202584841193
2026-06-10,15.056249,11.4,19.3,2.9437513,490.60420898,512.679712837904,-23.56488388022,1.4893800223159133,2,6,0,161,2.418748,0.8955358857142848,35.28,87.3989,7.0,698.24,903.9,4.8897172005646325,-13.066895159548949,3.7554998502029417,3.0703029434053235
2026-06-11,14.816667,10.75,18.9,3.1833334,432.55575619,512.8329220088472,-88.68482749662597,8.407661677778833,3,6,0,162,2.9437513,1.2208332428571418,35.48,87.9046,7.3,499.47,903.9,1.4893800223159133,0.5581764337011919,5.8349677333264935,2.3667999627652345
2026-06-12,16.033335,13.2,20.25,1.9666653,359.27723276999996,512.9861586987488,-145.49606282525028,-8.212863103498535,4,6,0,163,3.1833334,1.5017854285714276,35.63,88.2634,32.7,398.96,903.9,8.407661677778833,10.501989849921301,6.956322768194728,2.8488220956166646
2026-06-13,13.772916,11.65,17.0,4.227084,333.39824485,513.1394227497321,-175.59795963208822,-4.143218267643874,5,6,1,164,1.9666653,2.10565457142857,35.87,88.8577,6.0,700.29,903.9,-8.212863103498535,-1.7714643834501658,4.282772346277609,2.79094887516207
2026-06-14,14.383332,11.35,18.25,3.6166677,377.33946402,513.2927140091405,-152.4077630569766,16.454513067836047,6,6,1,165,4.227084,2.6223213857142844,36.45,89.9469,10.2,1106.65,903.9,-4.143218267643874,9.14965510133186,3.9439503628213646,2.4107694067301435
2026-06-15,15.439582,9.6,20.5,2.5604181,434.48918195,513.4460323267662,-105.70647447256762,26.749624095801437,0,6,0,166,3.6166677,2.988095399999999,36.82,90.86,37.2,950.36,903.9,16.454513067836047,16.027319908900722,4.987501500893392,2.4895151001395828
2026-06-16,17.877083,10.25,23.6,0.122917175,474.43479553,513.599377541354,-59.21667854862368,20.052096537269676,1,6,0,167,2.5604181,2.6601195678571417,37.06,91.4603,55.9,664.85,903.9,26.749624095801437,4.8897172005646325,6.519259241879207,3.297124709356899
2026-06-17,23.491667,18.8,28.0,0.0,472.039774,513.752749473567,-47.37340388962268,5.660428416055765,2,6,0,168,0.122917175,2.239583667857142,37.25,91.9222,56.9,515.83,903.9,20.052096537269676,1.4893800223159133,8.685313432837072,3.5690491836175076
2026-06-18,25.670832,19.6,34.5,0.0,457.4946171,513.9061479297671,-66.72045098165492,10.308920151887833,3,6,0,169,0.0,1.7848217535714277,37.47,92.4687,7.6,570.94,903.9,5.660428416055765,8.407661677778833,9.281177489085621,2.777067484865021
2026-06-19,24.433329,20.2,30.8,0.0,429.2740694,514.0595727100797,-102.54779430007727,17.76229098999761,4,6,0,170,0.0,1.5038695678571419,37.71,93.0712,9.7,605.11,903.9,10.308920151887833,-8.212863103498535,9.552785842529763,3.420263079707492
2026-06-20,23.74375,20.05,27.5,0.0,389.1663349,514.2130236065923,-134.09731877780283,9.050630071210549,5,6,1,171,0.0,0.900000424999999,38.02,93.8411,5.4,781.4,903.9,17.76229098999761,-4.143218267643874,13.263522141600642,4.653533948676469
2026-06-21,21.622917,16.75,25.95,0.0,392.36555660000005,514.3665003999256,-135.54196112463976,13.541017324714176,6,6,1,172,0.0,0.38333361071428473,38.37,94.7005,24.7,880.11,903.9,9.050630071210549,16.454513067836047,15.148357618579846,5.38911689983359
2026-06-22,21.518751,15.25,27.15,0.0,463.79942997,514.5200028622685,-74.55441180088569,23.833838908617167,0,6,0,173,0.0,0.017559596428570415,38.73,95.5936,22.6,924.57,903.9,13.541017324714176,26.749624095801437,14.732143940991007,6.418235996321448
2026-06-23,25.05625,16.25,31.7,0.0,494.39755676,514.6735307548287,-49.049125737317425,28.77315174248872,1,6,0,174,0.0,0.0,38.99,96.2153,48.7,652.48,903.9,23.833838908617167,20.052096537269676,14.315603199964682,7.257410902759726
2026-06-24,28.585417,21.7,34.2,0.0,484.61151364999995,514.8270838213041,-43.778006998091946,13.562436826787803,2,6,0,175,0.0,0.0,39.23,96.8269,17.7,548.99,903.9,28.77315174248872,5.660428416055765,15.561468229281688,8.008432385821047
2026-06-25,27.635416,18.6,34.9,0.0,453.90497042000004,514.9806617862262,-57.97432620917911,-3.1013651570469847,3,6,0,176,0.0,0.0,39.53,97.5494,0.6,732.79,903.9,13.562436826787803,10.308920151887833,16.690326573671978,8.529698061978303
2026-06-26,31.747915,23.75,39.55,0.0,422.54050227,515.1342643643444,-107.074249166444,14.48048707209955,4,6,0,177,0.0,0.0,39.9,98.4748,0.0,935.53,903.9,-3.1013651570469847,17.76229098999761,14.774571529538434,8.404255950954619
2026-06-27,32.87083,27.5,39.75,0.0,373.03097899,515.2878912697214,-145.95967715802036,3.7027648782989218,5,6,1,178,0.0,0.0,40.27,99.3729,0.1,901.57,903.9,14.48048707209955,9.050630071210549,14.30574239841014,8.953681414110651
2026-06-28,24.543747,20.85,29.25,0.0,356.68835755000003,515.4415422094294,-179.27427457627124,20.521089916841902,6,6,1,179,0.0,0.0,40.75,100.5787,1.2,1207.66,903.9,3.7027648782989218,13.541017324714176,13.541761656565622,8.887338500051815
2026-06-29,23.508331,17.6,30.75,0.0,463.14368748000004,515.5952168848452,-96.9771946319515,44.5256652271064,0,6,0,180,0.0,0.0,41.21,101.6988,18.0,1137.93,903.9,20.521089916841902,23.833838908617167,14.53891488401244,9.332267304147186
2026-06-30,21.860415,19.2,26.0,0.0,508.17568976999996,515.7489149814842,-6.827014437798214,-0.7462107736860162,1,6,0,181,0.0,0.0,41.51,102.4446,32.8,778.67,903.9,44.5256652271064,28.77315174248872,17.494890072368044,10.589560332259962
2026-07-01,21.36458,15.45,28.0,0.0,497.25815815,515.9026361628357,4.183303474014676,-22.827781486850427,2,7,0,182,0.0,0.0,41.71,102.9307,0.5,575.32,903.9,-0.7462107736860162,13.562436826787803,13.277838284343082,10.098286900717486
2026-07-02,18.666666,14.9,22.2,0.0,383.91748244999997,516.0563800926127,-98.69332387573796,-33.44557376687476,3,7,0,183,0.0,0.0,41.98,103.6008,113.0,793.53,903.9,-22.827781486850427,-3.1013651570469847,8.07923566810905,8.303187525747024
2026-07-03,16.320833,13.2,19.65,1.6791668,364.44912683999996,516.21014645386,-117.8489546124018,-33.912065001458245,4,7,0,184,0.0,0.2398809714285704,42.16,104.0406,6.3,446.79,903.9,-33.44557376687476,14.48048707209955,3.744348723847939,7.756249444097608
2026-07-04,18.74375,14.95,22.6,0.0,312.9884081,516.3639349567532,-173.44965141884833,-29.92587543790478,5,7,1,185,1.6791668,0.2398809714285704,42.35,104.5077,7.6,471.73,903.9,-33.912065001458245,3.7027648782989218,-3.1688730009460317,7.0614104493672984
2026-07-05,16.985418,14.15,19.1,1.0145817,300.17783060000005,516.5177453395854,-211.92954942857847,-4.410365311006899,6,7,1,186,0.0,0.38482121428571325,42.62,105.1798,2.7,692.51,903.9,-29.92587543790478,20.521089916841902,-7.972964474689418,6.045275386980433
2026-07-06,19.352085,16.7,23.2,0.0,342.04707729999996,516.6715773637868,-170.42106781101128,-4.203432252775542,0,7,0,187,1.0145817,0.38482121428571325,42.88,105.8202,9.8,644.84,903.9,-4.410365311006899,44.5256652271064,-11.534600935810674,5.5481968816161595
2026-07-07,17.04792,11.6,21.75,0.9520798,360.23470892,516.825430799874,-139.03740778645366,-17.55331409342034,1,7,0,188,0.0,0.5208326142857133,43.1,106.3564,4.2,537.97,903.9,-4.203432252775542,-0.7462107736860162,-18.495900575793808,5.46713128597198
2026-07-08,18.283335,12.75,23.1,0.0,429.4537479,516.979305425567,-91.79831684463792,4.2727593190709285,2,7,0,189,0.9520798,0.5208326142857133,43.32,106.8998,6.4,538.33,903.9,-17.55331409342034,-22.827781486850427,-20.896915335755857,4.577032312813573
2026-07-09,21.2125,14.6,27.3,0.0,435.54388821,517.1332010306658,-76.66821574426942,-4.921097076396336,3,7,0,190,0.0,0.5208326142857133,43.45,107.2219,26.7,356.65,903.9,4.2727593190709285,-33.44557376687476,-17.02540950633852,4.185213626485914
2026-07-10,21.977081,15.35,28.3,0.0,422.09529256999997,517.2871174071641,-101.64474319849654,6.4529183613323085,4,7,0,191,0.0,0.2809516428571418,43.56,107.5047,19.3,289.78,903.9,-4.921097076396336,-33.912065001458245,-12.950484264841602,3.858186483920548
2026-07-11,24.472916,17.85,31.0,0.0,321.50070328,517.4410543498299,-187.7840677473592,-8.1562833224707,5,7,1,192,0.0,0.2809516428571418,43.65,107.7322,9.5,232.21,903.9,6.4529183613323085,-29.92587543790478,-7.184058070157237,4.023637761887761
2026-07-12,23.370832,17.7,28.8,0.0,313.89422409,517.595011652972,-203.68109103379737,-0.01969652917455278,6,7,1,193,0.0,0.13601139999999898,43.94,108.4502,4.2,730.16,903.9,-8.1562833224707,-4.410365311006899,-4.07411633938094,3.4715062618794432
2026-07-13,20.941668,17.5,24.75,0.0,381.98701011,517.7489891164092,-150.2195610548882,14.457582048479026,0,7,0,194,0.0,0.13601139999999898,44.26,109.2223,2.4,774.39,903.9,-0.01969652917455278,-4.203432252775542,-3.446877941976319,3.7446118143569094
2026-07-14,21.08333,15.95,25.3,0.0,390.96499952,517.9029865404885,-128.06601085724742,1.1280238367588709,1,7,0,195,0.0,0.0,44.48,109.7855,3.1,552.65,903.9,14.457582048479026,-17.55331409342034,-0.7810187560828094,4.364638491561006
2026-07-15,23.314583,16.8,29.45,0.0,418.10925967000003,518.0570037179606,-103.32312843659511,3.3753843886345294,2,7,0,196,0.0,0.0,44.65,110.1996,14.9,438.57,903.9,1.1280238367588709,4.2727593190709285,1.8877438053713635,3.853755517191767
2026-07-16,23.19375,19.85,29.35,0.0,451.84989258999997,518.2110404396071,-78.08952349273027,11.728375643123059,3,7,0,197,0.0,0.0,44.86,110.5837,5.1,389.14,903.9,3.3753843886345294,-4.921097076396336,1.7595473867375924,3.074614193619537
2026-07-17,20.35625,17.5,24.05,0.0,388.68035373000004,518.3650964934864,-122.41095492900725,-7.273787834479094,4,7,0,198,0.0,0.0,44.91,110.6923,120.9,229.87,903.9,11.728375643123059,6.4529183613323085,4.138043489526077,2.797156830481316
2026-07-18,16.939585,13.9,20.55,1.0604153,310.90538018,518.5191716624811,-167.17847193172057,-40.43531955076048,5,7,1,199,0.0,0.15148789999999898,45.02,110.9575,49.9,315.12,903.9,-7.273787834479094,-8.1562833224707,2.1770854615530197,2.366016288796821
2026-07-19,15.377082,13.1,18.45,2.6229181,287.88299036,518.6732657390187,-228.93574338042478,-1.8545319985938704,6,7,1,200,1.0604153,0.5261904857142847,45.21,111.4418,6.3,504.27,903.9,-40.43531955076048,-0.01969652917455278,-2.4342054282026635,0.6745416320418769
2026-07-20,17.414583,12.45,22.05,0.5854168,345.84371338,518.8273785394186,-193.5490662713048,20.565401111886217,0,7,0,201,2.6229181,0.6098214571428561,45.43,111.9758,7.8,538.48,903.9,-1.8545319985938704,14.457582048479026,-2.696324780976852,0.020647532422160945
2026-07-21,16.00625,12.5,19.85,1.9937496,355.16251802999994,518.9815098847835,-155.9525982738643,-7.86639358091918,1,7,0,202,0.5854168,0.8946428285714275,45.53,112.2197,39.9,274.85,903.9,20.565401111886217,1.1280238367588709,-1.82377920049011,0.4044732337780166
2026-07-22,16.15,13.2,20.05,1.8500004,391.36655858,519.1356595865951,-134.95523932375278,7.186138317157656,2,7,0,203,1.9937496,1.158928599999999,45.53,112.2205,187.4,188.15,903.9,-7.86639358091918,3.3753843886345294,-3.1086959744441174,-0.3091071297430953
2026-07-23,16.525,11.7,20.7,1.4750004,394.21100651,519.2898274586313,-121.85801917991436,-3.2208017687169104,3,7,0,204,1.8500004,1.369642942857142,45.62,112.458,18.6,265.05,903.9,7.186138317157656,11.728375643123059,-2.5643025560836707,-0.8640304827917457
2026-07-24,20.333334,12.25,27.5,0.0,373.71995737000003,519.4440133132124,-108.60192045044313,-37.122135492769246,4,7,0,205,1.4750004,1.369642942857142,45.7,112.6447,30.8,224.82,903.9,-3.2208017687169104,-7.273787834479094,-4.699899329203666,-1.9304955998319333
