date,temperature_2m_mean,temperature_2m_min,temperature_2m_max,hdd
2018-12-31 22:00:00+00:00,6.3854165,4.0,7.45,11.614584
2019-01-01 22:00:00+00:00,2.2312498,-0.75,3.8,15.76875
2019-01-02 22:00:00+00:00,-0.7187502,-2.7,2.1,18.71875
2019-01-03 22:00:00+00:00,1.1604167,-3.1,4.5,16.839582
2019-01-04 22:00:00+00:00,5.7062497,3.5,7.55,12.293751
2019-01-05 22:00:00+00:00,1.3666668,-0.6,2.85,16.633333
2019-01-06 22:00:00+00:00,2.9333334,0.15,5.05,15.066667
2019-01-07 22:00:00+00:00,4.672916,1.95,5.85,13.327084
2019-01-08 22:00:00+00:00,1.74375,1.15,2.85,16.25625
2019-01-09 22:00:00+00:00,0.76458335,-0.75,2.45,17.235416
2019-01-10 22:00:00+00:00,1.7479166,-0.9,5.25,16.252083
2019-01-11 22:00:00+00:00,3.939583,1.65,5.4,14.060417
2019-01-12 22:00:00+00:00,5.93125,4.8,7.45,12.06875
2019-01-13 22:00:00+00:00,2.1875,-0.25,5.4,15.8125
2019-01-14 22:00:00+00:00,3.0812502,0.3,6.25,14.91875
2019-01-15 22:00:00+00:00,6.091667,3.9,6.9,11.908333
2019-01-16 22:00:00+00:00,4.2000003,1.3,6.4,13.799999
2019-01-17 22:00:00+00:00,0.25625,-1.4,2.1,17.74375
2019-01-18 22:00:00+00:00,-0.6437501,-2.35,2.2,18.64375
2019-01-19 22:00:00+00:00,-3.091667,-6.05,1.1,21.091667
2019-01-20 22:00:00+00:00,-3.1666663,-4.05,-1.3,21.166666
2019-01-21 22:00:00+00:00,-3.5895827,-5.05,-0.35,21.589582
2019-01-22 22:00:00+00:00,-5.452082,-7.15,-2.25,23.452082
2019-01-23 22:00:00+00:00,-3.872917,-4.55,-3.15,21.872917
2019-01-24 22:00:00+00:00,-3.7145834,-4.55,-2.6,21.714584
2019-01-25 22:00:00+00:00,-0.1354167,-3.6,2.8,18.135416
2019-01-26 22:00:00+00:00,3.314583,2.4,5.1,14.685417
2019-01-27 22:00:00+00:00,2.63125,1.25,4.8,15.36875
2019-01-28 22:00:00+00:00,-0.085416615,-3.05,2.8,18.085417
2019-01-29 22:00:00+00:00,-0.96249986,-3.75,2.7,18.9625
2019-01-30 22:00:00+00:00,0.31666666,-1.5,3.4,17.683332
2019-01-31 22:00:00+00:00,-0.80625004,-3.6,1.65,18.80625
2019-02-01 22:00:00+00:00,0.42083338,-0.45,1.75,17.579166
2019-02-02 22:00:00+00:00,0.9416668,0.15,2.0,17.058332
2019-02-03 22:00:00+00:00,0.65,-2.0,4.7,17.35
2019-02-04 22:00:00+00:00,2.0979166,-0.5,4.2,15.902083
2019-02-05 22:00:00+00:00,2.414583,-0.15,6.2,15.585417
2019-02-06 22:00:00+00:00,2.3166666,-1.15,6.15,15.683333
2019-02-07 22:00:00+00:00,4.5708327,1.45,8.2,13.429167
2019-02-08 22:00:00+00:00,6.9750004,5.45,9.85,11.025
2019-02-09 22:00:00+00:00,6.6562495,4.15,8.5,11.34375
2019-02-10 22:00:00+00:00,4.49375,1.7,6.55,13.50625
2019-02-11 22:00:00+00:00,2.5270834,-0.1,5.35,15.472917
2019-02-12 22:00:00+00:00,5.808333,2.25,8.0,12.191668
2019-02-13 22:00:00+00:00,5.945833,2.45,9.7,12.054167
2019-02-14 22:00:00+00:00,3.4375002,-2.1,11.25,14.5625
2019-02-15 22:00:00+00:00,5.625,1.05,13.9,12.375
2019-02-16 22:00:00+00:00,4.5312505,-1.3,12.1,13.46875
2019-02-17 22:00:00+00:00,5.025,-0.75,13.0,12.975
2019-02-18 22:00:00+00:00,6.127083,3.15,9.65,11.872917
2019-02-19 22:00:00+00:00,6.333334,4.25,9.65,11.666666
2019-02-20 22:00:00+00:00,7.7624993,6.2,11.0,10.237501
2019-02-21 22:00:00+00:00,3.2104166,-2.6,8.35,14.789583
2019-02-22 22:00:00+00:00,-1.0395833,-4.75,4.05,19.039583
2019-02-23 22:00:00+00:00,1.9833335,-3.4,9.95,16.016666
2019-02-24 22:00:00+00:00,4.5916667,-1.55,12.4,13.408333
2019-02-25 22:00:00+00:00,5.7916665,2.2,11.1,12.208334
2019-02-26 22:00:00+00:00,6.372917,0.55,14.15,11.627083
2019-02-27 22:00:00+00:00,7.579166,4.8,12.35,10.420834
2019-02-28 22:00:00+00:00,4.489583,3.35,5.85,13.510417
2019-03-01 22:00:00+00:00,3.9145834,2.15,5.6,14.085417
2019-03-02 22:00:00+00:00,8.070833,4.2,10.0,9.929167
2019-03-03 22:00:00+00:00,9.53125,5.9,14.2,8.46875
2019-03-04 22:00:00+00:00,6.4250007,4.05,8.65,11.574999
2019-03-05 22:00:00+00:00,6.316666,1.3,11.15,11.683334
2019-03-06 22:00:00+00:00,10.147917,7.55,16.1,7.852083
2019-03-07 22:00:00+00:00,7.4770827,3.9,9.55,10.522917
2019-03-08 22:00:00+00:00,6.877083,4.35,11.45,11.122917
2019-03-09 22:00:00+00:00,4.891667,1.8,7.5,13.108334
2019-03-10 22:00:00+00:00,2.98125,1.1,5.55,15.01875
2019-03-11 22:00:00+00:00,4.766667,1.65,8.25,13.233334
2019-03-12 22:00:00+00:00,6.9166675,3.45,9.9,11.083332
2019-03-13 22:00:00+00:00,5.4874997,3.45,8.3,12.512501
2019-03-14 22:00:00+00:00,7.339583,5.0,9.4,10.660418
2019-03-15 22:00:00+00:00,6.733333,4.85,8.9,11.266666
2019-03-16 22:00:00+00:00,8.175,4.55,12.5,9.825
2019-03-17 22:00:00+00:00,4.9125,2.75,7.65,13.0875
2019-03-18 22:00:00+00:00,4.6562495,0.1,8.2,13.34375
2019-03-19 22:00:00+00:00,5.4916663,-1.95,11.55,12.508333
2019-03-20 22:00:00+00:00,10.20625,7.7,13.6,7.79375
2019-03-21 22:00:00+00:00,8.739583,3.6,13.45,9.260417
2019-03-22 22:00:00+00:00,10.183333,4.55,16.8,7.8166666
2019-03-23 22:00:00+00:00,6.879167,2.5,10.6,11.120832
2019-03-24 22:00:00+00:00,4.4999995,1.6,7.8,13.5
2019-03-25 22:00:00+00:00,4.80625,1.45,8.25,13.19375
2019-03-26 22:00:00+00:00,6.3520827,2.25,9.45,11.647917
2019-03-27 22:00:00+00:00,8.843749,7.45,10.9,9.156251
2019-03-28 22:00:00+00:00,9.614583,7.25,12.7,8.385417
2019-03-29 22:00:00+00:00,9.520834,2.05,16.85,8.479166
2019-03-30 22:00:00+00:00,7.9499993,2.65,11.95,10.050001
2019-03-31 22:00:00+00:00,4.3770833,-1.5,10.0,13.622917
2019-04-01 22:00:00+00:00,7.5833335,1.8,13.7,10.416666
2019-04-02 22:00:00+00:00,11.758334,6.65,17.95,6.241666
2019-04-03 22:00:00+00:00,13.347917,7.7,19.25,4.6520834
2019-04-04 22:00:00+00:00,12.395832,8.85,16.2,5.604168
2019-04-05 22:00:00+00:00,13.547916,7.5,19.95,4.4520836
2019-04-06 22:00:00+00:00,12.370833,6.5,18.2,5.6291666
2019-04-07 22:00:00+00:00,10.839583,3.85,18.2,7.1604166
2019-04-08 22:00:00+00:00,6.7687497,3.7,11.55,11.231251
2019-04-09 22:00:00+00:00,5.295833,2.25,8.65,12.704166
2019-04-10 22:00:00+00:00,3.5687501,0.6,6.65,14.43125
2019-04-11 22:00:00+00:00,3.1875,1.4,4.95,14.8125
2019-04-12 22:00:00+00:00,3.9916666,1.2,7.2,14.008333
2019-04-13 22:00:00+00:00,5.0625005,1.6,9.4,12.9375
2019-04-14 22:00:00+00:00,7.0062504,1.2,12.5,10.99375
2019-04-15 22:00:00+00:00,8.041667,1.3,14.65,9.958333
2019-04-16 22:00:00+00:00,10.343749,3.35,16.8,7.656251
2019-04-17 22:00:00+00:00,12.968749,6.45,19.9,5.031251
2019-04-18 22:00:00+00:00,14.095836,8.3,20.85,3.9041643
2019-04-19 22:00:00+00:00,12.056249,3.75,20.0,5.9437513
2019-04-20 22:00:00+00:00,13.508334,5.95,20.0,4.491666
2019-04-21 22:00:00+00:00,13.210415,7.05,18.75,4.789585
2019-04-22 22:00:00+00:00,14.416668,10.35,19.6,3.583332
2019-04-23 22:00:00+00:00,16.479168,10.85,22.5,1.5208321
2019-04-24 22:00:00+00:00,18.362501,12.8,24.2,0.0
2019-04-25 22:00:00+00:00,19.300001,14.25,25.15,0.0
2019-04-26 22:00:00+00:00,12.943751,9.7,17.15,5.0562487
2019-04-27 22:00:00+00:00,10.54375,8.3,12.95,7.45625
2019-04-28 22:00:00+00:00,10.929168,6.9,16.7,7.0708323
2019-04-29 22:00:00+00:00,10.46875,4.65,17.3,7.53125
2019-04-30 22:00:00+00:00,12.081249,8.45,17.15,5.918751
2019-05-01 22:00:00+00:00,10.529166,6.8,14.05,7.470834
2019-05-02 22:00:00+00:00,8.583334,6.35,10.65,9.416666
2019-05-03 22:00:00+00:00,6.352083,3.65,10.25,11.647917
2019-05-04 22:00:00+00:00,6.702083,0.2,11.4,11.297916
2019-05-05 22:00:00+00:00,7.4,2.25,11.35,10.6
2019-05-06 22:00:00+00:00,8.370832,4.95,12.25,9.629168
2019-05-07 22:00:00+00:00,10.96875,1.65,17.95,7.03125
2019-05-08 22:00:00+00:00,13.03125,10.65,16.75,4.96875
2019-05-09 22:00:00+00:00,12.279168,8.2,16.7,5.720832
2019-05-10 22:00:00+00:00,10.577085,5.3,14.95,7.4229155
2019-05-11 22:00:00+00:00,10.902083,7.8,15.7,7.0979166
2019-05-12 22:00:00+00:00,9.772918,4.65,14.6,8.227082
2019-05-13 22:00:00+00:00,8.704166,4.1,13.4,9.295834
2019-05-14 22:00:00+00:00,8.587501,3.15,13.4,9.412499
2019-05-15 22:00:00+00:00,9.975,7.15,13.65,8.025
2019-05-16 22:00:00+00:00,12.720834,5.4,18.6,5.279166
2019-05-17 22:00:00+00:00,16.847916,10.3,22.65,1.1520844
2019-05-18 22:00:00+00:00,17.6625,10.25,23.65,0.33749962
2019-05-19 22:00:00+00:00,18.424997,13.95,24.6,0.0
2019-05-20 22:00:00+00:00,17.722918,12.05,22.4,0.27708244
2019-05-21 22:00:00+00:00,13.668751,11.95,15.55,4.331249
2019-05-22 22:00:00+00:00,14.0125,8.55,19.35,3.9875002
2019-05-23 22:00:00+00:00,16.414583,8.3,22.15,1.5854168
2019-05-24 22:00:00+00:00,14.499999,10.95,17.9,3.500001
2019-05-25 22:00:00+00:00,15.793751,8.5,22.25,2.2062492
2019-05-26 22:00:00+00:00,17.181253,15.25,19.45,0.81874657
2019-05-27 22:00:00+00:00,15.575,11.8,18.9,2.4250002
2019-05-28 22:00:00+00:00,12.677082,8.45,16.45,5.322918
2019-05-29 22:00:00+00:00,15.439583,6.65,22.9,2.5604172
2019-05-30 22:00:00+00:00,18.862501,13.4,23.95,0.0
2019-05-31 22:00:00+00:00,21.391665,14.65,28.05,0.0
2019-06-01 22:00:00+00:00,23.55625,15.4,30.5,0.0
2019-06-02 22:00:00+00:00,27.081247,19.6,33.55,0.0
2019-06-03 22:00:00+00:00,24.787498,17.65,30.35,0.0
2019-06-04 22:00:00+00:00,27.143751,19.75,32.75,0.0
2019-06-05 22:00:00+00:00,23.391668,16.4,29.75,0.0
2019-06-06 22:00:00+00:00,19.4875,14.35,25.6,0.0
2019-06-07 22:00:00+00:00,19.108334,15.55,22.45,0.0
2019-06-08 22:00:00+00:00,19.672915,12.25,25.8,0.0
2019-06-09 22:00:00+00:00,22.304161,16.5,27.55,0.0
2019-06-10 22:00:00+00:00,22.952085,17.4,28.75,0.0
2019-06-11 22:00:00+00:00,23.987501,18.5,33.05,0.0
2019-06-12 22:00:00+00:00,20.05625,15.3,25.45,0.0
2019-06-13 22:00:00+00:00,23.539583,14.7,30.3,0.0
2019-06-14 22:00:00+00:00,25.37292,21.05,32.4,0.0
2019-06-15 22:00:00+00:00,19.562502,15.4,23.95,0.0
2019-06-16 22:00:00+00:00,21.016668,14.3,26.35,0.0
2019-06-17 22:00:00+00:00,24.112503,16.8,29.7,0.0
2019-06-18 22:00:00+00:00,24.706251,17.95,30.9,0.0
2019-06-19 22:00:00+00:00,22.768751,19.0,27.4,0.0
2019-06-20 22:00:00+00:00,20.879166,17.05,24.2,0.0
2019-06-21 22:00:00+00:00,20.383333,14.4,24.95,0.0
2019-06-22 22:00:00+00:00,21.754166,15.25,27.65,0.0
2019-06-23 22:00:00+00:00,23.522917,16.2,29.05,0.0
2019-06-24 22:00:00+00:00,27.268751,19.75,33.6,0.0
2019-06-25 22:00:00+00:00,29.49792,22.1,36.3,0.0
2019-06-26 22:00:00+00:00,20.574997,15.95,25.05,0.0
2019-06-27 22:00:00+00:00,19.5375,14.8,24.25,0.0
2019-06-28 22:00:00+00:00,22.84375,13.3,30.4,0.0
2019-06-29 22:00:00+00:00,28.208334,16.9,37.35,0.0
2019-06-30 22:00:00+00:00,23.083334,18.0,27.55,0.0
2019-07-01 22:00:00+00:00,18.366667,14.95,22.2,0.0
2019-07-02 22:00:00+00:00,15.814584,10.5,18.9,2.1854162
2019-07-03 22:00:00+00:00,17.181252,10.9,22.05,0.8187485
2019-07-04 22:00:00+00:00,17.93958,15.75,20.9,0.060419083
2019-07-05 22:00:00+00:00,18.168753,14.25,23.2,0.0
2019-07-06 22:00:00+00:00,15.143749,11.5,17.75,2.8562508
2019-07-07 22:00:00+00:00,14.379166,10.75,18.7,3.6208344
2019-07-08 22:00:00+00:00,15.3625,11.05,18.1,2.6374998
2019-07-09 22:00:00+00:00,16.835417,11.05,21.25,1.1645832
2019-07-10 22:00:00+00:00,18.643751,11.1,24.2,0.0
2019-07-11 22:00:00+00:00,17.460419,15.95,19.25,0.5395813
2019-07-12 22:00:00+00:00,19.633333,14.5,24.35,0.0
2019-07-13 22:00:00+00:00,18.239584,14.9,22.45,0.0
2019-07-14 22:00:00+00:00,16.685417,14.6,18.7,1.3145828
2019-07-15 22:00:00+00:00,17.364584,14.25,20.8,0.63541603
2019-07-16 22:00:00+00:00,18.175001,11.95,22.85,0.0
2019-07-17 22:00:00+00:00,20.189583,13.0,25.6,0.0
2019-07-18 22:00:00+00:00,21.602083,16.9,24.6,0.0
2019-07-19 22:00:00+00:00,23.431252,14.75,29.8,0.0
2019-07-20 22:00:00+00:00,21.775,16.4,26.15,0.0
2019-07-21 22:00:00+00:00,20.656252,15.8,25.1,0.0
2019-07-22 22:00:00+00:00,23.777082,17.35,30.2,0.0
2019-07-23 22:00:00+00:00,25.783335,17.55,32.85,0.0
2019-07-24 22:00:00+00:00,27.024994,19.45,34.05,0.0
2019-07-25 22:00:00+00:00,25.485415,19.95,30.8,0.0
2019-07-26 22:00:00+00:00,24.002083,19.4,27.9,0.0
2019-07-27 22:00:00+00:00,25.320833,19.05,30.65,0.0
2019-07-28 22:00:00+00:00,27.639582,23.3,33.45,0.0
2019-07-29 22:00:00+00:00,24.402082,20.55,29.8,0.0
2019-07-30 22:00:00+00:00,21.058332,16.7,26.4,0.0
2019-07-31 22:00:00+00:00,19.293749,15.2,24.1,0.0
2019-08-01 22:00:00+00:00,18.6,13.7,23.85,0.0
2019-08-02 22:00:00+00:00,19.335419,14.75,24.5,0.0
2019-08-03 22:00:00+00:00,19.570833,15.0,23.85,0.0
2019-08-04 22:00:00+00:00,19.843752,13.75,25.0,0.0
2019-08-05 22:00:00+00:00,21.485415,16.3,27.4,0.0
2019-08-06 22:00:00+00:00,20.464582,16.35,24.25,0.0
2019-08-07 22:00:00+00:00,20.585417,15.55,25.75,0.0
2019-08-08 22:00:00+00:00,21.252083,14.9,27.0,0.0
2019-08-09 22:00:00+00:00,23.029167,19.35,27.15,0.0
2019-08-10 22:00:00+00:00,22.856249,17.65,27.3,0.0
2019-08-11 22:00:00+00:00,20.662502,18.0,23.7,0.0
2019-08-12 22:00:00+00:00,18.295832,15.2,21.85,0.0
2019-08-13 22:00:00+00:00,16.425001,11.8,20.9,1.5749989
2019-08-14 22:00:00+00:00,17.358334,11.35,22.5,0.6416664
2019-08-15 22:00:00+00:00,18.531248,14.9,22.15,0.0
2019-08-16 22:00:00+00:00,20.310415,14.85,26.75,0.0
2019-08-17 22:00:00+00:00,20.906248,18.1,25.55,0.0
2019-08-18 22:00:00+00:00,19.550001,15.75,23.55,0.0
2019-08-19 22:00:00+00:00,19.099998,12.7,24.45,0.0
2019-08-20 22:00:00+00:00,18.697916,14.65,23.25,0.0
2019-08-21 22:00:00+00:00,19.404167,10.85,26.35,0.0
2019-08-22 22:00:00+00:00,21.554167,14.0,27.75,0.0
2019-08-23 22:00:00+00:00,22.508333,14.45,29.05,0.0
2019-08-24 22:00:00+00:00,24.866669,19.85,29.95,0.0
2019-08-25 22:00:00+00:00,25.154167,18.55,30.95,0.0
2019-08-26 22:00:00+00:00,25.227087,20.1,30.55,0.0
2019-08-27 22:00:00+00:00,25.872911,20.2,32.1,0.0
2019-08-28 22:00:00+00:00,24.074999,17.55,30.05,0.0
2019-08-29 22:00:00+00:00,23.656252,18.85,29.05,0.0
2019-08-30 22:00:00+00:00,26.183332,19.35,32.5,0.0
2019-08-31 22:00:00+00:00,24.527079,19.8,29.25,0.0
2019-09-01 22:00:00+00:00,17.772917,13.95,21.0,0.2270832
2019-09-02 22:00:00+00:00,16.020834,10.4,20.25,1.979166
2019-09-03 22:00:00+00:00,19.327082,13.05,27.0,0.0
2019-09-04 22:00:00+00:00,18.070833,14.95,22.1,0.0
2019-09-05 22:00:00+00:00,15.010415,9.65,20.2,2.989585
2019-09-06 22:00:00+00:00,14.877082,8.85,19.95,3.1229181
2019-09-07 22:00:00+00:00,15.59375,10.35,20.1,2.40625
2019-09-08 22:00:00+00:00,13.912498,13.1,14.85,4.0875015
2019-09-09 22:00:00+00:00,15.241668,12.55,19.25,2.7583323
2019-09-10 22:00:00+00:00,15.964584,8.85,21.9,2.0354156
2019-09-11 22:00:00+00:00,17.64375,14.25,21.3,0.35625076
2019-09-12 22:00:00+00:00,17.195833,13.6,20.25,0.8041668
2019-09-13 22:00:00+00:00,13.629166,8.8,18.35,4.3708344
2019-09-14 22:00:00+00:00,16.327082,9.45,22.95,1.6729183
2019-09-15 22:00:00+00:00,14.145835,12.05,16.45,3.854165
2019-09-16 22:00:00+00:00,11.83125,10.05,15.8,6.16875
2019-09-17 22:00:00+00:00,11.595833,7.4,15.7,6.404167
2019-09-18 22:00:00+00:00,11.362499,7.05,16.15,6.637501
2019-09-19 22:00:00+00:00,11.408334,6.45,16.15,6.591666
2019-09-20 22:00:00+00:00,14.14375,8.35,20.35,3.8562498
2019-09-21 22:00:00+00:00,15.808333,8.7,24.0,2.1916666
2019-09-22 22:00:00+00:00,16.133333,9.7,22.8,1.8666668
2019-09-23 22:00:00+00:00,15.822917,12.75,18.75,2.177083
2019-09-24 22:00:00+00:00,14.739583,12.6,17.65,3.260417
2019-09-25 22:00:00+00:00,14.739583,9.3,19.7,3.260417
2019-09-26 22:00:00+00:00,15.243749,12.15,17.25,2.7562513
2019-09-27 22:00:00+00:00,14.464584,12.0,18.4,3.5354156
2019-09-28 22:00:00+00:00,14.752083,13.3,16.05,3.2479172
2019-09-29 22:00:00+00:00,14.537499,12.7,15.55,3.4625006
2019-09-30 22:00:00+00:00,13.781251,11.5,16.95,4.218749
2019-10-01 22:00:00+00:00,10.572917,7.7,13.5,7.427083
2019-10-02 22:00:00+00:00,9.675001,7.45,12.4,8.324999
2019-10-03 22:00:00+00:00,8.743751,4.8,12.6,9.256249
2019-10-04 22:00:00+00:00,8.772916,5.95,11.65,9.227084
2019-10-05 22:00:00+00:00,6.6979165,3.25,10.85,11.302084
2019-10-06 22:00:00+00:00,5.564583,0.1,11.1,12.435417
2019-10-07 22:00:00+00:00,9.289583,4.65,12.55,8.710417
2019-10-08 22:00:00+00:00,11.983331,9.95,15.5,6.0166693
2019-10-09 22:00:00+00:00,11.252084,9.7,13.8,6.747916
2019-10-10 22:00:00+00:00,12.679168,9.5,15.6,5.3208323
2019-10-11 22:00:00+00:00,16.064583,14.05,19.3,1.9354172
2019-10-12 22:00:00+00:00,18.345833,14.15,23.15,0.0
2019-10-13 22:00:00+00:00,18.479166,15.35,21.2,0.0
2019-10-14 22:00:00+00:00,15.3875,12.25,20.4,2.6125002
2019-10-15 22:00:00+00:00,11.729165,9.15,14.55,6.270835
2019-10-16 22:00:00+00:00,13.66875,10.35,17.2,4.33125
2019-10-17 22:00:00+00:00,14.618752,11.2,18.8,3.3812485
2019-10-18 22:00:00+00:00,11.756248,9.2,15.25,6.2437515
2019-10-19 22:00:00+00:00,14.049999,11.2,19.0,3.9500008
2019-10-20 22:00:00+00:00,13.904166,11.05,18.05,4.095834
2019-10-21 22:00:00+00:00,13.156251,9.15,16.85,4.843749
2019-10-22 22:00:00+00:00,11.625,6.15,17.2,6.375
2019-10-23 22:00:00+00:00,13.574998,12.05,16.65,4.425002
2019-10-24 22:00:00+00:00,13.59375,11.3,17.4,4.40625
2019-10-25 22:00:00+00:00,14.068749,11.05,17.55,3.9312506
2019-10-26 22:00:00+00:00,12.337501,7.4,16.1,5.6624994
2019-10-27 22:00:00+00:00,8.208335,6.1,11.65,9.791665
2019-10-28 22:00:00+00:00,5.8562503,2.6,9.65,12.143749
2019-10-29 22:00:00+00:00,3.2770834,-1.0,8.1,14.722917
2019-10-30 22:00:00+00:00,0.7666666,-3.0,6.2,17.233334
2019-10-31 22:00:00+00:00,1.9583334,-2.25,6.4,16.041666
2019-11-01 22:00:00+00:00,10.2625,4.25,14.9,7.7375
2019-11-02 22:00:00+00:00,10.933333,7.7,12.45,7.0666666
2019-11-03 22:00:00+00:00,9.472917,7.65,11.9,8.527083
2019-11-04 22:00:00+00:00,8.468749,7.2,10.8,9.531251
2019-11-05 22:00:00+00:00,7.7166657,6.2,8.6,10.283335
2019-11-06 22:00:00+00:00,7.7062497,5.2,10.75,10.293751
2019-11-07 22:00:00+00:00,7.0520835,3.4,9.85,10.947916
2019-11-08 22:00:00+00:00,6.989584,4.35,8.3,11.010416
2019-11-09 22:00:00+00:00,3.9333334,0.55,8.0,14.066667
2019-11-10 22:00:00+00:00,2.7854166,0.05,6.8,15.214583
2019-11-11 22:00:00+00:00,3.9750001,0.45,7.95,14.025
2019-11-12 22:00:00+00:00,4.410417,2.65,6.3,13.589582
2019-11-13 22:00:00+00:00,4.333333,2.15,8.05,13.666667
2019-11-14 22:00:00+00:00,6.625,2.15,10.0,11.375
2019-11-15 22:00:00+00:00,6.6062493,2.95,8.9,11.393751
2019-11-16 22:00:00+00:00,4.3354163,-0.95,9.85,13.664583
2019-11-17 22:00:00+00:00,8.916667,4.85,12.35,9.083333
2019-11-18 22:00:00+00:00,6.1458335,4.25,8.8,11.854166
2019-11-19 22:00:00+00:00,5.2354164,4.85,5.55,12.764584
2019-11-20 22:00:00+00:00,7.3770823,5.4,9.35,10.622917
2019-11-21 22:00:00+00:00,8.485416,7.0,10.05,9.514584
2019-11-22 22:00:00+00:00,8.027083,6.7,9.9,9.972917
2019-11-23 22:00:00+00:00,5.3583336,3.35,8.85,12.641666
2019-11-24 22:00:00+00:00,4.0020833,2.0,5.8,13.997917
2019-11-25 22:00:00+00:00,5.7979164,4.35,7.2,12.202084
2019-11-26 22:00:00+00:00,6.170833,4.2,7.6,11.829166
2019-11-27 22:00:00+00:00,9.143749,6.4,11.45,8.856251
2019-11-28 22:00:00+00:00,5.975,3.0,8.85,12.025
2019-11-29 22:00:00+00:00,1.2833332,-1.85,5.0,16.716667
2019-11-30 22:00:00+00:00,1.2416667,-1.2,3.3,16.758333
2019-12-01 22:00:00+00:00,2.84375,1.25,5.25,15.15625
2019-12-02 22:00:00+00:00,2.3958333,-1.5,5.0,15.604167
2019-12-03 22:00:00+00:00,4.120833,-0.25,6.5,13.879168
2019-12-04 22:00:00+00:00,0.5291667,-1.4,4.35,17.470833
2019-12-05 22:00:00+00:00,2.0604167,-1.15,4.7,15.939583
2019-12-06 22:00:00+00:00,7.1562514,5.0,8.85,10.843748
2019-12-07 22:00:00+00:00,8.122916,5.55,10.6,9.877084
2019-12-08 22:00:00+00:00,6.985417,5.1,8.7,11.014584
2019-12-09 22:00:00+00:00,2.7875001,0.55,5.2,15.2125
2019-12-10 22:00:00+00:00,2.5124998,0.2,4.25,15.4875
2019-12-11 22:00:00+00:00,2.6812503,1.65,4.35,15.318749
2019-12-12 22:00:00+00:00,1.1145833,-0.65,2.9,16.885416
2019-12-13 22:00:00+00:00,2.8791666,0.1,4.4,15.120833
2019-12-14 22:00:00+00:00,5.400001,1.75,8.85,12.599998
2019-12-15 22:00:00+00:00,5.8729167,3.75,8.0,12.127083
2019-12-16 22:00:00+00:00,7.5916667,4.25,11.35,10.408333
2019-12-17 22:00:00+00:00,8.504167,1.2,14.6,9.495833
2019-12-18 22:00:00+00:00,5.0499997,0.8,8.65,12.950001
2019-12-19 22:00:00+00:00,6.1229157,3.55,9.5,11.877085
2019-12-20 22:00:00+00:00,6.6333337,2.35,8.8,11.366667
2019-12-21 22:00:00+00:00,3.0958335,0.9,5.15,14.904166
2019-12-22 22:00:00+00:00,5.891667,3.95,7.6,12.108334
2019-12-23 22:00:00+00:00,5.535417,4.5,7.05,12.464582
2019-12-24 22:00:00+00:00,5.1687503,4.55,6.05,12.831249
2019-12-25 22:00:00+00:00,3.914584,2.8,5.6,14.085416
2019-12-26 22:00:00+00:00,2.9750001,0.75,3.95,15.025
2019-12-27 22:00:00+00:00,0.18333328,-2.65,2.1,17.816668
2019-12-28 22:00:00+00:00,-0.9208332,-3.7,1.35,18.920834
2019-12-29 22:00:00+00:00,3.5270834,0.35,6.9,14.472917
2019-12-30 22:00:00+00:00,5.2270827,2.7,7.25,12.772917
2019-12-31 22:00:00+00:00,1.0791667,-1.1,4.0,16.920834
2020-01-01 22:00:00+00:00,-0.52708334,-3.75,5.25,18.527082
2020-01-02 22:00:00+00:00,4.014584,-1.45,6.3,13.985416
2020-01-03 22:00:00+00:00,3.9604168,2.1,6.25,14.039583
2020-01-04 22:00:00+00:00,1.0416666,-1.9,3.7,16.958334
2020-01-05 22:00:00+00:00,3.65625,2.0,5.05,14.34375
2020-01-06 22:00:00+00:00,2.2333336,-1.3,5.05,15.766666
2020-01-07 22:00:00+00:00,5.629167,2.55,7.8,12.370832
2020-01-08 22:00:00+00:00,7.777083,6.4,9.4,10.222918
2020-01-09 22:00:00+00:00,9.072917,6.0,10.55,8.927083
2020-01-10 22:00:00+00:00,4.8229165,2.65,6.1,13.177084
2020-01-11 22:00:00+00:00,3.1833334,0.7,6.45,14.816667
2020-01-12 22:00:00+00:00,5.6562495,2.4,7.25,12.34375
2020-01-13 22:00:00+00:00,7.1895833,2.7,10.55,10.810417
2020-01-14 22:00:00+00:00,10.183335,8.6,12.1,7.8166647
2020-01-15 22:00:00+00:00,6.606251,3.7,9.75,11.393749
2020-01-16 22:00:00+00:00,4.0812507,2.1,8.25,13.918749
2020-01-17 22:00:00+00:00,5.2999997,1.65,7.15,12.700001
2020-01-18 22:00:00+00:00,3.3791666,1.3,5.3,14.620833
2020-01-19 22:00:00+00:00,2.0104167,-1.25,3.45,15.989583
2020-01-20 22:00:00+00:00,2.0083334,-0.2,5.3,15.991667
2020-01-21 22:00:00+00:00,3.2375,0.3,5.75,14.7625
2020-01-22 22:00:00+00:00,2.3562498,-0.95,5.3,15.64375
2020-01-23 22:00:00+00:00,0.11874998,-2.4,3.3,17.88125
2020-01-24 22:00:00+00:00,0.78749996,-0.15,2.45,17.2125
2020-01-25 22:00:00+00:00,0.09166663,-1.3,2.2,17.908333
2020-01-26 22:00:00+00:00,4.2999997,0.85,8.25,13.700001
2020-01-27 22:00:00+00:00,5.5166664,2.9,8.5,12.483334
2020-01-28 22:00:00+00:00,3.572916,1.95,5.8,14.427084
2020-01-29 22:00:00+00:00,4.8937497,2.4,7.6,13.106251
2020-01-30 22:00:00+00:00,9.077084,5.35,11.0,8.922916
2020-01-31 22:00:00+00:00,10.495832,8.7,11.45,7.5041676
2020-02-01 22:00:00+00:00,7.3416667,5.7,8.4,10.658333
2020-02-02 22:00:00+00:00,7.0750003,5.55,9.75,10.924999
2020-02-03 22:00:00+00:00,5.0416665,3.15,7.0,12.958334
2020-02-04 22:00:00+00:00,2.5729167,0.55,4.75,15.427083
2020-02-05 22:00:00+00:00,3.929167,0.8,5.65,14.070833
2020-02-06 22:00:00+00:00,5.5479164,4.5,7.1,12.452084
2020-02-07 22:00:00+00:00,4.5416665,1.5,8.25,13.458334
2020-02-08 22:00:00+00:00,8.085416,4.3,11.9,9.914584
2020-02-09 22:00:00+00:00,7.568751,3.8,12.65,10.43125
2020-02-10 22:00:00+00:00,4.3625,2.75,6.4,13.6375
2020-02-11 22:00:00+00:00,3.7770832,2.15,5.9,14.222917
2020-02-12 22:00:00+00:00,3.4875,0.65,5.85,14.5125
2020-02-13 22:00:00+00:00,3.9520833,1.6,6.45,14.047916
2020-02-14 22:00:00+00:00,5.235417,1.95,9.05,12.764584
2020-02-15 22:00:00+00:00,11.295833,6.35,15.75,6.7041674
2020-02-16 22:00:00+00:00,9.939583,6.55,15.9,8.060417
2020-02-17 22:00:00+00:00,6.506249,5.45,8.0,11.493752
2020-02-18 22:00:00+00:00,4.8645835,3.1,6.75,13.135416
2020-02-19 22:00:00+00:00,4.220834,0.45,6.55,13.779166
2020-02-20 22:00:00+00:00,5.9187503,3.7,7.7,12.081249
2020-02-21 22:00:00+00:00,7.912501,5.1,11.4,10.0875
2020-02-22 22:00:00+00:00,6.6145825,4.7,7.5,11.385418
2020-02-23 22:00:00+00:00,4.989584,3.45,7.15,13.010416
2020-02-24 22:00:00+00:00,8.014584,4.65,9.75,9.985416
2020-02-25 22:00:00+00:00,2.7625,1.6,4.35,15.2375
2020-02-26 22:00:00+00:00,2.6229167,1.05,5.65,15.377083
2020-02-27 22:00:00+00:00,2.9229164,-0.15,7.15,15.077084
2020-02-28 22:00:00+00:00,6.4395833,1.55,11.8,11.560417
2020-02-29 22:00:00+00:00,6.762501,3.75,9.9,11.237499
2020-03-01 22:00:00+00:00,5.9208336,3.5,9.0,12.079166
2020-03-02 22:00:00+00:00,4.3624997,2.5,6.55,13.637501
2020-03-03 22:00:00+00:00,3.6479168,0.6,7.9,14.352083
2020-03-04 22:00:00+00:00,4.4,-1.05,10.0,13.6
2020-03-05 22:00:00+00:00,5.3145833,3.9,7.5,12.685417
2020-03-06 22:00:00+00:00,4.5208335,2.15,6.6,13.479166
2020-03-07 22:00:00+00:00,5.052084,0.45,9.8,12.947916
2020-03-08 22:00:00+00:00,6.9958344,5.05,9.95,11.004166
2020-03-09 22:00:00+00:00,5.508333,2.65,8.7,12.491667
2020-03-10 22:00:00+00:00,9.591667,7.4,12.1,8.408333
2020-03-11 22:00:00+00:00,9.647918,5.15,12.4,8.352082
2020-03-12 22:00:00+00:00,5.8874993,3.6,9.25,12.112501
2020-03-13 22:00:00+00:00,2.7270834,-2.5,6.7,15.272917
2020-03-14 22:00:00+00:00,4.977083,-0.4,11.3,13.022917
2020-03-15 22:00:00+00:00,7.9291673,2.8,15.5,10.070833
2020-03-16 22:00:00+00:00,8.058332,1.85,14.55,9.941668
2020-03-17 22:00:00+00:00,10.389585,5.1,15.65,7.6104155
2020-03-18 22:00:00+00:00,10.033334,7.3,13.45,7.966666
2020-03-19 22:00:00+00:00,6.795834,5.1,8.85,11.204166
2020-03-20 22:00:00+00:00,3.6812503,0.5,5.8,14.318749
2020-03-21 22:00:00+00:00,1.0291668,-2.9,4.85,16.970833
2020-03-22 22:00:00+00:00,-0.18541664,-4.65,4.8,18.185417
2020-03-23 22:00:00+00:00,0.65833336,-4.5,6.35,17.341667
2020-03-24 22:00:00+00:00,2.0520833,-2.8,8.0,15.947917
2020-03-25 22:00:00+00:00,4.1125,-1.6,9.8,13.8875
2020-03-26 22:00:00+00:00,7.9312496,2.45,14.7,10.06875
2020-03-27 22:00:00+00:00,7.183333,1.4,13.5,10.816668
2020-03-28 22:00:00+00:00,2.8500001,-1.65,5.05,15.15
2020-03-29 22:00:00+00:00,-0.23333351,-4.0,3.1,18.233334
2020-03-30 22:00:00+00:00,0.7208333,-2.75,3.75,17.279167
2020-03-31 22:00:00+00:00,3.122917,-2.05,8.45,14.877083
2020-04-01 22:00:00+00:00,6.0020833,2.15,9.05,11.997917
2020-04-02 22:00:00+00:00,6.8937507,2.3,9.9,11.106249
2020-04-03 22:00:00+00:00,6.7229176,1.8,11.25,11.277082
2020-04-04 22:00:00+00:00,7.75,0.9,15.0,10.25
2020-04-05 22:00:00+00:00,11.70625,4.8,20.05,6.29375
2020-04-06 22:00:00+00:00,11.810417,5.3,18.55,6.189583
2020-04-07 22:00:00+00:00,12.327083,5.1,20.85,5.6729174
2020-04-08 22:00:00+00:00,11.745833,7.2,17.55,6.2541666
2020-04-09 22:00:00+00:00,8.662499,2.2,14.6,9.337501
2020-04-10 22:00:00+00:00,7.6645837,0.5,14.15,10.335417
2020-04-11 22:00:00+00:00,12.302083,2.6,21.75,5.697917
2020-04-12 22:00:00+00:00,7.7875004,2.8,10.7,10.2125
2020-04-13 22:00:00+00:00,5.697916,0.35,9.75,12.302084
2020-04-14 22:00:00+00:00,8.804166,4.5,14.5,9.195834
2020-04-15 22:00:00+00:00,11.066667,4.75,16.7,6.9333334
2020-04-16 22:00:00+00:00,10.612499,4.75,15.8,7.387501
2020-04-17 22:00:00+00:00,10.014583,3.9,16.1,7.9854174
2020-04-18 22:00:00+00:00,8.933334,4.9,12.75,9.066666
2020-04-19 22:00:00+00:00,9.195833,3.2,14.75,8.804167
2020-04-20 22:00:00+00:00,10.931251,5.05,16.6,7.0687494
2020-04-21 22:00:00+00:00,12.120834,5.65,18.1,5.8791656
2020-04-22 22:00:00+00:00,13.435416,5.55,20.35,4.564584
2020-04-23 22:00:00+00:00,14.270833,6.7,21.55,3.729167
2020-04-24 22:00:00+00:00,10.979167,7.85,14.15,7.020833
2020-04-25 22:00:00+00:00,12.189583,6.95,17.15,5.810417
2020-04-26 22:00:00+00:00,13.681252,4.1,21.7,4.3187485
2020-04-27 22:00:00+00:00,15.783334,8.4,22.55,2.2166662
2020-04-28 22:00:00+00:00,12.239583,8.95,17.05,5.760417
2020-04-29 22:00:00+00:00,13.327083,8.7,17.45,4.6729174
2020-04-30 22:00:00+00:00,13.039582,9.25,16.7,4.9604177
2020-05-01 22:00:00+00:00,10.697917,7.7,15.35,7.302083
2020-05-02 22:00:00+00:00,10.547916,6.5,14.5,7.4520836
2020-05-03 22:00:00+00:00,9.349999,6.15,12.6,8.650001
2020-05-04 22:00:00+00:00,7.722917,3.35,11.85,10.277082
2020-05-05 22:00:00+00:00,10.5125,4.8,16.0,7.4875
2020-05-06 22:00:00+00:00,10.506249,5.8,15.75,7.4937506
2020-05-07 22:00:00+00:00,13.364583,5.9,20.4,4.635417
2020-05-08 22:00:00+00:00,15.252086,7.7,21.75,2.7479143
2020-05-09 22:00:00+00:00,17.547915,11.25,23.6,0.4520855
2020-05-10 22:00:00+00:00,8.345833,3.75,15.45,9.654167
2020-05-11 22:00:00+00:00,6.8104157,0.9,11.1,11.189585
2020-05-12 22:00:00+00:00,9.625,5.3,13.5,8.375
2020-05-13 22:00:00+00:00,9.350001,5.1,14.0,8.649999
2020-05-14 22:00:00+00:00,9.191668,1.55,14.55,8.808332
2020-05-15 22:00:00+00:00,11.014583,5.75,14.55,6.9854174
2020-05-16 22:00:00+00:00,13.308333,9.05,17.55,4.6916666
2020-05-17 22:00:00+00:00,15.464585,11.35,21.15,2.5354147
2020-05-18 22:00:00+00:00,14.4333315,11.5,18.65,3.5666685
2020-05-19 22:00:00+00:00,14.681251,9.4,20.0,3.3187494
2020-05-20 22:00:00+00:00,14.352082,6.9,19.9,3.6479177
2020-05-21 22:00:00+00:00,17.241667,10.0,22.5,0.7583332
2020-05-22 22:00:00+00:00,15.6604185,12.45,19.05,2.3395815
2020-05-23 22:00:00+00:00,12.389583,8.8,16.1,5.6104174
2020-05-24 22:00:00+00:00,11.495833,9.75,13.85,6.5041666
2020-05-25 22:00:00+00:00,13.554165,6.65,19.15,4.445835
2020-05-26 22:00:00+00:00,14.812499,5.9,20.75,3.187501
2020-05-27 22:00:00+00:00,14.712499,10.85,19.3,3.2875013
2020-05-28 22:00:00+00:00,14.041665,7.25,19.55,3.958335
2020-05-29 22:00:00+00:00,13.439582,8.15,17.0,4.560418
2020-05-30 22:00:00+00:00,15.385417,10.3,21.35,2.614583
2020-05-31 22:00:00+00:00,16.420834,8.8,23.35,1.5791664
2020-06-01 22:00:00+00:00,19.197916,10.4,26.35,0.0
2020-06-02 22:00:00+00:00,18.345833,10.7,23.9,0.0
2020-06-03 22:00:00+00:00,17.79375,13.3,24.6,0.20624924
2020-06-04 22:00:00+00:00,14.454166,12.2,17.3,3.5458336
2020-06-05 22:00:00+00:00,14.04375,8.75,18.4,3.9562502
2020-06-06 22:00:00+00:00,14.862498,9.75,19.4,3.1375017
2020-06-07 22:00:00+00:00,15.95625,8.9,20.35,2.0437498
2020-06-08 22:00:00+00:00,17.22083,11.2,21.5,0.7791691
2020-06-09 22:00:00+00:00,16.406252,11.4,21.45,1.5937481
2020-06-10 22:00:00+00:00,17.093752,14.7,20.0,0.9062481
2020-06-11 22:00:00+00:00,20.093752,13.25,26.1,0.0
2020-06-12 22:00:00+00:00,23.44375,19.0,28.05,0.0
2020-06-13 22:00:00+00:00,21.25625,17.7,24.35,0.0
2020-06-14 22:00:00+00:00,19.541666,14.8,24.15,0.0
2020-06-15 22:00:00+00:00,19.706251,12.4,25.5,0.0
2020-06-16 22:00:00+00:00,22.214582,14.8,27.65,0.0
2020-06-17 22:00:00+00:00,21.458334,16.8,25.7,0.0
2020-06-18 22:00:00+00:00,18.025,15.85,20.6,0.0
2020-06-19 22:00:00+00:00,16.977083,15.45,19.3,1.0229168
2020-06-20 22:00:00+00:00,17.641668,14.45,22.75,0.35833168
2020-06-21 22:00:00+00:00,19.143751,11.6,25.1,0.0
2020-06-22 22:00:00+00:00,18.772917,12.65,23.7,0.0
2020-06-23 22:00:00+00:00,19.58542,12.55,24.6,0.0
2020-06-24 22:00:00+00:00,22.960417,18.6,27.35,0.0
2020-06-25 22:00:00+00:00,22.43125,17.4,27.2,0.0
2020-06-26 22:00:00+00:00,24.347914,17.4,30.3,0.0
2020-06-27 22:00:00+00:00,23.204165,19.7,28.85,0.0
2020-06-28 22:00:00+00:00,20.393751,18.0,23.25,0.0
2020-06-29 22:00:00+00:00,19.225,15.2,22.9,0.0
2020-06-30 22:00:00+00:00,19.699999,16.9,22.65,0.0
2020-07-01 22:00:00+00:00,19.635416,15.95,22.85,0.0
2020-07-02 22:00:00+00:00,18.8625,15.2,22.0,0.0
2020-07-03 22:00:00+00:00,20.104164,14.85,25.05,0.0
2020-07-04 22:00:00+00:00,22.329168,18.9,26.8,0.0
2020-07-05 22:00:00+00:00,18.377085,14.95,20.2,0.0
2020-07-06 22:00:00+00:00,15.868752,11.5,19.25,2.1312485
2020-07-07 22:00:00+00:00,15.120833,12.35,17.8,2.8791666
2020-07-08 22:00:00+00:00,16.422918,12.5,19.8,1.5770817
2020-07-09 22:00:00+00:00,18.51875,13.75,25.15,0.0
2020-07-10 22:00:00+00:00,15.183334,10.55,19.3,2.8166656
2020-07-11 22:00:00+00:00,15.204165,10.0,19.7,2.7958345
2020-07-12 22:00:00+00:00,17.160418,10.3,22.3,0.83958244
2020-07-13 22:00:00+00:00,20.304167,12.05,26.95,0.0
2020-07-14 22:00:00+00:00,16.077084,14.25,17.7,1.9229164
2020-07-15 22:00:00+00:00,15.968751,12.45,19.95,2.031249
2020-07-16 22:00:00+00:00,16.28125,11.2,20.65,1.71875
2020-07-17 22:00:00+00:00,19.7375,13.5,25.4,0.0
2020-07-18 22:00:00+00:00,22.879166,16.15,28.3,0.0
2020-07-19 22:00:00+00:00,20.38125,15.65,24.7,0.0
2020-07-20 22:00:00+00:00,17.672918,13.4,21.6,0.32708168
2020-07-21 22:00:00+00:00,16.835417,11.15,21.2,1.1645832
2020-07-22 22:00:00+00:00,18.222914,14.1,22.8,0.0
2020-07-23 22:00:00+00:00,20.441666,13.3,27.6,0.0
2020-07-24 22:00:00+00:00,19.779165,13.8,24.6,0.0
2020-07-25 22:00:00+00:00,20.141665,17.25,23.45,0.0
2020-07-26 22:00:00+00:00,20.495834,15.35,24.75,0.0
2020-07-27 22:00:00+00:00,22.974998,19.2,27.25,0.0
2020-07-28 22:00:00+00:00,18.987501,15.05,22.35,0.0
2020-07-29 22:00:00+00:00,17.897919,12.1,23.1,0.1020813
2020-07-30 22:00:00+00:00,19.825003,12.6,26.4,0.0
2020-07-31 22:00:00+00:00,22.03125,14.05,28.85,0.0
2020-08-01 22:00:00+00:00,22.150002,18.45,29.45,0.0
2020-08-02 22:00:00+00:00,18.989582,15.35,23.25,0.0
2020-08-03 22:00:00+00:00,18.170834,12.4,23.0,0.0
2020-08-04 22:00:00+00:00,20.5375,11.6,27.5,0.0
2020-08-05 22:00:00+00:00,23.393751,15.85,29.8,0.0
2020-08-06 22:00:00+00:00,25.864586,18.45,32.35,0.0
2020-08-07 22:00:00+00:00,28.941668,20.8,35.45,0.0
2020-08-08 22:00:00+00:00,28.775,22.25,35.15,0.0
2020-08-09 22:00:00+00:00,26.029165,21.2,30.9,0.0
2020-08-10 22:00:00+00:00,26.033335,20.0,31.55,0.0
2020-08-11 22:00:00+00:00,25.087502,18.8,30.6,0.0
2020-08-12 22:00:00+00:00,25.699999,19.2,31.65,0.0
2020-08-13 22:00:00+00:00,24.175001,21.2,28.2,0.0
2020-08-14 22:00:00+00:00,24.710413,19.2,30.0,0.0
2020-08-15 22:00:00+00:00,24.933332,19.2,30.45,0.0
2020-08-16 22:00:00+00:00,24.968752,18.75,30.35,0.0
2020-08-17 22:00:00+00:00,21.241665,19.3,23.85,0.0
2020-08-18 22:00:00+00:00,21.275,16.75,26.4,0.0
2020-08-19 22:00:00+00:00,24.149996,16.45,31.15,0.0
2020-08-20 22:00:00+00:00,28.416666,20.55,35.5,0.0
2020-08-21 22:00:00+00:00,23.579168,20.7,26.6,0.0
2020-08-22 22:00:00+00:00,20.7875,16.95,23.75,0.0
2020-08-23 22:00:00+00:00,18.941668,15.4,22.4,0.0
2020-08-24 22:00:00+00:00,18.418749,13.7,22.95,0.0
2020-08-25 22:00:00+00:00,17.364584,16.4,19.45,0.63541603
2020-08-26 22:00:00+00:00,16.80625,12.6,19.15,1.1937504
2020-08-27 22:00:00+00:00,16.347918,12.5,21.15,1.6520824
2020-08-28 22:00:00+00:00,18.5125,15.25,22.5,0.0
2020-08-29 22:00:00+00:00,18.010416,14.2,22.6,0.0
2020-08-30 22:00:00+00:00,16.885416,13.45,21.25,1.114584
2020-08-31 22:00:00+00:00,14.833333,10.35,18.3,3.166667
2020-09-01 22:00:00+00:00,13.90625,11.4,17.6,4.09375
2020-09-02 22:00:00+00:00,16.979166,13.2,21.1,1.020834
2020-09-03 22:00:00+00:00,18.008331,15.35,21.4,0.0
2020-09-04 22:00:00+00:00,16.495832,13.65,18.6,1.5041676
2020-09-05 22:00:00+00:00,14.770833,11.15,18.1,3.229167
2020-09-06 22:00:00+00:00,13.754166,9.25,18.15,4.2458344
2020-09-07 22:00:00+00:00,16.0875,11.1,20.85,1.9125004
2020-09-08 22:00:00+00:00,19.195835,14.85,24.1,0.0
2020-09-09 22:00:00+00:00,15.804166,11.6,19.1,2.1958342
2020-09-10 22:00:00+00:00,15.2145815,9.0,21.4,2.7854185
2020-09-11 22:00:00+00:00,17.543749,9.75,25.85,0.45625114
2020-09-12 22:00:00+00:00,17.520834,12.15,23.8,0.47916603
2020-09-13 22:00:00+00:00,19.895834,12.1,28.1,0.0
2020-09-14 22:00:00+00:00,22.439583,16.25,30.25,0.0
2020-09-15 22:00:00+00:00,21.783333,15.0,28.85,0.0
2020-09-16 22:00:00+00:00,15.452085,10.45,18.3,2.5479155
2020-09-17 22:00:00+00:00,12.21875,5.5,19.0,5.78125
2020-09-18 22:00:00+00:00,13.935417,7.0,20.55,4.064583
2020-09-19 22:00:00+00:00,15.037498,9.1,21.25,2.9625015
2020-09-20 22:00:00+00:00,16.018751,8.35,23.95,1.9812489
2020-09-21 22:00:00+00:00,17.791668,10.55,25.85,0.20833206
2020-09-22 22:00:00+00:00,19.599998,13.85,26.35,0.0
2020-09-23 22:00:00+00:00,17.691668,14.2,21.85,0.30833244
2020-09-24 22:00:00+00:00,13.687501,11.4,14.9,4.312499
2020-09-25 22:00:00+00:00,10.710418,9.45,11.9,7.2895823
2020-09-26 22:00:00+00:00,9.625001,6.85,11.35,8.374999
2020-09-27 22:00:00+00:00,12.54375,7.55,17.35,5.45625
2020-09-28 22:00:00+00:00,13.5125,9.95,17.65,4.4875
2020-09-29 22:00:00+00:00,12.808333,7.65,18.1,5.1916666
2020-09-30 22:00:00+00:00,12.899999,9.45,16.4,5.1000013
2020-10-01 22:00:00+00:00,14.1833315,12.1,16.9,3.8166685
2020-10-02 22:00:00+00:00,16.697916,12.45,21.55,1.302084
2020-10-03 22:00:00+00:00,14.060416,9.95,18.65,3.9395838
2020-10-04 22:00:00+00:00,11.620833,8.0,15.5,6.3791666
2020-10-05 22:00:00+00:00,12.595836,9.8,16.1,5.4041643
2020-10-06 22:00:00+00:00,12.227084,10.35,15.75,5.772916
2020-10-07 22:00:00+00:00,12.152083,9.45,14.7,5.8479166
2020-10-08 22:00:00+00:00,13.10625,10.5,14.95,4.89375
2020-10-09 22:00:00+00:00,10.839583,6.85,12.25,7.1604166
2020-10-10 22:00:00+00:00,7.7229156,4.35,11.2,10.277084
2020-10-11 22:00:00+00:00,7.879167,5.2,11.35,10.120832
2020-10-12 22:00:00+00:00,7.902083,2.95,11.95,10.097918
2020-10-13 22:00:00+00:00,10.056249,9.5,10.45,7.9437513
2020-10-14 22:00:00+00:00,10.662499,10.2,11.95,7.3375006
2020-10-15 22:00:00+00:00,9.233334,7.15,11.25,8.766666
2020-10-16 22:00:00+00:00,8.849999,7.5,11.05,9.150001
2020-10-17 22:00:00+00:00,7.9229164,6.2,9.65,10.077084
2020-10-18 22:00:00+00:00,8.485416,6.5,11.3,9.514584
2020-10-19 22:00:00+00:00,8.641667,4.95,11.8,9.358333
2020-10-20 22:00:00+00:00,12.372916,10.4,15.4,5.627084
2020-10-21 22:00:00+00:00,16.231249,14.05,19.05,1.7687511
2020-10-22 22:00:00+00:00,14.024999,11.25,16.6,3.9750013
2020-10-23 22:00:00+00:00,13.162499,11.2,16.0,4.8375006
2020-10-24 22:00:00+00:00,12.631251,10.1,16.6,5.3687487
2020-10-25 22:00:00+00:00,11.320832,10.0,12.55,6.6791677
2020-10-26 22:00:00+00:00,9.5875,7.5,12.55,8.4125
2020-10-27 22:00:00+00:00,10.335417,8.3,13.05,7.664583
2020-10-28 22:00:00+00:00,9.625001,8.5,11.0,8.374999
2020-10-29 22:00:00+00:00,10.760418,7.0,13.35,7.239582
2020-10-30 22:00:00+00:00,13.610416,12.75,15.05,4.3895836
2020-10-31 22:00:00+00:00,12.108333,9.9,13.9,5.8916674
2020-11-01 22:00:00+00:00,16.608335,14.2,19.8,1.3916645
2020-11-02 22:00:00+00:00,12.125001,8.15,17.35,5.874999
2020-11-03 22:00:00+00:00,8.760417,6.2,10.95,9.239583
2020-11-04 22:00:00+00:00,7.0437493,3.85,10.15,10.956251
2020-11-05 22:00:00+00:00,9.35625,8.45,11.7,8.64375
2020-11-06 22:00:00+00:00,7.581251,2.55,10.95,10.418749
2020-11-07 22:00:00+00:00,4.527083,0.95,10.05,13.472918
2020-11-08 22:00:00+00:00,5.7208333,4.65,7.05,12.279167
2020-11-09 22:00:00+00:00,5.69375,5.05,7.15,12.30625
2020-11-10 22:00:00+00:00,5.7000003,4.55,7.3,12.299999
2020-11-11 22:00:00+00:00,7.49375,5.35,9.85,10.50625
2020-11-12 22:00:00+00:00,7.447916,5.5,10.7,10.552084
2020-11-13 22:00:00+00:00,10.614583,9.0,13.8,7.385417
2020-11-14 22:00:00+00:00,10.08125,7.55,14.15,7.91875
2020-11-15 22:00:00+00:00,9.522917,7.15,11.55,8.477083
2020-11-16 22:00:00+00:00,9.389585,7.05,10.6,8.610415
2020-11-17 22:00:00+00:00,10.366667,8.45,12.0,7.633333
2020-11-18 22:00:00+00:00,9.45625,5.2,12.0,8.54375
2020-11-19 22:00:00+00:00,3.4375,0.75,5.8,14.5625
2020-11-20 22:00:00+00:00,3.6520832,-0.2,6.05,14.347917
2020-11-21 22:00:00+00:00,7.400001,6.15,9.85,10.599998
2020-11-22 22:00:00+00:00,6.370834,4.75,8.35,11.629166
2020-11-23 22:00:00+00:00,3.3249998,1.0,6.5,14.675
2020-11-24 22:00:00+00:00,1.7625002,-0.4,4.1,16.2375
2020-11-25 22:00:00+00:00,4.170833,0.15,7.25,13.829166
2020-11-26 22:00:00+00:00,5.2625003,2.9,6.8,12.737499
2020-11-27 22:00:00+00:00,2.8249998,-0.25,5.35,15.175
2020-11-28 22:00:00+00:00,2.4583333,-0.7,5.0,15.541667
2020-11-29 22:00:00+00:00,1.0520833,-0.6,2.95,16.947916
2020-11-30 22:00:00+00:00,2.1187503,-0.1,3.95,15.881249
2020-12-01 22:00:00+00:00,-0.17916667,-2.45,2.0,18.179167
2020-12-02 22:00:00+00:00,-1.2604167,-3.5,0.35,19.260416
2020-12-03 22:00:00+00:00,0.54166675,-2.0,3.9,17.458334
2020-12-04 22:00:00+00:00,3.1291668,0.85,7.6,14.870833
2020-12-05 22:00:00+00:00,7.208334,1.8,10.65,10.791666
2020-12-06 22:00:00+00:00,6.714584,1.95,9.95,11.285416
2020-12-07 22:00:00+00:00,4.0645833,2.0,6.6,13.935417
2020-12-08 22:00:00+00:00,2.2208335,1.0,4.45,15.779166
2020-12-09 22:00:00+00:00,-0.34583333,-1.0,0.9,18.345833
2020-12-10 22:00:00+00:00,-0.24791665,-0.95,1.3,18.247917
2020-12-11 22:00:00+00:00,1.5437498,0.05,3.75,16.45625
2020-12-12 22:00:00+00:00,2.0041666,0.6,3.95,15.995833
2020-12-13 22:00:00+00:00,4.6770835,2.7,6.95,13.322916
2020-12-14 22:00:00+00:00,5.3312497,3.3,7.15,12.668751
2020-12-15 22:00:00+00:00,7.0499997,4.35,8.65,10.950001
2020-12-16 22:00:00+00:00,4.7958336,2.2,7.95,13.204166
2020-12-17 22:00:00+00:00,4.752084,3.05,7.55,13.247916
2020-12-18 22:00:00+00:00,2.9854167,1.35,5.85,15.014584
2020-12-19 22:00:00+00:00,3.2854168,1.6,4.8,14.714583
2020-12-20 22:00:00+00:00,4.3541665,3.15,6.1,13.645834
2020-12-21 22:00:00+00:00,8.756251,4.55,12.6,9.243749
2020-12-22 22:00:00+00:00,6.88125,5.8,8.55,11.11875
2020-12-23 22:00:00+00:00,6.8375,3.75,9.8,11.1625
2020-12-24 22:00:00+00:00,2.6125,0.75,4.15,15.3875
2020-12-25 22:00:00+00:00,0.70208335,-1.8,2.05,17.297916
2020-12-26 22:00:00+00:00,1.5354167,0.8,2.4,16.464582
2020-12-27 22:00:00+00:00,2.397917,1.15,4.3,15.602083
2020-12-28 22:00:00+00:00,1.7958332,0.05,3.9,16.204166
2020-12-29 22:00:00+00:00,1.61875,-0.5,4.55,16.38125
2020-12-30 22:00:00+00:00,1.6145834,0.65,4.0,16.385416
2020-12-31 22:00:00+00:00,0.99999994,-0.8,2.1,17.0
2021-01-01 22:00:00+00:00,0.48958334,-1.05,2.6,17.510416
2021-01-02 22:00:00+00:00,0.081250004,-1.05,0.75,17.91875
2021-01-03 22:00:00+00:00,0.48749995,-0.35,1.2,17.5125
2021-01-04 22:00:00+00:00,1.1833334,0.15,2.55,16.816666
2021-01-05 22:00:00+00:00,1.5020834,0.65,2.8,16.497917
2021-01-06 22:00:00+00:00,0.8395832,0.4,1.65,17.160418
2021-01-07 22:00:00+00:00,0.5208334,-1.45,1.45,17.479166
2021-01-08 22:00:00+00:00,0.7166667,-0.8,2.35,17.283333
2021-01-09 22:00:00+00:00,0.5979166,-0.55,1.45,17.402084
2021-01-10 22:00:00+00:00,0.55625,-0.65,2.0,17.44375
2021-01-11 22:00:00+00:00,1.2041668,0.05,2.15,16.795834
2021-01-12 22:00:00+00:00,1.0458333,-0.25,2.95,16.954166
2021-01-13 22:00:00+00:00,0.85000014,-0.5,2.6,17.15
2021-01-14 22:00:00+00:00,-0.9624999,-3.25,0.35,18.9625
2021-01-15 22:00:00+00:00,-2.0916665,-3.7,-1.1,20.091667
2021-01-16 22:00:00+00:00,-2.2208333,-4.75,-0.55,20.220833
2021-01-17 22:00:00+00:00,-1.5999998,-4.75,1.4,19.6
2021-01-18 22:00:00+00:00,2.2916667,1.2,4.7,15.708333
2021-01-19 22:00:00+00:00,5.3562493,2.45,7.75,12.643751
2021-01-20 22:00:00+00:00,8.097916,4.5,12.35,9.902084
2021-01-21 22:00:00+00:00,6.881251,0.65,10.15,11.11875
2021-01-22 22:00:00+00:00,1.3208333,-1.2,2.3,16.679167
2021-01-23 22:00:00+00:00,0.32291666,-0.6,1.35,17.677084
2021-01-24 22:00:00+00:00,0.66041666,-0.25,2.4,17.339582
2021-01-25 22:00:00+00:00,-0.041666646,-2.45,2.5,18.041666
2021-01-26 22:00:00+00:00,0.9645834,-0.75,3.75,17.035416
2021-01-27 22:00:00+00:00,1.4854165,-2.95,3.45,16.514584
2021-01-28 22:00:00+00:00,-2.4020839,-5.1,-0.5,20.402084
2021-01-29 22:00:00+00:00,-1.2458334,-3.75,1.25,19.245834
2021-01-30 22:00:00+00:00,-5.2374997,-9.8,-0.7,23.2375
2021-01-31 22:00:00+00:00,-4.079167,-11.6,0.6,22.079166
2021-02-01 22:00:00+00:00,0.10208336,-1.5,1.4,17.897917
2021-02-02 22:00:00+00:00,3.6916666,0.5,7.25,14.308333
2021-02-03 22:00:00+00:00,1.2958332,-0.05,7.95,16.704166
2021-02-04 22:00:00+00:00,-0.12708335,-0.9,0.75,18.127083
2021-02-05 22:00:00+00:00,-1.7666668,-4.0,-0.25,19.766666
2021-02-06 22:00:00+00:00,-6.058334,-7.3,-4.3,24.058334
2021-02-07 22:00:00+00:00,-8.94375,-9.6,-6.95,26.94375
2021-02-08 22:00:00+00:00,-10.254167,-14.2,-7.05,28.254166
2021-02-09 22:00:00+00:00,-10.160416,-14.95,-5.8,28.160416
2021-02-10 22:00:00+00:00,-6.831249,-11.9,-3.3,24.83125
2021-02-11 22:00:00+00:00,-10.060417,-14.6,-3.35,28.060417
2021-02-12 22:00:00+00:00,-8.114584,-13.8,-1.25,26.114584
2021-02-13 22:00:00+00:00,-8.770832,-12.7,-4.25,26.770832
2021-02-14 22:00:00+00:00,-7.222917,-14.75,-0.75,25.222918
2021-02-15 22:00:00+00:00,0.6979167,-2.85,2.25,17.302084
2021-02-16 22:00:00+00:00,3.5270834,1.15,7.1,14.472917
2021-02-17 22:00:00+00:00,4.9187493,0.75,10.15,13.081251
2021-02-18 22:00:00+00:00,5.1020837,-0.15,9.25,12.897917
2021-02-19 22:00:00+00:00,4.5541663,-1.2,12.2,13.445833
2021-02-20 22:00:00+00:00,7.3562493,3.3,14.6,10.643751
2021-02-21 22:00:00+00:00,4.429167,0.4,11.25,13.570833
2021-02-22 22:00:00+00:00,8.068749,1.1,16.45,9.931251
2021-02-23 22:00:00+00:00,11.377083,6.8,17.8,6.622917
2021-02-24 22:00:00+00:00,10.627084,5.95,17.7,7.372916
2021-02-25 22:00:00+00:00,7.550001,5.25,9.6,10.449999
2021-02-26 22:00:00+00:00,4.9916673,2.25,7.3,13.008333
2021-02-27 22:00:00+00:00,3.70625,1.6,5.9,14.29375
2021-02-28 22:00:00+00:00,3.8395832,0.45,7.3,14.160417
2021-03-01 22:00:00+00:00,3.90625,-2.85,10.6,14.09375
2021-03-02 22:00:00+00:00,4.766667,-2.7,13.3,13.233334
2021-03-03 22:00:00+00:00,3.4958332,2.55,6.45,14.504167
2021-03-04 22:00:00+00:00,1.40625,-2.8,5.45,16.59375
2021-03-05 22:00:00+00:00,0.3333332,-3.5,3.55,17.666666
2021-03-06 22:00:00+00:00,2.564583,0.1,4.05,15.435417
2021-03-07 22:00:00+00:00,1.1145833,-3.1,5.15,16.885416
2021-03-08 22:00:00+00:00,-0.4708333,-4.55,5.55,18.470833
2021-03-09 22:00:00+00:00,0.7520831,-4.55,7.25,17.247917
2021-03-10 22:00:00+00:00,5.5958333,1.0,10.15,12.404167
2021-03-11 22:00:00+00:00,6.514583,4.4,9.5,11.485416
2021-03-12 22:00:00+00:00,5.847917,3.6,9.5,12.152082
2021-03-13 22:00:00+00:00,5.3333335,3.2,8.25,12.666666
2021-03-14 22:00:00+00:00,4.0395837,1.8,7.65,13.960417
2021-03-15 22:00:00+00:00,3.8374996,-0.5,6.9,14.1625
2021-03-16 22:00:00+00:00,1.8645831,-1.05,5.2,16.135416
2021-03-17 22:00:00+00:00,1.558333,-3.3,6.65,16.441668
2021-03-18 22:00:00+00:00,0.3104167,-2.95,4.0,17.689583
2021-03-19 22:00:00+00:00,0.20000009,-4.05,3.3,17.8
2021-03-20 22:00:00+00:00,4.9874997,1.9,9.1,13.012501
2021-03-21 22:00:00+00:00,4.014583,-0.5,9.4,13.985416
2021-03-22 22:00:00+00:00,5.527083,3.55,7.55,12.472918
2021-03-23 22:00:00+00:00,6.2666664,1.9,11.25,11.733334
2021-03-24 22:00:00+00:00,7.5312495,0.5,14.35,10.46875
2021-03-25 22:00:00+00:00,8.89375,3.3,15.0,9.10625
2021-03-26 22:00:00+00:00,6.8125005,3.6,10.35,11.1875
2021-03-27 22:00:00+00:00,6.5833325,1.2,11.15,11.416668
2021-03-28 22:00:00+00:00,11.614582,7.75,17.65,6.385418
2021-03-29 22:00:00+00:00,12.722917,6.4,19.9,5.2770834
2021-03-30 22:00:00+00:00,13.164584,4.3,21.65,4.835416
2021-03-31 22:00:00+00:00,10.552083,5.95,16.9,7.447917
2021-04-01 22:00:00+00:00,6.05625,2.25,11.6,11.94375
2021-04-02 22:00:00+00:00,5.1249995,-0.1,8.9,12.875
2021-04-03 22:00:00+00:00,4.2708335,-2.3,9.6,13.729166
2021-04-04 22:00:00+00:00,3.9458334,1.1,6.2,14.054167
2021-04-05 22:00:00+00:00,2.125,-1.55,5.9,15.875
2021-04-06 22:00:00+00:00,2.622917,-0.1,6.3,15.377083
2021-04-07 22:00:00+00:00,3.9395835,0.8,7.25,14.060416
2021-04-08 22:00:00+00:00,6.4562497,1.2,12.2,11.543751
2021-04-09 22:00:00+00:00,6.3645835,3.6,9.55,11.635416
2021-04-10 22:00:00+00:00,11.285417,6.6,18.85,6.7145834
2021-04-11 22:00:00+00:00,4.98125,1.35,7.9,13.01875
2021-04-12 22:00:00+00:00,4.177084,-0.7,8.55,13.822916
2021-04-13 22:00:00+00:00,3.9520833,-0.25,7.8,14.047916
2021-04-14 22:00:00+00:00,3.5354164,0.25,7.05,14.464583
2021-04-15 22:00:00+00:00,5.9125004,2.8,10.2,12.0875
2021-04-16 22:00:00+00:00,7.8916664,3.9,13.45,10.108334
2021-04-17 22:00:00+00:00,7.9041667,4.9,11.95,10.095833
2021-04-18 22:00:00+00:00,9.89375,4.5,16.55,8.10625
2021-04-19 22:00:00+00:00,9.462501,2.95,16.75,8.537499
2021-04-20 22:00:00+00:00,9.272916,2.55,15.8,8.727084
2021-04-21 22:00:00+00:00,6.8145833,3.2,10.3,11.185417
2021-04-22 22:00:00+00:00,7.293749,3.85,12.2,10.706251
2021-04-23 22:00:00+00:00,7.1354175,4.25,10.1,10.864582
2021-04-24 22:00:00+00:00,5.2729163,1.3,9.65,12.727083
2021-04-25 22:00:00+00:00,3.9750004,-2.15,9.05,14.025
2021-04-26 22:00:00+00:00,5.7354164,-1.8,11.8,12.264584
2021-04-27 22:00:00+00:00,9.431251,2.6,16.55,8.568749
2021-04-28 22:00:00+00:00,10.960416,7.85,16.1,7.039584
2021-04-29 22:00:00+00:00,8.714583,6.6,11.05,9.285417
2021-04-30 22:00:00+00:00,8.818749,5.95,12.55,9.181251
2021-05-01 22:00:00+00:00,8.075,5.95,11.65,9.925
2021-05-02 22:00:00+00:00,7.3312507,4.25,10.55,10.668749
2021-05-03 22:00:00+00:00,9.816668,4.6,14.1,8.183332
2021-05-04 22:00:00+00:00,9.05,6.85,12.4,8.95
2021-05-05 22:00:00+00:00,7.429167,4.2,10.8,10.570833
2021-05-06 22:00:00+00:00,5.995833,4.15,8.9,12.004168
2021-05-07 22:00:00+00:00,8.766667,3.35,13.5,9.233333
2021-05-08 22:00:00+00:00,16.6875,9.4,24.3,1.3125
2021-05-09 22:00:00+00:00,19.804167,12.65,28.0,0.0
2021-05-10 22:00:00+00:00,19.789583,12.85,27.1,0.0
2021-05-11 22:00:00+00:00,14.068748,11.9,15.8,3.9312515
2021-05-12 22:00:00+00:00,11.85625,10.65,13.3,6.14375
2021-05-13 22:00:00+00:00,10.802083,8.45,12.3,7.197917
2021-05-14 22:00:00+00:00,12.147918,5.7,17.45,5.8520823
2021-05-15 22:00:00+00:00,12.299999,7.45,16.25,5.700001
2021-05-16 22:00:00+00:00,12.752084,7.65,17.5,5.247916
2021-05-17 22:00:00+00:00,11.889584,8.55,14.8,6.1104164
2021-05-18 22:00:00+00:00,11.627084,6.9,16.1,6.372916
2021-05-19 22:00:00+00:00,11.927083,7.75,15.95,6.072917
2021-05-20 22:00:00+00:00,14.214583,9.1,19.25,3.7854166
2021-05-21 22:00:00+00:00,12.854167,9.15,16.75,5.145833
2021-05-22 22:00:00+00:00,11.958333,8.95,15.6,6.041667
2021-05-23 22:00:00+00:00,14.891667,7.2,20.3,3.1083326
2021-05-24 22:00:00+00:00,12.995833,10.3,15.55,5.0041666
2021-05-25 22:00:00+00:00,11.641665,8.3,15.2,6.3583345
2021-05-26 22:00:00+00:00,11.691667,8.05,15.2,6.3083334
2021-05-27 22:00:00+00:00,11.491666,8.15,15.75,6.508334
2021-05-28 22:00:00+00:00,12.210416,7.0,16.7,5.789584
2021-05-29 22:00:00+00:00,12.956249,6.55,18.65,5.043751
2021-05-30 22:00:00+00:00,13.818749,5.65,20.25,4.1812506
2021-05-31 22:00:00+00:00,16.43542,8.65,22.8,1.5645809
2021-06-01 22:00:00+00:00,17.433334,10.8,23.7,0.56666565
2021-06-02 22:00:00+00:00,20.177084,13.3,25.9,0.0
2021-06-03 22:00:00+00:00,19.452084,16.1,23.1,0.0
2021-06-04 22:00:00+00:00,20.949999,13.3,27.2,0.0
2021-06-05 22:00:00+00:00,21.93125,15.0,27.25,0.0
2021-06-06 22:00:00+00:00,20.675,13.35,26.3,0.0
2021-06-07 22:00:00+00:00,20.933332,14.35,25.85,0.0
2021-06-08 22:00:00+00:00,20.641668,11.95,26.2,0.0
2021-06-09 22:00:00+00:00,22.170835,16.0,27.4,0.0
2021-06-10 22:00:00+00:00,21.86875,16.15,26.75,0.0
2021-06-11 22:00:00+00:00,18.6375,15.45,20.3,0.0
2021-06-12 22:00:00+00:00,15.447915,11.25,18.95,2.552085
2021-06-13 22:00:00+00:00,18.766666,9.5,25.7,0.0
2021-06-14 22:00:00+00:00,20.004168,15.85,24.5,0.0
2021-06-15 22:00:00+00:00,20.470833,12.2,27.15,0.0
2021-06-16 22:00:00+00:00,26.235413,18.45,32.6,0.0
2021-06-17 22:00:00+00:00,27.785414,20.0,33.4,0.0
2021-06-18 22:00:00+00:00,28.112503,21.05,34.5,0.0
2021-06-19 22:00:00+00:00,27.585417,20.95,32.95,0.0
2021-06-20 22:00:00+00:00,25.6875,20.5,30.8,0.0
2021-06-21 22:00:00+00:00,19.672915,18.1,22.25,0.0
2021-06-22 22:00:00+00:00,17.554167,13.55,20.6,0.4458332
2021-06-23 22:00:00+00:00,17.168749,13.7,20.4,0.83125114
2021-06-24 22:00:00+00:00,18.972916,13.85,22.85,0.0
2021-06-25 22:00:00+00:00,19.908335,14.05,25.5,0.0
2021-06-26 22:00:00+00:00,20.475,12.95,25.85,0.0
2021-06-27 22:00:00+00:00,23.889582,16.45,29.8,0.0
2021-06-28 22:00:00+00:00,23.893747,19.45,29.1,0.0
2021-06-29 22:00:00+00:00,18.399998,16.9,20.2,0.0
2021-06-30 22:00:00+00:00,16.05625,14.55,17.55,1.9437504
2021-07-01 22:00:00+00:00,18.86875,15.7,22.4,0.0
2021-07-02 22:00:00+00:00,18.889582,14.95,23.0,0.0
2021-07-03 22:00:00+00:00,20.125002,14.9,24.45,0.0
2021-07-04 22:00:00+00:00,19.887499,17.05,22.8,0.0
2021-07-05 22:00:00+00:00,21.716667,15.55,28.55,0.0
2021-07-06 22:00:00+00:00,19.120832,17.55,21.75,0.0
2021-07-07 22:00:00+00:00,18.866667,15.65,21.85,0.0
2021-07-08 22:00:00+00:00,18.272917,16.5,20.3,0.0
2021-07-09 22:00:00+00:00,18.714582,14.85,23.35,0.0
2021-07-10 22:00:00+00:00,21.216665,15.85,25.95,0.0
2021-07-11 22:00:00+00:00,20.545835,17.25,25.15,0.0
2021-07-12 22:00:00+00:00,22.922918,17.3,28.2,0.0
2021-07-13 22:00:00+00:00,22.143747,18.8,26.6,0.0
2021-07-14 22:00:00+00:00,21.020834,15.9,25.1,0.0
2021-07-15 22:00:00+00:00,22.983332,17.2,28.0,0.0
2021-07-16 22:00:00+00:00,22.847916,19.6,26.4,0.0
2021-07-17 22:00:00+00:00,21.222918,16.55,25.55,0.0
2021-07-18 22:00:00+00:00,17.420835,14.1,19.6,0.5791645
2021-07-19 22:00:00+00:00,17.114584,13.0,20.1,0.88541603
2021-07-20 22:00:00+00:00,18.210417,14.35,21.35,0.0
2021-07-21 22:00:00+00:00,19.18125,16.6,21.85,0.0
2021-07-22 22:00:00+00:00,19.137499,14.4,23.9,0.0
2021-07-23 22:00:00+00:00,22.252085,14.9,27.95,0.0
2021-07-24 22:00:00+00:00,24.043753,20.25,28.6,0.0
2021-07-25 22:00:00+00:00,23.733332,19.1,28.55,0.0
2021-07-26 22:00:00+00:00,22.741667,19.0,26.25,0.0
2021-07-27 22:00:00+00:00,20.856249,17.0,24.0,0.0
2021-07-28 22:00:00+00:00,20.591667,17.9,23.85,0.0
2021-07-29 22:00:00+00:00,20.210417,13.8,25.65,0.0
2021-07-30 22:00:00+00:00,20.666666,17.25,24.1,0.0
2021-07-31 22:00:00+00:00,18.354166,14.8,21.6,0.0
2021-08-01 22:00:00+00:00,17.604168,14.35,21.65,0.39583206
2021-08-02 22:00:00+00:00,17.358334,12.65,20.85,0.6416664
2021-08-03 22:00:00+00:00,17.947916,14.75,21.5,0.05208397
2021-08-04 22:00:00+00:00,18.008331,13.75,22.75,0.0
2021-08-05 22:00:00+00:00,18.733332,15.45,23.75,0.0
2021-08-06 22:00:00+00:00,19.47083,15.15,23.3,0.0
2021-08-07 22:00:00+00:00,19.070831,15.75,22.75,0.0
2021-08-08 22:00:00+00:00,18.366667,13.35,23.1,0.0
2021-08-09 22:00:00+00:00,18.00625,13.45,21.9,0.0
2021-08-10 22:00:00+00:00,17.650002,14.35,21.7,0.34999847
2021-08-11 22:00:00+00:00,20.05625,12.75,26.45,0.0
2021-08-12 22:00:00+00:00,22.654167,16.35,28.6,0.0
2021-08-13 22:00:00+00:00,21.333334,15.15,26.45,0.0
2021-08-14 22:00:00+00:00,20.456251,14.1,25.35,0.0
2021-08-15 22:00:00+00:00,19.025,13.95,23.75,0.0
2021-08-16 22:00:00+00:00,15.441665,12.8,18.15,2.5583353
2021-08-17 22:00:00+00:00,16.55625,13.25,19.1,1.4437504
2021-08-18 22:00:00+00:00,17.889582,15.55,20.65,0.11041832
2021-08-19 22:00:00+00:00,17.572916,15.55,20.5,0.42708397
2021-08-20 22:00:00+00:00,17.602083,12.25,21.8,0.3979168
2021-08-21 22:00:00+00:00,17.964582,15.4,22.2,0.035417557
2021-08-22 22:00:00+00:00,17.239584,15.0,20.65,0.76041603
2021-08-23 22:00:00+00:00,16.264584,12.0,20.55,1.7354164
2021-08-24 22:00:00+00:00,14.881249,8.1,22.25,3.1187506
2021-08-25 22:00:00+00:00,14.418751,12.4,16.6,3.5812492
2021-08-26 22:00:00+00:00,13.375,11.7,16.1,4.625
2021-08-27 22:00:00+00:00,14.966668,11.4,18.7,3.0333319
2021-08-28 22:00:00+00:00,15.208335,13.6,19.0,2.791665
2021-08-29 22:00:00+00:00,14.991668,12.65,17.05,3.0083323
2021-08-30 22:00:00+00:00,15.947917,12.25,19.7,2.052083
2021-08-31 22:00:00+00:00,16.37292,11.6,21.25,1.6270809
2021-09-01 22:00:00+00:00,16.052084,12.2,20.85,1.947916
2021-09-02 22:00:00+00:00,16.041666,10.8,22.6,1.958334
2021-09-03 22:00:00+00:00,14.502084,9.9,18.3,3.4979162
2021-09-04 22:00:00+00:00,16.61875,12.25,21.5,1.3812504
2021-09-05 22:00:00+00:00,16.885416,12.6,21.95,1.114584
2021-09-06 22:00:00+00:00,17.36875,13.45,21.35,0.6312504
2021-09-07 22:00:00+00:00,17.595833,10.8,23.85,0.40416718
2021-09-08 22:00:00+00:00,18.949999,12.7,25.8,0.0
2021-09-09 22:00:00+00:00,20.031252,15.75,24.95,0.0
2021-09-10 22:00:00+00:00,18.902082,16.1,22.6,0.0
2021-09-11 22:00:00+00:00,18.197916,15.75,21.5,0.0
2021-09-12 22:00:00+00:00,16.36875,12.85,19.3,1.6312504
2021-09-13 22:00:00+00:00,16.110416,11.45,21.5,1.8895836
2021-09-14 22:00:00+00:00,18.527082,14.5,24.65,0.0
2021-09-15 22:00:00+00:00,17.475,16.4,18.45,0.5249996
2021-09-16 22:00:00+00:00,14.887501,12.2,17.0,3.1124992
2021-09-17 22:00:00+00:00,14.495833,12.1,17.85,3.5041666
2021-09-18 22:00:00+00:00,12.724999,9.7,15.7,5.2750006
2021-09-19 22:00:00+00:00,11.645832,7.2,15.15,6.354168
2021-09-20 22:00:00+00:00,12.2625,9.35,15.45,5.7375
2021-09-21 22:00:00+00:00,13.908334,11.0,16.6,4.091666
2021-09-22 22:00:00+00:00,14.783334,10.85,19.05,3.2166662
2021-09-23 22:00:00+00:00,14.595833,11.65,17.2,3.4041672
2021-09-24 22:00:00+00:00,17.449999,15.1,20.95,0.55000114
2021-09-25 22:00:00+00:00,18.047916,13.05,23.8,0.0
2021-09-26 22:00:00+00:00,17.79375,15.45,21.35,0.20624924
2021-09-27 22:00:00+00:00,15.454165,12.15,17.15,2.5458345
2021-09-28 22:00:00+00:00,13.806251,11.5,16.35,4.1937494
2021-09-29 22:00:00+00:00,11.510415,9.3,14.6,6.489585
2021-09-30 22:00:00+00:00,12.212502,7.65,17.6,5.7874985
2021-10-01 22:00:00+00:00,14.081249,9.2,19.5,3.9187508
2021-10-02 22:00:00+00:00,17.481249,14.45,21.8,0.51875114
2021-10-03 22:00:00+00:00,14.654166,11.6,17.4,3.3458338
2021-10-04 22:00:00+00:00,12.85625,11.0,15.7,5.14375
2021-10-05 22:00:00+00:00,12.391666,8.45,16.0,5.6083336
2021-10-06 22:00:00+00:00,11.095833,5.35,17.05,6.904167
2021-10-07 22:00:00+00:00,11.787501,7.95,15.75,6.2124987
2021-10-08 22:00:00+00:00,8.729166,4.9,14.3,9.270834
2021-10-09 22:00:00+00:00,7.456249,2.25,13.35,10.543751
2021-10-10 22:00:00+00:00,8.343749,2.45,13.6,9.656251
2021-10-11 22:00:00+00:00,8.4875,5.65,11.75,9.5125
2021-10-12 22:00:00+00:00,7.4166665,4.1,11.65,10.583334
2021-10-13 22:00:00+00:00,10.237499,7.95,12.75,7.762501
2021-10-14 22:00:00+00:00,10.662499,7.35,13.7,7.3375006
2021-10-15 22:00:00+00:00,8.216666,5.35,11.1,9.783334
2021-10-16 22:00:00+00:00,9.11875,5.7,11.85,8.88125
2021-10-17 22:00:00+00:00,11.052082,8.9,15.4,6.947918
2021-10-18 22:00:00+00:00,11.720834,7.35,15.8,6.279166
2021-10-19 22:00:00+00:00,15.483331,12.85,18.8,2.5166693
2021-10-20 22:00:00+00:00,13.233335,7.2,16.4,4.7666655
2021-10-21 22:00:00+00:00,7.379167,5.75,10.2,10.620832
2021-10-22 22:00:00+00:00,6.993749,3.65,10.85,11.00625
2021-10-23 22:00:00+00:00,6.145834,1.25,11.9,11.854166
2021-10-24 22:00:00+00:00,6.3312497,2.5,11.3,11.668751
2021-10-25 22:00:00+00:00,9.166667,4.2,13.55,8.833333
2021-10-26 22:00:00+00:00,11.897916,8.85,14.8,6.102084
2021-10-27 22:00:00+00:00,10.295833,6.8,15.2,7.7041674
2021-10-28 22:00:00+00:00,8.724999,4.95,14.0,9.275001
2021-10-29 22:00:00+00:00,9.372917,5.1,14.6,8.627083
2021-10-30 22:00:00+00:00,12.577085,9.6,16.85,5.4229155
2021-10-31 22:00:00+00:00,10.245833,8.55,12.2,7.7541666
2021-11-01 22:00:00+00:00,8.291667,4.1,10.95,9.708333
2021-11-02 22:00:00+00:00,6.339584,3.5,10.4,11.660416
2021-11-03 22:00:00+00:00,6.9708347,4.7,8.6,11.029165
2021-11-04 22:00:00+00:00,7.7479167,6.8,9.65,10.252083
2021-11-05 22:00:00+00:00,8.75625,7.05,11.25,9.24375
2021-11-06 22:00:00+00:00,8.616667,7.05,10.1,9.383333
2021-11-07 22:00:00+00:00,8.2625,7.0,10.2,9.7375
2021-11-08 22:00:00+00:00,8.06875,5.35,10.75,9.93125
2021-11-09 22:00:00+00:00,4.3250003,1.2,8.3,13.674999
2021-11-10 22:00:00+00:00,4.4562497,0.35,7.6,13.543751
2021-11-11 22:00:00+00:00,6.5625,3.45,8.25,11.4375
2021-11-12 22:00:00+00:00,4.635417,2.3,8.35,13.364583
2021-11-13 22:00:00+00:00,4.797916,2.35,6.45,13.202084
2021-11-14 22:00:00+00:00,5.3854175,4.05,6.4,12.614582
2021-11-15 22:00:00+00:00,5.1020837,2.0,8.15,12.897917
2021-11-16 22:00:00+00:00,5.6708336,4.75,7.25,12.329166
2021-11-17 22:00:00+00:00,7.4708333,5.45,9.6,10.529167
2021-11-18 22:00:00+00:00,10.672917,8.85,12.0,7.3270826
2021-11-19 22:00:00+00:00,10.424999,9.15,11.3,7.575001
2021-11-20 22:00:00+00:00,7.710417,4.8,9.05,10.289583
2021-11-21 22:00:00+00:00,2.9479167,-0.55,5.65,15.052083
2021-11-22 22:00:00+00:00,4.4979167,-0.1,7.05,13.502083
2021-11-23 22:00:00+00:00,6.3750005,5.65,7.5,11.625
2021-11-24 22:00:00+00:00,4.052084,0.9,5.65,13.947916
2021-11-25 22:00:00+00:00,2.7083337,0.5,5.5,15.291666
2021-11-26 22:00:00+00:00,1.3562499,-0.65,3.2,16.64375
2021-11-27 22:00:00+00:00,0.78333336,-1.15,3.2,17.216667
2021-11-28 22:00:00+00:00,0.7354166,-2.3,2.95,17.264584
2021-11-29 22:00:00+00:00,3.1166668,0.3,5.65,14.883333
2021-11-30 22:00:00+00:00,5.1083336,0.75,8.3,12.891666
2021-12-01 22:00:00+00:00,2.0708332,-2.05,6.3,15.929167
2021-12-02 22:00:00+00:00,0.25416663,-2.7,3.0,17.745832
2021-12-03 22:00:00+00:00,1.7854167,1.25,2.6,16.214582
2021-12-04 22:00:00+00:00,1.0124999,0.7,1.65,16.9875
2021-12-05 22:00:00+00:00,-0.04791665,-2.1,2.15,18.047916
2021-12-06 22:00:00+00:00,-0.84791654,-2.5,0.95,18.847916
2021-12-07 22:00:00+00:00,-1.0479168,-2.1,0.45,19.047916
2021-12-08 22:00:00+00:00,-1.7875,-2.45,-0.7,19.7875
2021-12-09 22:00:00+00:00,-1.2479166,-4.8,0.3,19.247917
2021-12-10 22:00:00+00:00,-2.1562502,-5.6,0.35,20.15625
2021-12-11 22:00:00+00:00,0.65208334,-1.2,2.4,17.347918
2021-12-12 22:00:00+00:00,5.2354164,2.7,7.4,12.764584
2021-12-13 22:00:00+00:00,6.6895843,5.9,7.55,11.310415
2021-12-14 22:00:00+00:00,7.608334,6.4,8.8,10.391666
2021-12-15 22:00:00+00:00,7.0083337,3.7,8.65,10.991667
2021-12-16 22:00:00+00:00,4.775,3.45,6.2,13.225
2021-12-17 22:00:00+00:00,5.6354165,4.75,7.0,12.364584
2021-12-18 22:00:00+00:00,5.9083333,2.4,6.8,12.091667
2021-12-19 22:00:00+00:00,0.42083335,-3.65,3.75,17.579166
2021-12-20 22:00:00+00:00,-0.77500004,-4.0,0.5,18.775
2021-12-21 22:00:00+00:00,-1.5958332,-3.55,-0.25,19.595833
2021-12-22 22:00:00+00:00,-1.6208334,-3.8,0.4,19.620834
2021-12-23 22:00:00+00:00,1.5437502,-4.2,3.5,16.45625
2021-12-24 22:00:00+00:00,-5.5770836,-7.9,-2.95,23.577084
2021-12-25 22:00:00+00:00,-7.5499997,-10.85,-3.55,25.55
2021-12-26 22:00:00+00:00,-3.3604167,-7.25,-0.5,21.360416
2021-12-27 22:00:00+00:00,-0.76875013,-3.85,2.0,18.76875
2021-12-28 22:00:00+00:00,1.7687502,-0.1,3.2,16.23125
2021-12-29 22:00:00+00:00,7.8145843,3.5,11.6,10.185415
2021-12-30 22:00:00+00:00,11.870833,11.0,13.0,6.1291666
2021-12-31 22:00:00+00:00,10.970834,9.1,12.05,7.029166
2022-01-01 22:00:00+00:00,9.474999,7.65,11.65,8.525001
2022-01-02 22:00:00+00:00,8.285418,6.3,10.05,9.714582
2022-01-03 22:00:00+00:00,6.066666,5.15,7.2,11.933334
2022-01-04 22:00:00+00:00,3.5854166,2.4,4.6,14.414583
2022-01-05 22:00:00+00:00,0.1833333,-3.0,3.6,17.816668
2022-01-06 22:00:00+00:00,0.31875,-2.0,2.5,17.68125
2022-01-07 22:00:00+00:00,0.54583335,-1.1,2.7,17.454166
2022-01-08 22:00:00+00:00,0.45624998,-1.65,2.25,17.54375
2022-01-09 22:00:00+00:00,2.64375,-0.45,4.2,15.35625
2022-01-10 22:00:00+00:00,-2.354167,-4.9,-0.6,20.354168
2022-01-11 22:00:00+00:00,-0.049999963,-2.55,2.1,18.05
2022-01-12 22:00:00+00:00,3.6395836,1.9,5.4,14.360416
2022-01-13 22:00:00+00:00,4.8354163,1.6,6.85,13.164583
2022-01-14 22:00:00+00:00,0.3708333,-1.25,2.9,17.629168
2022-01-15 22:00:00+00:00,1.0520834,-1.65,3.8,16.947916
2022-01-16 22:00:00+00:00,3.8333337,-0.85,5.8,14.166666
2022-01-17 22:00:00+00:00,2.15625,-1.35,5.55,15.84375
2022-01-18 22:00:00+00:00,3.2541666,1.1,4.45,14.745833
2022-01-19 22:00:00+00:00,1.2562501,-1.5,4.5,16.74375
2022-01-20 22:00:00+00:00,-0.8062501,-3.45,1.8,18.80625
2022-01-21 22:00:00+00:00,2.4395833,0.9,3.7,15.560417
2022-01-22 22:00:00+00:00,4.754166,2.4,6.15,13.245834
2022-01-23 22:00:00+00:00,4.808333,4.3,5.5,13.191668
2022-01-24 22:00:00+00:00,3.8479166,3.3,4.65,14.152083
2022-01-25 22:00:00+00:00,3.0625,2.05,4.05,14.9375
2022-01-26 22:00:00+00:00,3.958333,2.95,5.9,14.041667
2022-01-27 22:00:00+00:00,3.908333,1.65,6.2,14.091667
2022-01-28 22:00:00+00:00,5.1958337,2.05,8.55,12.804167
2022-01-29 22:00:00+00:00,5.166667,2.4,7.05,12.833333
2022-01-30 22:00:00+00:00,1.6729168,-1.5,3.35,16.327084
2022-01-31 22:00:00+00:00,2.13125,-1.45,5.7,15.86875
2022-02-01 22:00:00+00:00,4.2458334,0.8,6.2,13.754167
2022-02-02 22:00:00+00:00,3.5166667,0.05,6.25,14.483334
2022-02-03 22:00:00+00:00,6.3541665,5.1,8.05,11.645834
2022-02-04 22:00:00+00:00,3.8208332,2.15,6.0,14.179167
2022-02-05 22:00:00+00:00,5.1145835,3.9,7.45,12.885416
2022-02-06 22:00:00+00:00,3.377083,1.5,5.9,14.622917
2022-02-07 22:00:00+00:00,5.729166,1.75,8.35,12.270834
2022-02-08 22:00:00+00:00,8.410416,6.75,9.35,9.589584
2022-02-09 22:00:00+00:00,6.962501,4.95,9.4,11.037498
2022-02-10 22:00:00+00:00,3.6937501,0.8,5.35,14.30625
2022-02-11 22:00:00+00:00,0.2145833,-3.35,4.8,17.785418
2022-02-12 22:00:00+00:00,2.5708334,-1.15,7.35,15.429167
2022-02-13 22:00:00+00:00,6.866667,3.35,12.35,11.133333
2022-02-14 22:00:00+00:00,6.3645835,4.35,8.7,11.635416
2022-02-15 22:00:00+00:00,6.847917,4.35,9.95,11.152082
2022-02-16 22:00:00+00:00,7.641667,5.0,11.85,10.358334
2022-02-17 22:00:00+00:00,6.1041665,3.0,10.25,11.895834
2022-02-18 22:00:00+00:00,5.2729163,3.25,7.45,12.727083
2022-02-19 22:00:00+00:00,5.1541667,3.05,8.0,12.845833
2022-02-20 22:00:00+00:00,5.6749997,2.45,8.95,12.325001
2022-02-21 22:00:00+00:00,5.035417,2.5,7.15,12.964582
2022-02-22 22:00:00+00:00,6.0,2.6,8.95,12.0
2022-02-23 22:00:00+00:00,5.679167,1.15,10.35,12.320833
2022-02-24 22:00:00+00:00,3.5562503,1.1,6.3,14.443749
2022-02-25 22:00:00+00:00,3.3979166,-0.3,6.5,14.602083
2022-02-26 22:00:00+00:00,0.82500005,-2.85,5.95,17.175
2022-02-27 22:00:00+00:00,0.32916656,-2.9,4.9,17.670834
2022-02-28 22:00:00+00:00,0.4708333,-3.4,6.65,17.529167
2022-03-01 22:00:00+00:00,0.7166667,-3.7,6.45,17.283333
2022-03-02 22:00:00+00:00,-0.9791667,-5.1,3.0,18.979166
2022-03-03 22:00:00+00:00,1.1749998,-2.55,4.4,16.825
2022-03-04 22:00:00+00:00,0.09791664,-3.5,4.4,17.902082
2022-03-05 22:00:00+00:00,-0.18541665,-4.6,2.15,18.185417
2022-03-06 22:00:00+00:00,1.9020834,-2.7,7.85,16.097916
2022-03-07 22:00:00+00:00,1.9250001,-3.75,8.5,16.075
2022-03-08 22:00:00+00:00,2.9166663,-3.35,10.3,15.083334
2022-03-09 22:00:00+00:00,2.0395834,-2.0,7.65,15.960417
2022-03-10 22:00:00+00:00,1.30625,-2.9,6.8,16.69375
2022-03-11 22:00:00+00:00,3.1104164,-1.45,9.55,14.889584
2022-03-12 22:00:00+00:00,4.191667,-1.15,11.05,13.808332
2022-03-13 22:00:00+00:00,5.9874997,0.75,12.0,12.012501
2022-03-14 22:00:00+00:00,7.7041664,3.55,11.85,10.295834
2022-03-15 22:00:00+00:00,7.03125,2.6,11.0,10.96875
2022-03-16 22:00:00+00:00,7.416666,2.9,12.25,10.583334
2022-03-17 22:00:00+00:00,7.597917,4.15,12.0,10.402082
2022-03-18 22:00:00+00:00,5.358333,0.65,9.6,12.641666
2022-03-19 22:00:00+00:00,5.5125003,0.95,10.95,12.487499
2022-03-20 22:00:00+00:00,5.875,0.55,12.6,12.125
2022-03-21 22:00:00+00:00,6.366667,-0.5,15.35,11.633333
2022-03-22 22:00:00+00:00,7.460417,-0.5,16.85,10.539583
2022-03-23 22:00:00+00:00,5.8145833,-1.9,14.7,12.185417
2022-03-24 22:00:00+00:00,7.766667,-0.8,15.8,10.233334
2022-03-25 22:00:00+00:00,7.9458337,3.75,12.55,10.054167
2022-03-26 22:00:00+00:00,7.2104163,0.2,14.55,10.789583
2022-03-27 22:00:00+00:00,8.483333,3.5,15.05,9.516667
2022-03-28 22:00:00+00:00,7.3541665,4.25,11.75,10.645834
2022-03-29 22:00:00+00:00,4.66875,0.45,8.15,13.33125
2022-03-30 22:00:00+00:00,3.3083332,-1.3,6.4,14.691667
2022-03-31 22:00:00+00:00,3.3395827,0.6,7.0,14.660418
2022-04-01 22:00:00+00:00,1.9062501,-0.95,4.95,16.09375
2022-04-02 22:00:00+00:00,1.6958336,-3.45,6.8,16.304167
2022-04-03 22:00:00+00:00,3.2250001,0.45,7.75,14.775
2022-04-04 22:00:00+00:00,6.43125,4.6,8.6,11.56875
2022-04-05 22:00:00+00:00,9.797916,7.05,11.8,8.202084
2022-04-06 22:00:00+00:00,9.9875,7.9,14.4,8.0125
2022-04-07 22:00:00+00:00,6.46875,3.8,8.85,11.53125
2022-04-08 22:00:00+00:00,5.2124996,2.0,9.35,12.7875
2022-04-09 22:00:00+00:00,4.291667,1.4,8.25,13.708333
2022-04-10 22:00:00+00:00,5.9312496,0.85,10.95,12.06875
2022-04-11 22:00:00+00:00,8.102084,-0.25,15.35,9.897916
2022-04-12 22:00:00+00:00,12.329166,5.45,20.5,5.6708336
2022-04-13 22:00:00+00:00,11.450001,6.95,16.85,6.549999
2022-04-14 22:00:00+00:00,8.227083,5.15,10.25,9.772917
2022-04-15 22:00:00+00:00,6.3416657,1.75,11.8,11.658335
2022-04-16 22:00:00+00:00,7.116667,-0.45,13.95,10.883333
2022-04-17 22:00:00+00:00,7.8645835,0.7,14.6,10.135416
2022-04-18 22:00:00+00:00,7.8958335,3.0,13.4,10.104166
2022-04-19 22:00:00+00:00,8.585416,4.4,14.0,9.414584
2022-04-20 22:00:00+00:00,9.529166,5.25,12.95,8.470834
2022-04-21 22:00:00+00:00,9.562499,4.25,13.15,8.437501
2022-04-22 22:00:00+00:00,10.943748,3.95,16.75,7.0562515
2022-04-23 22:00:00+00:00,11.341667,6.45,16.65,6.658333
2022-04-24 22:00:00+00:00,8.96875,3.9,13.65,9.03125
2022-04-25 22:00:00+00:00,9.89375,1.95,16.15,8.10625
2022-04-26 22:00:00+00:00,11.575001,5.7,16.35,6.424999
2022-04-27 22:00:00+00:00,11.022916,5.2,16.45,6.977084
2022-04-28 22:00:00+00:00,11.910416,2.85,18.35,6.0895844
2022-04-29 22:00:00+00:00,13.439584,6.9,18.55,4.560416
2022-04-30 22:00:00+00:00,11.802083,7.85,16.35,6.197917
2022-05-01 22:00:00+00:00,12.941666,6.2,18.7,5.0583344
2022-05-02 22:00:00+00:00,12.335418,6.6,18.45,5.6645823
2022-05-03 22:00:00+00:00,13.5625,7.0,19.15,4.4375
2022-05-04 22:00:00+00:00,13.931251,9.85,18.3,4.0687494
2022-05-05 22:00:00+00:00,14.0,6.0,19.3,4.0
2022-05-06 22:00:00+00:00,15.84375,8.6,21.95,2.15625
2022-05-07 22:00:00+00:00,14.697917,10.85,19.25,3.302083
2022-05-08 22:00:00+00:00,14.152083,6.2,21.1,3.8479166
2022-05-09 22:00:00+00:00,18.614584,9.7,25.95,0.0
2022-05-10 22:00:00+00:00,21.016668,14.95,27.35,0.0
2022-05-11 22:00:00+00:00,16.84375,14.1,19.2,1.15625
2022-05-12 22:00:00+00:00,14.7375,9.4,18.5,3.2624998
2022-05-13 22:00:00+00:00,15.664582,11.25,19.8,2.3354177
2022-05-14 22:00:00+00:00,14.575001,6.7,20.7,3.4249992
2022-05-15 22:00:00+00:00,17.662498,9.55,24.5,0.33750153
2022-05-16 22:00:00+00:00,17.033335,13.85,21.15,0.96666527
2022-05-17 22:00:00+00:00,18.05625,11.55,24.2,0.0
2022-05-18 22:00:00+00:00,21.708334,13.5,28.5,0.0
2022-05-19 22:00:00+00:00,20.941668,17.8,24.35,0.0
2022-05-20 22:00:00+00:00,15.849999,12.45,18.35,2.1500006
2022-05-21 22:00:00+00:00,14.414585,9.45,18.75,3.585415
2022-05-22 22:00:00+00:00,16.324999,9.15,22.0,1.6750011
2022-05-23 22:00:00+00:00,17.90417,13.95,21.85,0.09583092
2022-05-24 22:00:00+00:00,15.345834,9.4,19.8,2.6541662
2022-05-25 22:00:00+00:00,17.020834,13.25,20.35,0.97916603
2022-05-26 22:00:00+00:00,14.902084,11.45,17.8,3.0979156
2022-05-27 22:00:00+00:00,11.935416,8.55,15.1,6.064584
2022-05-28 22:00:00+00:00,11.716666,9.5,14.75,6.283334
2022-05-29 22:00:00+00:00,11.849999,7.7,15.7,6.1500006
2022-05-30 22:00:00+00:00,13.633334,7.75,18.2,4.366666
2022-05-31 22:00:00+00:00,14.241668,8.6,18.95,3.7583323
2022-06-01 22:00:00+00:00,13.977084,9.2,18.45,4.022916
2022-06-02 22:00:00+00:00,17.229166,9.15,23.95,0.77083397
2022-06-03 22:00:00+00:00,18.379166,13.7,22.5,0.0
2022-06-04 22:00:00+00:00,19.110415,9.0,27.3,0.0
2022-06-05 22:00:00+00:00,20.816666,15.8,25.1,0.0
2022-06-06 22:00:00+00:00,18.860418,12.95,23.45,0.0
2022-06-07 22:00:00+00:00,19.818748,13.5,24.8,0.0
2022-06-08 22:00:00+00:00,18.535416,15.85,21.0,0.0
2022-06-09 22:00:00+00:00,19.239584,13.05,24.9,0.0
2022-06-10 22:00:00+00:00,21.824999,16.55,26.35,0.0
2022-06-11 22:00:00+00:00,20.208334,14.5,25.6,0.0
2022-06-12 22:00:00+00:00,16.514585,13.0,20.7,1.4854145
2022-06-13 22:00:00+00:00,14.789581,9.85,19.3,3.2104187
2022-06-14 22:00:00+00:00,17.737501,8.4,24.65,0.26249886
2022-06-15 22:00:00+00:00,18.68125,13.4,23.9,0.0
2022-06-16 22:00:00+00:00,19.527084,12.15,24.9,0.0
2022-06-17 22:00:00+00:00,25.935417,17.15,34.0,0.0
2022-06-18 22:00:00+00:00,25.416666,16.6,35.55,0.0
2022-06-19 22:00:00+00:00,15.083332,12.95,17.1,2.916668
2022-06-20 22:00:00+00:00,17.535418,11.25,23.55,0.46458244
2022-06-21 22:00:00+00:00,20.262499,11.55,26.7,0.0
2022-06-22 22:00:00+00:00,22.191666,13.4,29.55,0.0
2022-06-23 22:00:00+00:00,25.056252,18.95,31.75,0.0
2022-06-24 22:00:00+00:00,22.320833,18.5,27.4,0.0
2022-06-25 22:00:00+00:00,23.877083,17.6,29.8,0.0
2022-06-26 22:00:00+00:00,27.047918,20.6,34.4,0.0
2022-06-27 22:00:00+00:00,21.370834,17.0,24.75,0.0
2022-06-28 22:00:00+00:00,20.90625,15.6,25.0,0.0
2022-06-29 22:00:00+00:00,22.052084,17.65,27.15,0.0
2022-06-30 22:00:00+00:00,20.487501,16.6,26.05,0.0
2022-07-01 22:00:00+00:00,19.602083,12.0,25.55,0.0
2022-07-02 22:00:00+00:00,22.808334,15.25,28.8,0.0
2022-07-03 22:00:00+00:00,21.510416,17.15,24.7,0.0
2022-07-04 22:00:00+00:00,20.295832,14.55,24.75,0.0
2022-07-05 22:00:00+00:00,17.65,14.65,20.15,0.35000038
2022-07-06 22:00:00+00:00,16.358334,13.7,20.9,1.6416664
2022-07-07 22:00:00+00:00,16.841667,12.75,19.7,1.1583328
2022-07-08 22:00:00+00:00,16.375002,12.0,19.85,1.6249981
2022-07-09 22:00:00+00:00,16.1,12.9,19.6,1.8999996
2022-07-10 22:00:00+00:00,17.339582,12.1,22.6,0.66041756
2022-07-11 22:00:00+00:00,19.75,11.35,27.1,0.0
2022-07-12 22:00:00+00:00,21.981249,14.5,30.45,0.0
2022-07-13 22:00:00+00:00,20.02083,15.35,24.8,0.0
2022-07-14 22:00:00+00:00,16.777084,12.25,20.15,1.2229156
2022-07-15 22:00:00+00:00,17.368752,14.05,21.65,0.6312485
2022-07-16 22:00:00+00:00,17.164581,10.7,22.9,0.8354187
2022-07-17 22:00:00+00:00,21.831251,13.3,28.25,0.0
2022-07-18 22:00:00+00:00,26.491663,16.0,34.9,0.0
2022-07-19 22:00:00+00:00,29.891668,21.0,37.65,0.0
2022-07-20 22:00:00+00:00,24.756247,20.05,28.75,0.0
2022-07-21 22:00:00+00:00,21.8125,19.2,24.35,0.0
2022-07-22 22:00:00+00:00,19.362501,15.55,23.95,0.0
2022-07-23 22:00:00+00:00,20.035418,11.55,27.25,0.0
2022-07-24 22:00:00+00:00,25.910416,18.3,35.05,0.0
2022-07-25 22:00:00+00:00,20.310415,17.65,24.35,0.0
2022-07-26 22:00:00+00:00,16.925,12.3,20.4,1.0750008
2022-07-27 22:00:00+00:00,16.945833,10.1,22.45,1.0541668
2022-07-28 22:00:00+00:00,21.027082,14.3,27.7,0.0
2022-07-29 22:00:00+00:00,21.489584,17.6,26.1,0.0
2022-07-30 22:00:00+00:00,22.375,14.7,27.75,0.0
2022-07-31 22:00:00+00:00,21.427084,18.05,24.4,0.0
2022-08-01 22:00:00+00:00,21.202084,14.9,27.1,0.0
2022-08-02 22:00:00+00:00,25.795835,17.15,33.0,0.0
2022-08-03 22:00:00+00:00,29.485415,20.2,37.1,0.0
2022-08-04 22:00:00+00:00,24.312502,18.2,28.75,0.0
2022-08-05 22:00:00+00:00,17.954165,13.45,22.3,0.045835495
2022-08-06 22:00:00+00:00,18.218748,11.15,23.55,0.0
2022-08-07 22:00:00+00:00,20.76875,13.65,26.65,0.0
2022-08-08 22:00:00+00:00,21.637503,17.0,27.25,0.0
2022-08-09 22:00:00+00:00,21.927086,14.4,28.65,0.0
2022-08-10 22:00:00+00:00,23.5625,16.3,29.6,0.0
2022-08-11 22:00:00+00:00,23.610415,15.65,29.65,0.0
2022-08-12 22:00:00+00:00,22.62708,18.7,28.8,0.0
2022-08-13 22:00:00+00:00,25.454168,19.1,32.1,0.0
2022-08-14 22:00:00+00:00,24.093752,19.6,29.5,0.0
2022-08-15 22:00:00+00:00,24.239584,17.7,29.25,0.0
2022-08-16 22:00:00+00:00,25.82292,17.3,32.1,0.0
2022-08-17 22:00:00+00:00,26.575003,21.2,32.4,0.0
2022-08-18 22:00:00+00:00,22.012497,19.0,24.8,0.0
2022-08-19 22:00:00+00:00,19.841665,18.6,21.6,0.0
2022-08-20 22:00:00+00:00,19.283335,15.7,23.35,0.0
2022-08-21 22:00:00+00:00,18.881248,14.3,22.75,0.0
2022-08-22 22:00:00+00:00,20.045834,16.7,25.1,0.0
2022-08-23 22:00:00+00:00,20.983334,15.35,26.6,0.0
2022-08-24 22:00:00+00:00,22.577082,18.05,27.25,0.0
2022-08-25 22:00:00+00:00,22.049997,19.15,26.9,0.0
2022-08-26 22:00:00+00:00,20.360416,18.45,22.95,0.0
2022-08-27 22:00:00+00:00,18.849998,15.85,21.9,0.0
2022-08-28 22:00:00+00:00,17.370832,12.8,21.65,0.62916756
2022-08-29 22:00:00+00:00,17.018751,13.1,20.9,0.98124886
2022-08-30 22:00:00+00:00,16.822916,12.35,21.3,1.177084
2022-08-31 22:00:00+00:00,15.993751,11.35,20.3,2.0062494
2022-09-01 22:00:00+00:00,16.002083,11.9,20.65,1.9979172
2022-09-02 22:00:00+00:00,16.550001,11.7,21.3,1.4499989
2022-09-03 22:00:00+00:00,17.966665,13.55,23.25,0.033334732
2022-09-04 22:00:00+00:00,18.643747,14.35,23.9,0.0
2022-09-05 22:00:00+00:00,18.141668,14.35,21.8,0.0
2022-09-06 22:00:00+00:00,19.041666,13.85,25.5,0.0
2022-09-07 22:00:00+00:00,17.093752,15.1,19.45,0.9062481
2022-09-08 22:00:00+00:00,16.695833,13.1,20.9,1.3041668
2022-09-09 22:00:00+00:00,16.116667,11.85,21.25,1.8833332
2022-09-10 22:00:00+00:00,15.420836,11.9,19.55,2.5791636
2022-09-11 22:00:00+00:00,15.054166,9.65,20.2,2.9458342
2022-09-12 22:00:00+00:00,15.512501,12.15,19.8,2.4874992
2022-09-13 22:00:00+00:00,14.868751,11.5,18.65,3.1312494
2022-09-14 22:00:00+00:00,14.35625,11.25,17.8,3.6437502
2022-09-15 22:00:00+00:00,13.145833,9.45,16.5,4.854167
2022-09-16 22:00:00+00:00,12.035416,10.05,15.1,5.9645844
2022-09-17 22:00:00+00:00,10.837501,8.65,14.35,7.1624994
2022-09-18 22:00:00+00:00,10.681251,7.15,15.45,7.3187494
2022-09-19 22:00:00+00:00,10.464583,7.2,14.8,7.5354166
2022-09-20 22:00:00+00:00,10.466666,5.6,16.2,7.533334
2022-09-21 22:00:00+00:00,10.708333,5.0,15.85,7.291667
2022-09-22 22:00:00+00:00,10.437498,3.6,16.2,7.562502
2022-09-23 22:00:00+00:00,12.114583,9.4,15.75,5.885417
2022-09-24 22:00:00+00:00,13.262498,10.55,17.25,4.737502
2022-09-25 22:00:00+00:00,12.497917,8.05,16.5,5.502083
2022-09-26 22:00:00+00:00,10.966667,7.65,12.75,7.033333
2022-09-27 22:00:00+00:00,8.2875,6.45,12.05,9.7125
2022-09-28 22:00:00+00:00,8.831251,4.9,13.8,9.168749
2022-09-29 22:00:00+00:00,9.414583,3.45,16.0,8.585417
2022-09-30 22:00:00+00:00,10.404167,7.55,13.4,7.595833
2022-10-01 22:00:00+00:00,12.483334,10.05,16.05,5.5166664
2022-10-02 22:00:00+00:00,12.475001,10.0,15.2,5.5249987
2022-10-03 22:00:00+00:00,12.760417,10.7,17.1,5.239583
2022-10-04 22:00:00+00:00,13.806251,9.3,18.95,4.1937494
2022-10-05 22:00:00+00:00,14.570834,9.65,17.45,3.4291658
2022-10-06 22:00:00+00:00,10.606249,5.25,17.2,7.393751
2022-10-07 22:00:00+00:00,11.15625,8.25,15.8,6.84375
2022-10-08 22:00:00+00:00,9.922916,5.1,15.4,8.077084
2022-10-09 22:00:00+00:00,11.120833,6.15,16.9,6.8791666
2022-10-10 22:00:00+00:00,10.974999,7.4,15.05,7.0250006
2022-10-11 22:00:00+00:00,9.570833,4.15,15.15,8.429167
2022-10-12 22:00:00+00:00,9.672916,4.65,16.45,8.327084
2022-10-13 22:00:00+00:00,11.320831,7.0,16.45,6.6791687
2022-10-14 22:00:00+00:00,14.166667,11.6,17.8,3.833333
2022-10-15 22:00:00+00:00,15.350001,11.7,20.0,2.6499987
2022-10-16 22:00:00+00:00,16.479166,10.4,23.85,1.520834
2022-10-17 22:00:00+00:00,14.420833,10.85,16.4,3.5791674
2022-10-18 22:00:00+00:00,10.872916,6.8,13.8,7.127084
2022-10-19 22:00:00+00:00,8.03125,3.6,13.4,9.96875
2022-10-20 22:00:00+00:00,11.500001,8.0,15.35,6.499999
2022-10-21 22:00:00+00:00,13.818748,11.25,18.5,4.1812515
2022-10-22 22:00:00+00:00,13.345834,8.75,18.05,4.654166
2022-10-23 22:00:00+00:00,15.341668,12.8,19.6,2.6583319
2022-10-24 22:00:00+00:00,13.141666,9.1,16.15,4.8583336
2022-10-25 22:00:00+00:00,11.052082,6.25,16.95,6.947918
2022-10-26 22:00:00+00:00,13.4645815,9.45,19.35,4.5354185
2022-10-27 22:00:00+00:00,16.331251,12.7,21.7,1.6687489
2022-10-28 22:00:00+00:00,16.010416,13.45,19.1,1.989584
2022-10-29 22:00:00+00:00,14.889581,10.8,20.6,3.1104193
2022-10-30 22:00:00+00:00,13.04375,9.35,17.1,4.95625
2022-10-31 22:00:00+00:00,12.741666,8.4,17.2,5.258334
2022-11-01 22:00:00+00:00,10.10625,7.0,14.85,7.89375
2022-11-02 22:00:00+00:00,8.304166,4.35,12.35,9.695834
2022-11-03 22:00:00+00:00,9.291667,7.65,11.05,8.708333
2022-11-04 22:00:00+00:00,8.239583,5.15,11.5,9.760417
2022-11-05 22:00:00+00:00,6.8604164,4.25,11.1,11.139584
2022-11-06 22:00:00+00:00,9.952083,6.65,13.9,8.047917
2022-11-07 22:00:00+00:00,11.575,8.9,15.65,6.425
2022-11-08 22:00:00+00:00,12.493749,10.95,14.75,5.5062513
2022-11-09 22:00:00+00:00,10.8083315,8.6,13.3,7.1916685
2022-11-10 22:00:00+00:00,9.529167,7.15,12.6,8.470833
2022-11-11 22:00:00+00:00,6.691666,2.8,11.95,11.308334
2022-11-12 22:00:00+00:00,7.8458333,3.8,10.7,10.154167
2022-11-13 22:00:00+00:00,6.9687486,4.95,10.85,11.031252
2022-11-14 22:00:00+00:00,7.2208343,4.4,11.9,10.779165
2022-11-15 22:00:00+00:00,5.802084,4.95,6.9,12.197916
2022-11-16 22:00:00+00:00,3.8916664,2.25,5.35,14.108334
2022-11-17 22:00:00+00:00,-0.7270834,-4.45,2.15,18.727083
2022-11-18 22:00:00+00:00,-2.14375,-6.15,1.8,20.14375
2022-11-19 22:00:00+00:00,-1.2645831,-3.2,0.75,19.264584
2022-11-20 22:00:00+00:00,-1.5124999,-3.25,0.8,19.5125
2022-11-21 22:00:00+00:00,-0.5145833,-3.35,2.45,18.514584
2022-11-22 22:00:00+00:00,1.8145834,-0.75,6.1,16.185417
2022-11-23 22:00:00+00:00,0.70208335,-2.45,4.3,17.297916
2022-11-24 22:00:00+00:00,3.2729168,-0.05,6.3,14.727083
2022-11-25 22:00:00+00:00,6.5458336,5.9,8.25,11.454166
2022-11-26 22:00:00+00:00,4.9458327,2.35,7.0,13.054167
2022-11-27 22:00:00+00:00,3.8124998,2.85,4.95,14.1875
2022-11-28 22:00:00+00:00,3.8479164,2.65,5.1,14.152083
2022-11-29 22:00:00+00:00,2.720833,-0.25,4.95,15.279167
2022-11-30 22:00:00+00:00,0.043749988,-0.9,0.7,17.95625
2022-12-01 22:00:00+00:00,0.62083334,-1.05,1.9,17.379168
2022-12-02 22:00:00+00:00,-1.3875002,-1.95,-0.35,19.3875
2022-12-03 22:00:00+00:00,0.6916666,-0.5,2.1,17.308334
2022-12-04 22:00:00+00:00,1.6249999,0.15,3.2,16.375
2022-12-05 22:00:00+00:00,1.9979168,1.65,2.8,16.002083
2022-12-06 22:00:00+00:00,1.9333333,-0.5,3.55,16.066668
2022-12-07 22:00:00+00:00,0.98541665,-1.15,3.05,17.014584
2022-12-08 22:00:00+00:00,-0.825,-3.3,1.05,18.825
2022-12-09 22:00:00+00:00,-2.552083,-4.65,-0.8,20.552082
2022-12-10 22:00:00+00:00,-2.3124998,-4.2,-1.35,20.3125
2022-12-11 22:00:00+00:00,-1.7333336,-3.6,0.05,19.733334
2022-12-12 22:00:00+00:00,-2.7562501,-5.75,-1.5,20.75625
2022-12-13 22:00:00+00:00,-6.129167,-8.8,-2.2,24.129168
2022-12-14 22:00:00+00:00,-6.9895825,-10.5,-2.1,24.989582
2022-12-15 22:00:00+00:00,-5.2500005,-9.1,-1.85,23.25
2022-12-16 22:00:00+00:00,-3.9791667,-6.45,-2.25,21.979166
2022-12-17 22:00:00+00:00,-5.9062505,-7.55,-2.55,23.90625
2022-12-18 22:00:00+00:00,-0.54375046,-4.85,3.15,18.54375
2022-12-19 22:00:00+00:00,4.8145833,2.45,7.55,13.185417
2022-12-20 22:00:00+00:00,5.5,4.25,6.75,12.5
2022-12-21 22:00:00+00:00,5.3958335,3.1,7.15,12.604166
2022-12-22 22:00:00+00:00,4.604167,3.15,6.3,13.395833
2022-12-23 22:00:00+00:00,4.78125,3.5,7.2,13.21875
2022-12-24 22:00:00+00:00,6.1145825,4.85,7.95,11.885418
2022-12-25 22:00:00+00:00,8.866667,5.65,10.05,9.133333
2022-12-26 22:00:00+00:00,3.6062498,1.7,5.65,14.39375
2022-12-27 22:00:00+00:00,5.2937503,2.35,7.35,12.706249
2022-12-28 22:00:00+00:00,8.977083,6.85,12.25,9.022917
2022-12-29 22:00:00+00:00,6.7250004,4.2,8.45,11.275
2022-12-30 22:00:00+00:00,13.256249,8.8,16.45,4.7437506
2022-12-31 22:00:00+00:00,14.068752,10.95,15.8,3.9312477
2023-01-01 22:00:00+00:00,12.033333,9.0,14.35,5.966667
2023-01-02 22:00:00+00:00,5.2,1.1,8.65,12.8
2023-01-03 22:00:00+00:00,6.454167,3.2,10.25,11.545834
2023-01-04 22:00:00+00:00,7.856251,5.25,9.55,10.143749
2023-01-05 22:00:00+00:00,6.577084,3.95,10.0,11.422916
2023-01-06 22:00:00+00:00,6.820833,4.2,10.15,11.179167
2023-01-07 22:00:00+00:00,6.829167,4.95,8.25,11.170834
2023-01-08 22:00:00+00:00,5.5687504,4.05,8.0,12.43125
2023-01-09 22:00:00+00:00,5.0625005,3.1,7.4,12.9375
2023-01-10 22:00:00+00:00,6.077084,3.1,7.95,11.922916
2023-01-11 22:00:00+00:00,7.802084,5.5,9.8,10.197916
2023-01-12 22:00:00+00:00,8.529166,6.75,10.05,9.470834
2023-01-13 22:00:00+00:00,7.1416664,6.45,8.0,10.858334
2023-01-14 22:00:00+00:00,7.0375004,5.35,9.1,10.9625
2023-01-15 22:00:00+00:00,4.2083335,1.75,6.7,13.791666
2023-01-16 22:00:00+00:00,2.685417,-2.3,4.2,15.314583
2023-01-17 22:00:00+00:00,-1.2270833,-4.1,1.75,19.227083
2023-01-18 22:00:00+00:00,-1.1874999,-3.85,2.0,19.1875
2023-01-19 22:00:00+00:00,-1.7562503,-4.1,1.85,19.75625
2023-01-20 22:00:00+00:00,0.5125,-3.25,3.05,17.4875
2023-01-21 22:00:00+00:00,1.1479167,0.75,1.8,16.852083
2023-01-22 22:00:00+00:00,0.8395834,-0.8,2.55,17.160416
2023-01-23 22:00:00+00:00,-0.4895834,-3.05,2.0,18.489584
2023-01-24 22:00:00+00:00,0.6333334,0.0,1.65,17.366667
2023-01-25 22:00:00+00:00,-0.47291663,-1.15,0.25,18.472918
2023-01-26 22:00:00+00:00,0.8979166,-1.9,3.05,17.102083
2023-01-27 22:00:00+00:00,-0.62916666,-2.85,1.8,18.629168
2023-01-28 22:00:00+00:00,0.94791675,-2.2,2.45,17.052084
2023-01-29 22:00:00+00:00,3.1291668,1.3,4.75,14.870833
2023-01-30 22:00:00+00:00,3.5,1.6,5.45,14.5
2023-01-31 22:00:00+00:00,3.7145832,1.9,5.5,14.285417
2023-02-01 22:00:00+00:00,3.2895834,-1.8,5.75,14.710417
2023-02-02 22:00:00+00:00,5.0916667,0.15,8.05,12.908333
2023-02-03 22:00:00+00:00,1.0854164,-4.6,3.65,16.914583
2023-02-04 22:00:00+00:00,-3.0500002,-5.65,1.25,21.05
2023-02-05 22:00:00+00:00,-2.8291667,-5.8,0.7,20.829166
2023-02-06 22:00:00+00:00,-3.7562504,-7.8,1.0,21.75625
2023-02-07 22:00:00+00:00,-3.1479166,-6.1,1.45,21.147917
2023-02-08 22:00:00+00:00,-1.9604163,-4.85,2.9,19.960417
2023-02-09 22:00:00+00:00,1.9499999,-2.55,5.9,16.05
2023-02-10 22:00:00+00:00,5.4874997,1.55,7.7,12.512501
2023-02-11 22:00:00+00:00,6.4583325,5.65,7.95,11.541668
2023-02-12 22:00:00+00:00,6.0770836,3.2,7.5,11.922916
2023-02-13 22:00:00+00:00,3.3395827,-0.45,6.95,14.660418
2023-02-14 22:00:00+00:00,1.2229166,-2.35,7.75,16.777084
2023-02-15 22:00:00+00:00,3.8104165,-1.1,10.1,14.189584
2023-02-16 22:00:00+00:00,8.397916,5.95,11.95,9.602084
2023-02-17 22:00:00+00:00,6.506249,4.95,9.9,11.493752
2023-02-18 22:00:00+00:00,4.1708336,0.85,6.85,13.829166
2023-02-19 22:00:00+00:00,6.525,1.85,9.5,11.475
2023-02-20 22:00:00+00:00,8.656249,5.4,11.1,9.343751
2023-02-21 22:00:00+00:00,6.7583327,3.8,9.9,11.241667
2023-02-22 22:00:00+00:00,6.7104163,3.15,10.65,11.289583
2023-02-23 22:00:00+00:00,3.3395832,1.15,6.9,14.660417
2023-02-24 22:00:00+00:00,1.7666665,-0.55,3.7,16.233334
2023-02-25 22:00:00+00:00,-0.043750018,-3.15,2.95,18.04375
2023-02-26 22:00:00+00:00,0.10208323,-4.05,3.85,17.897917
2023-02-27 22:00:00+00:00,0.26874998,-3.95,4.7,17.73125
2023-02-28 22:00:00+00:00,0.035416678,-5.85,7.3,17.964582
2023-03-01 22:00:00+00:00,0.0041666725,-3.7,5.35,17.995832
2023-03-02 22:00:00+00:00,-0.06250006,-3.2,3.85,18.0625
2023-03-03 22:00:00+00:00,3.3500001,0.3,6.05,14.65
2023-03-04 22:00:00+00:00,1.3229169,-1.05,3.9,16.677084
2023-03-05 22:00:00+00:00,0.99375004,-2.45,3.65,17.00625
2023-03-06 22:00:00+00:00,1.1895832,-2.5,4.7,16.810417
2023-03-07 22:00:00+00:00,0.80833334,-2.0,3.55,17.191668
2023-03-08 22:00:00+00:00,0.8645833,0.25,2.0,17.135416
2023-03-09 22:00:00+00:00,3.1437502,0.4,9.7,14.85625
2023-03-10 22:00:00+00:00,1.2895832,-0.45,3.35,16.710417
2023-03-11 22:00:00+00:00,1.8020835,-2.25,6.05,16.197916
2023-03-12 22:00:00+00:00,9.9875,5.7,15.3,8.0125
2023-03-13 22:00:00+00:00,9.506251,2.5,13.65,8.493749
2023-03-14 22:00:00+00:00,2.6041667,-0.6,6.45,15.395833
2023-03-15 22:00:00+00:00,2.9937503,-2.15,8.55,15.006249
2023-03-16 22:00:00+00:00,7.1041665,2.95,13.0,10.895834
2023-03-17 22:00:00+00:00,10.208333,5.3,17.25,7.791667
2023-03-18 22:00:00+00:00,9.6375,4.9,15.3,8.3625
2023-03-19 22:00:00+00:00,8.85,6.25,11.7,9.15
2023-03-20 22:00:00+00:00,8.679167,6.35,11.05,9.320833
2023-03-21 22:00:00+00:00,11.400001,8.0,15.8,6.5999994
2023-03-22 22:00:00+00:00,11.78125,9.55,14.85,6.21875
2023-03-23 22:00:00+00:00,11.78125,7.85,15.8,6.21875
2023-03-24 22:00:00+00:00,8.962501,7.3,11.85,9.037499
2023-03-25 22:00:00+00:00,7.8874993,4.95,10.8,10.112501
2023-03-26 22:00:00+00:00,3.6041667,0.25,6.2,14.395833
2023-03-27 22:00:00+00:00,2.8187501,-0.8,6.95,15.18125
2023-03-28 22:00:00+00:00,5.527083,0.1,10.5,12.472918
2023-03-29 22:00:00+00:00,10.658334,7.0,16.75,7.341666
2023-03-30 22:00:00+00:00,9.712501,7.25,13.25,8.287499
2023-03-31 22:00:00+00:00,7.4479175,3.05,9.25,10.552082
2023-04-01 22:00:00+00:00,4.1000004,1.0,7.75,13.9
2023-04-02 22:00:00+00:00,1.65,-1.35,3.8,16.35
2023-04-03 22:00:00+00:00,1.6062499,-3.5,5.75,16.39375
2023-04-04 22:00:00+00:00,1.9791665,-2.8,7.2,16.020834
2023-04-05 22:00:00+00:00,3.8687503,-2.95,9.75,14.131249
2023-04-06 22:00:00+00:00,3.1812496,-1.05,5.6,14.81875
2023-04-07 22:00:00+00:00,7.2749996,3.75,11.55,10.725
2023-04-08 22:00:00+00:00,6.247917,0.0,12.4,11.752083
2023-04-09 22:00:00+00:00,8.85625,1.85,15.4,9.14375
2023-04-10 22:00:00+00:00,9.254168,4.85,12.15,8.745832
2023-04-11 22:00:00+00:00,7.668749,-0.15,14.55,10.331251
2023-04-12 22:00:00+00:00,9.170833,5.55,12.7,8.829167
2023-04-13 22:00:00+00:00,7.3812504,6.05,8.7,10.61875
2023-04-14 22:00:00+00:00,9.402083,7.05,11.15,8.597917
2023-04-15 22:00:00+00:00,9.110416,7.65,10.6,8.889584
2023-04-16 22:00:00+00:00,7.483334,4.45,11.15,10.516666
2023-04-17 22:00:00+00:00,8.091667,3.3,13.55,9.908333
2023-04-18 22:00:00+00:00,6.554167,3.3,11.45,11.445833
2023-04-19 22:00:00+00:00,9.129167,4.05,14.85,8.870833
2023-04-20 22:00:00+00:00,12.939583,7.9,18.7,5.060417
2023-04-21 22:00:00+00:00,13.770833,7.0,20.65,4.229167
2023-04-22 22:00:00+00:00,13.116668,10.2,16.35,4.8833323
2023-04-23 22:00:00+00:00,12.162499,8.1,15.9,5.8375006
2023-04-24 22:00:00+00:00,8.139584,5.8,10.45,9.860416
2023-04-25 22:00:00+00:00,6.3145833,2.4,9.75,11.685417
2023-04-26 22:00:00+00:00,6.4624996,1.9,10.1,11.5375
2023-04-27 22:00:00+00:00,9.2125,1.7,15.45,8.7875
2023-04-28 22:00:00+00:00,11.237499,7.3,14.55,6.762501
2023-04-29 22:00:00+00:00,8.400001,3.6,13.1,9.599999
2023-04-30 22:00:00+00:00,10.370833,2.8,17.35,7.6291666
2023-05-01 22:00:00+00:00,10.64375,8.45,12.75,7.35625
2023-05-02 22:00:00+00:00,9.727084,4.1,14.85,8.272916
2023-05-03 22:00:00+00:00,11.104167,3.3,17.15,6.895833
2023-05-04 22:00:00+00:00,13.429166,8.55,18.5,4.570834
2023-05-05 22:00:00+00:00,9.422917,8.45,11.65,8.577083
2023-05-06 22:00:00+00:00,10.522917,6.1,15.0,7.477083
2023-05-07 22:00:00+00:00,10.925,5.3,16.6,7.075
2023-05-08 22:00:00+00:00,12.704166,7.35,18.0,5.2958336
2023-05-09 22:00:00+00:00,15.191666,9.5,21.5,2.8083344
2023-05-10 22:00:00+00:00,16.027082,9.7,21.45,1.9729176
2023-05-11 22:00:00+00:00,16.727083,12.05,21.65,1.2729168
2023-05-12 22:00:00+00:00,16.029165,11.6,22.0,1.9708347
2023-05-13 22:00:00+00:00,15.450001,8.35,21.05,2.5499992
2023-05-14 22:00:00+00:00,14.641666,8.2,19.95,3.3583336
2023-05-15 22:00:00+00:00,12.529167,9.3,16.0,5.470833
2023-05-16 22:00:00+00:00,10.250001,6.15,15.0,7.749999
2023-05-17 22:00:00+00:00,10.570833,4.45,15.25,7.429167
2023-05-18 22:00:00+00:00,13.1125,6.8,18.1,4.8875
2023-05-19 22:00:00+00:00,14.679169,8.75,19.6,3.3208313
2023-05-20 22:00:00+00:00,19.964582,13.7,26.2,0.0
2023-05-21 22:00:00+00:00,20.410416,15.35,25.25,0.0
2023-05-22 22:00:00+00:00,16.210417,13.0,22.4,1.7895832
2023-05-23 22:00:00+00:00,12.079166,9.6,15.4,5.9208336
2023-05-24 22:00:00+00:00,14.337499,8.3,18.7,3.6625013
2023-05-25 22:00:00+00:00,13.452083,6.9,18.7,4.5479174
2023-05-26 22:00:00+00:00,13.799999,6.2,19.8,4.200001
2023-05-27 22:00:00+00:00,16.175001,7.5,22.6,1.8249989
2023-05-28 22:00:00+00:00,16.10625,10.65,21.05,1.8937492
2023-05-29 22:00:00+00:00,15.462501,7.25,21.55,2.5374994
2023-05-30 22:00:00+00:00,17.104166,8.7,24.05,0.89583397
2023-05-31 22:00:00+00:00,16.704168,11.35,21.65,1.2958317
2023-06-01 22:00:00+00:00,14.608331,9.5,19.65,3.3916693
2023-06-02 22:00:00+00:00,14.037499,7.05,19.55,3.9625006
2023-06-03 22:00:00+00:00,16.270834,6.95,22.65,1.729166
2023-06-04 22:00:00+00:00,19.0,10.1,25.2,0.0
2023-06-05 22:00:00+00:00,19.56875,14.8,25.4,0.0
2023-06-06 22:00:00+00:00,22.131248,15.75,28.3,0.0
2023-06-07 22:00:00+00:00,22.804167,16.1,28.25,0.0
2023-06-08 22:00:00+00:00,22.204168,16.1,28.45,0.0
2023-06-09 22:00:00+00:00,22.279165,15.3,28.85,0.0
2023-06-10 22:00:00+00:00,21.485418,14.2,26.3,0.0
2023-06-11 22:00:00+00:00,21.085417,14.45,25.4,0.0
2023-06-12 22:00:00+00:00,18.583332,12.3,23.6,0.0
2023-06-13 22:00:00+00:00,18.293749,11.3,23.65,0.0
2023-06-14 22:00:00+00:00,18.464584,14.45,22.8,0.0
2023-06-15 22:00:00+00:00,15.502084,13.45,19.85,2.4979162
2023-06-16 22:00:00+00:00,16.472918,11.75,20.8,1.5270824
2023-06-17 22:00:00+00:00,19.164583,11.7,24.65,0.0
2023-06-18 22:00:00+00:00,20.92708,14.75,27.05,0.0
2023-06-19 22:00:00+00:00,21.018751,16.15,25.4,0.0
2023-06-20 22:00:00+00:00,23.077085,18.7,27.75,0.0
2023-06-21 22:00:00+00:00,22.862501,17.65,27.2,0.0
2023-06-22 22:00:00+00:00,18.097918,16.85,20.4,0.0
2023-06-23 22:00:00+00:00,19.218748,14.8,24.55,0.0
2023-06-24 22:00:00+00:00,21.360415,14.85,26.3,0.0
2023-06-25 22:00:00+00:00,22.345833,17.85,29.25,0.0
2023-06-26 22:00:00+00:00,17.339584,14.4,20.45,0.66041565
2023-06-27 22:00:00+00:00,17.637499,12.9,22.05,0.36250114
2023-06-28 22:00:00+00:00,19.429165,11.85,24.8,0.0
2023-06-29 22:00:00+00:00,19.41667,16.7,21.55,0.0
2023-06-30 22:00:00+00:00,19.658335,15.15,23.75,0.0
2023-07-01 22:00:00+00:00,18.460417,15.85,21.7,0.0
2023-07-02 22:00:00+00:00,17.897917,14.45,21.4,0.102083206
2023-07-03 22:00:00+00:00,18.39375,14.3,22.25,0.0
2023-07-04 22:00:00+00:00,18.627085,12.95,24.7,0.0
2023-07-05 22:00:00+00:00,18.18125,13.6,22.25,0.0
2023-07-06 22:00:00+00:00,20.158333,11.0,27.4,0.0
2023-07-07 22:00:00+00:00,23.233332,14.75,30.05,0.0
2023-07-08 22:00:00+00:00,24.949999,16.5,31.55,0.0
2023-07-09 22:00:00+00:00,24.043749,19.2,30.85,0.0
2023-07-10 22:00:00+00:00,23.389587,16.2,29.6,0.0
2023-07-11 22:00:00+00:00,24.722916,21.05,27.6,0.0
2023-07-12 22:00:00+00:00,20.8875,15.65,25.55,0.0
2023-07-13 22:00:00+00:00,20.675003,13.8,25.85,0.0
2023-07-14 22:00:00+00:00,26.539583,17.95,34.5,0.0
2023-07-15 22:00:00+00:00,24.293753,20.6,28.65,0.0
2023-07-16 22:00:00+00:00,21.558334,15.45,26.35,0.0
2023-07-17 22:00:00+00:00,19.516666,13.55,24.3,0.0
2023-07-18 22:00:00+00:00,19.814585,13.3,25.25,0.0
2023-07-19 22:00:00+00:00,17.845833,14.05,22.15,0.15416718
2023-07-20 22:00:00+00:00,17.025,11.55,21.05,0.9750004
2023-07-21 22:00:00+00:00,17.479168,12.95,21.65,0.52083206
2023-07-22 22:00:00+00:00,20.614584,15.75,27.75,0.0
2023-07-23 22:00:00+00:00,20.977083,17.3,27.5,0.0
2023-07-24 22:00:00+00:00,18.30625,14.75,21.85,0.0
2023-07-25 22:00:00+00:00,16.331253,12.05,19.85,1.668747
2023-07-26 22:00:00+00:00,16.106249,11.95,19.95,1.8937511
2023-07-27 22:00:00+00:00,18.99375,16.3,22.4,0.0
2023-07-28 22:00:00+00:00,19.060415,15.45,23.7,0.0
2023-07-29 22:00:00+00:00,18.939583,15.05,23.7,0.0
2023-07-30 22:00:00+00:00,17.327084,15.0,20.1,0.6729164
2023-07-31 22:00:00+00:00,18.143751,16.75,21.1,0.0
2023-08-01 22:00:00+00:00,18.610418,14.55,22.45,0.0
2023-08-02 22:00:00+00:00,19.58125,16.75,23.25,0.0
2023-08-03 22:00:00+00:00,18.55625,16.1,21.55,0.0
2023-08-04 22:00:00+00:00,17.729168,13.9,21.05,0.27083206
2023-08-05 22:00:00+00:00,15.989582,14.6,17.6,2.010418
2023-08-06 22:00:00+00:00,15.885417,13.45,19.15,2.114583
2023-08-07 22:00:00+00:00,15.5041685,12.3,19.75,2.4958315
2023-08-08 22:00:00+00:00,15.516667,12.25,19.9,2.4833326
2023-08-09 22:00:00+00:00,15.854165,11.6,20.25,2.145835
2023-08-10 22:00:00+00:00,18.166668,10.5,24.7,0.0
2023-08-11 22:00:00+00:00,21.222916,16.75,26.9,0.0
2023-08-12 22:00:00+00:00,21.222916,16.7,25.75,0.0
2023-08-13 22:00:00+00:00,22.65,16.3,29.25,0.0
2023-08-14 22:00:00+00:00,24.231249,19.15,29.65,0.0
2023-08-15 22:00:00+00:00,22.606249,18.75,26.8,0.0
2023-08-16 22:00:00+00:00,21.300001,17.6,25.45,0.0
2023-08-17 22:00:00+00:00,23.064585,18.35,29.3,0.0
2023-08-18 22:00:00+00:00,24.722916,18.75,30.9,0.0
2023-08-19 22:00:00+00:00,24.345835,20.85,28.85,0.0
2023-08-20 22:00:00+00:00,22.756247,19.2,26.8,0.0
2023-08-21 22:00:00+00:00,21.368752,17.5,25.65,0.0
2023-08-22 22:00:00+00:00,21.154167,15.7,26.55,0.0
2023-08-23 22:00:00+00:00,22.314585,15.45,28.05,0.0
2023-08-24 22:00:00+00:00,23.479166,20.15,29.4,0.0
2023-08-25 22:00:00+00:00,21.202082,16.5,25.1,0.0
2023-08-26 22:00:00+00:00,17.3,12.7,21.4,0.70000076
2023-08-27 22:00:00+00:00,16.579168,12.75,19.25,1.4208317
2023-08-28 22:00:00+00:00,15.164584,14.4,16.55,2.8354158
2023-08-29 22:00:00+00:00,16.206251,13.25,19.75,1.7937489
2023-08-30 22:00:00+00:00,15.054165,12.8,18.25,2.945835
2023-08-31 22:00:00+00:00,15.658334,11.1,20.4,2.3416662
2023-09-01 22:00:00+00:00,16.827084,10.15,21.8,1.1729164
2023-09-02 22:00:00+00:00,16.870834,13.7,20.5,1.1291656
2023-09-03 22:00:00+00:00,17.839582,11.55,24.2,0.16041756
2023-09-04 22:00:00+00:00,20.45833,14.7,26.8,0.0
2023-09-05 22:00:00+00:00,20.814583,13.0,28.35,0.0
2023-09-06 22:00:00+00:00,21.745834,15.45,28.4,0.0
2023-09-07 22:00:00+00:00,22.004166,15.75,28.8,0.0
2023-09-08 22:00:00+00:00,22.327085,15.2,30.1,0.0
2023-09-09 22:00:00+00:00,21.891668,13.4,30.15,0.0
2023-09-10 22:00:00+00:00,22.695831,14.15,30.05,0.0
2023-09-11 22:00:00+00:00,22.224998,14.45,29.6,0.0
2023-09-12 22:00:00+00:00,19.85417,16.85,23.75,0.0
2023-09-13 22:00:00+00:00,16.435417,11.5,20.7,1.5645828
2023-09-14 22:00:00+00:00,16.925001,10.55,22.9,1.0749989
2023-09-15 22:00:00+00:00,18.931253,13.0,25.25,0.0
2023-09-16 22:00:00+00:00,20.120834,13.25,27.1,0.0
2023-09-17 22:00:00+00:00,21.677084,17.15,27.75,0.0
2023-09-18 22:00:00+00:00,18.462502,16.3,20.6,0.0
2023-09-19 22:00:00+00:00,19.33125,15.5,24.6,0.0
2023-09-20 22:00:00+00:00,20.770832,14.25,27.85,0.0
2023-09-21 22:00:00+00:00,17.639582,15.35,19.65,0.36041832
2023-09-22 22:00:00+00:00,15.139584,12.65,18.25,2.8604164
2023-09-23 22:00:00+00:00,14.445832,9.9,19.3,3.5541677
2023-09-24 22:00:00+00:00,15.129167,9.1,21.45,2.8708334
2023-09-25 22:00:00+00:00,17.668749,11.7,24.0,0.33125114
2023-09-26 22:00:00+00:00,19.027082,12.3,25.9,0.0
2023-09-27 22:00:00+00:00,19.841667,14.5,25.7,0.0
2023-09-28 22:00:00+00:00,18.347918,13.9,23.35,0.0
2023-09-29 22:00:00+00:00,15.735417,12.2,19.25,2.2645826
2023-09-30 22:00:00+00:00,16.035418,12.9,19.9,1.9645824
2023-10-01 22:00:00+00:00,18.364584,13.1,24.6,0.0
2023-10-02 22:00:00+00:00,18.008333,13.6,24.35,0.0
2023-10-03 22:00:00+00:00,14.306248,12.1,17.3,3.6937523
2023-10-04 22:00:00+00:00,13.879167,12.05,16.25,4.1208334
2023-10-05 22:00:00+00:00,14.2625,10.85,17.8,3.7375002
2023-10-06 22:00:00+00:00,15.991669,13.2,17.45,2.0083313
2023-10-07 22:00:00+00:00,12.160416,9.95,14.25,5.8395844
2023-10-08 22:00:00+00:00,10.516667,9.2,12.1,7.4833326
2023-10-09 22:00:00+00:00,13.766666,10.4,16.8,4.2333336
2023-10-10 22:00:00+00:00,18.19375,14.0,22.55,0.0
2023-10-11 22:00:00+00:00,15.366666,12.05,19.15,2.6333342
2023-10-12 22:00:00+00:00,16.566668,11.55,20.95,1.4333324
2023-10-13 22:00:00+00:00,15.139581,9.7,20.2,2.8604193
2023-10-14 22:00:00+00:00,8.597917,7.05,10.65,9.402083
2023-10-15 22:00:00+00:00,6.991667,4.0,10.4,11.008333
2023-10-16 22:00:00+00:00,6.2749996,2.85,10.4,11.725
2023-10-17 22:00:00+00:00,5.6854167,0.15,11.7,12.314583
2023-10-18 22:00:00+00:00,7.085417,6.3,8.3,10.914583
2023-10-19 22:00:00+00:00,6.1124997,5.1,7.2,11.887501
2023-10-20 22:00:00+00:00,10.572916,6.05,17.2,7.427084
2023-10-21 22:00:00+00:00,12.335418,7.15,15.85,5.6645823
2023-10-22 22:00:00+00:00,11.239583,8.15,14.85,6.760417
2023-10-23 22:00:00+00:00,11.504167,9.9,14.15,6.4958334
2023-10-24 22:00:00+00:00,10.666666,9.0,13.4,7.333334
2023-10-25 22:00:00+00:00,9.927084,8.35,11.35,8.072916
2023-10-26 22:00:00+00:00,9.404166,8.3,10.9,8.595834
2023-10-27 22:00:00+00:00,9.650001,8.5,11.9,8.349999
2023-10-28 22:00:00+00:00,11.866668,8.35,16.15,6.1333323
2023-10-29 22:00:00+00:00,12.849998,11.15,15.3,5.1500015
2023-10-30 22:00:00+00:00,11.35625,9.15,12.8,6.64375
2023-10-31 22:00:00+00:00,9.995832,6.45,14.4,8.004168
2023-11-01 22:00:00+00:00,11.204166,8.35,13.95,6.7958336
2023-11-02 22:00:00+00:00,9.575,7.85,11.0,8.425
2023-11-03 22:00:00+00:00,8.837501,6.65,11.1,9.162499
2023-11-04 22:00:00+00:00,9.650001,8.05,12.35,8.349999
2023-11-05 22:00:00+00:00,10.389583,8.95,12.55,7.6104174
2023-11-06 22:00:00+00:00,9.091666,7.2,11.85,8.908334
2023-11-07 22:00:00+00:00,7.8312497,6.25,10.75,10.168751
2023-11-08 22:00:00+00:00,8.9125,5.95,11.6,9.0875
2023-11-09 22:00:00+00:00,8.154166,5.25,10.75,9.845834
2023-11-10 22:00:00+00:00,5.5416665,3.1,9.05,12.458334
2023-11-11 22:00:00+00:00,5.5291667,3.9,7.85,12.470833
2023-11-12 22:00:00+00:00,5.15,1.65,8.7,12.85
2023-11-13 22:00:00+00:00,10.604167,8.85,12.65,7.395833
2023-11-14 22:00:00+00:00,7.756249,4.65,9.35,10.243752
2023-11-15 22:00:00+00:00,6.360416,2.4,8.55,11.639584
2023-11-16 22:00:00+00:00,3.7583334,1.0,5.7,14.241667
2023-11-17 22:00:00+00:00,3.9166667,1.75,6.2,14.083333
2023-11-18 22:00:00+00:00,7.2166667,3.75,11.5,10.783333
2023-11-19 22:00:00+00:00,9.218749,8.2,10.95,8.781251
2023-11-20 22:00:00+00:00,3.8500004,0.3,8.2,14.15
2023-11-21 22:00:00+00:00,-1.183333,-4.15,0.75,19.183332
2023-11-22 22:00:00+00:00,7.183334,-0.1,10.75,10.816666
2023-11-23 22:00:00+00:00,4.035416,1.0,8.15,13.964584
2023-11-24 22:00:00+00:00,0.97499996,-0.6,2.95,17.025
2023-11-25 22:00:00+00:00,-1.4729166,-3.05,0.8,19.472916
2023-11-26 22:00:00+00:00,-0.29166672,-2.6,1.6,18.291666
2023-11-27 22:00:00+00:00,-1.5229167,-4.5,0.1,19.522917
2023-11-28 22:00:00+00:00,-1.1958331,-5.55,0.75,19.195833
2023-11-29 22:00:00+00:00,-4.15625,-7.45,-0.3,22.15625
2023-11-30 22:00:00+00:00,-5.8270836,-7.95,-2.9,23.827084
2023-12-01 22:00:00+00:00,-3.5062501,-4.7,-1.9,21.50625
2023-12-02 22:00:00+00:00,-2.875,-5.6,-1.0,20.875
2023-12-03 22:00:00+00:00,-2.9562502,-5.15,-0.85,20.95625
2023-12-04 22:00:00+00:00,-1.68125,-3.55,-0.7,19.68125
2023-12-05 22:00:00+00:00,0.029166678,-0.75,0.55,17.970833
2023-12-06 22:00:00+00:00,0.09583334,-0.95,1.0,17.904167
2023-12-07 22:00:00+00:00,0.2541667,-0.9,1.3,17.745832
2023-12-08 22:00:00+00:00,2.0229166,0.6,4.6,15.977083
2023-12-09 22:00:00+00:00,4.645833,1.15,7.05,13.354167
2023-12-10 22:00:00+00:00,6.902084,5.2,8.45,11.097916
2023-12-11 22:00:00+00:00,5.4604163,2.95,6.65,12.539583
2023-12-12 22:00:00+00:00,4.064584,2.8,4.95,13.935416
2023-12-13 22:00:00+00:00,2.7937498,1.4,3.9,15.20625
2023-12-14 22:00:00+00:00,2.6416667,-0.3,5.35,15.358334
2023-12-15 22:00:00+00:00,6.564583,4.9,7.75,11.435417
2023-12-16 22:00:00+00:00,7.9479165,6.55,9.75,10.052084
2023-12-17 22:00:00+00:00,6.2104163,5.05,7.05,11.789583
2023-12-18 22:00:00+00:00,6.8229165,5.55,7.3,11.177084
2023-12-19 22:00:00+00:00,5.35,4.0,6.6,12.65
2023-12-20 22:00:00+00:00,6.7375007,4.35,8.7,11.262499
2023-12-21 22:00:00+00:00,3.0250003,1.85,4.35,14.974999
2023-12-22 22:00:00+00:00,1.775,0.45,3.0,16.225
2023-12-23 22:00:00+00:00,6.535417,0.95,10.65,11.464582
2023-12-24 22:00:00+00:00,9.358333,7.95,10.65,8.641667
2023-12-25 22:00:00+00:00,8.322917,5.1,9.65,9.677083
2023-12-26 22:00:00+00:00,3.658333,1.6,5.0,14.341667
2023-12-27 22:00:00+00:00,7.795833,4.6,10.1,10.204166
2023-12-28 22:00:00+00:00,8.739584,7.35,10.65,9.260416
2023-12-29 22:00:00+00:00,6.1291656,4.15,8.4,11.870834
2023-12-30 22:00:00+00:00,5.487499,2.9,7.45,12.512501
2023-12-31 22:00:00+00:00,5.25625,3.4,7.35,12.74375
2024-01-01 22:00:00+00:00,4.3750005,2.45,6.95,13.625
2024-01-02 22:00:00+00:00,8.739583,7.25,10.55,9.260417
2024-01-03 22:00:00+00:00,4.0624995,-2.25,7.25,13.9375
2024-01-04 22:00:00+00:00,0.32083336,-0.7,0.85,17.679167
2024-01-05 22:00:00+00:00,-0.38958335,-1.75,0.95,18.389584
2024-01-06 22:00:00+00:00,-2.7625,-6.85,-0.4,20.7625
2024-01-07 22:00:00+00:00,-6.9562507,-9.2,-3.9,24.956251
2024-01-08 22:00:00+00:00,-7.85,-10.55,-4.05,25.85
2024-01-09 22:00:00+00:00,-6.683334,-8.9,-1.85,24.683334
2024-01-10 22:00:00+00:00,-3.0583327,-7.9,-0.25,21.058332
2024-01-11 22:00:00+00:00,-0.66666675,-1.65,0.4,18.666666
2024-01-12 22:00:00+00:00,1.4729167,0.5,2.15,16.527082
2024-01-13 22:00:00+00:00,1.7208332,0.9,2.85,16.279167
2024-01-14 22:00:00+00:00,0.8895834,-2.2,2.2,17.110416
2024-01-15 22:00:00+00:00,-1.1645833,-4.25,1.05,19.164583
2024-01-16 22:00:00+00:00,-2.6249998,-4.6,-0.2,20.625
2024-01-17 22:00:00+00:00,-2.6250002,-4.9,0.45,20.625
2024-01-18 22:00:00+00:00,-1.5395836,-5.2,1.8,19.539583
2024-01-19 22:00:00+00:00,0.58958334,-1.65,3.0,17.410418
2024-01-20 22:00:00+00:00,-1.075,-4.85,3.0,19.075
2024-01-21 22:00:00+00:00,5.4604163,1.0,8.8,12.539583
2024-01-22 22:00:00+00:00,4.4874997,2.45,7.5,13.512501
2024-01-23 22:00:00+00:00,7.927084,3.85,10.35,10.072916
2024-01-24 22:00:00+00:00,6.5562496,5.4,8.3,11.44375
2024-01-25 22:00:00+00:00,5.18125,2.1,9.05,12.81875
2024-01-26 22:00:00+00:00,4.195833,1.55,6.7,13.804167
2024-01-27 22:00:00+00:00,1.5166665,-2.3,6.35,16.483334
2024-01-28 22:00:00+00:00,2.9270837,-0.2,8.2,15.072916
2024-01-29 22:00:00+00:00,4.0833335,0.8,8.25,13.916666
2024-01-30 22:00:00+00:00,5.2562494,1.55,7.55,12.743751
2024-01-31 22:00:00+00:00,5.541666,2.2,7.75,12.458334
2024-02-01 22:00:00+00:00,5.535417,3.8,7.65,12.464582
2024-02-02 22:00:00+00:00,8.995833,7.45,10.35,9.004167
2024-02-03 22:00:00+00:00,6.872917,5.25,8.4,11.127083
2024-02-04 22:00:00+00:00,8.812499,6.85,9.65,9.187501
2024-02-05 22:00:00+00:00,9.1125,8.0,10.3,8.8875
2024-02-06 22:00:00+00:00,4.797917,0.85,9.3,13.202084
2024-02-07 22:00:00+00:00,0.88958335,-2.55,4.75,17.110416
2024-02-08 22:00:00+00:00,3.760417,0.9,7.9,14.239583
2024-02-09 22:00:00+00:00,8.499999,6.4,12.4,9.500001
2024-02-10 22:00:00+00:00,7.383333,6.0,10.15,10.616667
2024-02-11 22:00:00+00:00,6.674999,4.7,8.75,11.325001
2024-02-12 22:00:00+00:00,4.6937494,2.4,8.2,13.306251
2024-02-13 22:00:00+00:00,5.6770835,1.75,9.35,12.322916
2024-02-14 22:00:00+00:00,10.506249,8.4,13.25,7.4937506
2024-02-15 22:00:00+00:00,11.318748,7.95,15.55,6.6812515
2024-02-16 22:00:00+00:00,9.102082,6.2,12.15,8.897918
2024-02-17 22:00:00+00:00,5.7604165,0.6,9.35,12.239584
2024-02-18 22:00:00+00:00,7.6270833,6.7,8.55,10.372917
2024-02-19 22:00:00+00:00,7.3020825,6.45,8.65,10.697918
2024-02-20 22:00:00+00:00,7.875,6.3,10.65,10.125
2024-02-21 22:00:00+00:00,9.5,7.95,11.4,8.5
2024-02-22 22:00:00+00:00,8.01875,4.0,11.1,9.98125
2024-02-23 22:00:00+00:00,5.03125,0.7,10.2,12.96875
2024-02-24 22:00:00+00:00,4.902084,0.65,11.25,13.097916
2024-02-25 22:00:00+00:00,4.708334,-0.55,10.5,13.291666
2024-02-26 22:00:00+00:00,4.847917,2.85,6.95,13.152082
2024-02-27 22:00:00+00:00,3.3395834,-0.35,5.3,14.660417
2024-02-28 22:00:00+00:00,3.5812502,-1.45,9.3,14.41875
2024-02-29 22:00:00+00:00,6.729166,3.35,12.05,11.270834
2024-03-01 22:00:00+00:00,8.147917,5.55,11.05,9.852083
2024-03-02 22:00:00+00:00,9.51875,6.2,13.3,8.48125
2024-03-03 22:00:00+00:00,9.172915,6.05,12.4,8.827085
2024-03-04 22:00:00+00:00,5.208333,1.2,7.95,12.791667
2024-03-05 22:00:00+00:00,3.1979167,-1.2,7.1,14.802083
2024-03-06 22:00:00+00:00,4.0375004,0.35,7.55,13.9625
2024-03-07 22:00:00+00:00,2.4916666,-1.7,7.6,15.508333
2024-03-08 22:00:00+00:00,4.2833333,-0.2,9.3,13.716667
2024-03-09 22:00:00+00:00,7.560417,3.1,11.9,10.439583
2024-03-10 22:00:00+00:00,9.733335,6.0,13.6,8.266665
2024-03-11 22:00:00+00:00,7.975,3.6,13.35,10.025
2024-03-12 22:00:00+00:00,7.8875003,1.95,13.35,10.112499
2024-03-13 22:00:00+00:00,10.683334,7.6,14.3,7.3166656
2024-03-14 22:00:00+00:00,11.204167,7.15,17.15,6.7958326
2024-03-15 22:00:00+00:00,9.325001,5.55,12.3,8.674999
2024-03-16 22:00:00+00:00,5.0312495,1.15,8.2,12.96875
2024-03-17 22:00:00+00:00,1.4687499,-2.55,6.0,16.53125
2024-03-18 22:00:00+00:00,2.739583,-2.55,8.55,15.260417
2024-03-19 22:00:00+00:00,7.9729176,1.25,15.9,10.027082
2024-03-20 22:00:00+00:00,10.3375,7.95,14.15,7.6625004
2024-03-21 22:00:00+00:00,9.460416,6.55,13.0,8.539584
2024-03-22 22:00:00+00:00,6.50625,3.3,9.45,11.49375
2024-03-23 22:00:00+00:00,4.1500006,1.65,6.35,13.849999
2024-03-24 22:00:00+00:00,5.69375,1.9,9.3,12.30625
2024-03-25 22:00:00+00:00,6.535416,0.3,12.85,11.464584
2024-03-26 22:00:00+00:00,10.689583,4.95,17.0,7.310417
2024-03-27 22:00:00+00:00,9.58125,6.6,13.35,8.41875
2024-03-28 22:00:00+00:00,9.345834,5.1,14.45,8.654166
2024-03-29 22:00:00+00:00,14.066667,7.6,21.7,3.9333334
2024-03-30 22:00:00+00:00,12.908333,6.75,18.95,5.091667
2024-03-31 22:00:00+00:00,12.810416,8.45,19.35,5.189584
2024-04-01 22:00:00+00:00,10.712501,7.9,13.5,7.2874994
2024-04-02 22:00:00+00:00,9.504167,8.3,11.45,8.495833
2024-04-03 22:00:00+00:00,11.037499,8.55,14.15,6.9625006
2024-04-04 22:00:00+00:00,13.627083,8.95,18.75,4.372917
2024-04-05 22:00:00+00:00,16.03125,11.25,21.8,1.96875
2024-04-06 22:00:00+00:00,17.614582,13.25,22.1,0.38541794
2024-04-07 22:00:00+00:00,18.24375,13.0,25.5,0.0
2024-04-08 22:00:00+00:00,17.639585,12.35,25.45,0.3604145
2024-04-09 22:00:00+00:00,11.554166,9.2,13.5,6.445834
2024-04-10 22:00:00+00:00,11.177083,5.95,15.7,6.822917
2024-04-11 22:00:00+00:00,15.002084,11.7,19.05,2.9979162
2024-04-12 22:00:00+00:00,16.46667,11.75,20.95,1.5333309
2024-04-13 22:00:00+00:00,14.464583,8.7,17.3,3.5354166
2024-04-14 22:00:00+00:00,10.212501,7.3,13.2,7.7874994
2024-04-15 22:00:00+00:00,6.745833,4.7,9.45,11.254168
2024-04-16 22:00:00+00:00,5.9812503,2.35,10.35,12.018749
2024-04-17 22:00:00+00:00,6.0,0.85,10.55,12.0
2024-04-18 22:00:00+00:00,5.8520827,4.6,7.7,12.147917
2024-04-19 22:00:00+00:00,5.49375,1.75,8.15,12.50625
2024-04-20 22:00:00+00:00,3.4583333,-0.75,8.2,14.541667
2024-04-21 22:00:00+00:00,2.1333332,-1.45,6.15,15.866667
2024-04-22 22:00:00+00:00,4.102083,-1.05,8.2,13.897917
2024-04-23 22:00:00+00:00,5.852083,2.8,10.45,12.147917
2024-04-24 22:00:00+00:00,4.9604163,1.05,9.1,13.039583
2024-04-25 22:00:00+00:00,7.870834,1.9,13.15,10.129166
2024-04-26 22:00:00+00:00,11.766666,3.0,18.95,6.2333336
2024-04-27 22:00:00+00:00,15.562501,9.5,22.5,2.437499
2024-04-28 22:00:00+00:00,15.564583,12.4,19.9,2.4354172
2024-04-29 22:00:00+00:00,18.447918,11.35,26.35,0.0
2024-04-30 22:00:00+00:00,19.760418,14.65,24.85,0.0
2024-05-01 22:00:00+00:00,19.385416,14.9,24.2,0.0
2024-05-02 22:00:00+00:00,17.854168,14.2,22.4,0.14583206
2024-05-03 22:00:00+00:00,15.445832,10.95,19.05,2.5541677
2024-05-04 22:00:00+00:00,15.235416,11.95,19.05,2.7645836
2024-05-05 22:00:00+00:00,13.410416,8.35,18.5,4.5895844
2024-05-06 22:00:00+00:00,11.879167,8.3,15.8,6.1208334
2024-05-07 22:00:00+00:00,12.387501,8.4,17.6,5.612499
2024-05-08 22:00:00+00:00,12.514583,5.1,18.7,5.4854174
2024-05-09 22:00:00+00:00,15.714583,9.8,20.9,2.2854166
2024-05-10 22:00:00+00:00,14.810416,10.85,19.2,3.1895838
2024-05-11 22:00:00+00:00,14.818749,9.3,20.0,3.1812506
2024-05-12 22:00:00+00:00,16.489582,10.0,22.7,1.5104179
2024-05-13 22:00:00+00:00,18.30625,11.95,24.05,0.0
2024-05-14 22:00:00+00:00,19.808332,14.3,25.65,0.0
2024-05-15 22:00:00+00:00,20.208332,14.8,25.45,0.0
2024-05-16 22:00:00+00:00,19.339584,15.65,24.8,0.0
2024-05-17 22:00:00+00:00,16.64375,12.7,20.75,1.3562508
2024-05-18 22:00:00+00:00,15.810416,10.55,20.65,2.1895838
2024-05-19 22:00:00+00:00,15.691663,11.2,19.8,2.3083372
2024-05-20 22:00:00+00:00,19.704168,12.9,25.45,0.0
2024-05-21 22:00:00+00:00,19.650002,16.2,25.55,0.0
2024-05-22 22:00:00+00:00,17.977083,15.25,21.65,0.022916794
2024-05-23 22:00:00+00:00,18.34375,13.85,23.15,0.0
2024-05-24 22:00:00+00:00,18.722916,15.05,22.7,0.0
2024-05-25 22:00:00+00:00,18.397917,13.75,23.6,0.0
2024-05-26 22:00:00+00:00,18.672915,15.85,22.55,0.0
2024-05-27 22:00:00+00:00,15.756251,12.0,17.85,2.2437487
2024-05-28 22:00:00+00:00,16.16875,10.4,21.8,1.8312492
2024-05-29 22:00:00+00:00,16.904165,13.1,21.0,1.0958347
2024-05-30 22:00:00+00:00,17.497915,13.35,22.3,0.50208473
2024-05-31 22:00:00+00:00,19.947916,15.0,24.55,0.0
2024-06-01 22:00:00+00:00,18.816666,15.65,22.05,0.0
2024-06-02 22:00:00+00:00,15.097917,12.95,17.4,2.9020834
2024-06-03 22:00:00+00:00,16.258333,13.45,19.05,1.7416668
2024-06-04 22:00:00+00:00,16.356249,11.9,20.2,1.6437511
2024-06-05 22:00:00+00:00,15.585416,11.05,19.35,2.4145842
2024-06-06 22:00:00+00:00,16.03333,11.75,19.45,1.9666691
2024-06-07 22:00:00+00:00,17.304167,8.75,23.65,0.6958332
2024-06-08 22:00:00+00:00,15.366669,10.4,20.7,2.6333313
2024-06-09 22:00:00+00:00,14.416667,9.4,18.4,3.583333
2024-06-10 22:00:00+00:00,13.420835,10.15,16.95,4.5791655
2024-06-11 22:00:00+00:00,13.320832,8.85,16.65,4.6791677
2024-06-12 22:00:00+00:00,13.362502,8.1,17.35,4.637498
2024-06-13 22:00:00+00:00,14.600001,9.75,18.5,3.3999987
2024-06-14 22:00:00+00:00,16.862501,12.9,21.7,1.1374989
2024-06-15 22:00:00+00:00,17.608334,10.15,23.0,0.3916664
2024-06-16 22:00:00+00:00,19.183332,14.2,24.0,0.0
2024-06-17 22:00:00+00:00,19.585417,12.65,26.0,0.0
2024-06-18 22:00:00+00:00,16.762499,13.55,19.45,1.2375011
2024-06-19 22:00:00+00:00,16.747917,10.1,22.15,1.2520828
2024-06-20 22:00:00+00:00,20.554167,15.2,27.5,0.0
2024-06-21 22:00:00+00:00,19.079165,16.5,21.85,0.0
2024-06-22 22:00:00+00:00,18.2,14.8,21.55,0.0
2024-06-23 22:00:00+00:00,18.587498,12.2,23.4,0.0
2024-06-24 22:00:00+00:00,20.310417,14.2,25.7,0.0
2024-06-25 22:00:00+00:00,23.333334,16.9,28.7,0.0
2024-06-26 22:00:00+00:00,24.15,20.35,28.9,0.0
2024-06-27 22:00:00+00:00,23.074999,17.55,27.45,0.0
2024-06-28 22:00:00+00:00,22.260416,14.55,28.8,0.0
2024-06-29 22:00:00+00:00,22.868746,17.5,27.9,0.0
2024-06-30 22:00:00+00:00,17.643751,14.25,21.15,0.35624886
2024-07-01 22:00:00+00:00,15.131251,12.2,16.8,2.8687487
2024-07-02 22:00:00+00:00,15.091667,12.35,17.5,2.9083328
2024-07-03 22:00:00+00:00,15.531251,12.4,20.1,2.468749
2024-07-04 22:00:00+00:00,16.322916,10.75,20.4,1.677084
2024-07-05 22:00:00+00:00,21.506248,13.05,29.6,0.0
2024-07-06 22:00:00+00:00,18.668749,14.7,22.3,0.0
2024-07-07 22:00:00+00:00,20.102083,13.25,24.95,0.0
2024-07-08 22:00:00+00:00,24.31042,18.05,30.55,0.0
2024-07-09 22:00:00+00:00,25.495834,20.85,30.75,0.0
2024-07-10 22:00:00+00:00,22.189585,18.5,25.7,0.0
2024-07-11 22:00:00+00:00,21.433334,17.2,26.5,0.0
2024-07-12 22:00:00+00:00,18.760416,14.25,23.35,0.0
2024-07-13 22:00:00+00:00,19.260416,12.65,24.5,0.0
2024-07-14 22:00:00+00:00,22.739584,15.95,28.95,0.0
2024-07-15 22:00:00+00:00,22.639582,19.35,27.1,0.0
2024-07-16 22:00:00+00:00,20.195833,15.65,23.65,0.0
2024-07-17 22:00:00+00:00,20.535418,14.55,26.0,0.0
2024-07-18 22:00:00+00:00,22.972916,15.45,28.35,0.0
2024-07-19 22:00:00+00:00,24.63125,18.45,30.25,0.0
2024-07-20 22:00:00+00:00,25.687502,18.7,32.15,0.0
2024-07-21 22:00:00+00:00,21.964582,18.15,24.65,0.0
2024-07-22 22:00:00+00:00,20.758337,13.15,27.25,0.0
2024-07-23 22:00:00+00:00,19.627083,16.2,23.4,0.0
2024-07-24 22:00:00+00:00,18.302084,12.85,22.95,0.0
2024-07-25 22:00:00+00:00,20.12708,14.15,25.6,0.0
2024-07-26 22:00:00+00:00,20.35,18.15,23.25,0.0
2024-07-27 22:00:00+00:00,18.922916,15.95,21.85,0.0
2024-07-28 22:00:00+00:00,18.035414,13.1,23.05,0.0
2024-07-29 22:00:00+00:00,19.547918,11.55,26.2,0.0
2024-07-30 22:00:00+00:00,22.36458,15.2,28.35,0.0
2024-07-31 22:00:00+00:00,21.897917,16.5,26.55,0.0
2024-08-01 22:00:00+00:00,19.022917,16.75,21.0,0.0
2024-08-02 22:00:00+00:00,19.670832,13.95,24.4,0.0
2024-08-03 22:00:00+00:00,19.556252,17.1,22.75,0.0
2024-08-04 22:00:00+00:00,18.372917,14.25,22.1,0.0
2024-08-05 22:00:00+00:00,19.858334,12.25,25.0,0.0
2024-08-06 22:00:00+00:00,22.431252,15.9,28.75,0.0
2024-08-07 22:00:00+00:00,20.470833,16.9,23.35,0.0
2024-08-08 22:00:00+00:00,19.802084,14.55,25.55,0.0
2024-08-09 22:00:00+00:00,20.616663,15.5,26.15,0.0
2024-08-10 22:00:00+00:00,20.75625,17.05,25.05,0.0
2024-08-11 22:00:00+00:00,20.262499,12.75,26.75,0.0
2024-08-12 22:00:00+00:00,22.668753,15.25,29.85,0.0
2024-08-13 22:00:00+00:00,25.475,18.95,32.9,0.0
2024-08-14 22:00:00+00:00,23.679169,19.85,27.95,0.0
2024-08-15 22:00:00+00:00,23.595833,17.05,29.1,0.0
2024-08-16 22:00:00+00:00,23.245834,18.75,29.4,0.0
2024-08-17 22:00:00+00:00,20.679167,16.6,24.55,0.0
2024-08-18 22:00:00+00:00,19.489584,15.95,22.8,0.0
2024-08-19 22:00:00+00:00,20.689585,13.15,27.2,0.0
2024-08-20 22:00:00+00:00,20.14375,15.55,22.95,0.0
2024-08-21 22:00:00+00:00,19.033335,14.2,24.7,0.0
2024-08-22 22:00:00+00:00,22.989584,16.7,30.45,0.0
2024-08-23 22:00:00+00:00,25.102083,17.1,31.75,0.0
2024-08-24 22:00:00+00:00,21.704165,17.3,26.15,0.0
2024-08-25 22:00:00+00:00,20.260416,15.25,24.95,0.0
2024-08-26 22:00:00+00:00,20.154165,12.75,26.7,0.0
2024-08-27 22:00:00+00:00,23.127083,16.25,30.2,0.0
2024-08-28 22:00:00+00:00,27.36875,20.6,34.1,0.0
2024-08-29 22:00:00+00:00,23.166672,17.65,27.95,0.0
2024-08-30 22:00:00+00:00,19.089584,15.2,23.55,0.0
2024-08-31 22:00:00+00:00,18.991667,13.65,24.7,0.0
2024-09-01 22:00:00+00:00,19.941666,12.6,26.3,0.0
2024-09-02 22:00:00+00:00,24.54792,18.05,32.5,0.0
2024-09-03 22:00:00+00:00,26.7125,19.95,33.65,0.0
2024-09-04 22:00:00+00:00,25.743746,21.45,30.8,0.0
2024-09-05 22:00:00+00:00,24.391665,19.95,29.05,0.0
2024-09-06 22:00:00+00:00,24.020834,16.75,30.85,0.0
2024-09-07 22:00:00+00:00,25.804167,20.5,31.45,0.0
2024-09-08 22:00:00+00:00,19.139585,15.7,24.7,0.0
2024-09-09 22:00:00+00:00,16.479166,14.15,18.95,1.520834
2024-09-10 22:00:00+00:00,15.064582,11.9,16.95,2.9354181
2024-09-11 22:00:00+00:00,12.029167,8.7,15.45,5.970833
2024-09-12 22:00:00+00:00,11.460416,9.05,15.0,6.539584
2024-09-13 22:00:00+00:00,13.672919,11.2,17.45,4.3270807
2024-09-14 22:00:00+00:00,13.527083,9.2,18.05,4.4729166
2024-09-15 22:00:00+00:00,15.21042,12.55,18.9,2.7895803
2024-09-16 22:00:00+00:00,18.470835,14.0,24.65,0.0
2024-09-17 22:00:00+00:00,18.885414,13.75,25.3,0.0
2024-09-18 22:00:00+00:00,18.472918,14.55,23.65,0.0
2024-09-19 22:00:00+00:00,17.391668,13.4,22.8,0.6083317
2024-09-20 22:00:00+00:00,16.443748,10.9,22.85,1.5562515
2024-09-21 22:00:00+00:00,16.631248,10.75,23.9,1.3687515
2024-09-22 22:00:00+00:00,16.8,9.4,24.2,1.2000008
2024-09-23 22:00:00+00:00,14.754167,11.85,17.6,3.2458334
2024-09-24 22:00:00+00:00,15.054165,12.9,19.1,2.945835
2024-09-25 22:00:00+00:00,16.329168,13.6,19.4,1.6708317
2024-09-26 22:00:00+00:00,16.160418,14.05,19.35,1.8395824
2024-09-27 22:00:00+00:00,12.493749,8.75,15.2,5.5062513
2024-09-28 22:00:00+00:00,9.641666,5.85,14.2,8.358334
2024-09-29 22:00:00+00:00,10.175,6.1,15.05,7.825
2024-09-30 22:00:00+00:00,10.24375,8.35,13.2,7.7562504
2024-10-01 22:00:00+00:00,9.704165,8.25,10.95,8.295835
2024-10-02 22:00:00+00:00,11.033333,9.45,14.05,6.966667
2024-10-03 22:00:00+00:00,11.383334,8.85,14.45,6.616666
2024-10-04 22:00:00+00:00,10.825,7.95,14.4,7.175
2024-10-05 22:00:00+00:00,9.3375,5.4,12.55,8.6625
2024-10-06 22:00:00+00:00,10.868752,6.5,15.95,7.1312485
2024-10-07 22:00:00+00:00,15.033332,10.85,20.9,2.9666681
2024-10-08 22:00:00+00:00,16.050001,13.3,19.3,1.9499989
2024-10-09 22:00:00+00:00,15.543751,10.0,18.55,2.4562492
2024-10-10 22:00:00+00:00,9.033333,5.75,12.55,8.966667
2024-10-11 22:00:00+00:00,8.295835,2.5,13.2,9.704165
2024-10-12 22:00:00+00:00,10.352084,9.45,11.8,7.647916
2024-10-13 22:00:00+00:00,9.202084,6.5,11.8,8.797916
2024-10-14 22:00:00+00:00,8.047917,4.9,11.95,9.952083
2024-10-15 22:00:00+00:00,8.774999,4.85,13.7,9.225001
2024-10-16 22:00:00+00:00,11.716667,8.2,16.1,6.283333
2024-10-17 22:00:00+00:00,12.768748,9.2,17.5,5.2312517
2024-10-18 22:00:00+00:00,13.695834,10.05,18.6,4.304166
2024-10-19 22:00:00+00:00,12.939583,10.65,16.55,5.060417
2024-10-20 22:00:00+00:00,15.458333,13.7,18.75,2.541667
2024-10-21 22:00:00+00:00,13.072917,9.05,17.95,4.927083
2024-10-22 22:00:00+00:00,9.99375,6.8,14.45,8.00625
2024-10-23 22:00:00+00:00,8.839583,4.05,13.8,9.160417
2024-10-24 22:00:00+00:00,11.28125,7.7,16.35,6.71875
2024-10-25 22:00:00+00:00,10.660417,6.25,16.65,7.3395834
2024-10-26 22:00:00+00:00,11.604168,8.5,15.65,6.395832
2024-10-27 22:00:00+00:00,11.602082,6.55,15.8,6.3979177
2024-10-28 22:00:00+00:00,13.095833,11.9,14.45,4.904167
2024-10-29 22:00:00+00:00,12.925,11.05,14.8,5.075
2024-10-30 22:00:00+00:00,11.614583,9.05,14.3,6.385417
2024-10-31 22:00:00+00:00,10.877083,9.1,12.85,7.122917
2024-11-01 22:00:00+00:00,7.9979167,2.05,11.8,10.002083
2024-11-02 22:00:00+00:00,4.4562497,0.05,9.95,13.543751
2024-11-03 22:00:00+00:00,8.412499,6.15,10.85,9.587501
2024-11-04 22:00:00+00:00,7.322916,4.4,10.35,10.677084
2024-11-05 22:00:00+00:00,3.9833329,1.65,6.4,14.016667
2024-11-06 22:00:00+00:00,5.2875004,4.7,6.35,12.7125
2024-11-07 22:00:00+00:00,4.9125004,3.4,6.6,13.0875
2024-11-08 22:00:00+00:00,3.697916,1.1,7.45,14.302084
2024-11-09 22:00:00+00:00,1.4104166,-0.15,3.5,16.589584
2024-11-10 22:00:00+00:00,4.2312503,1.1,7.65,13.768749
2024-11-11 22:00:00+00:00,3.8750002,2.65,4.8,14.125
2024-11-12 22:00:00+00:00,5.1020837,3.4,7.8,12.897917
2024-11-13 22:00:00+00:00,6.224999,2.85,9.35,11.775002
2024-11-14 22:00:00+00:00,6.71875,4.6,9.1,11.28125
2024-11-15 22:00:00+00:00,6.560417,4.5,8.05,11.439583
2024-11-16 22:00:00+00:00,6.0812497,4.25,7.4,11.918751
2024-11-17 22:00:00+00:00,4.1270833,2.6,6.0,13.872917
2024-11-18 22:00:00+00:00,3.5249994,1.45,9.4,14.475
2024-11-19 22:00:00+00:00,1.7270833,0.95,2.85,16.272917
2024-11-20 22:00:00+00:00,0.9916666,-1.0,3.05,17.008333
2024-11-21 22:00:00+00:00,1.3895835,-1.15,2.75,16.610416
2024-11-22 22:00:00+00:00,1.9708333,-0.95,4.55,16.029167
2024-11-23 22:00:00+00:00,8.11875,3.4,11.95,9.88125
2024-11-24 22:00:00+00:00,12.445832,11.2,13.9,5.5541677
2024-11-25 22:00:00+00:00,8.783334,6.3,11.4,9.216666
2024-11-26 22:00:00+00:00,6.0,3.45,7.9,12.0
2024-11-27 22:00:00+00:00,6.347917,4.9,8.85,11.652082
2024-11-28 22:00:00+00:00,4.3145843,2.65,5.85,13.685415
2024-11-29 22:00:00+00:00,2.9479167,0.95,4.7,15.052083
2024-11-30 22:00:00+00:00,0.27500004,-1.75,3.2,17.725
2024-12-01 22:00:00+00:00,2.3479168,-0.65,5.65,15.652083
2024-12-02 22:00:00+00:00,5.2000003,3.1,7.25,12.799999
2024-12-03 22:00:00+00:00,3.6999998,2.3,4.85,14.3
2024-12-04 22:00:00+00:00,3.339584,2.35,4.2,14.660416
2024-12-05 22:00:00+00:00,3.9291668,2.7,6.7,14.070833
2024-12-06 22:00:00+00:00,5.03125,2.6,5.75,12.96875
2024-12-07 22:00:00+00:00,4.10625,3.4,4.65,13.89375
2024-12-08 22:00:00+00:00,3.229167,1.8,4.4,14.770833
2024-12-09 22:00:00+00:00,2.9437494,2.25,3.75,15.056251
2024-12-10 22:00:00+00:00,2.13125,0.6,3.3,15.86875
2024-12-11 22:00:00+00:00,1.4020834,0.8,2.85,16.597916
2024-12-12 22:00:00+00:00,1.0979166,-1.3,3.15,16.902084
2024-12-13 22:00:00+00:00,-0.28124988,-2.25,2.25,18.28125
2024-12-14 22:00:00+00:00,4.8104167,2.65,7.75,13.189583
2024-12-15 22:00:00+00:00,9.625,8.3,10.6,8.375
2024-12-16 22:00:00+00:00,8.750001,7.65,9.55,9.249999
2024-12-17 22:00:00+00:00,8.008333,4.8,11.3,9.991667
2024-12-18 22:00:00+00:00,10.589583,6.3,13.0,7.4104166
2024-12-19 22:00:00+00:00,4.897917,3.1,6.0,13.102083
2024-12-20 22:00:00+00:00,4.425,2.2,6.35,13.575
2024-12-21 22:00:00+00:00,5.4354167,3.1,6.7,12.564583
2024-12-22 22:00:00+00:00,3.1729167,1.3,5.0,14.827084
2024-12-23 22:00:00+00:00,3.3895833,1.0,4.65,14.610416
2024-12-24 22:00:00+00:00,2.30625,0.15,4.8,15.69375
2024-12-25 22:00:00+00:00,5.2729163,4.75,6.5,12.727083
2024-12-26 22:00:00+00:00,3.6020834,1.35,5.25,14.397917
2024-12-27 22:00:00+00:00,-1.1562501,-2.45,1.15,19.15625
2024-12-28 22:00:00+00:00,-0.9791667,-2.7,1.5,18.979166
2024-12-29 22:00:00+00:00,2.49375,1.35,3.45,15.50625
2024-12-30 22:00:00+00:00,1.6979166,1.05,2.75,16.302084
2024-12-31 22:00:00+00:00,4.5666666,0.65,6.9,13.433333
2025-01-01 22:00:00+00:00,4.258333,1.15,6.7,13.741667
2025-01-02 22:00:00+00:00,0.87708336,-1.4,2.4,17.122917
2025-01-03 22:00:00+00:00,-1.1125001,-2.7,0.75,19.1125
2025-01-04 22:00:00+00:00,-1.1187501,-2.45,0.25,19.11875
2025-01-05 22:00:00+00:00,7.0791664,0.7,11.5,10.920834
2025-01-06 22:00:00+00:00,5.4187493,1.4,8.5,12.581251
2025-01-07 22:00:00+00:00,1.6000003,0.0,4.15,16.4
2025-01-08 22:00:00+00:00,0.62083334,0.3,1.15,17.379168
2025-01-09 22:00:00+00:00,0.57916665,-0.55,1.1,17.420834
2025-01-10 22:00:00+00:00,0.075,-0.55,0.6,17.925
2025-01-11 22:00:00+00:00,-0.87083334,-3.3,1.15,18.870832
2025-01-12 22:00:00+00:00,-3.5083332,-6.4,-0.5,21.508333
2025-01-13 22:00:00+00:00,-1.4895834,-4.65,1.75,19.489584
2025-01-14 22:00:00+00:00,2.6770833,1.9,4.15,15.322917
2025-01-15 22:00:00+00:00,2.079167,0.7,2.8,15.920834
2025-01-16 22:00:00+00:00,-0.38125,-2.65,1.0,18.38125
2025-01-17 22:00:00+00:00,-1.9979167,-3.55,-0.05,19.997917
2025-01-18 22:00:00+00:00,-0.1645834,-3.7,5.05,18.164583
2025-01-19 22:00:00+00:00,1.6145834,-1.45,5.0,16.385416
2025-01-20 22:00:00+00:00,-1.6875,-2.95,0.65,19.6875
2025-01-21 22:00:00+00:00,-0.38333333,-3.75,3.85,18.383333
2025-01-22 22:00:00+00:00,1.65,-0.6,3.65,16.35
2025-01-23 22:00:00+00:00,4.247916,0.4,7.0,13.752084
2025-01-24 22:00:00+00:00,8.935417,6.0,13.7,9.064583
2025-01-25 22:00:00+00:00,6.7395835,4.75,9.85,11.260416
2025-01-26 22:00:00+00:00,7.5229163,3.3,11.0,10.477083
2025-01-27 22:00:00+00:00,6.939583,5.45,9.15,11.060417
2025-01-28 22:00:00+00:00,5.527083,3.75,8.55,12.472918
2025-01-29 22:00:00+00:00,5.235416,2.8,7.6,12.764584
2025-01-30 22:00:00+00:00,3.9687502,2.25,5.55,14.03125
2025-01-31 22:00:00+00:00,2.2229166,0.4,3.75,15.777083
2025-02-01 22:00:00+00:00,1.5979166,-0.9,3.8,16.402084
2025-02-02 22:00:00+00:00,0.33958337,-1.9,3.45,17.660418
2025-02-03 22:00:00+00:00,-0.58125,-3.7,4.05,18.58125
2025-02-04 22:00:00+00:00,0.40625,-2.6,3.7,17.59375
2025-02-05 22:00:00+00:00,3.1312497,1.75,4.8,14.868751
2025-02-06 22:00:00+00:00,1.8604168,-0.1,2.95,16.139584
2025-02-07 22:00:00+00:00,1.9187502,0.3,5.35,16.08125
2025-02-08 22:00:00+00:00,0.06458322,-2.45,4.0,17.935417
2025-02-09 22:00:00+00:00,-0.027083352,-2.0,3.3,18.027082
2025-02-10 22:00:00+00:00,-0.6375001,-3.0,3.15,18.6375
2025-02-11 22:00:00+00:00,-2.4895833,-4.95,1.95,20.489584
2025-02-12 22:00:00+00:00,-1.5020833,-2.65,-0.2,19.502083
2025-02-13 22:00:00+00:00,-0.4979166,-2.0,1.1,18.497917
2025-02-14 22:00:00+00:00,-2.0208333,-5.75,-0.25,20.020834
2025-02-15 22:00:00+00:00,-3.53125,-7.2,-1.05,21.53125
2025-02-16 22:00:00+00:00,-7.3041654,-12.05,-2.2,25.304165
2025-02-17 22:00:00+00:00,-7.3979163,-11.9,-1.65,25.397917
2025-02-18 22:00:00+00:00,-6.483333,-13.25,0.15,24.483334
2025-02-19 22:00:00+00:00,-3.4291675,-7.15,1.2,21.429167
2025-02-20 22:00:00+00:00,2.1374998,-2.4,5.2,15.8625
2025-02-21 22:00:00+00:00,3.8187497,0.2,9.25,14.181251
2025-02-22 22:00:00+00:00,6.2729163,3.3,11.1,11.727083
2025-02-23 22:00:00+00:00,5.8250003,0.0,13.5,12.174999
2025-02-24 22:00:00+00:00,8.23125,5.7,11.45,9.76875
2025-02-25 22:00:00+00:00,5.7520833,3.8,8.9,12.247917
2025-02-26 22:00:00+00:00,5.991667,4.3,9.65,12.008333
2025-02-27 22:00:00+00:00,3.3875,1.8,5.65,14.6125
2025-02-28 22:00:00+00:00,3.3354168,0.9,5.6,14.664583
2025-03-01 22:00:00+00:00,3.4854164,-0.1,7.15,14.514584
2025-03-02 22:00:00+00:00,5.435417,2.95,9.05,12.564583
2025-03-03 22:00:00+00:00,4.7291665,0.2,10.5,13.270834
2025-03-04 22:00:00+00:00,6.7062507,1.35,14.7,11.293749
2025-03-05 22:00:00+00:00,7.5687504,1.5,15.5,10.43125
2025-03-06 22:00:00+00:00,8.412499,1.95,16.8,9.587501
2025-03-07 22:00:00+00:00,8.599999,2.9,15.85,9.400001
2025-03-08 22:00:00+00:00,8.26875,3.4,14.65,9.73125
2025-03-09 22:00:00+00:00,7.4687495,1.1,14.8,10.53125
2025-03-10 22:00:00+00:00,4.7770834,0.6,9.85,13.222917
2025-03-11 22:00:00+00:00,5.197916,3.3,7.6,12.802084
2025-03-12 22:00:00+00:00,4.2999997,1.1,7.6,13.700001
2025-03-13 22:00:00+00:00,4.318751,1.35,7.8,13.68125
2025-03-14 22:00:00+00:00,3.8479168,1.65,7.25,14.152083
2025-03-15 22:00:00+00:00,3.2979164,-0.45,7.85,14.702084
2025-03-16 22:00:00+00:00,2.4062502,-1.55,5.9,15.59375
2025-03-17 22:00:00+00:00,1.5604163,-3.25,7.35,16.439583
2025-03-18 22:00:00+00:00,3.5500002,-3.15,11.25,14.45
2025-03-19 22:00:00+00:00,6.4812503,-0.15,15.5,11.518749
2025-03-20 22:00:00+00:00,8.7375,1.65,16.35,9.2625
2025-03-21 22:00:00+00:00,8.48125,4.4,13.45,9.51875
2025-03-22 22:00:00+00:00,9.477083,6.25,13.3,8.522917
2025-03-23 22:00:00+00:00,10.127084,7.3,14.0,7.872916
2025-03-24 22:00:00+00:00,8.729167,5.15,13.65,9.270833
2025-03-25 22:00:00+00:00,7.839584,6.05,10.55,10.160416
2025-03-26 22:00:00+00:00,6.289583,2.55,10.2,11.710417
2025-03-27 22:00:00+00:00,7.602083,0.85,14.45,10.397917
2025-03-28 22:00:00+00:00,8.822917,3.8,15.4,9.177083
2025-03-29 22:00:00+00:00,5.69375,2.3,8.9,12.30625
2025-03-30 22:00:00+00:00,7.158333,5.1,11.4,10.841667
2025-03-31 22:00:00+00:00,7.9166665,3.9,13.25,10.083334
2025-04-01 22:00:00+00:00,8.347917,3.1,15.25,9.652083
2025-04-02 22:00:00+00:00,10.341667,3.65,17.6,7.658333
2025-04-03 22:00:00+00:00,12.500003,5.2,19.85,5.499997
2025-04-04 22:00:00+00:00,6.6812496,1.95,10.65,11.31875
2025-04-05 22:00:00+00:00,3.5520833,0.15,7.75,14.447917
2025-04-06 22:00:00+00:00,7.231251,2.85,12.05,10.768749
2025-04-07 22:00:00+00:00,8.227083,3.6,13.4,9.772917
2025-04-08 22:00:00+00:00,9.343749,5.15,14.4,8.656251
2025-04-09 22:00:00+00:00,8.822916,3.7,13.65,9.177084
2025-04-10 22:00:00+00:00,9.745834,6.15,14.3,8.254166
2025-04-11 22:00:00+00:00,12.5625,8.65,17.4,5.4375
2025-04-12 22:00:00+00:00,15.074998,8.5,22.3,2.925002
2025-04-13 22:00:00+00:00,15.7541685,10.75,20.75,2.2458315
2025-04-14 22:00:00+00:00,16.566666,11.7,21.9,1.4333344
2025-04-15 22:00:00+00:00,18.733332,12.65,25.3,0.0
2025-04-16 22:00:00+00:00,20.154163,15.25,27.3,0.0
2025-04-17 22:00:00+00:00,12.835418,10.3,16.65,5.1645823
2025-04-18 22:00:00+00:00,9.20625,8.35,10.15,8.79375
2025-04-19 22:00:00+00:00,12.379167,5.7,18.7,5.6208334
2025-04-20 22:00:00+00:00,14.34375,10.15,18.45,3.65625
2025-04-21 22:00:00+00:00,13.464583,9.1,18.2,4.5354166
2025-04-22 22:00:00+00:00,12.879167,8.15,17.8,5.1208334
2025-04-23 22:00:00+00:00,12.910417,8.5,17.8,5.0895834
2025-04-24 22:00:00+00:00,11.235416,7.4,16.55,6.7645836
2025-04-25 22:00:00+00:00,10.208334,5.55,15.1,7.791666
2025-04-26 22:00:00+00:00,11.072917,4.25,17.25,6.927083
2025-04-27 22:00:00+00:00,14.141666,5.85,21.65,3.8583336
2025-04-28 22:00:00+00:00,15.943749,8.6,22.75,2.0562506
2025-04-29 22:00:00+00:00,16.837502,9.5,22.6,1.1624985
2025-04-30 22:00:00+00:00,18.627085,9.5,25.9,0.0
2025-05-01 22:00:00+00:00,20.499998,13.55,27.5,0.0
2025-05-02 22:00:00+00:00,15.039581,10.85,19.0,2.9604187
2025-05-03 22:00:00+00:00,11.414582,8.2,14.65,6.5854177
2025-05-04 22:00:00+00:00,9.008332,4.1,13.25,8.991668
2025-05-05 22:00:00+00:00,9.349999,1.85,15.9,8.650001
2025-05-06 22:00:00+00:00,11.243749,5.6,15.4,6.7562513
2025-05-07 22:00:00+00:00,11.485416,4.9,15.6,6.5145836
2025-05-08 22:00:00+00:00,13.335418,5.35,18.7,4.6645823
2025-05-09 22:00:00+00:00,14.358334,9.8,17.7,3.6416664
2025-05-10 22:00:00+00:00,12.412499,6.1,18.05,5.5875006
2025-05-11 22:00:00+00:00,12.466666,4.85,19.05,5.533334
2025-05-12 22:00:00+00:00,14.535417,5.85,20.9,3.4645834
2025-05-13 22:00:00+00:00,16.69375,11.15,22.1,1.3062496
2025-05-14 22:00:00+00:00,11.997917,8.85,14.55,6.002083
2025-05-15 22:00:00+00:00,11.981251,8.1,17.05,6.018749
2025-05-16 22:00:00+00:00,11.083335,8.2,16.3,6.916665
2025-05-17 22:00:00+00:00,10.404167,6.7,13.9,7.595833
2025-05-18 22:00:00+00:00,12.479168,10.2,15.55,5.520832
2025-05-19 22:00:00+00:00,16.216665,9.3,22.6,1.7833347
2025-05-20 22:00:00+00:00,16.981253,12.85,21.35,1.0187473
2025-05-21 22:00:00+00:00,11.845833,8.55,15.5,6.154167
2025-05-22 22:00:00+00:00,9.095833,4.95,11.95,8.904167
2025-05-23 22:00:00+00:00,11.872917,6.1,16.75,6.127083
2025-05-24 22:00:00+00:00,14.1125,11.25,16.75,3.8874998
2025-05-25 22:00:00+00:00,15.395833,11.7,19.65,2.604167
2025-05-26 22:00:00+00:00,15.779167,9.45,20.2,2.2208328
2025-05-27 22:00:00+00:00,16.199999,13.55,18.6,1.8000011
2025-05-28 22:00:00+00:00,14.295833,10.3,18.15,3.7041674
2025-05-29 22:00:00+00:00,18.270834,13.2,23.25,0.0
2025-05-30 22:00:00+00:00,19.729166,14.5,24.3,0.0
2025-05-31 22:00:00+00:00,20.547916,16.25,27.3,0.0
2025-06-01 22:00:00+00:00,18.275002,14.0,21.6,0.0
2025-06-02 22:00:00+00:00,19.050001,12.45,25.85,0.0
2025-06-03 22:00:00+00:00,20.702082,15.6,27.7,0.0
2025-06-04 22:00:00+00:00,19.33125,15.75,22.25,0.0
2025-06-05 22:00:00+00:00,18.377085,14.6,21.95,0.0
2025-06-06 22:00:00+00:00,17.670834,14.2,22.45,0.3291664
2025-06-07 22:00:00+00:00,15.65625,12.0,19.7,2.34375
2025-06-08 22:00:00+00:00,13.752082,10.35,17.75,4.247918
2025-06-09 22:00:00+00:00,14.670834,11.15,17.95,3.3291664
2025-06-10 22:00:00+00:00,15.781249,12.25,20.1,2.218751
2025-06-11 22:00:00+00:00,16.589584,9.0,22.85,1.4104156
2025-06-12 22:00:00+00:00,18.670832,11.7,24.9,0.0
2025-06-13 22:00:00+00:00,22.977083,14.75,30.0,0.0
2025-06-14 22:00:00+00:00,24.014582,17.6,32.85,0.0
2025-06-15 22:00:00+00:00,18.858334,16.25,22.2,0.0
2025-06-16 22:00:00+00:00,20.160416,13.4,25.9,0.0
2025-06-17 22:00:00+00:00,22.277082,16.3,27.2,0.0
2025-06-18 22:00:00+00:00,19.160418,15.25,22.2,0.0
2025-06-19 22:00:00+00:00,18.077082,11.15,23.55,0.0
2025-06-20 22:00:00+00:00,21.856253,12.5,28.6,0.0
2025-06-21 22:00:00+00:00,27.05208,17.3,34.05,0.0
2025-06-22 22:00:00+00:00,22.977081,16.85,27.45,0.0
2025-06-23 22:00:00+00:00,17.852083,14.1,22.5,0.1479168
2025-06-24 22:00:00+00:00,20.297918,17.35,24.3,0.0
2025-06-25 22:00:00+00:00,21.383333,14.45,30.5,0.0
2025-06-26 22:00:00+00:00,18.941666,16.65,21.95,0.0
2025-06-27 22:00:00+00:00,21.3,14.2,28.05,0.0
2025-06-28 22:00:00+00:00,23.641668,19.5,28.3,0.0
2025-06-29 22:00:00+00:00,20.539583,13.5,26.6,0.0
2025-06-30 22:00:00+00:00,24.38333,14.65,32.8,0.0
2025-07-01 22:00:00+00:00,29.664581,19.8,37.6,0.0
2025-07-02 22:00:00+00:00,23.375,19.25,30.4,0.0
2025-07-03 22:00:00+00:00,19.639584,13.35,24.9,0.0
2025-07-04 22:00:00+00:00,22.481249,14.95,28.65,0.0
2025-07-05 22:00:00+00:00,23.552084,17.95,29.35,0.0
2025-07-06 22:00:00+00:00,20.327084,16.35,24.65,0.0
2025-07-07 22:00:00+00:00,17.797918,14.35,21.45,0.20208168
2025-07-08 22:00:00+00:00,17.4125,14.7,21.4,0.5874996
2025-07-09 22:00:00+00:00,17.743752,15.15,22.1,0.25624847
2025-07-10 22:00:00+00:00,17.066666,13.25,21.85,0.93333435
2025-07-11 22:00:00+00:00,15.710418,14.4,17.45,2.2895823
2025-07-12 22:00:00+00:00,17.89375,14.9,21.55,0.10625076
2025-07-13 22:00:00+00:00,19.560415,15.15,24.1,0.0
2025-07-14 22:00:00+00:00,18.883333,16.7,22.05,0.0
2025-07-15 22:00:00+00:00,17.283335,13.35,20.55,0.71666527
2025-07-16 22:00:00+00:00,16.656248,13.75,19.15,1.3437519
2025-07-17 22:00:00+00:00,19.368748,16.25,22.9,0.0
2025-07-18 22:00:00+00:00,21.360418,15.75,26.05,0.0
2025-07-19 22:00:00+00:00,23.433334,17.45,28.85,0.0
2025-07-20 22:00:00+00:00,20.0375,16.05,22.6,0.0
2025-07-21 22:00:00+00:00,18.008333,14.4,21.5,0.0
2025-07-22 22:00:00+00:00,17.629168,15.6,19.7,0.37083244
2025-07-23 22:00:00+00:00,19.456251,16.2,22.4,0.0
2025-07-24 22:00:00+00:00,19.858332,17.9,23.55,0.0
2025-07-25 22:00:00+00:00,18.835417,17.2,20.8,0.0
2025-07-26 22:00:00+00:00,19.664583,15.2,23.75,0.0
2025-07-27 22:00:00+00:00,18.325,15.5,22.3,0.0
2025-07-28 22:00:00+00:00,17.097918,14.1,20.2,0.90208244
2025-07-29 22:00:00+00:00,17.183332,12.95,21.4,0.81666756
2025-07-30 22:00:00+00:00,16.447916,14.05,19.4,1.552084
2025-07-31 22:00:00+00:00,17.156252,14.5,20.8,0.8437481
2025-08-01 22:00:00+00:00,17.391665,13.9,21.6,0.6083355
2025-08-02 22:00:00+00:00,16.308332,13.8,18.9,1.6916676
2025-08-03 22:00:00+00:00,17.564583,14.65,22.2,0.43541718
2025-08-04 22:00:00+00:00,17.906248,15.5,19.2,0.09375191
2025-08-05 22:00:00+00:00,16.2375,12.0,20.35,1.7625008
2025-08-06 22:00:00+00:00,18.418749,12.65,24.1,0.0
2025-08-07 22:00:00+00:00,20.7125,15.45,26.8,0.0
2025-08-08 22:00:00+00:00,21.760416,14.85,28.5,0.0
2025-08-09 22:00:00+00:00,19.847918,16.2,23.5,0.0
2025-08-10 22:00:00+00:00,19.152082,12.1,25.15,0.0
2025-08-11 22:00:00+00:00,21.804167,14.05,28.8,0.0
2025-08-12 22:00:00+00:00,23.793749,16.7,31.5,0.0
2025-08-13 22:00:00+00:00,25.46875,17.75,32.75,0.0
2025-08-14 22:00:00+00:00,26.383333,20.2,32.95,0.0
2025-08-15 22:00:00+00:00,20.841667,17.35,24.7,0.0
2025-08-16 22:00:00+00:00,17.891666,12.2,23.4,0.10833359
2025-08-17 22:00:00+00:00,18.420835,11.6,24.05,0.0
2025-08-18 22:00:00+00:00,20.808332,13.95,26.6,0.0
2025-08-19 22:00:00+00:00,19.512499,14.75,23.95,0.0
2025-08-20 22:00:00+00:00,17.65,11.45,23.55,0.35000038
2025-08-21 22:00:00+00:00,15.585416,11.1,19.6,2.4145842
2025-08-22 22:00:00+00:00,14.160416,11.9,17.45,3.8395844
2025-08-23 22:00:00+00:00,13.831249,8.4,18.25,4.168751
2025-08-24 22:00:00+00:00,14.589584,9.95,18.65,3.4104156
2025-08-25 22:00:00+00:00,15.502083,8.95,21.0,2.4979172
2025-08-26 22:00:00+00:00,20.187498,13.3,27.9,0.0
2025-08-27 22:00:00+00:00,19.55208,17.55,21.65,0.0
2025-08-28 22:00:00+00:00,18.470833,16.75,20.45,0.0
2025-08-29 22:00:00+00:00,18.414583,14.75,22.35,0.0
2025-08-30 22:00:00+00:00,18.9625,12.65,24.65,0.0
2025-08-31 22:00:00+00:00,20.310417,14.75,26.5,0.0
2025-09-01 22:00:00+00:00,17.397915,15.75,20.4,0.6020851
2025-09-02 22:00:00+00:00,18.645832,13.95,23.35,0.0
2025-09-03 22:00:00+00:00,20.797918,15.85,26.4,0.0
2025-09-04 22:00:00+00:00,17.877083,15.95,19.95,0.122917175
2025-09-05 22:00:00+00:00,16.685417,12.95,20.35,1.3145828
2025-09-06 22:00:00+00:00,16.425,11.85,21.3,1.5750008
2025-09-07 22:00:00+00:00,16.918749,11.85,21.85,1.0812511
2025-09-08 22:00:00+00:00,18.383333,12.6,24.15,0.0
2025-09-09 22:00:00+00:00,18.56875,15.1,22.1,0.0
2025-09-10 22:00:00+00:00,17.087502,13.6,22.05,0.9124985
2025-09-11 22:00:00+00:00,15.379167,12.45,19.0,2.6208334
2025-09-12 22:00:00+00:00,14.752084,10.25,21.0,3.2479162
2025-09-13 22:00:00+00:00,15.233335,12.85,18.0,2.7666655
2025-09-14 22:00:00+00:00,16.058332,11.45,21.25,1.9416676
2025-09-15 22:00:00+00:00,15.5979185,13.15,17.8,2.4020815
2025-09-16 22:00:00+00:00,14.21875,11.35,17.8,3.78125
2025-09-17 22:00:00+00:00,16.90625,13.0,19.35,1.09375
2025-09-18 22:00:00+00:00,19.160418,15.75,22.9,0.0
2025-09-19 22:00:00+00:00,20.381248,15.15,27.15,0.0
2025-09-20 22:00:00+00:00,19.927082,15.05,25.4,0.0
2025-09-21 22:00:00+00:00,12.854167,10.5,15.05,5.145833
2025-09-22 22:00:00+00:00,10.887501,6.2,15.6,7.112499
2025-09-23 22:00:00+00:00,10.806251,6.4,15.5,7.1937494
2025-09-24 22:00:00+00:00,11.131251,7.65,14.25,6.8687487
2025-09-25 22:00:00+00:00,12.102081,10.25,15.1,5.8979187
2025-09-26 22:00:00+00:00,13.081249,9.5,17.75,4.918751
2025-09-27 22:00:00+00:00,12.162501,7.55,17.7,5.8374987
2025-09-28 22:00:00+00:00,11.218751,6.95,16.05,6.781249
2025-09-29 22:00:00+00:00,9.354167,5.5,13.0,8.645833
2025-09-30 22:00:00+00:00,8.708334,5.25,12.4,9.291666
2025-10-01 22:00:00+00:00,8.589583,3.9,14.25,9.410417
2025-10-02 22:00:00+00:00,8.220833,2.5,13.9,9.779167
2025-10-03 22:00:00+00:00,9.352082,6.5,12.95,8.647918
2025-10-04 22:00:00+00:00,11.210415,8.9,13.9,6.789585
2025-10-05 22:00:00+00:00,11.995833,10.15,14.9,6.0041666
2025-10-06 22:00:00+00:00,11.745834,8.55,14.85,6.2541656
2025-10-07 22:00:00+00:00,14.020833,12.65,15.8,3.979167
2025-10-08 22:00:00+00:00,12.9375,11.6,14.7,5.0625
2025-10-09 22:00:00+00:00,13.360415,11.6,14.7,4.6395845
2025-10-10 22:00:00+00:00,14.133334,12.4,16.3,3.8666658
2025-10-11 22:00:00+00:00,12.629167,11.45,13.9,5.3708334
2025-10-12 22:00:00+00:00,11.089583,8.05,14.0,6.9104166
2025-10-13 22:00:00+00:00,9.777083,6.75,12.65,8.222917
2025-10-14 22:00:00+00:00,11.14375,8.95,13.65,6.85625
2025-10-15 22:00:00+00:00,11.310417,9.7,13.2,6.689583
2025-10-16 22:00:00+00:00,10.510417,8.45,12.5,7.489583
2025-10-17 22:00:00+00:00,6.758333,3.2,10.25,11.241667
2025-10-18 22:00:00+00:00,4.8250003,0.35,10.5,13.174999
2025-10-19 22:00:00+00:00,7.75625,3.25,12.85,10.24375
2025-10-20 22:00:00+00:00,11.639584,8.55,15.55,6.3604164
2025-10-21 22:00:00+00:00,12.179169,9.75,16.05,5.8208313
2025-10-22 22:00:00+00:00,12.522919,9.85,16.05,5.4770813
2025-10-23 22:00:00+00:00,10.756249,8.45,12.0,7.2437506
2025-10-24 22:00:00+00:00,9.066666,6.8,11.95,8.933334
2025-10-25 22:00:00+00:00,7.7958336,4.75,9.25,10.204166
2025-10-26 22:00:00+00:00,7.012501,5.35,9.35,10.987499
2025-10-27 22:00:00+00:00,8.424999,6.95,10.0,9.575001
2025-10-28 22:00:00+00:00,10.164582,7.35,13.6,7.8354177
2025-10-29 22:00:00+00:00,10.264583,8.5,11.7,7.7354174
2025-10-30 22:00:00+00:00,7.920833,4.05,11.95,10.079166
2025-10-31 22:00:00+00:00,10.372918,6.2,15.1,7.627082
2025-11-01 22:00:00+00:00,10.954165,9.3,12.65,7.0458345
2025-11-02 22:00:00+00:00,9.60625,8.15,12.0,8.39375
2025-11-03 22:00:00+00:00,10.464585,7.9,14.1,7.5354147
2025-11-04 22:00:00+00:00,9.493751,6.3,14.8,8.506249
2025-11-05 22:00:00+00:00,8.358334,5.35,13.65,9.641666
2025-11-06 22:00:00+00:00,7.4791665,5.1,11.85,10.520834
2025-11-07 22:00:00+00:00,4.583333,1.45,8.3,13.416667
2025-11-08 22:00:00+00:00,4.5875,1.25,7.6,13.4125
2025-11-09 22:00:00+00:00,7.7312503,6.05,10.3,10.268749
2025-11-10 22:00:00+00:00,6.5375,3.9,9.8,11.4625
2025-11-11 22:00:00+00:00,7.6375003,4.25,11.35,10.362499
2025-11-12 22:00:00+00:00,10.804166,7.75,14.85,7.195834
2025-11-13 22:00:00+00:00,9.812499,7.4,11.25,8.187501
2025-11-14 22:00:00+00:00,5.2541666,4.55,6.95,12.745833
2025-11-15 22:00:00+00:00,6.2354164,4.9,9.15,11.764584
2025-11-16 22:00:00+00:00,3.2708337,0.8,5.5,14.729166
2025-11-17 22:00:00+00:00,2.8833334,0.4,5.7,15.116667
2025-11-18 22:00:00+00:00,2.9416666,1.15,5.0,15.058333
2025-11-19 22:00:00+00:00,1.9166666,-0.25,3.75,16.083334
2025-11-20 22:00:00+00:00,-1.30625,-3.55,1.55,19.30625
2025-11-21 22:00:00+00:00,-2.0729167,-5.35,1.65,20.072916
2025-11-22 22:00:00+00:00,-2.9291666,-5.2,0.25,20.929167
2025-11-23 22:00:00+00:00,-0.13541667,-4.2,2.8,18.135416
2025-11-24 22:00:00+00:00,1.4083333,0.05,3.3,16.591667
2025-11-25 22:00:00+00:00,1.3208333,-0.95,4.6,16.679167
2025-11-26 22:00:00+00:00,2.0958333,-0.3,3.9,15.904167
2025-11-27 22:00:00+00:00,4.785417,3.65,5.8,13.214582
2025-11-28 22:00:00+00:00,6.1562505,5.1,7.5,11.84375
2025-11-29 22:00:00+00:00,6.004167,4.45,7.9,11.995832
2025-11-30 22:00:00+00:00,3.5083332,1.35,6.1,14.491667
2025-12-01 22:00:00+00:00,0.9375,-0.75,4.2,17.0625
2025-12-02 22:00:00+00:00,1.8854166,-0.75,3.85,16.114584
2025-12-03 22:00:00+00:00,1.6687503,-0.35,4.1,16.33125
2025-12-04 22:00:00+00:00,3.2458327,2.05,4.35,14.754168
2025-12-05 22:00:00+00:00,2.2020833,-0.15,4.35,15.797916
2025-12-06 22:00:00+00:00,5.7208343,3.65,9.05,12.279165
2025-12-07 22:00:00+00:00,9.781251,5.6,12.7,8.218749
2025-12-08 22:00:00+00:00,10.939584,10.05,11.7,7.060416
2025-12-09 22:00:00+00:00,10.052084,8.5,11.45,7.947916
2025-12-10 22:00:00+00:00,8.637501,6.1,10.25,9.362499
2025-12-11 22:00:00+00:00,4.479167,2.7,6.15,13.520833
2025-12-12 22:00:00+00:00,5.554167,3.15,7.9,12.445833
2025-12-13 22:00:00+00:00,4.6958327,3.4,6.8,13.304167
2025-12-14 22:00:00+00:00,4.235417,2.85,6.4,13.764584
2025-12-15 22:00:00+00:00,2.5416667,0.8,5.1,15.458333
2025-12-16 22:00:00+00:00,0.6145833,-2.05,4.05,17.385416
2025-12-17 22:00:00+00:00,5.183333,2.1,8.7,12.816668
2025-12-18 22:00:00+00:00,6.7291665,4.65,9.15,11.270834
2025-12-19 22:00:00+00:00,6.2625003,4.0,7.9,11.737499
2025-12-20 22:00:00+00:00,6.095833,4.9,7.05,11.904167
2025-12-21 22:00:00+00:00,3.1291666,1.4,4.8,14.870833
2025-12-22 22:00:00+00:00,1.8166666,1.05,2.6,16.183334
2025-12-23 22:00:00+00:00,-2.6020834,-6.0,1.15,20.602083
2025-12-24 22:00:00+00:00,-7.0354176,-9.15,-4.3,25.035418
2025-12-25 22:00:00+00:00,-4.6291666,-8.6,-0.85,22.629166
2025-12-26 22:00:00+00:00,0.32083338,-1.45,3.45,17.679167
2025-12-27 22:00:00+00:00,-0.5958333,-2.15,1.75,18.595833
2025-12-28 22:00:00+00:00,1.7229167,-2.0,3.8,16.277082
2025-12-29 22:00:00+00:00,-0.27708337,-1.75,2.2,18.277082
2025-12-30 22:00:00+00:00,-0.11458343,-3.7,2.75,18.114584
2025-12-31 22:00:00+00:00,2.2395833,1.5,2.95,15.760417
2026-01-01 22:00:00+00:00,1.3145834,0.1,2.5,16.685417
2026-01-02 22:00:00+00:00,-0.55833334,-1.75,0.85,18.558332
2026-01-03 22:00:00+00:00,-2.7437499,-5.15,-0.4,20.74375
2026-01-04 22:00:00+00:00,-3.3041666,-6.35,-0.2,21.304167
2026-01-05 22:00:00+00:00,-5.477083,-8.8,-2.6,23.477083
2026-01-06 22:00:00+00:00,-6.18125,-8.9,-3.2,24.18125
2026-01-07 22:00:00+00:00,-7.6125007,-11.2,-4.1,25.612501
2026-01-08 22:00:00+00:00,-7.037501,-9.45,-4.55,25.0375
2026-01-09 22:00:00+00:00,-5.3979173,-7.75,-1.15,23.397917
2026-01-10 22:00:00+00:00,-6.464584,-9.1,-3.45,24.464584
2026-01-11 22:00:00+00:00,-7.0937486,-12.85,-1.15,25.093748
2026-01-12 22:00:00+00:00,0.6520833,-2.3,2.55,17.347918
2026-01-13 22:00:00+00:00,2.9499996,0.2,5.6,15.05
2026-01-14 22:00:00+00:00,2.1708333,-0.5,5.6,15.829166
2026-01-15 22:00:00+00:00,3.1666667,0.5,6.9,14.833333
2026-01-16 22:00:00+00:00,1.1937499,-0.3,3.0,16.80625
2026-01-17 22:00:00+00:00,0.93749994,-0.85,3.65,17.0625
2026-01-18 22:00:00+00:00,0.0895833,-2.55,4.3,17.910418
2026-01-19 22:00:00+00:00,-1.7687498,-3.8,1.1,19.76875
2026-01-20 22:00:00+00:00,-3.2874992,-6.45,0.85,21.287498
2026-01-21 22:00:00+00:00,-4.0166664,-6.7,-0.95,22.016666
2026-01-22 22:00:00+00:00,-5.8249993,-7.6,-4.3,23.824999
2026-01-23 22:00:00+00:00,-3.3479166,-4.6,-1.95,21.347916
2026-01-24 22:00:00+00:00,-2.43125,-3.4,-1.2,20.43125
2026-01-25 22:00:00+00:00,-0.7375,-2.0,0.75,18.7375
2026-01-26 22:00:00+00:00,-0.8125,-1.85,0.9,18.8125
2026-01-27 22:00:00+00:00,-0.47291663,-1.6,0.95,18.472918
2026-01-28 22:00:00+00:00,-1.3395833,-3.45,-0.55,19.339582
2026-01-29 22:00:00+00:00,-2.7145834,-4.0,-1.3,20.714584
2026-01-30 22:00:00+00:00,-4.3374996,-6.35,-1.9,22.3375
2026-01-31 22:00:00+00:00,-7.152084,-8.05,-6.3,25.152084
2026-02-01 22:00:00+00:00,-8.697917,-9.95,-7.4,26.697918
2026-02-02 22:00:00+00:00,-7.0479164,-8.85,-5.25,25.047916
2026-02-03 22:00:00+00:00,-5.8020835,-7.45,-4.65,23.802084
2026-02-04 22:00:00+00:00,-3.4666672,-5.75,-1.65,21.466667
2026-02-05 22:00:00+00:00,0.24166663,-1.5,1.75,17.758333
2026-02-06 22:00:00+00:00,1.2166666,0.35,2.9,16.783333
2026-02-07 22:00:00+00:00,0.37291667,-0.4,1.05,17.627083
2026-02-08 22:00:00+00:00,0.15416665,-0.7,1.55,17.845833
2026-02-09 22:00:00+00:00,1.4145833,-0.1,4.4,16.585417
2026-02-10 22:00:00+00:00,4.122917,1.85,8.2,13.877083
2026-02-11 22:00:00+00:00,5.2000003,2.95,7.9,12.799999
2026-02-12 22:00:00+00:00,0.9958334,0.25,2.85,17.004166
2026-02-13 22:00:00+00:00,-0.010416667,-1.55,1.05,18.010416
2026-02-14 22:00:00+00:00,-2.3083332,-3.85,0.05,20.308332
2026-02-15 22:00:00+00:00,-3.8062496,-5.0,-2.05,21.80625
2026-02-16 22:00:00+00:00,-2.460417,-4.1,-0.85,20.460417
2026-02-17 22:00:00+00:00,-2.2125,-4.9,-0.35,20.2125
2026-02-18 22:00:00+00:00,-4.316666,-7.75,0.15,22.316666
2026-02-19 22:00:00+00:00,-3.741666,-7.95,0.55,21.741667
2026-02-20 22:00:00+00:00,3.8895838,-1.8,8.4,14.110416
2026-02-21 22:00:00+00:00,7.285417,3.8,10.2,10.714582
2026-02-22 22:00:00+00:00,7.0208325,3.8,10.6,10.979168
2026-02-23 22:00:00+00:00,5.7312503,3.25,8.2,12.268749
2026-02-24 22:00:00+00:00,4.6270833,0.1,9.2,13.372917
2026-02-25 22:00:00+00:00,7.0645843,1.95,13.6,10.935415
2026-02-26 22:00:00+00:00,10.889584,5.8,17.5,7.1104164
2026-02-27 22:00:00+00:00,12.183333,8.0,17.7,5.8166666
2026-02-28 22:00:00+00:00,8.027083,5.1,10.9,9.972917
2026-03-01 22:00:00+00:00,6.922917,1.95,13.8,11.077084
2026-03-02 22:00:00+00:00,7.195833,1.35,14.8,10.804167
2026-03-03 22:00:00+00:00,5.872917,2.25,10.5,12.127083
2026-03-04 22:00:00+00:00,4.4687495,-0.85,11.55,13.53125
2026-03-05 22:00:00+00:00,6.5062504,0.35,14.5,11.49375
2026-03-06 22:00:00+00:00,8.177083,1.75,16.3,9.822917
2026-03-07 22:00:00+00:00,8.391666,3.9,14.45,9.608334
2026-03-08 22:00:00+00:00,8.525,3.05,14.9,9.475
2026-03-09 22:00:00+00:00,8.78125,2.85,15.25,9.21875
2026-03-10 22:00:00+00:00,10.958333,7.1,16.0,7.041667
2026-03-11 22:00:00+00:00,9.502083,5.85,12.95,8.497917
2026-03-12 22:00:00+00:00,9.795833,4.8,15.2,8.204167
2026-03-13 22:00:00+00:00,9.529166,5.3,13.95,8.470834
2026-03-14 22:00:00+00:00,5.6812496,4.4,7.25,12.31875
2026-03-15 22:00:00+00:00,4.889583,3.05,8.1,13.110416
2026-03-16 22:00:00+00:00,5.11875,-0.05,10.35,12.88125
2026-03-17 22:00:00+00:00,6.285416,0.4,12.75,11.714584
2026-03-18 22:00:00+00:00,7.525,1.25,13.85,10.475
2026-03-19 22:00:00+00:00,7.3854165,4.8,11.05,10.614584
2026-03-20 22:00:00+00:00,6.5083337,4.05,10.15,11.491667
2026-03-21 22:00:00+00:00,7.2125,1.75,12.95,10.7875
2026-03-22 22:00:00+00:00,8.552083,3.15,14.8,9.447917
2026-03-23 22:00:00+00:00,9.98125,4.5,15.35,8.01875
2026-03-24 22:00:00+00:00,9.885417,5.5,12.25,8.114583
2026-03-25 22:00:00+00:00,4.4062505,1.65,7.3,13.59375
2026-03-26 22:00:00+00:00,3.4187498,-1.2,7.6,14.58125
2026-03-27 22:00:00+00:00,4.822917,0.65,10.35,13.177083
2026-03-28 22:00:00+00:00,5.5729165,2.15,8.75,12.427084
2026-03-29 22:00:00+00:00,5.2062497,3.25,7.7,12.793751
2026-03-30 22:00:00+00:00,5.035416,2.0,9.45,12.964584
2026-03-31 22:00:00+00:00,5.3770833,-0.75,11.15,12.622917
2026-04-01 22:00:00+00:00,6.160416,0.2,11.65,11.839584
2026-04-02 22:00:00+00:00,7.120834,4.65,9.45,10.879166
2026-04-03 22:00:00+00:00,10.979168,7.65,14.3,7.020832
2026-04-04 22:00:00+00:00,11.741666,7.6,17.45,6.258334
2026-04-05 22:00:00+00:00,8.691667,5.4,12.55,9.308333
2026-04-06 22:00:00+00:00,7.0125003,1.6,12.85,10.987499
2026-04-07 22:00:00+00:00,6.720833,-0.5,13.1,11.279167
2026-04-08 22:00:00+00:00,5.75625,0.25,10.95,12.24375
2026-04-09 22:00:00+00:00,4.702083,0.9,9.1,13.297916
2026-04-10 22:00:00+00:00,7.18125,0.05,13.6,10.81875
2026-04-11 22:00:00+00:00,8.318749,6.5,9.65,9.681251
2026-04-12 22:00:00+00:00,10.366668,7.6,14.35,7.6333323
2026-04-13 22:00:00+00:00,11.008334,8.65,13.8,6.991666
2026-04-14 22:00:00+00:00,10.35,3.3,16.6,7.6499996
2026-04-15 22:00:00+00:00,13.802083,7.65,19.8,4.197917
2026-04-16 22:00:00+00:00,14.225001,7.3,20.25,3.7749987
2026-04-17 22:00:00+00:00,15.229165,7.8,21.6,2.770835
2026-04-18 22:00:00+00:00,11.277083,4.55,16.9,6.7229166
2026-04-19 22:00:00+00:00,7.1687512,3.65,11.6,10.831249
2026-04-20 22:00:00+00:00,7.6979165,2.05,13.0,10.302084
2026-04-21 22:00:00+00:00,9.277082,1.45,16.4,8.722918
2026-04-22 22:00:00+00:00,10.064582,4.55,14.8,7.935418
2026-04-23 22:00:00+00:00,10.039584,4.6,15.6,7.960416
2026-04-24 22:00:00+00:00,9.656249,4.7,15.15,8.343751
2026-04-25 22:00:00+00:00,9.041667,3.9,13.45,8.958333
2026-04-26 22:00:00+00:00,10.366668,3.3,16.3,7.6333323
2026-04-27 22:00:00+00:00,9.975,4.4,15.05,8.025
2026-04-28 22:00:00+00:00,9.431251,3.6,14.35,8.568749
2026-04-29 22:00:00+00:00,12.162501,3.15,19.65,5.8374987
2026-04-30 22:00:00+00:00,16.064585,6.05,23.45,1.9354153
2026-05-01 22:00:00+00:00,19.6875,9.95,26.45,0.0
2026-05-02 22:00:00+00:00,22.21875,13.45,29.2,0.0
2026-05-03 22:00:00+00:00,20.012499,16.85,23.05,0.0
2026-05-04 22:00:00+00:00,15.566667,12.6,19.0,2.4333334
2026-05-05 22:00:00+00:00,11.2541685,9.95,12.65,6.7458315
2026-05-06 22:00:00+00:00,8.679168,6.4,10.55,9.320832
2026-05-07 22:00:00+00:00,9.939583,6.05,13.35,8.060417
2026-05-08 22:00:00+00:00,11.608333,6.0,15.45,6.3916674
2026-05-09 22:00:00+00:00,13.741666,7.1,19.4,4.258334
2026-05-10 22:00:00+00:00,12.40625,8.5,17.95,5.59375
2026-05-11 22:00:00+00:00,7.9625,5.4,11.65,10.0375
2026-05-12 22:00:00+00:00,8.816667,5.55,12.95,9.183333
2026-05-13 22:00:00+00:00,8.975,6.55,12.3,9.025
2026-05-14 22:00:00+00:00,10.125,4.8,14.8,7.875
2026-05-15 22:00:00+00:00,10.437501,5.95,13.6,7.562499
2026-05-16 22:00:00+00:00,11.935416,5.15,16.95,6.064584
2026-05-17 22:00:00+00:00,13.633332,7.5,19.05,4.3666677
2026-05-18 22:00:00+00:00,14.874999,9.35,19.9,3.125001
2026-05-19 22:00:00+00:00,16.904165,13.0,21.55,1.0958347
2026-05-20 22:00:00+00:00,16.483334,11.55,20.75,1.5166664
2026-05-21 22:00:00+00:00,18.33125,12.75,22.55,0.0
2026-05-22 22:00:00+00:00,21.204166,13.45,27.65,0.0
2026-05-23 22:00:00+00:00,22.558334,17.15,27.55,0.0
2026-05-24 22:00:00+00:00,19.841665,12.85,25.35,0.0
2026-05-25 22:00:00+00:00,22.702085,15.0,28.65,0.0
2026-05-26 22:00:00+00:00,19.23125,14.85,22.6,0.0
2026-05-27 22:00:00+00:00,16.09375,10.3,20.9,1.90625
2026-05-28 22:00:00+00:00,19.625,11.2,26.5,0.0
2026-05-29 22:00:00+00:00,20.05625,17.85,22.15,0.0
2026-05-30 22:00:00+00:00,17.835417,13.15,22.4,0.1645832
2026-05-31 22:00:00+00:00,17.741665,12.9,22.4,0.2583351
2026-06-01 22:00:00+00:00,21.066668,14.25,27.15,0.0
2026-06-02 22:00:00+00:00,18.110415,15.6,20.9,0.0
2026-06-03 22:00:00+00:00,18.66875,14.25,24.05,0.0
2026-06-04 22:00:00+00:00,17.093748,14.1,20.65,0.9062519
2026-06-05 22:00:00+00:00,18.324999,11.5,24.05,0.0
2026-06-06 22:00:00+00:00,18.470833,16.0,21.6,0.0
2026-06-07 22:00:00+00:00,19.518747,13.1,25.1,0.0
2026-06-08 22:00:00+00:00,18.514582,14.8,20.75,0.0
2026-06-09 22:00:00+00:00,15.581252,11.05,19.75,2.418748
2026-06-10 22:00:00+00:00,15.056249,11.4,19.3,2.9437513
2026-06-11 22:00:00+00:00,14.816667,10.75,18.9,3.1833334
2026-06-12 22:00:00+00:00,16.033335,13.2,20.25,1.9666653
2026-06-13 22:00:00+00:00,13.772916,11.65,17.0,4.227084
2026-06-14 22:00:00+00:00,14.383332,11.35,18.25,3.6166677
2026-06-15 22:00:00+00:00,15.439582,9.6,20.5,2.5604181
2026-06-16 22:00:00+00:00,17.877083,10.25,23.6,0.122917175
2026-06-17 22:00:00+00:00,23.491667,18.8,28.0,0.0
2026-06-18 22:00:00+00:00,25.670832,19.6,34.5,0.0
2026-06-19 22:00:00+00:00,24.433329,20.2,30.8,0.0
2026-06-20 22:00:00+00:00,23.74375,20.05,27.5,0.0
2026-06-21 22:00:00+00:00,21.622917,16.75,25.95,0.0
2026-06-22 22:00:00+00:00,21.518751,15.25,27.15,0.0
2026-06-23 22:00:00+00:00,25.05625,16.25,31.7,0.0
2026-06-24 22:00:00+00:00,28.585417,21.7,34.2,0.0
2026-06-25 22:00:00+00:00,27.635416,18.6,34.9,0.0
2026-06-26 22:00:00+00:00,31.747915,23.75,39.55,0.0
2026-06-27 22:00:00+00:00,32.87083,27.5,39.75,0.0
2026-06-28 22:00:00+00:00,24.543747,20.85,29.25,0.0
2026-06-29 22:00:00+00:00,23.508331,17.6,30.75,0.0
2026-06-30 22:00:00+00:00,21.860415,19.2,26.0,0.0
2026-07-01 22:00:00+00:00,21.36458,15.45,28.0,0.0
2026-07-02 22:00:00+00:00,18.666666,14.9,22.2,0.0
2026-07-03 22:00:00+00:00,16.320833,13.2,19.65,1.6791668
2026-07-04 22:00:00+00:00,18.74375,14.95,22.6,0.0
2026-07-05 22:00:00+00:00,16.985418,14.15,19.1,1.0145817
2026-07-06 22:00:00+00:00,19.352085,16.7,23.2,0.0
2026-07-07 22:00:00+00:00,17.04792,11.6,21.75,0.9520798
2026-07-08 22:00:00+00:00,18.283335,12.75,23.1,0.0
2026-07-09 22:00:00+00:00,21.2125,14.6,27.3,0.0
2026-07-10 22:00:00+00:00,21.977081,15.35,28.3,0.0
2026-07-11 22:00:00+00:00,24.472916,17.85,31.0,0.0
2026-07-12 22:00:00+00:00,23.370832,17.7,28.8,0.0
2026-07-13 22:00:00+00:00,20.941668,17.5,24.75,0.0
2026-07-14 22:00:00+00:00,21.08333,15.95,25.3,0.0
2026-07-15 22:00:00+00:00,23.314583,16.8,29.45,0.0
2026-07-16 22:00:00+00:00,23.19375,19.85,29.35,0.0
2026-07-17 22:00:00+00:00,20.35625,17.5,24.05,0.0
2026-07-18 22:00:00+00:00,16.939585,13.9,20.55,1.0604153
2026-07-19 22:00:00+00:00,15.377082,13.1,18.45,2.6229181
2026-07-20 22:00:00+00:00,17.414583,12.45,22.05,0.5854168
2026-07-21 22:00:00+00:00,16.00625,12.5,19.85,1.9937496
2026-07-22 22:00:00+00:00,16.15,13.2,20.05,1.8500004
2026-07-23 22:00:00+00:00,16.525,11.7,20.7,1.4750004
2026-07-24 22:00:00+00:00,20.333334,12.25,27.5,0.0
